{"type":"FeatureCollection","metadata":{"source":"https://services3.arcgis.com/T4QMspbfLg3qTGWY/arcgis/rest/services/InterAgencyFirePerimeterHistory_All_Years_View/FeatureServer/0","fetched_at":"2026-09-26T21:34:56Z","note":"Historical perimeters, incomplete especially before 1950. Generalized ~30 m."},"features":[{"type":"Feature","geometry":{"type":"Polygon","coordinates":[[[-118.0677,34.3824],[-118.0653,34.3818],[-118.06,34.3817],[-118.0464,34.3864],[-118.039,34.3875],[-118.0347,34.387],[-118.0267,34.385],[-118.0244,34.3834],[-118.0239,34.3819],[-118.0245,34.378],[-118.026,34.3745],[-118.0305,34.3687],[-118.0316,34.3662],[-118.0405,34.3587],[-118.044,34.3539],[-118.0458,34.3475],[-118.0465,34.331],[-118.0497,34.3266],[-118.0523,34.3221],[-118.0553,34.319],[-118.0585,34.317],[-118.0699,34.3116],[-118.0759,34.3098],[-118.0839,34.3098],[-118.1005,34.312],[-118.107,34.312],[-118.1144,34.3111],[-118.1233,34.3128],[-118.1265,34.3124],[-118.1285,34.3117],[-118.1339,34.3079],[-118.1371,34.3064],[-118.146,34.3037],[-118.1556,34.302],[-118.1555,34.3001],[-118.1571,34.2993],[-118.165,34.2977],[-118.1682,34.2965],[-118.1733,34.2923],[-118.179,34.2847],[-118.1851,34.2804],[-118.1919,34.2787],[-118.2011,34.2782],[-118.2033,34.2794],[-118.204,34.2789],[-118.2035,34.2702],[-118.2046,34.2677],[-118.2037,34.2653],[-118.2037,34.2577],[-118.2005,34.2505],[-118.1984,34.2431],[-118.1959,34.227],[-118.1959,34.2172],[-118.195,34.2093],[-118.1939,34.2059],[-118.194,34.201],[-118.1897,34.1898],[-118.1888,34.1859],[-118.1885,34.1763],[-118.1857,34.1652],[-118.185,34.16],[-118.1851,34.157],[-118.1857,34.1555],[-118.1892,34.153],[-118.192,34.1524],[-118.2002,34.1523],[-118.21,34.1551],[-118.2127,34.1553],[-118.2178,34.1544],[-118.2242,34.1564],[-118.2296,34.1594],[-118.2365,34.1659],[-118.2383,34.1683],[-118.2408,34.1726],[-118.2422,34.1768],[-118.2453,34.1802],[-118.2473,34.1844],[-118.2513,34.1897],[-118.2565,34.1999],[-118.2598,34.2037],[-118.2722,34.2147],[-118.2817,34.2252],[-118.2857,34.2314],[-118.2887,34.2398],[-118.2891,34.2426],[-118.2889,34.2457],[-118.2828,34.2567],[-118.2784,34.266],[-118.2756,34.2689],[-118.2725,34.2711],[-118.2618,34.2774],[-118.2431,34.2906],[-118.2397,34.2953],[-118.2386,34.2985],[-118.2389,34.3003],[-118.2371,34.3065],[-118.2321,34.3191],[-118.2275,34.3249],[-118.2244,34.3312],[-118.2235,34.334],[-118.2219,34.3364],[-118.2202,34.3383],[-118.2176,34.3401],[-118.2154,34.3437],[-118.2135,34.3455],[-118.2091,34.3481],[-118.2095,34.3494],[-118.2089,34.3511],[-118.2054,34.3543],[-118.2037,34.3552],[-118.2002,34.3552],[-118.1925,34.3595],[-118.1858,34.3648],[-118.1801,34.3712],[-118.1768,34.3733],[-118.1693,34.3757],[-118.1621,34.3794],[-118.1584,34.3794],[-118.1563,34.3799],[-118.1411,34.3858],[-118.1358,34.3874],[-118.1313,34.3869],[-118.1257,34.3837],[-118.1222,34.3832],[-118.1201,34.3834],[-118.1181,34.3844],[-118.115,34.3874],[-118.1134,34.3909],[-118.1111,34.3933],[-118.1049,34.3963],[-118.1011,34.3975],[-118.098,34.3979],[-118.0907,34.3983],[-118.088,34.3977],[-118.085,34.3951],[-118.0817,34.3897],[-118.0788,34.3864],[-118.0755,34.3844],[-118.07,34.3827],[-118.0677,34.3824]]]},"properties":{"name":"Unnamed","year":1878,"acres":59469,"agency":"USFS"}},{"type":"Feature","geometry":{"type":"Polygon","coordinates":[[[-118.0815,34.2144],[-118.0829,34.2145],[-118.0837,34.2153],[-118.086,34.22],[-118.0865,34.2248],[-118.0856,34.2299],[-118.084,34.2318],[-118.0813,34.233],[-118.0767,34.2334],[-118.0726,34.2324],[-118.0703,34.2303],[-118.0691,34.2286],[-118.0691,34.2268],[-118.0702,34.2231],[-118.072,34.2198],[-118.0743,34.2188],[-118.0785,34.2155],[-118.0815,34.2144]]]},"properties":{"name":"Unnamed","year":1895,"acres":628,"agency":"USFS"}},{"type":"Feature","geometry":{"type":"Polygon","coordinates":[[[-118.0857,34.2819],[-118.0843,34.2799],[-118.0842,34.2788],[-118.0894,34.2752],[-118.095,34.2724],[-118.0998,34.269],[-118.1021,34.2661],[-118.1031,34.2638],[-118.109,34.2592],[-118.112,34.2561],[-118.1176,34.2487],[-118.123,34.2427],[-118.1241,34.241],[-118.1241,34.2401],[-118.1208,34.2323],[-118.1199,34.2284],[-118.1201,34.2251],[-118.1208,34.2245],[-118.1229,34.2248],[-118.1256,34.224],[-118.13,34.2185],[-118.134,34.2207],[-118.1313,34.2245],[-118.1312,34.2279],[-118.132,34.2299],[-118.1342,34.2322],[-118.1349,34.2353],[-118.1406,34.2392],[-118.1456,34.2442],[-118.1474,34.2468],[-118.1502,34.2492],[-118.1512,34.2497],[-118.1526,34.2493],[-118.1573,34.2499],[-118.1669,34.2474],[-118.1733,34.2475],[-118.1748,34.2481],[-118.1787,34.253],[-118.1876,34.2538],[-118.1896,34.2543],[-118.1937,34.2594],[-118.1939,34.2615],[-118.1929,34.2636],[-118.185,34.2707],[-118.1825,34.2702],[-118.1796,34.2686],[-118.1767,34.2688],[-118.1722,34.2706],[-118.1666,34.2746],[-118.1642,34.2754],[-118.1564,34.2732],[-118.1541,34.273],[-118.1491,34.2751],[-118.1424,34.2767],[-118.1411,34.2776],[-118.139,34.2811],[-118.1321,34.2834],[-118.1282,34.284],[-118.1236,34.2841],[-118.1208,34.2839],[-118.1147,34.2822],[-118.1077,34.283],[-118.1017,34.2845],[-118.1004,34.2854],[-118.0896,34.2861],[-118.0874,34.2853],[-118.0857,34.2819]]]},"properties":{"name":"Unnamed","year":1896,"acres":7532,"agency":"USFS"}},{"type":"Feature","geometry":{"type":"Polygon","coordinates":[[[-118.0813,34.233],[-118.0839,34.2335],[-118.0867,34.2351],[-118.0943,34.2414],[-118.1013,34.2449],[-118.1046,34.2459],[-118.108,34.2482],[-118.1087,34.2483],[-118.1101,34.2501],[-118.1112,34.2535],[-118.1126,34.2553],[-118.109,34.2592],[-118.1031,34.2638],[-118.1021,34.2661],[-118.1002,34.2684],[-118.0973,34.2666],[-118.0914,34.26],[-118.0848,34.2537],[-118.081,34.2509],[-118.0796,34.2494],[-118.0791,34.2476],[-118.0769,34.2449],[-118.0741,34.2417],[-118.0721,34.2402],[-118.0765,34.2351],[-118.0783,34.2339],[-118.0813,34.233]]]},"properties":{"name":"Unnamed","year":1898,"acres":1660,"agency":"USFS"}},{"type":"Feature","geometry":{"type":"Polygon","coordinates":[[[-118.0625,34.2974],[-118.0607,34.2946],[-118.0577,34.2928],[-118.0471,34.2913],[-118.041,34.2894],[-118.0377,34.2892],[-118.0315,34.2907],[-118.03,34.2917],[-118.0278,34.2944],[-118.0222,34.2966],[-118.0161,34.2972],[-118.0128,34.2967],[-118.0117,34.2958],[-118.0119,34.2864],[-118.0136,34.2833],[-118.0157,34.2818],[-118.017,34.2815],[-118.0282,34.28],[-118.0409,34.2795],[-118.0439,34.2787],[-118.0448,34.2776],[-118.0446,34.2759],[-118.0416,34.273],[-118.0486,34.2671],[-118.05,34.2643],[-118.0493,34.263],[-118.0454,34.2607],[-118.0363,34.2561],[-118.0301,34.2481],[-118.0295,34.2464],[-118.0266,34.2432],[-118.0244,34.2416],[-118.0147,34.238],[-118.006,34.2357],[-118.0008,34.231],[-117.9946,34.2274],[-117.9878,34.2208],[-117.9832,34.2181],[-117.9817,34.2167],[-117.9776,34.212],[-117.9759,34.2091],[-117.9758,34.2067],[-117.977,34.2045],[-117.9842,34.2],[-117.9934,34.1971],[-118.0017,34.1953],[-118.0044,34.1937],[-118.0051,34.1899],[-118.0046,34.1867],[-118.005,34.1846],[-118.0094,34.1739],[-118.0107,34.1727],[-118.0219,34.1732],[-118.0251,34.1726],[-118.0286,34.1732],[-118.0324,34.1727],[-118.0343,34.1734],[-118.0395,34.1773],[-118.0409,34.1779],[-118.0431,34.1781],[-118.0459,34.1772],[-118.047,34.1777],[-118.0491,34.1811],[-118.0504,34.1817],[-118.0521,34.1835],[-118.0527,34.1854],[-118.0528,34.1896],[-118.0555,34.1912],[-118.059,34.1943],[-118.0595,34.1961],[-118.0595,34.1992],[-118.0621,34.2043],[-118.0653,34.2072],[-118.0697,34.2091],[-118.0733,34.2144],[-118.0731,34.2167],[-118.0681,34.2198],[-118.0657,34.2219],[-118.0628,34.2223],[-118.0587,34.2206],[-118.0548,34.2174],[-118.0469,34.2131],[-118.0423,34.2093],[-118.0398,34.2088],[-118.035,34.2101],[-118.0273,34.2155],[-118.0263,34.2166],[-118.0262,34.2189],[-118.025,34.2204],[-118.0251,34.2218],[-118.0292,34.226],[-118.0333,34.2273],[-118.0379,34.2279],[-118.0404,34.2291],[-118.0426,34.2323],[-118.0438,34.2358],[-118.0456,34.2371],[-118.0549,34.2394],[-118.062,34.239],[-118.0703,34.2394],[-118.0721,34.24],[-118.0741,34.2417],[-118.0788,34.2472],[-118.0796,34.2494],[-118.081,34.2509],[-118.0848,34.2537],[-118.0914,34.26],[-118.0973,34.2666],[-118.1002,34.2684],[-118.095,34.2724],[-118.0894,34.2752],[-118.085,34.2784],[-118.0776,34.2817],[-118.076,34.2834],[-118.076,34.2852],[-118.0773,34.2865],[-118.0827,34.2859],[-118.0843,34.2862],[-118.0853,34.2869],[-118.0858,34.2898],[-118.0852,34.2933],[-118.0839,34.2966],[-118.0843,34.2974],[-118.0855,34.2974],[-118.0879,34.2956],[-118.0891,34.2956],[-118.0898,34.2972],[-118.0892,34.2986],[-118.086,34.2999],[-118.0818,34.3026],[-118.0771,34.3067],[-118.0746,34.3075],[-118.0685,34.3058],[-118.0659,34.3041],[-118.0636,34.3017],[-118.0625,34.2974]]]},"properties":{"name":"Big","year":1900,"acres":16960,"agency":"CCO"}},{"type":"Feature","geometry":{"type":"Polygon","coordinates":[[[-118.1106,34.21],[-118.1115,34.2076],[-118.118,34.2022],[-118.1182,34.2078],[-118.12,34.2097],[-118.1218,34.2097],[-118.1227,34.2114],[-118.12,34.2129],[-118.1113,34.2162],[-118.1106,34.21]]]},"properties":{"name":"Unnamed","year":1905,"acres":214,"agency":"USFS"}},{"type":"Feature","geometry":{"type":"Polygon","coordinates":[[[-118.074,34.2522],[-118.0711,34.2558],[-118.0686,34.2568],[-118.0655,34.2515],[-118.0651,34.2491],[-118.0705,34.2444],[-118.0748,34.2443],[-118.0762,34.2455],[-118.0766,34.2474],[-118.0755,34.2502],[-118.074,34.2522]]]},"properties":{"name":"Unnamed","year":1907,"acres":239,"agency":"USFS"}},{"type":"Feature","geometry":{"type":"Polygon","coordinates":[[[-118.0597,34.2865],[-118.0609,34.2866],[-118.0614,34.2872],[-118.061,34.2902],[-118.0595,34.2926],[-118.0584,34.2932],[-118.0547,34.29],[-118.0535,34.2881],[-118.0553,34.287],[-118.0597,34.2865]]]},"properties":{"name":"Unnamed","year":1907,"acres":89,"agency":"USFS"}},{"type":"Feature","geometry":{"type":"Polygon","coordinates":[[[-118.063,34.1904],[-118.0608,34.1894],[-118.0593,34.1877],[-118.0591,34.1854],[-118.0607,34.1829],[-118.0657,34.1773],[-118.0695,34.1746],[-118.0726,34.1748],[-118.0748,34.1761],[-118.0765,34.1786],[-118.0768,34.1813],[-118.0753,34.1837],[-118.0737,34.1852],[-118.0733,34.1874],[-118.0723,34.1889],[-118.0682,34.1906],[-118.063,34.1904]]]},"properties":{"name":"Unnamed","year":1910,"acres":488,"agency":"USFS"}},{"type":"Feature","geometry":{"type":"Polygon","coordinates":[[[-118.2644,34.2479],[-118.2667,34.2481],[-118.2697,34.2495],[-118.2741,34.2502],[-118.2752,34.2511],[-118.2758,34.2529],[-118.2756,34.2552],[-118.2731,34.2614],[-118.2712,34.262],[-118.265,34.2611],[-118.2608,34.2594],[-118.2588,34.2578],[-118.2583,34.2558],[-118.2586,34.2543],[-118.2617,34.2521],[-118.2644,34.2479]]]},"properties":{"name":"Unnamed","year":1910,"acres":446,"agency":"USFS"}},{"type":"Feature","geometry":{"type":"Polygon","coordinates":[[[-118.3063,34.2787],[-118.3078,34.2787],[-118.3087,34.2795],[-118.3091,34.2822],[-118.308,34.284],[-118.3062,34.2845],[-118.305,34.2839],[-118.3044,34.281],[-118.3051,34.2792],[-118.3063,34.2787]]]},"properties":{"name":"Unnamed","year":1910,"acres":58,"agency":"USFS"}},{"type":"Feature","geometry":{"type":"Polygon","coordinates":[[[-118.0808,34.1764],[-118.082,34.1769],[-118.0823,34.1786],[-118.0818,34.1818],[-118.0803,34.1832],[-118.0792,34.1829],[-118.0787,34.1823],[-118.0785,34.1797],[-118.0792,34.1774],[-118.0808,34.1764]]]},"properties":{"name":"Unnamed","year":1910,"acres":53,"agency":"USFS"}},{"type":"Feature","geometry":{"type":"Polygon","coordinates":[[[-118.1369,34.2676],[-118.1405,34.2673],[-118.1422,34.2667],[-118.1435,34.2675],[-118.1417,34.2693],[-118.1387,34.2701],[-118.1366,34.2698],[-118.1355,34.2689],[-118.1357,34.268],[-118.1369,34.2676]]]},"properties":{"name":"Unnamed","year":1910,"acres":45,"agency":"USFS"}},{"type":"Feature","geometry":{"type":"Polygon","coordinates":[[[-118.1832,34.2341],[-118.182,34.2352],[-118.1806,34.2357],[-118.1784,34.2339],[-118.1785,34.2326],[-118.1788,34.2321],[-118.1826,34.2319],[-118.1838,34.2331],[-118.1832,34.2341]]]},"properties":{"name":"Unnamed","year":1910,"acres":40,"agency":"USFS"}},{"type":"Feature","geometry":{"type":"Polygon","coordinates":[[[-118.0643,34.1849],[-118.0625,34.1845],[-118.0601,34.1815],[-118.0522,34.1825],[-118.051,34.1822],[-118.0497,34.181],[-118.0512,34.1794],[-118.057,34.1765],[-118.0584,34.1752],[-118.0588,34.1718],[-118.0597,34.1712],[-118.0626,34.1753],[-118.0637,34.1763],[-118.0689,34.1761],[-118.0704,34.1772],[-118.0703,34.178],[-118.0679,34.1812],[-118.0671,34.1839],[-118.0643,34.1849]]]},"properties":{"name":"Unnamed","year":1911,"acres":324,"agency":"USFS"}},{"type":"Feature","geometry":{"type":"Polygon","coordinates":[[[-118.3488,34.295],[-118.3456,34.295],[-118.3421,34.2936],[-118.342,34.2925],[-118.3438,34.2898],[-118.345,34.2891],[-118.3455,34.288],[-118.347,34.2872],[-118.3538,34.2869],[-118.3553,34.2874],[-118.3554,34.2896],[-118.3529,34.2949],[-118.3488,34.295]]]},"properties":{"name":"Unnamed","year":1911,"acres":216,"agency":"USFS"}},{"type":"Feature","geometry":{"type":"Polygon","coordinates":[[[-118.2508,34.2732],[-118.2506,34.2728],[-118.252,34.2725],[-118.2558,34.2729],[-118.2582,34.271],[-118.2646,34.2688],[-118.2743,34.2676],[-118.2766,34.2659],[-118.279,34.2629],[-118.279,34.2612],[-118.2778,34.2589],[-118.2786,34.2568],[-118.2816,34.2548],[-118.285,34.2541],[-118.2896,34.2556],[-118.2925,34.2591],[-118.2926,34.2636],[-118.2949,34.2673],[-118.2942,34.2716],[-118.2952,34.2748],[-118.2952,34.2761],[-118.2936,34.28],[-118.2909,34.2836],[-118.2841,34.2888],[-118.2757,34.2917],[-118.2636,34.2941],[-118.2592,34.2969],[-118.2578,34.2971],[-118.2564,34.2966],[-118.2553,34.2953],[-118.254,34.291],[-118.2545,34.2871],[-118.2561,34.2838],[-118.2561,34.2806],[-118.254,34.2768],[-118.2508,34.2732]]]},"properties":{"name":"Unnamed","year":1913,"acres":2727,"agency":"USFS"}},{"type":"Feature","geometry":{"type":"Polygon","coordinates":[[[-118.2438,34.2724],[-118.2416,34.2709],[-118.2397,34.2681],[-118.2366,34.2668],[-118.2352,34.2672],[-118.2326,34.2662],[-118.2274,34.2686],[-118.2261,34.2716],[-118.2252,34.2725],[-118.2225,34.2728],[-118.2266,34.2667],[-118.2298,34.2634],[-118.2373,34.2606],[-118.2386,34.2529],[-118.2404,34.2486],[-118.2439,34.2452],[-118.2455,34.2443],[-118.248,34.2435],[-118.2631,34.2491],[-118.2673,34.2501],[-118.2708,34.2519],[-118.2805,34.2537],[-118.2817,34.2545],[-118.2792,34.2558],[-118.2779,34.2575],[-118.2778,34.2593],[-118.279,34.2611],[-118.279,34.2627],[-118.2751,34.267],[-118.2737,34.2676],[-118.2639,34.2688],[-118.2583,34.2708],[-118.2555,34.2728],[-118.2526,34.2723],[-118.2506,34.2727],[-118.2552,34.2785],[-118.2542,34.2785],[-118.2501,34.2753],[-118.2447,34.2732],[-118.2438,34.2724]]]},"properties":{"name":"Unnamed","year":1913,"acres":2415,"agency":"USFS"}},{"type":"Feature","geometry":{"type":"Polygon","coordinates":[[[-118.252,34.2992],[-118.2495,34.2974],[-118.2438,34.2958],[-118.2425,34.2949],[-118.2415,34.2929],[-118.2402,34.292],[-118.2358,34.2916],[-118.2349,34.2898],[-118.2335,34.2891],[-118.2311,34.2868],[-118.2278,34.2863],[-118.2277,34.281],[-118.2279,34.2791],[-118.2285,34.2781],[-118.2339,34.2744],[-118.24,34.273],[-118.2416,34.2709],[-118.2447,34.2732],[-118.2501,34.2753],[-118.2541,34.2783],[-118.2549,34.2781],[-118.2564,34.2819],[-118.2561,34.2838],[-118.2545,34.2871],[-118.254,34.2917],[-118.2553,34.2953],[-118.2564,34.2966],[-118.2578,34.2971],[-118.2592,34.2969],[-118.2636,34.2941],[-118.2757,34.2917],[-118.2834,34.2891],[-118.2909,34.2836],[-118.291,34.2869],[-118.2896,34.2895],[-118.2841,34.2932],[-118.2804,34.298],[-118.2773,34.2994],[-118.2719,34.3006],[-118.2689,34.3002],[-118.2654,34.2987],[-118.2638,34.2991],[-118.2627,34.3014],[-118.2616,34.302],[-118.2599,34.3021],[-118.2555,34.3015],[-118.252,34.2992]]]},"properties":{"name":"Unnamed","year":1913,"acres":1863,"agency":"USFS"}},{"type":"Feature","geometry":{"type":"Polygon","coordinates":[[[-118.4352,34.3182],[-118.436,34.3185],[-118.4367,34.3202],[-118.4359,34.3222],[-118.4361,34.3254],[-118.4355,34.3262],[-118.4333,34.3269],[-118.4308,34.3269],[-118.43,34.3265],[-118.4293,34.3258],[-118.429,34.3244],[-118.4293,34.3206],[-118.4301,34.3191],[-118.4327,34.3169],[-118.4338,34.3171],[-118.4352,34.3182]]]},"properties":{"name":"Unnamed","year":1915,"acres":154,"agency":"USFS"}},{"type":"Feature","geometry":{"type":"Polygon","coordinates":[[[-118.4144,34.3632],[-118.4162,34.3563],[-118.4198,34.3506],[-118.4216,34.3492],[-118.4243,34.3479],[-118.4269,34.3474],[-118.4284,34.3482],[-118.4308,34.3519],[-118.432,34.3553],[-118.4308,34.3627],[-118.4303,34.3632],[-118.4284,34.363],[-118.4272,34.3642],[-118.4225,34.3658],[-118.4173,34.3635],[-118.4144,34.3632]]]},"properties":{"name":"Unnamed","year":1916,"acres":562,"agency":"USFS"}},{"type":"Feature","geometry":{"type":"Polygon","coordinates":[[[-118.4062,34.3533],[-118.4067,34.352],[-118.4092,34.3508],[-118.4113,34.3506],[-118.4153,34.3521],[-118.4161,34.351],[-118.4168,34.3487],[-118.4187,34.3469],[-118.4217,34.3452],[-118.4234,34.3448],[-118.4252,34.3458],[-118.4256,34.3477],[-118.4252,34.3489],[-118.4242,34.35],[-118.4182,34.3547],[-118.4154,34.3558],[-118.4137,34.3559],[-118.4116,34.3583],[-118.4092,34.36],[-118.406,34.3606],[-118.4043,34.3603],[-118.4033,34.3594],[-118.4031,34.3549],[-118.4037,34.3542],[-118.4062,34.3533]]]},"properties":{"name":"Sand Canyon","year":1916,"acres":371,"agency":"USFS"}},{"type":"Feature","geometry":{"type":"Polygon","coordinates":[[[-118.4125,34.2854],[-118.4137,34.2854],[-118.415,34.2867],[-118.4146,34.2909],[-118.4126,34.2939],[-118.4093,34.296],[-118.4083,34.2952],[-118.408,34.2939],[-118.4089,34.2889],[-118.4098,34.2873],[-118.4125,34.2854]]]},"properties":{"name":"1916-Supervisor#35","year":1916,"acres":127,"agency":"USFS"}},{"type":"Feature","geometry":{"type":"Polygon","coordinates":[[[-118.3959,34.3229],[-118.3974,34.323],[-118.3985,34.3237],[-118.3991,34.3251],[-118.3973,34.3302],[-118.3952,34.3313],[-118.3934,34.3298],[-118.3933,34.328],[-118.3942,34.3243],[-118.395,34.3233],[-118.3959,34.3229]]]},"properties":{"name":"Lime Kiln Canyon","year":1916,"acres":89,"agency":"USFS"}},{"type":"Feature","geometry":{"type":"Polygon","coordinates":[[[-118.0782,34.1685],[-118.0815,34.1686],[-118.083,34.1697],[-118.0841,34.1724],[-118.0829,34.1769],[-118.0781,34.1832],[-118.0749,34.1848],[-118.07,34.1852],[-118.0673,34.1842],[-118.066,34.1804],[-118.0681,34.1736],[-118.0691,34.172],[-118.0707,34.1704],[-118.0764,34.1694],[-118.0782,34.1685]]]},"properties":{"name":"Hastings Ranch","year":1917,"acres":551,"agency":"USFS"}},{"type":"Feature","geometry":{"type":"Polygon","coordinates":[[[-118.1059,34.1873],[-118.1077,34.1872],[-118.1101,34.1894],[-118.1122,34.1934],[-118.1122,34.1969],[-118.1131,34.1999],[-118.11,34.2014],[-118.1077,34.2042],[-118.1065,34.2045],[-118.1052,34.2038],[-118.1021,34.2006],[-118.1016,34.1976],[-118.1026,34.1952],[-118.105,34.1927],[-118.1054,34.1885],[-118.1059,34.1873]]]},"properties":{"name":"Unnamed","year":1917,"acres":313,"agency":"USFS"}},{"type":"Feature","geometry":{"type":"Polygon","coordinates":[[[-118.118,34.2022],[-118.1197,34.2008],[-118.1228,34.1997],[-118.1255,34.1968],[-118.1265,34.1965],[-118.1285,34.1974],[-118.1293,34.2022],[-118.1298,34.2031],[-118.1283,34.2023],[-118.1267,34.203],[-118.1251,34.2046],[-118.1229,34.2088],[-118.1207,34.2099],[-118.1192,34.2091],[-118.1182,34.2078],[-118.118,34.2022]]]},"properties":{"name":"Unnamed","year":1917,"acres":214,"agency":"USFS"}},{"type":"Feature","geometry":{"type":"Polygon","coordinates":[[[-118.3374,34.275],[-118.338,34.2742],[-118.3434,34.2743],[-118.3438,34.2779],[-118.3433,34.2806],[-118.3417,34.2831],[-118.3371,34.2854],[-118.3328,34.2833],[-118.3321,34.2828],[-118.3319,34.2813],[-118.3326,34.2797],[-118.3347,34.2781],[-118.3374,34.275]]]},"properties":{"name":"Corey Canyon","year":1918,"acres":232,"agency":"USFS"}},{"type":"Feature","geometry":{"type":"Polygon","coordinates":[[[-118.4045,34.308],[-118.4104,34.3083],[-118.4104,34.3106],[-118.4079,34.3148],[-118.4021,34.3188],[-118.4019,34.3095],[-118.4022,34.3081],[-118.4045,34.308]]]},"properties":{"name":"Pacoima Canyon","year":1918,"acres":160,"agency":"USFS"}},{"type":"Feature","geometry":{"type":"Polygon","coordinates":[[[-118.3676,34.4342],[-118.3653,34.434],[-118.3603,34.4325],[-118.3558,34.4321],[-118.3515,34.4324],[-118.3474,34.4307],[-118.3432,34.4298],[-118.3397,34.4303],[-118.3344,34.4293],[-118.3318,34.4315],[-118.3306,34.4316],[-118.3303,34.4303],[-118.3313,34.4263],[-118.3335,34.4224],[-118.3346,34.418],[-118.3346,34.4166],[-118.3343,34.416],[-118.333,34.416],[-118.33,34.4168],[-118.3278,34.4192],[-118.3244,34.422],[-118.3226,34.4229],[-118.3216,34.4229],[-118.3208,34.4219],[-118.321,34.4195],[-118.3261,34.4145],[-118.3269,34.4117],[-118.3252,34.4083],[-118.3243,34.4041],[-118.3162,34.4021],[-118.3068,34.4013],[-118.3054,34.4017],[-118.3052,34.4023],[-118.3057,34.4029],[-118.31,34.4074],[-118.3119,34.4102],[-118.3128,34.4145],[-118.3104,34.4187],[-118.3058,34.4235],[-118.303,34.4246],[-118.3004,34.4237],[-118.2976,34.4244],[-118.2948,34.4242],[-118.2932,34.4228],[-118.2923,34.4213],[-118.2899,34.4201],[-118.2883,34.4185],[-118.2873,34.4158],[-118.2878,34.4131],[-118.2908,34.41],[-118.2918,34.4073],[-118.2916,34.4052],[-118.2899,34.4016],[-118.2909,34.3999],[-118.2908,34.3986],[-118.2916,34.3966],[-118.2933,34.3934],[-118.2928,34.3918],[-118.2916,34.3914],[-118.2831,34.3924],[-118.2768,34.3937],[-118.2728,34.3937],[-118.2706,34.3945],[-118.2611,34.3949],[-118.2463,34.4001],[-118.2435,34.4036],[-118.2423,34.4065],[-118.2421,34.4078],[-118.2427,34.4099],[-118.2435,34.411],[-118.2451,34.412],[-118.2529,34.4139],[-118.254,34.4148],[-118.2544,34.4162],[-118.2535,34.4183],[-118.2494,34.4214],[-118.2466,34.4217],[-118.2417,34.4185],[-118.2396,34.4157],[-118.2365,34.4132],[-118.2334,34.4116],[-118.232,34.4135],[-118.2304,34.4209],[-118.2296,34.422],[-118.2277,34.423],[-118.2249,34.4222],[-118.2218,34.419],[-118.2205,34.4185],[-118.218,34.4185],[-118.2107,34.4203],[-118.2069,34.4203],[-118.2053,34.4196],[-118.2052,34.4187],[-118.2082,34.4167],[-118.2094,34.4148],[-118.2132,34.4114],[-118.2143,34.4093],[-118.2143,34.4061],[-118.2134,34.4035],[-118.2127,34.4026],[-118.2111,34.402],[-118.2093,34.4023],[-118.2072,34.4038],[-118.2049,34.4132],[-118.2019,34.4176],[-118.2011,34.4199],[-118.1972,34.4222],[-118.1953,34.4219],[-118.1946,34.4211],[-118.1944,34.4196],[-118.1976,34.4096],[-118.1979,34.4062],[-118.1975,34.3997],[-118.1953,34.3962],[-118.1935,34.3952],[-118.1909,34.3951],[-118.19,34.3957],[-118.19,34.3969],[-118.1924,34.4],[-118.1941,34.4062],[-118.1943,34.4113],[-118.1935,34.4143],[-118.1909,34.4182],[-118.1877,34.4206],[-118.1848,34.4221],[-118.1714,34.4276],[-118.1674,34.4282],[-118.1641,34.4281],[-118.1616,34.4273],[-118.1602,34.4255],[-118.1598,34.4223],[-118.1622,34.4175],[-118.1637,34.4164],[-118.1683,34.4156],[-118.1695,34.4147],[-118.1691,34.4136],[-118.1654,34.4128],[-118.163,34.4112],[-118.1622,34.4091],[-118.1626,34.4063],[-118.1642,34.4046],[-118.1656,34.404],[-118.1711,34.4033],[-118.1739,34.4018],[-118.1754,34.3996],[-118.1799,34.397],[-118.1825,34.3923],[-118.19,34.389],[-118.1911,34.3874],[-118.1905,34.3858],[-118.1892,34.3851],[-118.1875,34.3851],[-118.1839,34.3861],[-118.1819,34.385],[-118.1824,34.3831],[-118.1872,34.3779],[-118.1878,34.3764],[-118.1875,34.3754],[-118.1866,34.3747],[-118.1789,34.3736],[-118.1777,34.373],[-118.1757,34.3706],[-118.1746,34.3702],[-118.1701,34.3696],[-118.1632,34.3708],[-118.1615,34.3706],[-118.1574,34.3682],[-118.1555,34.3677],[-118.1545,34.3689],[-118.1541,34.3717],[-118.1508,34.3773],[-118.1474,34.3794],[-118.1456,34.3794],[-118.1441,34.3786],[-118.1445,34.3767],[-118.1488,34.3732],[-118.1496,34.3717],[-118.1498,34.3664],[-118.1494,34.3637],[-118.1502,34.3562],[-118.1497,34.3518],[-118.1499,34.3473],[-118.1534,34.3405],[-118.1524,34.3399],[-118.1485,34.3402],[-118.1475,34.3395],[-118.1514,34.3367],[-118.1574,34.3358],[-118.166,34.3306],[-118.1766,34.3265],[-118.1795,34.3229],[-118.1798,34.3204],[-118.182,34.3165],[-118.1858,34.3149],[-118.1926,34.3138],[-118.2001,34.3095],[-118.2013,34.3079],[-118.2024,34.3031],[-118.2021,34.3019],[-118.2007,34.2995],[-118.1986,34.2974],[-118.1987,34.2969],[-118.2045,34.2956],[-118.2099,34.2951],[-118.2166,34.2959],[-118.2194,34.2949],[-118.2222,34.2931],[-118.2228,34.2918],[-118.22,34.2892],[-118.2196,34.288],[-118.2201,34.2873],[-118.2244,34.2858],[-118.2263,34.2838],[-118.2249,34.2759],[-118.2262,34.2739],[-118.2265,34.2705],[-118.2284,34.2678],[-118.2331,34.2664],[-118.2343,34.2668],[-118.2358,34.2683],[-118.2378,34.2682],[-118.2404,34.2689],[-118.2418,34.2709],[-118.2409,34.2722],[-118.2392,34.2732],[-118.2332,34.2748],[-118.2281,34.2785],[-118.2277,34.281],[-118.2277,34.2873],[-118.2281,34.2883],[-118.2307,34.2904],[-118.237,34.2935],[-118.2399,34.2944],[-118.243,34.2964],[-118.2487,34.298],[-118.2515,34.3009],[-118.2615,34.3047],[-118.2631,34.3047],[-118.2638,34.3013],[-118.2648,34.3004],[-118.2697,34.3015],[-118.2768,34.3012],[-118.2838,34.2987],[-118.2874,34.2965],[-118.2938,34.2913],[-118.2987,34.2864],[-118.302,34.282],[-118.3038,34.281],[-118.3086,34.2802],[-118.3133,34.2777],[-118.3163,34.2774],[-118.3175,34.2777],[-118.3196,34.2828],[-118.3278,34.2885],[-118.3276,34.2935],[-118.3249,34.2954],[-118.325,34.2963],[-118.3258,34.2969],[-118.3302,34.298],[-118.3326,34.2976],[-118.3329,34.2969],[-118.3308,34.2942],[-118.3302,34.2925],[-118.3312,34.2905],[-118.3325,34.2899],[-118.339,34.291],[-118.3535,34.2951],[-118.3595,34.2936],[-118.3625,34.2935],[-118.3646,34.295],[-118.366,34.2973],[-118.3677,34.3024],[-118.3696,34.3039],[-118.3745,34.3052],[-118.3775,34.3054],[-118.3788,34.3048],[-118.3786,34.3094],[-118.378,34.3106],[-118.3768,34.3114],[-118.3743,34.3111],[-118.3724,34.3136],[-118.3683,34.3151],[-118.3669,34.317],[-118.366,34.3234],[-118.367,34.3283],[-118.3689,34.3298],[-118.3701,34.3299],[-118.3718,34.329],[-118.3739,34.3306],[-118.3751,34.3306],[-118.3788,34.3299],[-118.3815,34.3287],[-118.3854,34.3258],[-118.3874,34.323],[-118.3888,34.3194],[-118.3896,34.3185],[-118.3964,34.3159],[-118.4009,34.3124],[-118.4022,34.3103],[-118.4032,34.3112],[-118.4039,34.3131],[-118.4038,34.3151],[-118.4027,34.3193],[-118.4029,34.3206],[-118.4039,34.322],[-118.4064,34.3237],[-118.4119,34.3259],[-118.4159,34.329],[-118.4256,34.3324],[-118.4348,34.3323],[-118.4436,34.331],[-118.4551,34.3259],[-118.4588,34.3261],[-118.4671,34.3304],[-118.4697,34.33],[-118.4702,34.3276],[-118.4709,34.3272],[-118.4776,34.3289],[-118.4796,34.3299],[-118.4855,34.3357],[-118.4864,34.3376],[-118.4862,34.3389],[-118.4816,34.3421],[-118.4786,34.346],[-118.4757,34.3515],[-118.4715,34.3533],[-118.4675,34.3542],[-118.4658,34.3538],[-118.4655,34.3542],[-118.4651,34.3538],[-118.4653,34.3529],[-118.4646,34.3528],[-118.4611,34.3547],[-118.4581,34.3547],[-118.4581,34.3532],[-118.4602,34.3518],[-118.4602,34.351],[-118.4577,34.3499],[-118.458,34.3487],[-118.4577,34.3482],[-118.4543,34.3473],[-118.4535,34.3462],[-118.4537,34.3451],[-118.4517,34.3454],[-118.4506,34.3506],[-118.4506,34.3529],[-118.4514,34.354],[-118.4518,34.357],[-118.4545,34.3573],[-118.4517,34.3579],[-118.4492,34.3596],[-118.4486,34.3655],[-118.4494,34.3689],[-118.4482,34.3708],[-118.4469,34.3712],[-118.4446,34.3711],[-118.4432,34.3708],[-118.4418,34.3697],[-118.4403,34.3675],[-118.4387,34.3627],[-118.4378,34.3615],[-118.4366,34.3609],[-118.4354,34.3609],[-118.4339,34.3622],[-118.4338,34.3662],[-118.4331,34.3666],[-118.4276,34.3629],[-118.419,34.3614],[-118.4179,34.3616],[-118.4169,34.3632],[-118.417,34.3648],[-118.4191,34.3669],[-118.4186,34.3684],[-118.4109,34.3707],[-118.4068,34.3726],[-118.4047,34.3744],[-118.4039,34.3756],[-118.4046,34.3782],[-118.4055,34.3796],[-118.4079,34.3816],[-118.4096,34.3847],[-118.4117,34.3866],[-118.4108,34.3874],[-118.4072,34.3867],[-118.4031,34.3869],[-118.4011,34.3887],[-118.4013,34.3904],[-118.402,34.3913],[-118.4032,34.3921],[-118.4067,34.3931],[-118.4077,34.3945],[-118.4078,34.3956],[-118.4077,34.3973],[-118.4068,34.3991],[-118.4054,34.4002],[-118.4027,34.404],[-118.4009,34.4054],[-118.3972,34.4062],[-118.3891,34.4052],[-118.3771,34.4061],[-118.3745,34.407],[-118.3729,34.4082],[-118.3724,34.41],[-118.3748,34.4148],[-118.3752,34.4168],[-118.3744,34.4181],[-118.3736,34.4183],[-118.3699,34.4181],[-118.3589,34.4088],[-118.3574,34.4081],[-118.3558,34.4086],[-118.355,34.4122],[-118.3524,34.4153],[-118.3516,34.4157],[-118.3497,34.4157],[-118.3452,34.4128],[-118.3425,34.4127],[-118.341,34.4132],[-118.34,34.4144],[-118.3404,34.4164],[-118.3421,34.4203],[-118.3436,34.4217],[-118.347,34.422],[-118.3528,34.4197],[-118.3577,34.4197],[-118.362,34.4214],[-118.3676,34.4246],[-118.3721,34.4254],[-118.3742,34.4249],[-118.3829,34.416],[-118.3875,34.4119],[-118.3893,34.4109],[-118.3917,34.41],[-118.3936,34.4098],[-118.4015,34.4102],[-118.4044,34.4133],[-118.4053,34.4166],[-118.4032,34.4207],[-118.4009,34.4233],[-118.4003,34.4246],[-118.3976,34.4259],[-118.3928,34.4266],[-118.383,34.4297],[-118.3755,34.4331],[-118.3717,34.4341],[-118.3676,34.4342]],[[-118.1777,34.3548],[-118.1768,34.3546],[-118.1762,34.3553],[-118.176,34.3604],[-118.1775,34.3624],[-118.1793,34.3631],[-118.1823,34.361],[-118.1831,34.3598],[-118.1831,34.3587],[-118.1819,34.3568],[-118.1777,34.3548]],[[-118.2841,34.3476],[-118.2845,34.3509],[-118.2868,34.352],[-118.2956,34.3494],[-118.2976,34.3478],[-118.2988,34.3454],[-118.2988,34.3422],[-118.2968,34.3344],[-118.2958,34.3327],[-118.2921,34.3309],[-118.2904,34.3309],[-118.2889,34.3318],[-118.2863,34.3362],[-118.2858,34.338],[-118.2858,34.3429],[-118.2845,34.3455],[-118.2841,34.3476]],[[-118.2257,34.3843],[-118.2263,34.3817],[-118.2282,34.3794],[-118.229,34.3777],[-118.2321,34.3764],[-118.2337,34.3745],[-118.2333,34.3691],[-118.2363,34.3623],[-118.2378,34.3606],[-118.2418,34.359],[-118.2435,34.3575],[-118.2439,34.3558],[-118.2431,34.3539],[-118.2407,34.3523],[-118.235,34.3499],[-118.2318,34.3492],[-118.2282,34.3472],[-118.2177,34.3468],[-118.2066,34.3487],[-118.2047,34.35],[-118.2018,34.3539],[-118.2017,34.3553],[-118.2026,34.3589],[-118.2024,34.3602],[-118.1944,34.3666],[-118.1926,34.3692],[-118.1922,34.3713],[-118.1947,34.3728],[-118.1986,34.3724],[-118.201,34.3711],[-118.2056,34.3728],[-118.2073,34.3743],[-118.2109,34.3802],[-118.2146,34.3848],[-118.2173,34.3877],[-118.2211,34.3903],[-118.2236,34.3905],[-118.225,34.3896],[-118.2258,34.3863],[-118.2257,34.3843]]]},"properties":{"name":"Ravenna","year":1919,"acres":71373,"agency":"USFS"}},{"type":"Feature","geometry":{"type":"Polygon","coordinates":[[[-118.3947,34.2806],[-118.3966,34.2803],[-118.398,34.2808],[-118.3992,34.2824],[-118.3992,34.2834],[-118.3979,34.2858],[-118.3939,34.2905],[-118.393,34.2909],[-118.3919,34.2908],[-118.3906,34.2897],[-118.3899,34.2884],[-118.3904,34.2847],[-118.3919,34.2828],[-118.3947,34.2806]]]},"properties":{"name":"San Fernando Oil Co.","year":1919,"acres":162,"agency":"USFS"}},{"type":"Feature","geometry":{"type":"Polygon","coordinates":[[[-118.2918,34.2656],[-118.2954,34.2664],[-118.2958,34.2682],[-118.2929,34.2738],[-118.2899,34.2754],[-118.2872,34.2739],[-118.2867,34.2726],[-118.2868,34.2707],[-118.2896,34.2664],[-118.2918,34.2656]]]},"properties":{"name":"Zachau Ranch","year":1919,"acres":151,"agency":"USFS"}},{"type":"Feature","geometry":{"type":"Polygon","coordinates":[[[-118.4151,34.3452],[-118.4158,34.345],[-118.4172,34.3456],[-118.4177,34.3473],[-118.4171,34.3508],[-118.4164,34.3526],[-118.4157,34.3528],[-118.4138,34.3519],[-118.4128,34.3503],[-118.4135,34.3465],[-118.4141,34.3455],[-118.4151,34.3452]]]},"properties":{"name":"Unnamed","year":1919,"acres":72,"agency":"USFS"}},{"type":"Feature","geometry":{"type":"Polygon","coordinates":[[[-118.4048,34.3478],[-118.4068,34.3478],[-118.4083,34.349],[-118.4092,34.3506],[-118.4077,34.3529],[-118.4079,34.3555],[-118.4075,34.3567],[-118.4067,34.3576],[-118.4039,34.3585],[-118.4023,34.357],[-118.4023,34.3527],[-118.4027,34.3495],[-118.4036,34.3481],[-118.4048,34.3478]]]},"properties":{"name":"Unnamed","year":1921,"acres":140,"agency":"USFS"}},{"type":"Feature","geometry":{"type":"Polygon","coordinates":[[[-118.3813,34.2957],[-118.3827,34.2963],[-118.3827,34.2973],[-118.3822,34.2984],[-118.381,34.2993],[-118.3794,34.2987],[-118.3792,34.298],[-118.38,34.2963],[-118.3813,34.2957]]]},"properties":{"name":"Unnamed","year":1921,"acres":24,"agency":"USFS"}},{"type":"Feature","geometry":{"type":"Polygon","coordinates":[[[-118.1161,34.2228],[-118.1117,34.2225],[-118.1098,34.2217],[-118.1086,34.2203],[-118.109,34.2181],[-118.1107,34.2166],[-118.12,34.2129],[-118.1223,34.2114],[-118.1272,34.2124],[-118.1309,34.2119],[-118.1386,34.2165],[-118.137,34.2169],[-118.1337,34.2164],[-118.1316,34.2166],[-118.126,34.2236],[-118.1243,34.2246],[-118.1215,34.2247],[-118.1192,34.2233],[-118.1161,34.2228]]]},"properties":{"name":"Unnamed","year":1922,"acres":555,"agency":"USFS"}},{"type":"Feature","geometry":{"type":"Polygon","coordinates":[[[-118.2884,34.252],[-118.2903,34.2524],[-118.2914,34.2533],[-118.2924,34.2577],[-118.2918,34.2593],[-118.2902,34.2614],[-118.2888,34.2623],[-118.2875,34.2626],[-118.2863,34.2609],[-118.2861,34.2572],[-118.287,34.2529],[-118.2873,34.2523],[-118.2884,34.252]]]},"properties":{"name":"Zachau Canyon","year":1922,"acres":129,"agency":"USFS"}},{"type":"Feature","geometry":{"type":"Polygon","coordinates":[[[-118.1112,34.2175],[-118.1139,34.2114],[-118.1155,34.2098],[-118.1181,34.2083],[-118.1235,34.2119],[-118.1287,34.2137],[-118.1332,34.2142],[-118.1352,34.2171],[-118.1353,34.218],[-118.1347,34.2193],[-118.1327,34.2202],[-118.1305,34.2205],[-118.1282,34.2189],[-118.1282,34.2181],[-118.1265,34.2177],[-118.1255,34.2187],[-118.1251,34.2213],[-118.1214,34.2256],[-118.1171,34.2259],[-118.1124,34.2247],[-118.1102,34.2226],[-118.1103,34.2204],[-118.1112,34.2175]]]},"properties":{"name":"Mt. Lowe","year":1923,"acres":643,"agency":"USFS"}},{"type":"Feature","geometry":{"type":"Polygon","coordinates":[[[-118.2965,34.2738],[-118.2987,34.2744],[-118.2994,34.2766],[-118.2988,34.2788],[-118.2964,34.2812],[-118.2914,34.2823],[-118.2883,34.282],[-118.287,34.2812],[-118.2866,34.28],[-118.2876,34.2788],[-118.2932,34.2766],[-118.2951,34.2744],[-118.2965,34.2738]]]},"properties":{"name":"Fitzgerald","year":1923,"acres":165,"agency":"USFS"}},{"type":"Feature","geometry":{"type":"Polygon","coordinates":[[[-118.3009,34.2561],[-118.3014,34.258],[-118.3012,34.2589],[-118.2988,34.2625],[-118.296,34.2639],[-118.2931,34.2633],[-118.2927,34.2595],[-118.2934,34.2579],[-118.2971,34.2557],[-118.3009,34.2561]]]},"properties":{"name":"Unnamed","year":1923,"acres":136,"agency":"USFS"}},{"type":"Feature","geometry":{"type":"Polygon","coordinates":[[[-118.4068,34.2887],[-118.4095,34.2895],[-118.4102,34.2902],[-118.4103,34.292],[-118.4098,34.2942],[-118.4088,34.2953],[-118.4071,34.2961],[-118.4061,34.2959],[-118.405,34.2948],[-118.4045,34.2924],[-118.4051,34.2899],[-118.4068,34.2887]]]},"properties":{"name":"Unnamed","year":1923,"acres":85,"agency":"USFS"}},{"type":"Feature","geometry":{"type":"Polygon","coordinates":[[[-118.4122,34.3021],[-118.4138,34.3023],[-118.4145,34.3043],[-118.4132,34.3067],[-118.4114,34.3072],[-118.4107,34.3068],[-118.4104,34.3045],[-118.4122,34.3021]]]},"properties":{"name":"City","year":1923,"acres":40,"agency":"USFS"}},{"type":"Feature","geometry":{"type":"Polygon","coordinates":[[[-118.298,34.2756],[-118.2989,34.2756],[-118.2999,34.2768],[-118.2994,34.2776],[-118.2976,34.2782],[-118.2965,34.2771],[-118.2968,34.2764],[-118.298,34.2756]]]},"properties":{"name":"Wells","year":1923,"acres":16,"agency":"USFS"}},{"type":"Feature","geometry":{"type":"Polygon","coordinates":[[[-118.4043,34.3052],[-118.4083,34.3057],[-118.4087,34.3064],[-118.4086,34.3084],[-118.407,34.3117],[-118.4039,34.3154],[-118.3996,34.3181],[-118.3977,34.318],[-118.3943,34.3161],[-118.3931,34.3131],[-118.3935,34.3112],[-118.3946,34.31],[-118.3993,34.3072],[-118.4043,34.3052]]]},"properties":{"name":"Mcellveney","year":1924,"acres":330,"agency":"USFS"}},{"type":"Feature","geometry":{"type":"Polygon","coordinates":[[[-118.4116,34.3178],[-118.4123,34.317],[-118.4146,34.3181],[-118.4154,34.3239],[-118.4148,34.3324],[-118.4127,34.3329],[-118.411,34.3322],[-118.4094,34.3301],[-118.4098,34.3277],[-118.4087,34.3234],[-118.4096,34.3225],[-118.4116,34.3178]]]},"properties":{"name":"Unnamed","year":1924,"acres":199,"agency":"USFS"}},{"type":"Feature","geometry":{"type":"Polygon","coordinates":[[[-118.4059,34.2947],[-118.4081,34.2947],[-118.4092,34.2958],[-118.4087,34.2979],[-118.4087,34.3008],[-118.408,34.3026],[-118.4056,34.3025],[-118.403,34.2994],[-118.4034,34.2964],[-118.4059,34.2947]]]},"properties":{"name":"Unnamed","year":1924,"acres":98,"agency":"USFS"}},{"type":"Feature","geometry":{"type":"Polygon","coordinates":[[[-118.3739,34.3097],[-118.375,34.3096],[-118.3754,34.3101],[-118.3757,34.3119],[-118.3732,34.3148],[-118.3715,34.3151],[-118.3703,34.314],[-118.3702,34.3123],[-118.3711,34.3112],[-118.3739,34.3097]]]},"properties":{"name":"Kagel Canyon","year":1924,"acres":52,"agency":"USFS"}},{"type":"Feature","geometry":{"type":"Polygon","coordinates":[[[-118.0931,34.2459],[-118.0942,34.2454],[-118.0965,34.2454],[-118.0972,34.2465],[-118.096,34.2471],[-118.0935,34.2466],[-118.0931,34.2459]]]},"properties":{"name":"Unnamed","year":1924,"acres":14,"agency":"USFS"}},{"type":"Feature","geometry":{"type":"Polygon","coordinates":[[[-118.1556,34.3031],[-118.1552,34.2981],[-118.1555,34.2955],[-118.1541,34.2934],[-118.1554,34.2926],[-118.1573,34.293],[-118.1584,34.2927],[-118.159,34.2918],[-118.159,34.2905],[-118.1578,34.2895],[-118.152,34.2883],[-118.1512,34.2842],[-118.1491,34.2811],[-118.1485,34.2792],[-118.1495,34.2742],[-118.1504,34.2721],[-118.1532,34.2712],[-118.154,34.2703],[-118.154,34.2684],[-118.1571,34.2648],[-118.1586,34.2646],[-118.1646,34.2654],[-118.17,34.2675],[-118.1845,34.2668],[-118.1868,34.2662],[-118.1883,34.2663],[-118.1891,34.2658],[-118.1903,34.2638],[-118.1917,34.2632],[-118.1928,34.262],[-118.1962,34.2606],[-118.2031,34.2596],[-118.2118,34.2594],[-118.2208,34.2625],[-118.2227,34.2636],[-118.2238,34.265],[-118.2264,34.2664],[-118.2264,34.2685],[-118.2276,34.2693],[-118.2276,34.27],[-118.2249,34.2718],[-118.2231,34.274],[-118.2192,34.2744],[-118.2193,34.2769],[-118.217,34.2797],[-118.2174,34.2808],[-118.2171,34.2822],[-118.2177,34.2836],[-118.2209,34.2868],[-118.2194,34.2899],[-118.2195,34.2927],[-118.2201,34.2945],[-118.2194,34.2949],[-118.2157,34.2934],[-118.2117,34.2944],[-118.2096,34.2931],[-118.2017,34.2936],[-118.2011,34.2929],[-118.1987,34.2922],[-118.1981,34.2915],[-118.198,34.2902],[-118.1992,34.287],[-118.1989,34.2857],[-118.1964,34.2843],[-118.1941,34.2841],[-118.1908,34.2863],[-118.1868,34.2919],[-118.1806,34.2953],[-118.1801,34.2963],[-118.18,34.3],[-118.1784,34.3019],[-118.1765,34.3026],[-118.1722,34.303],[-118.1701,34.3036],[-118.1671,34.306],[-118.1653,34.3084],[-118.1631,34.3098],[-118.1605,34.3099],[-118.1584,34.3088],[-118.1566,34.3069],[-118.1558,34.3052],[-118.1556,34.3031]]]},"properties":{"name":"Hell Hole","year":1925,"acres":5731,"agency":"USFS"}},{"type":"Feature","geometry":{"type":"Polygon","coordinates":[[[-118.0835,34.1783],[-118.0814,34.1787],[-118.0778,34.178],[-118.0764,34.1768],[-118.0765,34.1746],[-118.084,34.1728],[-118.0869,34.1716],[-118.09,34.1727],[-118.0946,34.1758],[-118.0964,34.1779],[-118.0966,34.1795],[-118.0957,34.181],[-118.0943,34.1819],[-118.0894,34.1824],[-118.0872,34.1814],[-118.0848,34.1789],[-118.0835,34.1783]]]},"properties":{"name":"Unnamed","year":1926,"acres":337,"agency":"USFS"}},{"type":"Feature","geometry":{"type":"MultiPolygon","coordinates":[[[[-118.2661,34.2505],[-118.2636,34.2506],[-118.2622,34.2493],[-118.2593,34.2484],[-118.2578,34.2471],[-118.2563,34.2466],[-118.2544,34.2447],[-118.2531,34.242],[-118.2528,34.2391],[-118.2532,34.2377],[-118.2546,34.2364],[-118.2552,34.2351],[-118.2565,34.2352],[-118.2583,34.2376],[-118.2597,34.2381],[-118.2614,34.2378],[-118.2629,34.2368],[-118.2642,34.2348],[-118.2649,34.232],[-118.2663,34.2318],[-118.2692,34.2329],[-118.2708,34.2342],[-118.2712,34.2369],[-118.2705,34.2396],[-118.2718,34.2419],[-118.2705,34.245],[-118.2703,34.2508],[-118.2699,34.2514],[-118.2686,34.2515],[-118.2661,34.2505]]],[[[-118.2858,34.2396],[-118.285,34.2392],[-118.2841,34.2354],[-118.282,34.2328],[-118.2758,34.2306],[-118.2744,34.2306],[-118.2707,34.2319],[-118.2696,34.2319],[-118.268,34.2309],[-118.2677,34.2285],[-118.2667,34.2263],[-118.2682,34.2221],[-118.2678,34.2164],[-118.2691,34.214],[-118.2727,34.2118],[-118.2733,34.211],[-118.2735,34.2052],[-118.2717,34.2027],[-118.27,34.2016],[-118.2683,34.2012],[-118.2664,34.2018],[-118.2634,34.2014],[-118.258,34.1972],[-118.2578,34.1959],[-118.2593,34.1945],[-118.2595,34.1935],[-118.257,34.1873],[-118.2566,34.184],[-118.258,34.1846],[-118.2609,34.1869],[-118.2626,34.1894],[-118.2647,34.1896],[-118.2655,34.1905],[-118.2669,34.1908],[-118.276,34.188],[-118.2778,34.1868],[-118.2827,34.1869],[-118.2853,34.1886],[-118.2979,34.1934],[-118.2998,34.1954],[-118.3022,34.1968],[-118.3044,34.2007],[-118.304,34.2026],[-118.3012,34.207],[-118.3004,34.2071],[-118.2976,34.2106],[-118.2947,34.2126],[-118.2934,34.2143],[-118.2927,34.216],[-118.2882,34.2176],[-118.2865,34.2188],[-118.2925,34.221],[-118.2942,34.2208],[-118.2974,34.219],[-118.3037,34.2193],[-118.306,34.2203],[-118.3096,34.2236],[-118.3108,34.2271],[-118.3097,34.23],[-118.3082,34.2314],[-118.3069,34.2314],[-118.3078,34.2277],[-118.3071,34.2264],[-118.3021,34.2247],[-118.299,34.2224],[-118.2966,34.2216],[-118.2967,34.2225],[-118.3009,34.2259],[-118.3021,34.2276],[-118.3027,34.2292],[-118.3031,34.2342],[-118.3021,34.2346],[-118.2977,34.2326],[-118.2951,34.2329],[-118.2885,34.2393],[-118.2865,34.24],[-118.2858,34.2396]]]]},"properties":{"name":"Verdugo Hills","year":1927,"acres":4428,"agency":"USFS"}},{"type":"Feature","geometry":{"type":"Polygon","coordinates":[[[-118.2887,34.1905],[-118.2895,34.1907],[-118.2906,34.1921],[-118.2899,34.1939],[-118.2851,34.1978],[-118.2828,34.1978],[-118.284,34.1934],[-118.288,34.192],[-118.2887,34.1905]]]},"properties":{"name":"Limmerts","year":1927,"acres":74,"agency":"C&L"}},{"type":"Feature","geometry":{"type":"Polygon","coordinates":[[[-118.2401,34.1919],[-118.2428,34.1922],[-118.243,34.1938],[-118.2419,34.1955],[-118.2388,34.1958],[-118.238,34.1951],[-118.2378,34.194],[-118.2401,34.1919]]]},"properties":{"name":"Unnamed","year":1927,"acres":42,"agency":"USFS"}},{"type":"Feature","geometry":{"type":"Polygon","coordinates":[[[-118.2255,34.1477],[-118.2259,34.1482],[-118.225,34.1496],[-118.2244,34.1491],[-118.2255,34.1477]]]},"properties":{"name":"Unnamed","year":1927,"acres":4,"agency":"USFS"}},{"type":"Feature","geometry":{"type":"Polygon","coordinates":[[[-118.2255,34.1477],[-118.2259,34.1482],[-118.225,34.1496],[-118.2244,34.1491],[-118.2255,34.1477]]]},"properties":{"name":"Unnamed","year":1927,"acres":4,"agency":"CCO"}},{"type":"Feature","geometry":{"type":"Polygon","coordinates":[[[-118.0766,34.3113],[-118.0773,34.3073],[-118.0758,34.3034],[-118.0762,34.3023],[-118.0773,34.3019],[-118.0798,34.3023],[-118.0827,34.3047],[-118.084,34.3052],[-118.0861,34.3044],[-118.0895,34.3045],[-118.0914,34.3071],[-118.0947,34.3099],[-118.0948,34.3106],[-118.0931,34.3118],[-118.0865,34.3116],[-118.0833,34.3136],[-118.0798,34.315],[-118.0783,34.3149],[-118.0769,34.3138],[-118.0765,34.3124],[-118.0766,34.3113]],[[-118.0854,34.3079],[-118.0845,34.3081],[-118.0852,34.3093],[-118.0875,34.3099],[-118.0871,34.3087],[-118.0854,34.3079]]]},"properties":{"name":"Wikiup","year":1928,"acres":356,"agency":"USFS"}},{"type":"Feature","geometry":{"type":"Polygon","coordinates":[[[-118.2396,34.1855],[-118.2404,34.1846],[-118.242,34.1811],[-118.2455,34.1811],[-118.2469,34.1806],[-118.2498,34.1782],[-118.2512,34.1759],[-118.2569,34.1783],[-118.2583,34.1801],[-118.2586,34.1824],[-118.2554,34.1837],[-118.2561,34.1843],[-118.2587,34.1848],[-118.258,34.1858],[-118.25,34.1855],[-118.245,34.1865],[-118.2422,34.188],[-118.2398,34.1902],[-118.2384,34.1904],[-118.2377,34.19],[-118.2385,34.1883],[-118.2374,34.1869],[-118.2396,34.1855]]]},"properties":{"name":"Edison-Verdugo","year":1928,"acres":343,"agency":"C&L"}},{"type":"Feature","geometry":{"type":"Polygon","coordinates":[[[-118.0476,34.1787],[-118.047,34.1785],[-118.0459,34.1797],[-118.0456,34.1814],[-118.0452,34.1813],[-118.0442,34.1783],[-118.0442,34.1761],[-118.046,34.1749],[-118.0477,34.175],[-118.0494,34.1761],[-118.0499,34.1779],[-118.0523,34.1809],[-118.0525,34.1825],[-118.0521,34.1831],[-118.0491,34.1812],[-118.0476,34.1787]]]},"properties":{"name":"Unnamed","year":1928,"acres":86,"agency":"USFS"}},{"type":"Feature","geometry":{"type":"Polygon","coordinates":[[[-118.047,34.1785],[-118.0477,34.1787],[-118.0493,34.1813],[-118.0504,34.1817],[-118.0519,34.1831],[-118.0526,34.1852],[-118.0504,34.1858],[-118.0479,34.1851],[-118.0468,34.1842],[-118.0456,34.182],[-118.0459,34.1799],[-118.047,34.1785]]]},"properties":{"name":"Marlborough","year":1928,"acres":72,"agency":"USFS"}},{"type":"Feature","geometry":{"type":"Polygon","coordinates":[[[-118.2941,34.1341],[-118.2953,34.1327],[-118.2941,34.1299],[-118.2953,34.127],[-118.2933,34.1232],[-118.2936,34.121],[-118.2948,34.1211],[-118.2962,34.1227],[-118.2975,34.123],[-118.3007,34.1228],[-118.3038,34.1207],[-118.3041,34.1218],[-118.3031,34.1249],[-118.305,34.1254],[-118.3084,34.1239],[-118.3093,34.1242],[-118.309,34.1258],[-118.305,34.1295],[-118.3055,34.1298],[-118.3071,34.129],[-118.3088,34.1288],[-118.3082,34.1307],[-118.3052,34.133],[-118.3048,34.1339],[-118.3054,34.1342],[-118.3077,34.1334],[-118.3084,34.134],[-118.3077,34.1347],[-118.2972,34.1383],[-118.2967,34.1379],[-118.2971,34.1365],[-118.2944,34.1351],[-118.2941,34.1341]]]},"properties":{"name":"Griffith Park 113A","year":1929,"acres":452,"agency":"USFS"}},{"type":"Feature","geometry":{"type":"Polygon","coordinates":[[[-118.3985,34.119],[-118.3986,34.1164],[-118.3998,34.1139],[-118.4013,34.1127],[-118.4016,34.1087],[-118.4022,34.1084],[-118.4045,34.1092],[-118.4051,34.1085],[-118.4045,34.1072],[-118.4062,34.1054],[-118.4072,34.1051],[-118.4081,34.1059],[-118.4081,34.1073],[-118.4087,34.1084],[-118.4078,34.1105],[-118.4093,34.111],[-118.4071,34.1133],[-118.4076,34.1162],[-118.4065,34.1165],[-118.4041,34.1192],[-118.4025,34.1182],[-118.4008,34.1192],[-118.4004,34.1188],[-118.399,34.1193],[-118.3985,34.119]]]},"properties":{"name":"Coldwater Cyn No. 48","year":1929,"acres":212,"agency":"USFS"}},{"type":"Feature","geometry":{"type":"Polygon","coordinates":[[[-118.1877,34.1774],[-118.1854,34.1776],[-118.1834,34.1771],[-118.1827,34.1762],[-118.1825,34.1746],[-118.184,34.1748],[-118.1847,34.1745],[-118.187,34.1722],[-118.1901,34.1722],[-118.1926,34.1729],[-118.1942,34.1747],[-118.1975,34.1754],[-118.1989,34.1771],[-118.1999,34.1776],[-118.197,34.1784],[-118.1969,34.1802],[-118.1965,34.1803],[-118.1913,34.1796],[-118.1877,34.1774]]]},"properties":{"name":"Ford No. 125","year":1929,"acres":197,"agency":"USFS"}},{"type":"Feature","geometry":{"type":"Polygon","coordinates":[[[-118.2256,34.2451],[-118.2293,34.244],[-118.2303,34.2441],[-118.2313,34.2451],[-118.232,34.2502],[-118.2341,34.2549],[-118.2332,34.257],[-118.2327,34.2572],[-118.2307,34.2562],[-118.228,34.2529],[-118.227,34.249],[-118.2259,34.2477],[-118.2256,34.2451]]]},"properties":{"name":"Unnamed","year":1929,"acres":156,"agency":"USFS"}},{"type":"Feature","geometry":{"type":"Polygon","coordinates":[[[-118.1676,34.0739],[-118.1638,34.0738],[-118.1603,34.075],[-118.1607,34.074],[-118.1668,34.0712],[-118.1672,34.07],[-118.1691,34.0679],[-118.1751,34.0655],[-118.1766,34.0658],[-118.1768,34.0675],[-118.1758,34.0691],[-118.17,34.0731],[-118.1676,34.0739]]]},"properties":{"name":"Curan #17","year":1929,"acres":139,"agency":"C&L"}},{"type":"Feature","geometry":{"type":"Polygon","coordinates":[[[-118.226,34.2406],[-118.2279,34.2407],[-118.229,34.2414],[-118.2294,34.2428],[-118.2291,34.2454],[-118.2265,34.2456],[-118.2251,34.2448],[-118.2248,34.243],[-118.2254,34.2411],[-118.226,34.2406]]]},"properties":{"name":"Unnamed","year":1929,"acres":51,"agency":"USFS"}},{"type":"Feature","geometry":{"type":"Polygon","coordinates":[[[-118.1619,34.2215],[-118.1632,34.2227],[-118.1626,34.2245],[-118.1598,34.2267],[-118.1577,34.2267],[-118.1573,34.225],[-118.1584,34.2243],[-118.1585,34.2233],[-118.1581,34.2227],[-118.1561,34.2229],[-118.1561,34.2209],[-118.1573,34.2202],[-118.1603,34.2198],[-118.161,34.2202],[-118.1619,34.2215]]]},"properties":{"name":"Supervisor #18","year":1930,"acres":83,"agency":"USFS"}},{"type":"Feature","geometry":{"type":"Polygon","coordinates":[[[-118.3453,34.1422],[-118.3429,34.1436],[-118.3425,34.1382],[-118.346,34.1371],[-118.3474,34.1382],[-118.3476,34.1398],[-118.3453,34.1422]]]},"properties":{"name":"Universal City #198","year":1932,"acres":55,"agency":"USFS"}},{"type":"Feature","geometry":{"type":"Polygon","coordinates":[[[-118.2488,34.2725],[-118.2463,34.271],[-118.2435,34.2719],[-118.2415,34.2704],[-118.2404,34.2689],[-118.2381,34.2682],[-118.2356,34.2681],[-118.2328,34.266],[-118.2314,34.2641],[-118.2283,34.2635],[-118.2248,34.2613],[-118.2216,34.2608],[-118.2185,34.2584],[-118.2148,34.2582],[-118.2127,34.2574],[-118.2073,34.2507],[-118.206,34.248],[-118.2023,34.2452],[-118.198,34.2367],[-118.1951,34.2336],[-118.1882,34.2315],[-118.1836,34.231],[-118.183,34.2304],[-118.1832,34.2295],[-118.1846,34.228],[-118.187,34.2273],[-118.1894,34.2245],[-118.191,34.2234],[-118.1929,34.2234],[-118.1976,34.2251],[-118.2035,34.2247],[-118.2083,34.2275],[-118.2095,34.2291],[-118.2117,34.2289],[-118.2136,34.2299],[-118.216,34.23],[-118.2201,34.232],[-118.2217,34.2301],[-118.2224,34.23],[-118.2252,34.2329],[-118.2244,34.2411],[-118.2248,34.2419],[-118.2264,34.2412],[-118.2268,34.2401],[-118.2283,34.2393],[-118.2283,34.2375],[-118.2289,34.237],[-118.2297,34.2381],[-118.2302,34.24],[-118.2329,34.2386],[-118.2361,34.2397],[-118.2369,34.2416],[-118.2393,34.243],[-118.2402,34.2444],[-118.2412,34.2441],[-118.2419,34.2426],[-118.2444,34.2443],[-118.2471,34.2441],[-118.2477,34.2437],[-118.2485,34.2406],[-118.2527,34.2411],[-118.2541,34.2401],[-118.257,34.2361],[-118.258,34.2359],[-118.2609,34.2369],[-118.2628,34.2391],[-118.2633,34.2409],[-118.2601,34.2423],[-118.2562,34.246],[-118.2538,34.2463],[-118.2522,34.2493],[-118.253,34.2495],[-118.2546,34.2486],[-118.2558,34.2494],[-118.2565,34.2491],[-118.2579,34.2493],[-118.2606,34.2512],[-118.2642,34.2509],[-118.2669,34.2515],[-118.268,34.253],[-118.2696,34.2531],[-118.2685,34.2551],[-118.266,34.2559],[-118.2661,34.2569],[-118.2669,34.2572],[-118.2694,34.2553],[-118.2727,34.2542],[-118.2746,34.2559],[-118.2775,34.2569],[-118.2778,34.2595],[-118.2791,34.2616],[-118.279,34.2629],[-118.2766,34.2659],[-118.2743,34.2676],[-118.2646,34.2688],[-118.2582,34.271],[-118.2555,34.2729],[-118.2488,34.2725]]]},"properties":{"name":"Montrose/La Cresc","year":1933,"acres":5095,"agency":"USFS"}},{"type":"Feature","geometry":{"type":"Polygon","coordinates":[[[-118.2958,34.1415],[-118.2968,34.1419],[-118.2967,34.1408],[-118.2976,34.141],[-118.2975,34.1405],[-118.2992,34.1409],[-118.2988,34.1403],[-118.2994,34.1399],[-118.3003,34.1407],[-118.3012,34.1406],[-118.3007,34.1412],[-118.3002,34.141],[-118.2992,34.1415],[-118.2977,34.1434],[-118.2949,34.1433],[-118.2928,34.1442],[-118.2929,34.1427],[-118.2912,34.1432],[-118.2903,34.143],[-118.2908,34.1416],[-118.2921,34.1415],[-118.2927,34.1409],[-118.2936,34.1414],[-118.2958,34.1415]]]},"properties":{"name":"Griffith Park","year":1933,"acres":47,"agency":"LRA"}},{"type":"Feature","geometry":{"type":"Polygon","coordinates":[[[-118.172,34.2473],[-118.1669,34.2474],[-118.1573,34.2499],[-118.1507,34.2495],[-118.1474,34.2468],[-118.1456,34.2442],[-118.1406,34.2392],[-118.1349,34.2353],[-118.1342,34.2322],[-118.132,34.2299],[-118.1312,34.2284],[-118.1312,34.2251],[-118.1317,34.2237],[-118.134,34.2207],[-118.1405,34.2192],[-118.1472,34.2183],[-118.1547,34.2143],[-118.1659,34.2161],[-118.1742,34.2153],[-118.1788,34.2139],[-118.1863,34.2166],[-118.187,34.2213],[-118.1866,34.2219],[-118.1829,34.2221],[-118.1807,34.2214],[-118.1802,34.2221],[-118.1823,34.2297],[-118.1856,34.2338],[-118.1853,34.2345],[-118.1808,34.2369],[-118.1824,34.2415],[-118.1834,34.2433],[-118.1837,34.2452],[-118.1802,34.2505],[-118.1779,34.2523],[-118.1748,34.2481],[-118.172,34.2473]]]},"properties":{"name":"Brown Mtn No. 29","year":1934,"acres":3772,"agency":"C&L"}},{"type":"Feature","geometry":{"type":"Polygon","coordinates":[[[-118.1246,34.214],[-118.122,34.2105],[-118.1204,34.205],[-118.1239,34.2003],[-118.1268,34.1989],[-118.129,34.1998],[-118.1296,34.2028],[-118.1307,34.2041],[-118.1321,34.2045],[-118.134,34.2042],[-118.1379,34.2024],[-118.1445,34.2037],[-118.1574,34.2031],[-118.1658,34.2015],[-118.1708,34.1997],[-118.1728,34.1998],[-118.1808,34.2023],[-118.1847,34.2051],[-118.1962,34.2102],[-118.2004,34.2126],[-118.1996,34.213],[-118.1957,34.2125],[-118.1947,34.2153],[-118.1935,34.2159],[-118.189,34.2159],[-118.1863,34.2166],[-118.1788,34.2139],[-118.1742,34.2153],[-118.1659,34.2161],[-118.1547,34.2143],[-118.1472,34.2183],[-118.1405,34.2192],[-118.134,34.2207],[-118.1281,34.2174],[-118.1246,34.214]]]},"properties":{"name":"Las Flores No. 57","year":1935,"acres":2521,"agency":"USFS"}},{"type":"Feature","geometry":{"type":"MultiPolygon","coordinates":[[[[-118.4156,34.2974],[-118.4164,34.2974],[-118.4164,34.2991],[-118.4135,34.3037],[-118.4122,34.304],[-118.4119,34.3028],[-118.4123,34.3013],[-118.4148,34.2993],[-118.4156,34.2974]]],[[[-118.372,34.3291],[-118.3697,34.33],[-118.3689,34.3298],[-118.3674,34.329],[-118.3668,34.3276],[-118.3659,34.3227],[-118.3666,34.3178],[-118.3674,34.3159],[-118.3688,34.3148],[-118.3724,34.3136],[-118.3743,34.3111],[-118.3768,34.3114],[-118.378,34.3106],[-118.3786,34.3094],[-118.3788,34.3048],[-118.3797,34.3035],[-118.3817,34.3041],[-118.3843,34.3067],[-118.3879,34.3079],[-118.3914,34.3063],[-118.3928,34.3044],[-118.3949,34.3026],[-118.3964,34.303],[-118.3941,34.3067],[-118.3952,34.3064],[-118.3987,34.3039],[-118.3992,34.3004],[-118.4017,34.2914],[-118.4013,34.2894],[-118.403,34.2858],[-118.4057,34.2853],[-118.4074,34.2842],[-118.4097,34.2804],[-118.4122,34.2806],[-118.4128,34.2821],[-118.4111,34.2822],[-118.4095,34.2836],[-118.408,34.2859],[-118.4081,34.2871],[-118.4095,34.289],[-118.4101,34.2921],[-118.4093,34.2943],[-118.408,34.296],[-118.4077,34.2982],[-118.4061,34.2998],[-118.4052,34.3021],[-118.4062,34.3025],[-118.407,34.3022],[-118.4105,34.2994],[-118.4117,34.2976],[-118.4118,34.2964],[-118.4128,34.2953],[-118.4129,34.2936],[-118.4134,34.293],[-118.4152,34.2942],[-118.4157,34.2957],[-118.4153,34.2968],[-118.4131,34.2985],[-118.4126,34.2995],[-118.411,34.3004],[-118.4092,34.3024],[-118.4071,34.3061],[-118.4024,34.3104],[-118.4017,34.3106],[-118.4003,34.313],[-118.3964,34.3159],[-118.3896,34.3185],[-118.3888,34.3194],[-118.3869,34.3239],[-118.3838,34.3273],[-118.3793,34.3297],[-118.3751,34.3306],[-118.3739,34.3306],[-118.372,34.3291]]],[[[-118.3829,34.3185],[-118.3818,34.3183],[-118.3811,34.3191],[-118.3825,34.3204],[-118.3838,34.3206],[-118.3841,34.3196],[-118.3829,34.3185]]],[[[-118.3826,34.3106],[-118.3822,34.31],[-118.3809,34.3099],[-118.3799,34.3115],[-118.378,34.3124],[-118.3813,34.3136],[-118.3825,34.3136],[-118.3832,34.3132],[-118.3835,34.3121],[-118.3826,34.3106]]]]},"properties":{"name":"Kagel No. 58","year":1935,"acres":1904,"agency":"USFS"}},{"type":"Feature","geometry":{"type":"Polygon","coordinates":[[[-118.1891,34.1475],[-118.1905,34.1463],[-118.1915,34.1462],[-118.1936,34.1475],[-118.1972,34.1476],[-118.1977,34.1483],[-118.196,34.1514],[-118.1943,34.152],[-118.1913,34.152],[-118.1902,34.1517],[-118.1889,34.1501],[-118.1891,34.1475]]]},"properties":{"name":"Eagle Rock-44","year":1935,"acres":98,"agency":"USFS"}},{"type":"Feature","geometry":{"type":"Polygon","coordinates":[[[-118.3009,34.1398],[-118.3017,34.14],[-118.3016,34.1409],[-118.2995,34.1415],[-118.2972,34.1439],[-118.2939,34.1445],[-118.2922,34.1435],[-118.2903,34.1436],[-118.2923,34.1413],[-118.2952,34.1417],[-118.2969,34.1404],[-118.2988,34.1405],[-118.3009,34.1398]]]},"properties":{"name":"Mineral Wells Cyn","year":1935,"acres":63,"agency":"USFS"}},{"type":"Feature","geometry":{"type":"Polygon","coordinates":[[[-118.236,34.159],[-118.2365,34.1591],[-118.2363,34.1605],[-118.2336,34.1615],[-118.2328,34.1613],[-118.2327,34.1607],[-118.2334,34.1601],[-118.236,34.159]]]},"properties":{"name":"Unnamed","year":1935,"acres":14,"agency":"USFS"}},{"type":"Feature","geometry":{"type":"Polygon","coordinates":[[[-118.0633,34.2681],[-118.0642,34.2671],[-118.0685,34.2679],[-118.0693,34.2695],[-118.0676,34.2732],[-118.0676,34.2746],[-118.0685,34.2766],[-118.0661,34.2793],[-118.0645,34.2791],[-118.061,34.2775],[-118.0606,34.2767],[-118.0611,34.2717],[-118.062,34.2707],[-118.0633,34.2681]]]},"properties":{"name":"Barley Flat","year":1936,"acres":186,"agency":"USFS"}},{"type":"Feature","geometry":{"type":"Polygon","coordinates":[[[-118.236,34.1867],[-118.2332,34.1872],[-118.2335,34.1852],[-118.2343,34.1836],[-118.2354,34.1832],[-118.237,34.1835],[-118.2413,34.1822],[-118.2454,34.1823],[-118.2476,34.1818],[-118.2491,34.1807],[-118.2483,34.1795],[-118.2492,34.1786],[-118.25,34.1788],[-118.2512,34.1804],[-118.2544,34.1795],[-118.2562,34.1796],[-118.2561,34.1757],[-118.2568,34.1752],[-118.2574,34.1755],[-118.2571,34.1776],[-118.2581,34.1786],[-118.2566,34.18],[-118.2581,34.1815],[-118.2584,34.1834],[-118.2567,34.1874],[-118.2534,34.1879],[-118.249,34.1865],[-118.2463,34.1876],[-118.2433,34.186],[-118.2421,34.1862],[-118.2406,34.1843],[-118.2389,34.1841],[-118.2384,34.1845],[-118.239,34.1884],[-118.2379,34.1882],[-118.236,34.1867]]]},"properties":{"name":"Verdugo Woodlnds #90","year":1937,"acres":339,"agency":"USFS"}},{"type":"Feature","geometry":{"type":"Polygon","coordinates":[[[-118.346,34.2323],[-118.3459,34.2316],[-118.3478,34.2301],[-118.3473,34.2292],[-118.3477,34.2277],[-118.3467,34.2274],[-118.3459,34.2286],[-118.3443,34.2273],[-118.347,34.2236],[-118.3475,34.2238],[-118.3469,34.2252],[-118.3475,34.225],[-118.3483,34.2228],[-118.35,34.2229],[-118.3514,34.2221],[-118.3526,34.2221],[-118.3525,34.2239],[-118.3517,34.2259],[-118.3529,34.2273],[-118.356,34.2272],[-118.3567,34.2276],[-118.3566,34.2281],[-118.3539,34.229],[-118.3542,34.2301],[-118.3514,34.2327],[-118.3495,34.2329],[-118.3492,34.2323],[-118.3475,34.2337],[-118.346,34.2323]]]},"properties":{"name":"Tuna No. 49","year":1937,"acres":176,"agency":"USFS"}},{"type":"Feature","geometry":{"type":"Polygon","coordinates":[[[-118.312,34.2174],[-118.3102,34.217],[-118.3112,34.2138],[-118.3128,34.2135],[-118.3152,34.2112],[-118.3182,34.211],[-118.3197,34.2101],[-118.3222,34.2099],[-118.3237,34.2101],[-118.3247,34.2111],[-118.325,34.2118],[-118.324,34.2125],[-118.3226,34.2132],[-118.3213,34.2129],[-118.3159,34.2162],[-118.312,34.2174]]]},"properties":{"name":"American Legion #38","year":1937,"acres":134,"agency":"C&L"}},{"type":"Feature","geometry":{"type":"Polygon","coordinates":[[[-118.4355,34.3329],[-118.4373,34.3328],[-118.4373,34.3319],[-118.4385,34.3311],[-118.4374,34.3293],[-118.4376,34.3281],[-118.4382,34.3275],[-118.4402,34.3269],[-118.4414,34.3272],[-118.4423,34.328],[-118.4409,34.3309],[-118.4408,34.3321],[-118.4384,34.3338],[-118.4352,34.3351],[-118.4347,34.3334],[-118.4355,34.3329]]]},"properties":{"name":"Olive View","year":1937,"acres":69,"agency":"USFS"}},{"type":"Feature","geometry":{"type":"Polygon","coordinates":[[[-118.2546,34.1693],[-118.2559,34.1696],[-118.2562,34.1705],[-118.2553,34.1719],[-118.2542,34.1726],[-118.2541,34.1738],[-118.2527,34.1753],[-118.252,34.1755],[-118.2518,34.1742],[-118.2531,34.1732],[-118.2539,34.1698],[-118.2546,34.1693]]]},"properties":{"name":"Unnamed","year":1940,"acres":25,"agency":"USFS"}},{"type":"Feature","geometry":{"type":"Polygon","coordinates":[[[-118.161,34.2058],[-118.1597,34.2055],[-118.158,34.204],[-118.1576,34.2031],[-118.1584,34.2021],[-118.1609,34.2018],[-118.1591,34.2001],[-118.1606,34.1989],[-118.1619,34.1996],[-118.1613,34.2021],[-118.1626,34.2032],[-118.1629,34.2041],[-118.1615,34.2058],[-118.161,34.2058]]]},"properties":{"name":"Debbins","year":1941,"acres":49,"agency":"USFS"}},{"type":"Feature","geometry":{"type":"Polygon","coordinates":[[[-118.3168,34.1217],[-118.3199,34.1215],[-118.3189,34.1233],[-118.3168,34.1217]]]},"properties":{"name":"Unnamed","year":1941,"acres":10,"agency":"USFS"}},{"type":"Feature","geometry":{"type":"Polygon","coordinates":[[[-118.3677,34.1031],[-118.3683,34.1041],[-118.3673,34.104],[-118.3662,34.1026],[-118.3677,34.1031]]]},"properties":{"name":"Unnamed","year":1941,"acres":5,"agency":"USFS"}},{"type":"Feature","geometry":{"type":"Polygon","coordinates":[[[-118.3677,34.1031],[-118.3683,34.1041],[-118.3673,34.104],[-118.3662,34.1026],[-118.3677,34.1031]]]},"properties":{"name":"Unnamed","year":1941,"acres":5,"agency":"CCO"}},{"type":"Feature","geometry":{"type":"Polygon","coordinates":[[[-118.3257,34.252],[-118.3253,34.2516],[-118.3257,34.2512],[-118.3281,34.2518],[-118.3289,34.2504],[-118.3309,34.2495],[-118.3315,34.2477],[-118.3297,34.2464],[-118.331,34.2448],[-118.3342,34.2453],[-118.3357,34.245],[-118.3383,34.2427],[-118.3411,34.2417],[-118.3439,34.2428],[-118.3449,34.2442],[-118.3458,34.2437],[-118.3463,34.242],[-118.3484,34.2424],[-118.3488,34.2429],[-118.348,34.2444],[-118.3482,34.2458],[-118.3468,34.2472],[-118.3483,34.2477],[-118.3482,34.2485],[-118.347,34.2483],[-118.3453,34.25],[-118.3446,34.2517],[-118.34,34.2539],[-118.3346,34.2577],[-118.3332,34.258],[-118.3318,34.2577],[-118.3311,34.2553],[-118.3257,34.252]]]},"properties":{"name":"Unnamed","year":1942,"acres":497,"agency":"C&L"}},{"type":"Feature","geometry":{"type":"Polygon","coordinates":[[[-118.3598,34.1078],[-118.36,34.1084],[-118.3589,34.1092],[-118.3592,34.1085],[-118.3576,34.1079],[-118.3572,34.1071],[-118.3577,34.1069],[-118.3585,34.1078],[-118.3598,34.1078]]]},"properties":{"name":"Nichols Cyn","year":1943,"acres":6,"agency":"USFS"}},{"type":"Feature","geometry":{"type":"Polygon","coordinates":[[[-118.4189,34.1273],[-118.4174,34.1273],[-118.416,34.126],[-118.417,34.125],[-118.4184,34.1247],[-118.4182,34.1226],[-118.4206,34.1218],[-118.421,34.1223],[-118.4214,34.1256],[-118.4199,34.1278],[-118.4189,34.1273]]]},"properties":{"name":"Summit Ridge","year":1944,"acres":48,"agency":"USFS"}},{"type":"Feature","geometry":{"type":"Polygon","coordinates":[[[-118.2143,34.2033],[-118.2143,34.2027],[-118.2172,34.2013],[-118.2172,34.1984],[-118.2155,34.1976],[-118.2136,34.1957],[-118.2118,34.1953],[-118.2117,34.1948],[-118.2134,34.1925],[-118.2151,34.1911],[-118.2174,34.1909],[-118.22,34.1914],[-118.2216,34.1904],[-118.2219,34.1892],[-118.2233,34.1889],[-118.2237,34.1901],[-118.2254,34.1904],[-118.2255,34.1915],[-118.224,34.192],[-118.2219,34.1917],[-118.2216,34.1931],[-118.2207,34.194],[-118.222,34.1947],[-118.2227,34.1959],[-118.2247,34.1964],[-118.224,34.1987],[-118.2252,34.1994],[-118.2269,34.199],[-118.2279,34.2],[-118.2271,34.2019],[-118.2241,34.2027],[-118.2235,34.2039],[-118.2223,34.2047],[-118.2201,34.2049],[-118.2183,34.2033],[-118.2173,34.2033],[-118.2169,34.2051],[-118.2157,34.2056],[-118.2147,34.2071],[-118.2142,34.2066],[-118.2149,34.2047],[-118.2143,34.2033]]]},"properties":{"name":"Alpha No. 109","year":1945,"acres":336,"agency":"C&L"}},{"type":"Feature","geometry":{"type":"Polygon","coordinates":[[[-118.2259,34.1334],[-118.2262,34.1349],[-118.2251,34.136],[-118.2237,34.1361],[-118.2229,34.1356],[-118.2237,34.1317],[-118.2247,34.1298],[-118.2253,34.1295],[-118.2263,34.1313],[-118.2259,34.1334]]]},"properties":{"name":"Unnamed","year":1946,"acres":39,"agency":"USFS"}},{"type":"Feature","geometry":{"type":"MultiPolygon","coordinates":[[[[-118.2641,34.2998],[-118.2652,34.3004],[-118.265,34.3026],[-118.2636,34.3033],[-118.2629,34.3028],[-118.263,34.3015],[-118.2634,34.3001],[-118.2641,34.2998]]],[[[-118.22,34.3239],[-118.2218,34.3212],[-118.2223,34.3197],[-118.2221,34.3137],[-118.2245,34.3097],[-118.2249,34.3078],[-118.2276,34.3057],[-118.2278,34.3041],[-118.2299,34.3026],[-118.2306,34.3006],[-118.2332,34.2999],[-118.246,34.2995],[-118.2481,34.2979],[-118.2491,34.2982],[-118.2511,34.3001],[-118.2517,34.3014],[-118.2519,34.3041],[-118.2542,34.3051],[-118.2517,34.3076],[-118.2524,34.3137],[-118.2535,34.3157],[-118.2474,34.3174],[-118.2448,34.3196],[-118.2439,34.3187],[-118.243,34.3152],[-118.2419,34.3139],[-118.241,34.3139],[-118.24,34.3149],[-118.2377,34.3159],[-118.2359,34.3204],[-118.2354,34.3209],[-118.2335,34.3212],[-118.2325,34.3236],[-118.2304,34.3233],[-118.2278,34.3237],[-118.223,34.3256],[-118.2205,34.326],[-118.2184,34.3256],[-118.22,34.3239]]],[[[-118.2516,34.2982],[-118.2492,34.2965],[-118.246,34.2961],[-118.2431,34.2948],[-118.2403,34.2926],[-118.2381,34.2925],[-118.2376,34.2922],[-118.2387,34.2895],[-118.2387,34.287],[-118.2411,34.2854],[-118.2407,34.2816],[-118.2426,34.2786],[-118.2436,34.2735],[-118.2442,34.273],[-118.2453,34.2737],[-118.2449,34.2753],[-118.2452,34.2762],[-118.2498,34.2776],[-118.2529,34.2771],[-118.2555,34.2794],[-118.2579,34.2775],[-118.2612,34.2779],[-118.2629,34.2768],[-118.2642,34.2748],[-118.2649,34.2745],[-118.2659,34.2751],[-118.2671,34.2775],[-118.2741,34.2772],[-118.2751,34.2778],[-118.2755,34.2798],[-118.2771,34.2813],[-118.2774,34.2846],[-118.278,34.2853],[-118.2817,34.2878],[-118.2823,34.2879],[-118.2844,34.2867],[-118.2875,34.288],[-118.2889,34.2892],[-118.2894,34.2903],[-118.2892,34.2908],[-118.2849,34.2936],[-118.2831,34.2961],[-118.278,34.2993],[-118.2766,34.2991],[-118.2745,34.2998],[-118.2737,34.2994],[-118.2722,34.3006],[-118.2671,34.2998],[-118.2635,34.2984],[-118.2627,34.299],[-118.2618,34.3019],[-118.2608,34.3025],[-118.2596,34.3015],[-118.2539,34.3006],[-118.2517,34.2989],[-118.2516,34.2982]]]]},"properties":{"name":"Unnamed","year":1947,"acres":3696,"agency":"CCO"}},{"type":"Feature","geometry":{"type":"Polygon","coordinates":[[[-118.2517,34.2982],[-118.2492,34.2965],[-118.246,34.2961],[-118.2432,34.2948],[-118.2403,34.2926],[-118.2381,34.2926],[-118.2377,34.2922],[-118.2387,34.2895],[-118.2387,34.287],[-118.2411,34.2854],[-118.2407,34.2816],[-118.2427,34.2786],[-118.2436,34.2735],[-118.2442,34.273],[-118.2453,34.2737],[-118.2449,34.2753],[-118.2452,34.2762],[-118.2499,34.2776],[-118.2529,34.2772],[-118.2555,34.2794],[-118.2579,34.2775],[-118.2612,34.2779],[-118.263,34.2768],[-118.2642,34.2748],[-118.2649,34.2745],[-118.2659,34.2751],[-118.2671,34.2775],[-118.2742,34.2772],[-118.2751,34.2778],[-118.2755,34.2798],[-118.2772,34.2813],[-118.2774,34.2846],[-118.2781,34.2854],[-118.2817,34.2878],[-118.2824,34.2879],[-118.2844,34.2867],[-118.2876,34.2881],[-118.2889,34.2892],[-118.2894,34.2903],[-118.2892,34.2908],[-118.2849,34.2936],[-118.2831,34.2962],[-118.278,34.2993],[-118.2767,34.2991],[-118.2745,34.2998],[-118.2737,34.2994],[-118.2722,34.3006],[-118.2671,34.2998],[-118.2635,34.2984],[-118.2627,34.299],[-118.2618,34.3019],[-118.2608,34.3025],[-118.2596,34.3015],[-118.2539,34.3006],[-118.2517,34.2989],[-118.2517,34.2982]]]},"properties":{"name":"Unnamed","year":1947,"acres":2271,"agency":"USFS"}},{"type":"Feature","geometry":{"type":"Polygon","coordinates":[[[-118.22,34.3239],[-118.2218,34.3212],[-118.2223,34.3197],[-118.2221,34.3137],[-118.2246,34.3097],[-118.2249,34.3078],[-118.2276,34.3057],[-118.2278,34.3041],[-118.2299,34.3026],[-118.2306,34.3006],[-118.2333,34.2999],[-118.246,34.2995],[-118.2481,34.2979],[-118.2491,34.2983],[-118.2511,34.3001],[-118.2517,34.3014],[-118.252,34.3041],[-118.2542,34.3051],[-118.2518,34.3076],[-118.2524,34.3137],[-118.2535,34.3157],[-118.2474,34.3174],[-118.2448,34.3196],[-118.2439,34.3187],[-118.243,34.3152],[-118.2419,34.3139],[-118.241,34.3139],[-118.24,34.3149],[-118.2377,34.316],[-118.2359,34.3204],[-118.2355,34.3209],[-118.2335,34.3212],[-118.2325,34.3236],[-118.2304,34.3233],[-118.2278,34.3237],[-118.223,34.3256],[-118.2205,34.326],[-118.2184,34.3256],[-118.22,34.3239]]]},"properties":{"name":"Unnamed","year":1947,"acres":1408,"agency":"C&L"}},{"type":"Feature","geometry":{"type":"Polygon","coordinates":[[[-118.3323,34.2249],[-118.3318,34.2243],[-118.3297,34.2247],[-118.328,34.2237],[-118.3268,34.2239],[-118.3236,34.222],[-118.3216,34.2225],[-118.3176,34.2206],[-118.3196,34.2188],[-118.3245,34.2175],[-118.3251,34.2166],[-118.3241,34.2159],[-118.3269,34.214],[-118.3316,34.2139],[-118.3332,34.2149],[-118.3339,34.2148],[-118.3351,34.2134],[-118.3359,34.211],[-118.3379,34.2101],[-118.3391,34.2124],[-118.3389,34.2139],[-118.3404,34.2162],[-118.3394,34.2187],[-118.3397,34.219],[-118.3412,34.2184],[-118.3414,34.2191],[-118.3382,34.2224],[-118.3392,34.2241],[-118.3366,34.2241],[-118.3323,34.2255],[-118.3323,34.2249]]]},"properties":{"name":"Unnamed","year":1947,"acres":473,"agency":"USFS"}},{"type":"Feature","geometry":{"type":"Polygon","coordinates":[[[-118.3459,34.2329],[-118.346,34.2315],[-118.3452,34.2314],[-118.3442,34.2304],[-118.3426,34.2313],[-118.3411,34.2305],[-118.3411,34.2279],[-118.3422,34.2237],[-118.3453,34.2213],[-118.3454,34.2194],[-118.3465,34.2181],[-118.3491,34.2169],[-118.3495,34.2185],[-118.3502,34.2191],[-118.3529,34.2173],[-118.3534,34.2183],[-118.3546,34.2187],[-118.3542,34.2208],[-118.3501,34.2222],[-118.3496,34.2228],[-118.3495,34.2242],[-118.3513,34.2247],[-118.3516,34.2252],[-118.3531,34.2239],[-118.3534,34.2246],[-118.3544,34.2252],[-118.3546,34.2257],[-118.354,34.2267],[-118.3547,34.2275],[-118.3542,34.2283],[-118.3555,34.23],[-118.3555,34.2309],[-118.3535,34.2323],[-118.3524,34.2321],[-118.3504,34.2331],[-118.3486,34.2329],[-118.3466,34.2336],[-118.3459,34.2329]]]},"properties":{"name":"Chandler No. 96","year":1947,"acres":385,"agency":"USFS"}},{"type":"Feature","geometry":{"type":"Polygon","coordinates":[[[-118.2459,34.3015],[-118.2455,34.301],[-118.2471,34.3008],[-118.2472,34.2987],[-118.2488,34.2979],[-118.2496,34.298],[-118.2519,34.2999],[-118.251,34.3013],[-118.2472,34.3022],[-118.2459,34.3015]]]},"properties":{"name":"Ybarra","year":1947,"acres":39,"agency":"USFS"}},{"type":"Feature","geometry":{"type":"Polygon","coordinates":[[[-118.4007,34.2887],[-118.4013,34.2891],[-118.4007,34.2917],[-118.3993,34.2932],[-118.3982,34.2934],[-118.3975,34.2925],[-118.398,34.2907],[-118.3992,34.2903],[-118.4007,34.2887]]]},"properties":{"name":"Unnamed","year":1947,"acres":26,"agency":"USFS"}},{"type":"Feature","geometry":{"type":"Polygon","coordinates":[[[-118.4518,34.1421],[-118.4513,34.1449],[-118.4505,34.1452],[-118.4497,34.1449],[-118.45,34.143],[-118.4495,34.1419],[-118.4516,34.1415],[-118.4518,34.1421]]]},"properties":{"name":"Unnamed","year":1947,"acres":17,"agency":"USFS"}},{"type":"Feature","geometry":{"type":"Polygon","coordinates":[[[-118.3181,34.1272],[-118.3195,34.1276],[-118.3197,34.1299],[-118.3187,34.1309],[-118.3181,34.1272]]]},"properties":{"name":"Unnamed","year":1947,"acres":12,"agency":"USFS"}},{"type":"Feature","geometry":{"type":"Polygon","coordinates":[[[-118.2343,34.1913],[-118.2365,34.1911],[-118.2371,34.1916],[-118.2366,34.1921],[-118.2352,34.1922],[-118.2343,34.1917],[-118.2343,34.1913]]]},"properties":{"name":"Unnamed","year":1947,"acres":7,"agency":"USFS"}},{"type":"Feature","geometry":{"type":"Polygon","coordinates":[[[-118.2343,34.1913],[-118.2365,34.1911],[-118.2371,34.1916],[-118.2366,34.1921],[-118.2352,34.1922],[-118.2343,34.1917],[-118.2343,34.1913]]]},"properties":{"name":"Unnamed","year":1947,"acres":7,"agency":"CCO"}},{"type":"Feature","geometry":{"type":"Polygon","coordinates":[[[-118.2719,34.1854],[-118.2707,34.1855],[-118.2691,34.1841],[-118.2712,34.1829],[-118.272,34.1812],[-118.2745,34.1797],[-118.2743,34.181],[-118.2758,34.1822],[-118.2749,34.1834],[-118.276,34.1839],[-118.275,34.1842],[-118.2751,34.1852],[-118.2738,34.1859],[-118.2719,34.1854]]]},"properties":{"name":"Brand Cyn","year":1948,"acres":58,"agency":"C&L"}},{"type":"Feature","geometry":{"type":"MultiPolygon","coordinates":[[[[-118.3457,34.2174],[-118.3464,34.217],[-118.3483,34.2171],[-118.3462,34.2184],[-118.3453,34.22],[-118.3446,34.2191],[-118.3457,34.2174]]],[[[-118.3393,34.2135],[-118.3443,34.2135],[-118.3449,34.2138],[-118.3453,34.2151],[-118.3439,34.2162],[-118.3415,34.2167],[-118.3401,34.2176],[-118.3404,34.2162],[-118.3389,34.2139],[-118.3393,34.2135]]]]},"properties":{"name":"Legion","year":1948,"acres":52,"agency":"CCO"}},{"type":"Feature","geometry":{"type":"Polygon","coordinates":[[[-118.1796,34.1872],[-118.179,34.1866],[-118.1761,34.1855],[-118.1746,34.1827],[-118.1751,34.1814],[-118.1769,34.1817],[-118.1808,34.1808],[-118.1817,34.1815],[-118.1841,34.1818],[-118.1855,34.1831],[-118.1872,34.1832],[-118.1891,34.1843],[-118.1877,34.1857],[-118.1862,34.1855],[-118.1856,34.1849],[-118.1848,34.1856],[-118.1822,34.185],[-118.1822,34.1855],[-118.1841,34.1873],[-118.1811,34.1868],[-118.1812,34.1884],[-118.1805,34.1891],[-118.1796,34.1872]]]},"properties":{"name":"Katherine","year":1949,"acres":142,"agency":"USFS"}},{"type":"Feature","geometry":{"type":"Polygon","coordinates":[[[-118.4009,34.1343],[-118.4,34.1346],[-118.3999,34.1362],[-118.3992,34.1367],[-118.3986,34.1351],[-118.3972,34.1342],[-118.3977,34.1324],[-118.3989,34.1318],[-118.4035,34.1312],[-118.4052,34.1335],[-118.4039,34.1343],[-118.4032,34.1355],[-118.4013,34.1342],[-118.4009,34.1343]]]},"properties":{"name":"Unnamed","year":1949,"acres":60,"agency":"USFS"}},{"type":"Feature","geometry":{"type":"Polygon","coordinates":[[[-118.2752,34.1234],[-118.2755,34.1232],[-118.2762,34.1239],[-118.278,34.1267],[-118.2779,34.1286],[-118.2771,34.131],[-118.2761,34.1305],[-118.2752,34.1291],[-118.2752,34.1234]]]},"properties":{"name":"Griffith Park","year":1949,"acres":41,"agency":"USFS"}},{"type":"Feature","geometry":{"type":"Polygon","coordinates":[[[-118.3104,34.1235],[-118.3115,34.1236],[-118.3129,34.1248],[-118.3128,34.1257],[-118.3098,34.1258],[-118.3093,34.1247],[-118.3104,34.1235]]]},"properties":{"name":"Unnamed","year":1949,"acres":18,"agency":"USFS"}},{"type":"Feature","geometry":{"type":"Polygon","coordinates":[[[-118.0765,34.2566],[-118.075,34.2548],[-118.0738,34.2542],[-118.0739,34.2536],[-118.0768,34.2544],[-118.0767,34.255],[-118.0778,34.2571],[-118.0765,34.2566]]]},"properties":{"name":"Unnamed","year":1949,"acres":14,"agency":"USFS"}},{"type":"Feature","geometry":{"type":"Polygon","coordinates":[[[-118.3033,34.2074],[-118.3037,34.2073],[-118.3039,34.2079],[-118.3025,34.2086],[-118.3033,34.2074]]]},"properties":{"name":"Unnamed","year":1949,"acres":2,"agency":"USFS"}},{"type":"Feature","geometry":{"type":"Polygon","coordinates":[[[-118.3033,34.2074],[-118.3037,34.2073],[-118.3039,34.2079],[-118.3025,34.2086],[-118.3033,34.2074]]]},"properties":{"name":"Unnamed","year":1949,"acres":2,"agency":"CCO"}},{"type":"Feature","geometry":{"type":"Polygon","coordinates":[[[-118.2229,34.2063],[-118.2203,34.2071],[-118.2198,34.206],[-118.2229,34.2063]]]},"properties":{"name":"Unnamed","year":1950,"acres":6,"agency":"USFS"}},{"type":"Feature","geometry":{"type":"Polygon","coordinates":[[[-118.2229,34.2063],[-118.2203,34.2071],[-118.2198,34.206],[-118.2229,34.2063]]]},"properties":{"name":"Unnamed","year":1950,"acres":6,"agency":"CCO"}},{"type":"Feature","geometry":{"type":"Polygon","coordinates":[[[-118.2607,34.2164],[-118.2609,34.2149],[-118.2614,34.2146],[-118.2654,34.2161],[-118.2687,34.2164],[-118.2674,34.2202],[-118.2659,34.2221],[-118.2665,34.2242],[-118.266,34.2254],[-118.2612,34.2272],[-118.2604,34.227],[-118.2595,34.2251],[-118.2552,34.2221],[-118.257,34.2203],[-118.2582,34.218],[-118.2607,34.2164]]]},"properties":{"name":"Cunningham","year":1951,"acres":243,"agency":"USFS"}},{"type":"Feature","geometry":{"type":"Polygon","coordinates":[[[-118.3873,34.3306],[-118.3887,34.3274],[-118.3896,34.3266],[-118.392,34.3268],[-118.3923,34.3284],[-118.3938,34.3297],[-118.395,34.3296],[-118.3947,34.3309],[-118.3893,34.3324],[-118.3872,34.3326],[-118.3873,34.3306]]]},"properties":{"name":"Limekiln","year":1951,"acres":73,"agency":"USFS"}},{"type":"Feature","geometry":{"type":"Polygon","coordinates":[[[-118.3837,34.2977],[-118.3849,34.2965],[-118.3879,34.2963],[-118.3881,34.2947],[-118.3887,34.2945],[-118.3893,34.2946],[-118.3892,34.2959],[-118.393,34.2962],[-118.393,34.2973],[-118.3906,34.2972],[-118.3877,34.2993],[-118.3862,34.2995],[-118.3837,34.2977]]]},"properties":{"name":"Bart","year":1951,"acres":54,"agency":"USFS"}},{"type":"Feature","geometry":{"type":"Polygon","coordinates":[[[-118.3299,34.1406],[-118.3284,34.1408],[-118.3285,34.1398],[-118.3278,34.1397],[-118.3282,34.1392],[-118.3296,34.1388],[-118.3314,34.1396],[-118.3329,34.1417],[-118.336,34.1434],[-118.3358,34.1453],[-118.3316,34.147],[-118.3299,34.1471],[-118.3291,34.1459],[-118.3299,34.1436],[-118.3299,34.1406]]]},"properties":{"name":"Forest-Lawn","year":1952,"acres":90,"agency":"USFS"}},{"type":"Feature","geometry":{"type":"Polygon","coordinates":[[[-118.3287,34.2452],[-118.329,34.2434],[-118.3295,34.2431],[-118.3291,34.2425],[-118.3299,34.2422],[-118.3298,34.2411],[-118.3312,34.2408],[-118.331,34.2413],[-118.3316,34.242],[-118.3327,34.2423],[-118.3318,34.244],[-118.3321,34.2449],[-118.3287,34.2452]]]},"properties":{"name":"Unnamed","year":1952,"acres":27,"agency":"USFS"}},{"type":"Feature","geometry":{"type":"Polygon","coordinates":[[[-118.3347,34.1156],[-118.3354,34.1157],[-118.3358,34.1163],[-118.3341,34.1178],[-118.3332,34.1164],[-118.3347,34.1156]]]},"properties":{"name":"Cahuenga Pass","year":1952,"acres":9,"agency":"C&L"}},{"type":"Feature","geometry":{"type":"Polygon","coordinates":[[[-118.308,34.2015],[-118.3098,34.2014],[-118.3101,34.2022],[-118.3098,34.2029],[-118.3082,34.2028],[-118.3077,34.2022],[-118.308,34.2015]]]},"properties":{"name":"Unnamed","year":1952,"acres":9,"agency":"USFS"}},{"type":"Feature","geometry":{"type":"Polygon","coordinates":[[[-118.308,34.2015],[-118.3098,34.2014],[-118.3101,34.2022],[-118.3098,34.2029],[-118.3082,34.2028],[-118.3077,34.2022],[-118.308,34.2015]]]},"properties":{"name":"Unnamed","year":1952,"acres":9,"agency":"CCO"}},{"type":"Feature","geometry":{"type":"Polygon","coordinates":[[[-118.274,34.2564],[-118.2757,34.2565],[-118.2741,34.2589],[-118.2735,34.2586],[-118.2742,34.2575],[-118.2734,34.257],[-118.274,34.2564]]]},"properties":{"name":"Bluegum Cyn","year":1952,"acres":8,"agency":"C&L"}},{"type":"Feature","geometry":{"type":"Polygon","coordinates":[[[-118.3068,34.1516],[-118.3081,34.1506],[-118.3095,34.1511],[-118.3093,34.152],[-118.3083,34.1524],[-118.308,34.1518],[-118.3068,34.1516]]]},"properties":{"name":"Mt. Hollywood Dr.","year":1952,"acres":7,"agency":"USFS"}},{"type":"Feature","geometry":{"type":"Polygon","coordinates":[[[-118.0143,34.2355],[-118.0134,34.2342],[-118.0143,34.2332],[-118.0142,34.2327],[-118.0131,34.2329],[-118.0122,34.2324],[-118.012,34.2311],[-118.0114,34.2308],[-118.0096,34.2305],[-118.0084,34.2319],[-118.0075,34.2321],[-118.0069,34.2315],[-118.0069,34.2302],[-118.0053,34.2291],[-118.003,34.2301],[-118.0018,34.2301],[-118.0005,34.2292],[-118.0006,34.2284],[-117.9999,34.228],[-117.9983,34.2288],[-117.9966,34.2283],[-117.9955,34.2286],[-117.9951,34.2273],[-117.9936,34.2275],[-117.9925,34.2284],[-117.992,34.2274],[-117.9917,34.2276],[-117.9901,34.2263],[-117.9898,34.2254],[-117.9889,34.2263],[-117.9892,34.2274],[-117.9887,34.2289],[-117.9876,34.229],[-117.9871,34.2282],[-117.9861,34.2284],[-117.985,34.227],[-117.9825,34.2279],[-117.9815,34.2279],[-117.9807,34.2274],[-117.9792,34.2304],[-117.9785,34.2298],[-117.9777,34.2306],[-117.9765,34.2289],[-117.9751,34.2282],[-117.9736,34.2291],[-117.9722,34.2288],[-117.9717,34.2269],[-117.9721,34.2252],[-117.9715,34.2224],[-117.9716,34.2214],[-117.9724,34.22],[-117.9742,34.2186],[-117.9721,34.2154],[-117.9701,34.2144],[-117.9678,34.214],[-117.9654,34.2145],[-117.9638,34.2163],[-117.9606,34.217],[-117.9602,34.2131],[-117.9609,34.2131],[-117.9612,34.2137],[-117.9628,34.2124],[-117.9633,34.2112],[-117.9592,34.2097],[-117.9584,34.2064],[-117.9588,34.2058],[-117.9631,34.2058],[-117.961,34.2032],[-117.9606,34.1997],[-117.963,34.1965],[-117.9632,34.1943],[-117.9627,34.1923],[-117.965,34.189],[-117.9659,34.1846],[-117.9682,34.1823],[-117.9693,34.1799],[-117.9704,34.1795],[-117.9718,34.1799],[-117.9722,34.1793],[-117.9741,34.1792],[-117.9765,34.178],[-117.9791,34.1786],[-117.9819,34.1771],[-117.9826,34.1771],[-117.9835,34.1778],[-117.9848,34.1776],[-117.9846,34.1765],[-117.9864,34.1758],[-117.9869,34.1766],[-117.9874,34.1764],[-117.9878,34.1757],[-117.9863,34.1743],[-117.9864,34.1718],[-117.9886,34.1724],[-117.9889,34.1742],[-117.9897,34.1726],[-117.9912,34.1728],[-117.9914,34.1719],[-117.994,34.1703],[-117.995,34.1672],[-117.9966,34.1652],[-117.9972,34.1663],[-117.998,34.1658],[-117.9988,34.1659],[-118.0014,34.1681],[-118.003,34.1709],[-118.0058,34.1724],[-118.0092,34.1734],[-118.0139,34.1727],[-118.0172,34.1735],[-118.0181,34.1744],[-118.0185,34.1771],[-118.0203,34.1755],[-118.0251,34.1731],[-118.0294,34.1696],[-118.0295,34.1703],[-118.0308,34.1706],[-118.0308,34.1716],[-118.0299,34.1717],[-118.0298,34.1721],[-118.0317,34.1726],[-118.0321,34.1742],[-118.0353,34.1714],[-118.0372,34.1731],[-118.0414,34.1739],[-118.0414,34.1746],[-118.0426,34.1748],[-118.0425,34.1758],[-118.0477,34.1755],[-118.0507,34.1735],[-118.0521,34.1739],[-118.0537,34.1771],[-118.0557,34.1757],[-118.0564,34.1763],[-118.0572,34.1756],[-118.0578,34.1762],[-118.0584,34.1762],[-118.0591,34.1753],[-118.0614,34.1741],[-118.0617,34.1762],[-118.0667,34.1803],[-118.0658,34.1813],[-118.0654,34.1806],[-118.0634,34.183],[-118.0629,34.1894],[-118.0642,34.1894],[-118.0643,34.1901],[-118.065,34.1901],[-118.0652,34.1895],[-118.0657,34.1901],[-118.0644,34.1915],[-118.0638,34.1914],[-118.0633,34.192],[-118.0624,34.1937],[-118.0625,34.1946],[-118.0656,34.1982],[-118.0655,34.1999],[-118.0663,34.2025],[-118.0643,34.2038],[-118.0635,34.205],[-118.0643,34.2061],[-118.0649,34.2097],[-118.0645,34.2104],[-118.0621,34.213],[-118.0586,34.2141],[-118.0589,34.2151],[-118.0577,34.2162],[-118.0589,34.2172],[-118.0592,34.2195],[-118.0584,34.2195],[-118.0563,34.2173],[-118.0557,34.2177],[-118.0555,34.2186],[-118.0561,34.2211],[-118.0545,34.2209],[-118.0557,34.222],[-118.0545,34.2229],[-118.055,34.2236],[-118.055,34.225],[-118.0559,34.2257],[-118.0548,34.2264],[-118.0559,34.2275],[-118.054,34.2295],[-118.0529,34.2313],[-118.0504,34.2315],[-118.0494,34.2328],[-118.048,34.2331],[-118.0451,34.2352],[-118.0428,34.2348],[-118.0438,34.2381],[-118.0434,34.2392],[-118.0419,34.2383],[-118.0414,34.2384],[-118.041,34.2392],[-118.0403,34.2383],[-118.0395,34.2385],[-118.039,34.2376],[-118.0375,34.2365],[-118.0356,34.2374],[-118.0355,34.2365],[-118.033,34.2373],[-118.0328,34.236],[-118.0312,34.2358],[-118.0307,34.2345],[-118.0282,34.234],[-118.028,34.2353],[-118.0272,34.2362],[-118.0263,34.2363],[-118.0258,34.2352],[-118.0245,34.235],[-118.0217,34.2353],[-118.0198,34.236],[-118.0179,34.2399],[-118.0168,34.2403],[-118.0124,34.2442],[-118.0142,34.2409],[-118.0139,34.2377],[-118.0143,34.2355]]]},"properties":{"name":"Monrovia Peak","year":1953,"acres":14061,"agency":"CCO"}},{"type":"Feature","geometry":{"type":"MultiPolygon","coordinates":[[[[-118.3352,34.3181],[-118.3353,34.3187],[-118.3348,34.3186],[-118.3352,34.3181]]],[[[-118.3356,34.3172],[-118.3366,34.3177],[-118.3366,34.3186],[-118.3356,34.3172]]],[[[-118.3306,34.3189],[-118.3284,34.3187],[-118.3275,34.3176],[-118.3293,34.3146],[-118.3286,34.3116],[-118.3287,34.3102],[-118.3315,34.3098],[-118.3326,34.309],[-118.3357,34.3098],[-118.3388,34.3091],[-118.3418,34.3105],[-118.3417,34.3094],[-118.3432,34.3093],[-118.3451,34.3077],[-118.3456,34.3078],[-118.3452,34.3095],[-118.3456,34.3105],[-118.345,34.3119],[-118.343,34.3132],[-118.3423,34.3149],[-118.3413,34.3146],[-118.3409,34.3155],[-118.3399,34.3157],[-118.3397,34.3163],[-118.3379,34.3155],[-118.3368,34.3167],[-118.3356,34.3168],[-118.3334,34.3191],[-118.3306,34.3189]]],[[[-118.3323,34.3189],[-118.333,34.3186],[-118.3317,34.3177],[-118.3317,34.3185],[-118.3323,34.3189]]]]},"properties":{"name":"Gold","year":1953,"acres":300,"agency":"CCO"}},{"type":"Feature","geometry":{"type":"Polygon","coordinates":[[[-118.2802,34.2043],[-118.2777,34.2055],[-118.2776,34.2052],[-118.2788,34.2028],[-118.2801,34.2018],[-118.281,34.2018],[-118.2813,34.2009],[-118.2828,34.2018],[-118.2824,34.2035],[-118.2819,34.2041],[-118.2802,34.2043]]]},"properties":{"name":"Unnamed","year":1953,"acres":28,"agency":"USFS"}},{"type":"Feature","geometry":{"type":"Polygon","coordinates":[[[-118.2353,34.1872],[-118.2342,34.1871],[-118.2336,34.1851],[-118.2341,34.1829],[-118.235,34.185],[-118.2359,34.1856],[-118.2359,34.1864],[-118.2379,34.1882],[-118.2389,34.1885],[-118.2369,34.1886],[-118.2361,34.1874],[-118.2353,34.1872]]]},"properties":{"name":"Unnamed","year":1953,"acres":20,"agency":"USFS"}},{"type":"Feature","geometry":{"type":"Polygon","coordinates":[[[-118.3008,34.1186],[-118.3001,34.1189],[-118.2989,34.1177],[-118.2992,34.1146],[-118.3003,34.1151],[-118.3008,34.1186]]]},"properties":{"name":"Unnamed","year":1953,"acres":15,"agency":"USFS"}},{"type":"Feature","geometry":{"type":"Polygon","coordinates":[[[-118.3171,34.1221],[-118.318,34.1221],[-118.3184,34.1231],[-118.3174,34.1247],[-118.3166,34.1249],[-118.3161,34.1246],[-118.3171,34.1221]]]},"properties":{"name":"Hollyridge Cyn Dr","year":1953,"acres":10,"agency":"USFS"}},{"type":"Feature","geometry":{"type":"Polygon","coordinates":[[[-118.3113,34.2473],[-118.3107,34.2469],[-118.3107,34.2461],[-118.3115,34.2453],[-118.3118,34.2457],[-118.3121,34.2454],[-118.3132,34.2469],[-118.3113,34.2473]]]},"properties":{"name":"Unnamed","year":1953,"acres":9,"agency":"USFS"}},{"type":"Feature","geometry":{"type":"Polygon","coordinates":[[[-118.3113,34.2473],[-118.3107,34.2469],[-118.3107,34.2461],[-118.3115,34.2453],[-118.3118,34.2457],[-118.3121,34.2454],[-118.3132,34.2469],[-118.3113,34.2473]]]},"properties":{"name":"Unnamed","year":1953,"acres":9,"agency":"CCO"}},{"type":"Feature","geometry":{"type":"Polygon","coordinates":[[[-118.2561,34.2454],[-118.2562,34.242],[-118.2577,34.2432],[-118.2572,34.2444],[-118.2561,34.2454]]]},"properties":{"name":"Unnamed","year":1953,"acres":8,"agency":"USFS"}},{"type":"Feature","geometry":{"type":"Polygon","coordinates":[[[-118.3738,34.2972],[-118.3714,34.298],[-118.3714,34.2971],[-118.3728,34.2963],[-118.374,34.2964],[-118.3745,34.297],[-118.3738,34.2972]]]},"properties":{"name":"Unnamed","year":1953,"acres":8,"agency":"USFS"}},{"type":"Feature","geometry":{"type":"Polygon","coordinates":[[[-118.333,34.2217],[-118.3342,34.2196],[-118.335,34.2195],[-118.3347,34.2202],[-118.3351,34.2205],[-118.3344,34.2215],[-118.3332,34.2222],[-118.333,34.2217]]]},"properties":{"name":"Unnamed","year":1953,"acres":8,"agency":"USFS"}},{"type":"Feature","geometry":{"type":"Polygon","coordinates":[[[-118.2561,34.2454],[-118.2562,34.242],[-118.2577,34.2432],[-118.2572,34.2444],[-118.2561,34.2454]]]},"properties":{"name":"Unnamed","year":1953,"acres":8,"agency":"CCO"}},{"type":"Feature","geometry":{"type":"Polygon","coordinates":[[[-118.3738,34.2972],[-118.3714,34.298],[-118.3714,34.2971],[-118.3728,34.2963],[-118.374,34.2964],[-118.3745,34.297],[-118.3738,34.2972]]]},"properties":{"name":"Unnamed","year":1953,"acres":8,"agency":"CCO"}},{"type":"Feature","geometry":{"type":"Polygon","coordinates":[[[-118.333,34.2217],[-118.3342,34.2196],[-118.335,34.2195],[-118.3347,34.2202],[-118.3351,34.2205],[-118.3344,34.2215],[-118.3332,34.2222],[-118.333,34.2217]]]},"properties":{"name":"Unnamed","year":1953,"acres":8,"agency":"CCO"}},{"type":"Feature","geometry":{"type":"Polygon","coordinates":[[[-118.3577,34.2251],[-118.3583,34.2259],[-118.3576,34.2284],[-118.3571,34.2285],[-118.3568,34.2281],[-118.3577,34.2251]]]},"properties":{"name":"Glen Oaks","year":1953,"acres":7,"agency":"USFS"}},{"type":"Feature","geometry":{"type":"Polygon","coordinates":[[[-118.3058,34.1142],[-118.3047,34.1142],[-118.3064,34.1123],[-118.3069,34.1123],[-118.3058,34.1142]]]},"properties":{"name":"Ferndell","year":1953,"acres":4,"agency":"CCO"}},{"type":"Feature","geometry":{"type":"Polygon","coordinates":[[[-118.2439,34.1299],[-118.2445,34.1309],[-118.2434,34.1312],[-118.2428,34.1304],[-118.2439,34.1299]]]},"properties":{"name":"Unnamed","year":1953,"acres":4,"agency":"USFS"}},{"type":"Feature","geometry":{"type":"Polygon","coordinates":[[[-118.2439,34.1299],[-118.2445,34.1309],[-118.2434,34.1312],[-118.2428,34.1304],[-118.2439,34.1299]]]},"properties":{"name":"Unnamed","year":1953,"acres":4,"agency":"CCO"}},{"type":"Feature","geometry":{"type":"Polygon","coordinates":[[[-118.2268,34.1375],[-118.2264,34.1372],[-118.2273,34.1372],[-118.2268,34.1375]]]},"properties":{"name":"Unnamed","year":1953,"acres":1,"agency":"USFS"}},{"type":"Feature","geometry":{"type":"Polygon","coordinates":[[[-118.2268,34.1375],[-118.2264,34.1372],[-118.2273,34.1372],[-118.2268,34.1375]]]},"properties":{"name":"Unnamed","year":1953,"acres":1,"agency":"CCO"}},{"type":"Feature","geometry":{"type":"Polygon","coordinates":[[[-118.0408,34.2386],[-118.0398,34.2388],[-118.0393,34.2376],[-118.0376,34.2368],[-118.0361,34.2376],[-118.0359,34.2368],[-118.0353,34.2366],[-118.0334,34.2374],[-118.0329,34.2358],[-118.0318,34.2359],[-118.0312,34.2347],[-118.0286,34.2342],[-118.0282,34.2356],[-118.0266,34.2363],[-118.0257,34.2353],[-118.0246,34.2353],[-118.0237,34.2358],[-118.0232,34.2353],[-118.0212,34.2356],[-118.0188,34.2365],[-118.0176,34.2363],[-118.0166,34.2346],[-118.0146,34.235],[-118.0135,34.2345],[-118.0143,34.2329],[-118.0125,34.2326],[-118.0125,34.2318],[-118.0115,34.2309],[-118.0097,34.2307],[-118.0079,34.2323],[-118.007,34.2317],[-118.007,34.2302],[-118.0056,34.2292],[-118.002,34.2303],[-118.0016,34.2294],[-118.0005,34.2292],[-118.0006,34.2282],[-118,34.2279],[-117.9987,34.2288],[-117.9968,34.2283],[-117.9957,34.2287],[-117.9955,34.2274],[-117.9941,34.2274],[-117.9929,34.2284],[-117.9927,34.2277],[-117.9915,34.2275],[-117.9898,34.2253],[-117.9891,34.2266],[-117.989,34.2289],[-117.9879,34.2291],[-117.9873,34.228],[-117.9863,34.2283],[-117.9849,34.2268],[-117.9832,34.2277],[-117.9811,34.2273],[-117.9799,34.2301],[-117.9787,34.2295],[-117.9785,34.2301],[-117.9777,34.2302],[-117.9773,34.2291],[-117.9757,34.2282],[-117.9726,34.2286],[-117.972,34.2271],[-117.9725,34.2258],[-117.9718,34.2218],[-117.9733,34.2191],[-117.9746,34.2183],[-117.9744,34.2174],[-117.972,34.2147],[-117.9683,34.2139],[-117.9664,34.2141],[-117.9645,34.2159],[-117.962,34.2165],[-117.9614,34.217],[-117.9605,34.2135],[-117.9609,34.213],[-117.9617,34.2135],[-117.9633,34.2124],[-117.9638,34.2111],[-117.96,34.2099],[-117.959,34.2066],[-117.9598,34.2058],[-117.9638,34.2061],[-117.9633,34.2051],[-117.9618,34.2039],[-117.9611,34.2016],[-117.9612,34.1995],[-117.9635,34.1966],[-117.9634,34.1926],[-117.9656,34.1892],[-117.9663,34.1854],[-117.9688,34.1825],[-117.97,34.18],[-117.9712,34.1798],[-117.9725,34.1803],[-117.9771,34.1785],[-117.9799,34.179],[-117.9824,34.1774],[-117.983,34.1773],[-117.9844,34.1784],[-117.9852,34.1781],[-117.9852,34.1771],[-117.9858,34.1771],[-117.9866,34.1764],[-117.9875,34.1766],[-117.9873,34.1772],[-117.9877,34.1772],[-117.9883,34.1763],[-117.9869,34.1745],[-117.9868,34.1727],[-117.9891,34.1731],[-117.9891,34.1745],[-117.9898,34.1747],[-117.9904,34.173],[-117.9918,34.1733],[-117.9919,34.1724],[-117.9944,34.1712],[-117.9956,34.168],[-117.997,34.166],[-117.9979,34.1667],[-117.999,34.1664],[-118,34.1675],[-118.0014,34.1678],[-118.0033,34.1713],[-118.005,34.1717],[-118.0062,34.1727],[-118.0076,34.1729],[-118.0085,34.1738],[-118.0118,34.1732],[-118.0173,34.1739],[-118.0186,34.1751],[-118.0183,34.1768],[-118.0191,34.1776],[-118.0208,34.1758],[-118.0255,34.1734],[-118.0298,34.1704],[-118.0305,34.171],[-118.0311,34.1709],[-118.031,34.1719],[-118.0301,34.1726],[-118.0318,34.1729],[-118.0325,34.1735],[-118.0325,34.1746],[-118.0346,34.1723],[-118.0357,34.1719],[-118.0375,34.1736],[-118.0389,34.1736],[-118.0394,34.1744],[-118.0402,34.174],[-118.0415,34.1748],[-118.0419,34.1755],[-118.0425,34.175],[-118.0433,34.1763],[-118.0458,34.1759],[-118.0483,34.1761],[-118.0512,34.1742],[-118.0531,34.1752],[-118.0542,34.1778],[-118.0563,34.1761],[-118.0569,34.1769],[-118.0577,34.176],[-118.0578,34.1765],[-118.0587,34.1768],[-118.0593,34.1759],[-118.0618,34.1746],[-118.0622,34.177],[-118.0651,34.1786],[-118.0671,34.1809],[-118.0664,34.1819],[-118.0657,34.1814],[-118.0639,34.1834],[-118.0631,34.1897],[-118.0642,34.1896],[-118.0646,34.1905],[-118.066,34.19],[-118.066,34.1906],[-118.0635,34.1925],[-118.0626,34.1943],[-118.0658,34.1983],[-118.0668,34.2024],[-118.0667,34.203],[-118.0637,34.2056],[-118.065,34.207],[-118.0648,34.2083],[-118.0654,34.2102],[-118.0626,34.2132],[-118.0588,34.2143],[-118.0593,34.2152],[-118.058,34.2164],[-118.0594,34.218],[-118.0594,34.2198],[-118.0568,34.2177],[-118.0563,34.2178],[-118.056,34.2193],[-118.0566,34.2212],[-118.0549,34.2208],[-118.056,34.2225],[-118.0548,34.2233],[-118.0551,34.2238],[-118.0549,34.2251],[-118.0563,34.2259],[-118.0555,34.2268],[-118.0562,34.2277],[-118.0549,34.2291],[-118.0539,34.2309],[-118.0528,34.2319],[-118.051,34.2316],[-118.0499,34.2329],[-118.0448,34.2356],[-118.0435,34.2346],[-118.0432,34.2357],[-118.0439,34.2385],[-118.0437,34.2394],[-118.0421,34.2384],[-118.0411,34.2396],[-118.0408,34.2386]]]},"properties":{"name":"Monrovia Peak","year":1954,"acres":13870,"agency":"USFS"}},{"type":"Feature","geometry":{"type":"Polygon","coordinates":[[[-118.4029,34.3732],[-118.4016,34.3718],[-118.4017,34.3701],[-118.4031,34.3694],[-118.406,34.3699],[-118.4066,34.3693],[-118.4071,34.3663],[-118.4085,34.3655],[-118.409,34.3637],[-118.4097,34.3627],[-118.4091,34.3621],[-118.4094,34.3602],[-118.4114,34.3581],[-118.4126,34.3543],[-118.4132,34.3538],[-118.4167,34.354],[-118.4252,34.3514],[-118.4254,34.3487],[-118.4267,34.3468],[-118.4269,34.3445],[-118.4276,34.3444],[-118.428,34.3455],[-118.429,34.3444],[-118.4301,34.3446],[-118.4308,34.3427],[-118.4317,34.343],[-118.4326,34.3414],[-118.433,34.342],[-118.4326,34.3438],[-118.4335,34.3444],[-118.4325,34.345],[-118.4327,34.3459],[-118.432,34.3468],[-118.4318,34.3482],[-118.4336,34.3478],[-118.434,34.3484],[-118.4347,34.3482],[-118.4353,34.3488],[-118.4355,34.3501],[-118.4339,34.3517],[-118.4346,34.352],[-118.4356,34.3515],[-118.4365,34.3519],[-118.4369,34.3526],[-118.4362,34.3531],[-118.4362,34.3538],[-118.4369,34.354],[-118.437,34.3554],[-118.4383,34.3549],[-118.4373,34.3568],[-118.4352,34.3571],[-118.4349,34.3588],[-118.437,34.3587],[-118.4384,34.3608],[-118.4424,34.3627],[-118.4444,34.3655],[-118.4456,34.3659],[-118.4441,34.3663],[-118.4443,34.368],[-118.4431,34.3691],[-118.4443,34.3722],[-118.444,34.3747],[-118.4427,34.373],[-118.4385,34.3715],[-118.4349,34.371],[-118.4298,34.372],[-118.4247,34.3708],[-118.4192,34.3715],[-118.4179,34.3713],[-118.4166,34.3704],[-118.4157,34.3706],[-118.4144,34.3721],[-118.4109,34.3736],[-118.4093,34.3761],[-118.4088,34.3759],[-118.4089,34.3733],[-118.4069,34.3733],[-118.4067,34.376],[-118.4063,34.3764],[-118.4071,34.379],[-118.4065,34.3795],[-118.4043,34.3798],[-118.4007,34.3755],[-118.4011,34.3746],[-118.4028,34.3739],[-118.4029,34.3732]]]},"properties":{"name":"Sable","year":1954,"acres":1791,"agency":"USFS"}},{"type":"Feature","geometry":{"type":"Polygon","coordinates":[[[-118.3083,34.211],[-118.3087,34.2094],[-118.3107,34.2079],[-118.311,34.2064],[-118.3124,34.2059],[-118.3144,34.2072],[-118.315,34.2073],[-118.3152,34.2064],[-118.3165,34.2069],[-118.318,34.2067],[-118.3186,34.2072],[-118.3188,34.2089],[-118.3196,34.2099],[-118.3183,34.211],[-118.3152,34.2112],[-118.3131,34.213],[-118.3109,34.2135],[-118.3083,34.2124],[-118.3083,34.211]]]},"properties":{"name":"Unnamed","year":1954,"acres":134,"agency":"USFS"}},{"type":"Feature","geometry":{"type":"Polygon","coordinates":[[[-118.2411,34.183],[-118.2408,34.1828],[-118.2424,34.1825],[-118.2471,34.1842],[-118.2472,34.1858],[-118.2483,34.1867],[-118.2483,34.1874],[-118.2468,34.1877],[-118.2431,34.186],[-118.2429,34.185],[-118.2418,34.1844],[-118.2411,34.183]]]},"properties":{"name":"Unnamed","year":1954,"acres":49,"agency":"USFS"}},{"type":"Feature","geometry":{"type":"Polygon","coordinates":[[[-118.3596,34.2575],[-118.3591,34.2573],[-118.3598,34.2567],[-118.3611,34.2575],[-118.3605,34.2583],[-118.361,34.2592],[-118.3601,34.2599],[-118.3595,34.2598],[-118.3588,34.2586],[-118.3596,34.2575]]]},"properties":{"name":"Unnamed","year":1954,"acres":13,"agency":"USFS"}},{"type":"Feature","geometry":{"type":"Polygon","coordinates":[[[-118.4031,34.2614],[-118.4062,34.2638],[-118.4035,34.2638],[-118.4029,34.2634],[-118.4031,34.2614]]]},"properties":{"name":"Unnamed","year":1954,"acres":11,"agency":"USFS"}},{"type":"Feature","geometry":{"type":"Polygon","coordinates":[[[-118.2168,34.1893],[-118.2174,34.1898],[-118.2174,34.1909],[-118.2151,34.1916],[-118.2151,34.1901],[-118.2168,34.1893]]]},"properties":{"name":"Unnamed","year":1954,"acres":9,"agency":"USFS"}},{"type":"Feature","geometry":{"type":"Polygon","coordinates":[[[-118.2168,34.1893],[-118.2174,34.1898],[-118.2174,34.1909],[-118.2151,34.1916],[-118.2151,34.1901],[-118.2168,34.1893]]]},"properties":{"name":"Unnamed","year":1954,"acres":9,"agency":"CCO"}},{"type":"Feature","geometry":{"type":"Polygon","coordinates":[[[-118.3677,34.1107],[-118.3667,34.1107],[-118.3675,34.1087],[-118.3686,34.1093],[-118.3677,34.1107]]]},"properties":{"name":"Unnamed","year":1954,"acres":6,"agency":"USFS"}},{"type":"Feature","geometry":{"type":"Polygon","coordinates":[[[-118.3677,34.1107],[-118.3667,34.1107],[-118.3675,34.1087],[-118.3686,34.1093],[-118.3677,34.1107]]]},"properties":{"name":"Unnamed","year":1954,"acres":6,"agency":"CCO"}},{"type":"Feature","geometry":{"type":"Polygon","coordinates":[[[-118.404,34.1069],[-118.4049,34.1072],[-118.405,34.1077],[-118.403,34.1082],[-118.403,34.1074],[-118.404,34.1069]]]},"properties":{"name":"Unnamed","year":1954,"acres":5,"agency":"CCO"}},{"type":"Feature","geometry":{"type":"Polygon","coordinates":[[[-118.3823,34.2935],[-118.3827,34.2953],[-118.3812,34.2941],[-118.3818,34.2935],[-118.3823,34.2935]]]},"properties":{"name":"Unnamed","year":1954,"acres":4,"agency":"USFS"}},{"type":"Feature","geometry":{"type":"Polygon","coordinates":[[[-118.3823,34.2935],[-118.3827,34.2953],[-118.3812,34.2941],[-118.3818,34.2935],[-118.3823,34.2935]]]},"properties":{"name":"Unnamed","year":1954,"acres":4,"agency":"CCO"}},{"type":"Feature","geometry":{"type":"Polygon","coordinates":[[[-118.2321,34.154],[-118.2321,34.1524],[-118.2325,34.1538],[-118.2321,34.154]]]},"properties":{"name":"Unnamed","year":1954,"acres":2,"agency":"USFS"}},{"type":"Feature","geometry":{"type":"Polygon","coordinates":[[[-118.2321,34.154],[-118.2321,34.1524],[-118.2325,34.1538],[-118.2321,34.154]]]},"properties":{"name":"Unnamed","year":1954,"acres":2,"agency":"CCO"}},{"type":"Feature","geometry":{"type":"Polygon","coordinates":[[[-118.3239,34.2538],[-118.3222,34.2545],[-118.3205,34.2541],[-118.3181,34.2522],[-118.3182,34.251],[-118.3164,34.2508],[-118.316,34.2497],[-118.3149,34.249],[-118.3101,34.248],[-118.3076,34.2466],[-118.3047,34.2471],[-118.3023,34.2464],[-118.3008,34.2481],[-118.2995,34.2476],[-118.2989,34.2463],[-118.2976,34.2463],[-118.2961,34.2456],[-118.2953,34.2467],[-118.294,34.2467],[-118.2944,34.2459],[-118.2941,34.2448],[-118.2958,34.2431],[-118.2944,34.2423],[-118.2943,34.2413],[-118.2968,34.241],[-118.297,34.2405],[-118.2958,34.2399],[-118.2943,34.2404],[-118.2909,34.2398],[-118.2888,34.2407],[-118.284,34.2392],[-118.2834,34.2384],[-118.2836,34.2375],[-118.2848,34.2362],[-118.2859,34.2359],[-118.2866,34.2347],[-118.2878,34.2342],[-118.2878,34.2294],[-118.2892,34.2287],[-118.2907,34.2259],[-118.2913,34.2257],[-118.2926,34.2286],[-118.296,34.2297],[-118.2967,34.2304],[-118.299,34.229],[-118.3005,34.23],[-118.3002,34.2319],[-118.3005,34.232],[-118.3024,34.2318],[-118.3045,34.2322],[-118.3096,34.2305],[-118.3125,34.2283],[-118.3144,34.2275],[-118.3134,34.2269],[-118.3142,34.2257],[-118.3136,34.2247],[-118.3135,34.223],[-118.3143,34.222],[-118.3131,34.221],[-118.3131,34.2196],[-118.3123,34.2201],[-118.312,34.2196],[-118.3125,34.217],[-118.3142,34.2155],[-118.3154,34.2129],[-118.3166,34.2117],[-118.3187,34.2113],[-118.3201,34.2102],[-118.3247,34.2099],[-118.3259,34.2094],[-118.3265,34.21],[-118.3267,34.2111],[-118.3251,34.2117],[-118.3243,34.2127],[-118.3252,34.2148],[-118.3247,34.216],[-118.3249,34.2195],[-118.3241,34.2205],[-118.3253,34.2215],[-118.3264,34.2215],[-118.3298,34.2178],[-118.3307,34.216],[-118.3317,34.2176],[-118.3311,34.2186],[-118.3294,34.2194],[-118.3282,34.2206],[-118.3276,34.2215],[-118.3282,34.2216],[-118.3348,34.2173],[-118.3364,34.2139],[-118.3388,34.2131],[-118.3399,34.2122],[-118.3411,34.2137],[-118.3449,34.2138],[-118.3453,34.216],[-118.3462,34.2157],[-118.3491,34.2162],[-118.3504,34.2175],[-118.3486,34.2177],[-118.3479,34.2167],[-118.3432,34.2174],[-118.3417,34.2182],[-118.3408,34.22],[-118.3393,34.22],[-118.3369,34.221],[-118.3368,34.2215],[-118.3384,34.2224],[-118.339,34.2234],[-118.3378,34.225],[-118.3379,34.226],[-118.3408,34.2266],[-118.3415,34.2275],[-118.343,34.2261],[-118.3433,34.2253],[-118.343,34.2224],[-118.3439,34.2223],[-118.3461,34.2238],[-118.3486,34.2231],[-118.3496,34.2235],[-118.351,34.2226],[-118.3514,34.223],[-118.3507,34.2245],[-118.3513,34.2251],[-118.3527,34.2246],[-118.3533,34.2231],[-118.3543,34.2246],[-118.3553,34.2244],[-118.3561,34.2235],[-118.3567,34.2245],[-118.358,34.2237],[-118.3591,34.2254],[-118.3602,34.225],[-118.36,34.2276],[-118.3615,34.228],[-118.3634,34.2274],[-118.3646,34.2282],[-118.3614,34.2287],[-118.3592,34.2307],[-118.3582,34.231],[-118.3552,34.2306],[-118.3529,34.2325],[-118.3497,34.2329],[-118.3485,34.2338],[-118.3462,34.2333],[-118.3483,34.2308],[-118.3487,34.2294],[-118.3484,34.2289],[-118.3462,34.2315],[-118.3455,34.2305],[-118.3446,34.2318],[-118.3438,34.2304],[-118.3419,34.2317],[-118.342,34.2323],[-118.3441,34.2335],[-118.3438,34.2347],[-118.3364,34.2358],[-118.3348,34.2352],[-118.3319,34.2362],[-118.3311,34.2355],[-118.3279,34.2364],[-118.3253,34.2358],[-118.3214,34.236],[-118.3199,34.2353],[-118.3192,34.2354],[-118.3187,34.2344],[-118.3175,34.2341],[-118.3155,34.2338],[-118.3147,34.2342],[-118.3135,34.2327],[-118.3127,34.2342],[-118.3146,34.2346],[-118.3142,34.2356],[-118.3146,34.2364],[-118.3176,34.238],[-118.3166,34.2401],[-118.3199,34.2413],[-118.3203,34.2421],[-118.3218,34.2416],[-118.3214,34.24],[-118.3231,34.2399],[-118.3248,34.2386],[-118.3271,34.2378],[-118.3318,34.2378],[-118.3324,34.2383],[-118.3387,34.2368],[-118.3396,34.2377],[-118.3402,34.2372],[-118.3409,34.2382],[-118.3418,34.2367],[-118.3454,34.2368],[-118.3492,34.2359],[-118.3486,34.2375],[-118.3467,34.2392],[-118.3467,34.2402],[-118.3485,34.2384],[-118.35,34.2384],[-118.3504,34.2373],[-118.3512,34.2368],[-118.3526,34.2368],[-118.3533,34.2361],[-118.3556,34.2358],[-118.3563,34.2365],[-118.357,34.2355],[-118.3575,34.2357],[-118.3578,34.237],[-118.3576,34.2387],[-118.3587,34.2382],[-118.3596,34.2389],[-118.3601,34.2381],[-118.3642,34.2372],[-118.3645,34.2366],[-118.3658,34.2378],[-118.3659,34.2386],[-118.3649,34.24],[-118.3661,34.2412],[-118.3662,34.2432],[-118.363,34.2425],[-118.3638,34.2415],[-118.3619,34.2405],[-118.3606,34.241],[-118.3542,34.2411],[-118.3528,34.2421],[-118.3508,34.2422],[-118.3481,34.2434],[-118.3468,34.2434],[-118.3462,34.2446],[-118.3449,34.2428],[-118.3422,34.2441],[-118.3409,34.2451],[-118.3417,34.2463],[-118.3404,34.2483],[-118.3416,34.2505],[-118.3411,34.2509],[-118.3414,34.2519],[-118.3429,34.253],[-118.3403,34.2537],[-118.3391,34.2551],[-118.3367,34.255],[-118.3346,34.2536],[-118.3286,34.2528],[-118.3259,34.2516],[-118.3249,34.2533],[-118.3251,34.2544],[-118.326,34.2555],[-118.325,34.2556],[-118.3239,34.2538]]]},"properties":{"name":"Unnamed","year":1955,"acres":4216,"agency":"C&L"}},{"type":"Feature","geometry":{"type":"Polygon","coordinates":[[[-118.1528,34.2623],[-118.1521,34.2623],[-118.1523,34.2635],[-118.1506,34.2638],[-118.1499,34.2647],[-118.1462,34.2654],[-118.1439,34.2651],[-118.1416,34.2658],[-118.1398,34.2634],[-118.1388,34.2637],[-118.1384,34.263],[-118.1368,34.2632],[-118.136,34.2626],[-118.1361,34.2614],[-118.1353,34.2603],[-118.1354,34.258],[-118.1356,34.2573],[-118.1367,34.2567],[-118.1377,34.2574],[-118.1391,34.2568],[-118.1397,34.2557],[-118.1426,34.256],[-118.1437,34.2545],[-118.1453,34.2557],[-118.1457,34.2576],[-118.1466,34.2583],[-118.1473,34.2599],[-118.1486,34.2603],[-118.1501,34.26],[-118.1523,34.2608],[-118.1558,34.2596],[-118.1573,34.2604],[-118.1584,34.2599],[-118.1595,34.2602],[-118.1603,34.2623],[-118.1593,34.266],[-118.1564,34.268],[-118.1535,34.269],[-118.1532,34.268],[-118.1538,34.2676],[-118.1531,34.2672],[-118.1551,34.2652],[-118.1544,34.2635],[-118.1528,34.2623]]]},"properties":{"name":"Unnamed","year":1955,"acres":408,"agency":"USFS"}},{"type":"Feature","geometry":{"type":"Polygon","coordinates":[[[-118.0758,34.1753],[-118.0754,34.1752],[-118.0754,34.1745],[-118.0771,34.172],[-118.0778,34.1726],[-118.0778,34.1735],[-118.0769,34.1743],[-118.0767,34.1754],[-118.0758,34.1753]]]},"properties":{"name":"Unnamed","year":1955,"acres":12,"agency":"USFS"}},{"type":"Feature","geometry":{"type":"Polygon","coordinates":[[[-118.2882,34.1307],[-118.2888,34.1313],[-118.2881,34.1329],[-118.2868,34.1322],[-118.2882,34.1307]]]},"properties":{"name":"Unnamed","year":1955,"acres":7,"agency":"USFS"}},{"type":"Feature","geometry":{"type":"Polygon","coordinates":[[[-118.2882,34.1307],[-118.2888,34.1313],[-118.2881,34.1329],[-118.2868,34.1322],[-118.2882,34.1307]]]},"properties":{"name":"Unnamed","year":1955,"acres":7,"agency":"CCO"}},{"type":"Feature","geometry":{"type":"Polygon","coordinates":[[[-118.3762,34.287],[-118.3762,34.2858],[-118.3776,34.2858],[-118.378,34.287],[-118.3774,34.2869],[-118.3767,34.2875],[-118.3762,34.287]]]},"properties":{"name":"Unnamed","year":1955,"acres":6,"agency":"USFS"}},{"type":"Feature","geometry":{"type":"Polygon","coordinates":[[[-118.3762,34.287],[-118.3762,34.2858],[-118.3776,34.2858],[-118.378,34.287],[-118.3774,34.2869],[-118.3767,34.2875],[-118.3762,34.287]]]},"properties":{"name":"Unnamed","year":1955,"acres":6,"agency":"CCO"}},{"type":"Feature","geometry":{"type":"Polygon","coordinates":[[[-118.2315,34.2658],[-118.2299,34.2648],[-118.2296,34.2627],[-118.2322,34.2575],[-118.2337,34.2563],[-118.2356,34.2565],[-118.2386,34.2551],[-118.2419,34.2506],[-118.2438,34.2506],[-118.244,34.2497],[-118.2453,34.2495],[-118.2487,34.2465],[-118.249,34.2453],[-118.2494,34.2468],[-118.2487,34.2476],[-118.2501,34.2506],[-118.2451,34.2554],[-118.2464,34.2567],[-118.2479,34.2569],[-118.2484,34.2576],[-118.2484,34.2564],[-118.2491,34.2559],[-118.2524,34.2562],[-118.2544,34.2573],[-118.2548,34.261],[-118.2542,34.2642],[-118.2545,34.2655],[-118.2543,34.2665],[-118.2537,34.267],[-118.2535,34.2686],[-118.2517,34.2675],[-118.2505,34.2686],[-118.2451,34.2675],[-118.2446,34.2665],[-118.2448,34.2655],[-118.2426,34.2669],[-118.2404,34.2663],[-118.2393,34.2669],[-118.2371,34.266],[-118.2358,34.2692],[-118.2348,34.2694],[-118.2326,34.2691],[-118.2329,34.2674],[-118.2315,34.2658]]]},"properties":{"name":"Dunsmore","year":1956,"acres":795,"agency":"CCO"}},{"type":"Feature","geometry":{"type":"Polygon","coordinates":[[[-118.2686,34.1818],[-118.2681,34.1801],[-118.2695,34.1785],[-118.2713,34.1776],[-118.2717,34.1783],[-118.2701,34.1816],[-118.2721,34.1799],[-118.2734,34.1803],[-118.2738,34.1818],[-118.2703,34.1842],[-118.2687,34.1838],[-118.2686,34.1818]]]},"properties":{"name":"Unnamed","year":1956,"acres":54,"agency":"USFS"}},{"type":"Feature","geometry":{"type":"MultiPolygon","coordinates":[[[[-118.2846,34.2411],[-118.2855,34.2412],[-118.2854,34.242],[-118.2843,34.2428],[-118.2835,34.2427],[-118.2835,34.2422],[-118.2846,34.2411]]],[[[-118.2817,34.2376],[-118.2835,34.2376],[-118.2834,34.2384],[-118.2846,34.2395],[-118.2846,34.24],[-118.2818,34.2428],[-118.2796,34.2435],[-118.2796,34.2425],[-118.2812,34.2419],[-118.2813,34.2414],[-118.2813,34.2409],[-118.2798,34.2395],[-118.2817,34.2376]]]]},"properties":{"name":"Unnamed","year":1956,"acres":47,"agency":"USFS"}},{"type":"Feature","geometry":{"type":"Polygon","coordinates":[[[-118.4519,34.0937],[-118.4522,34.0943],[-118.4508,34.0944],[-118.4497,34.0934],[-118.451,34.0929],[-118.4514,34.0921],[-118.454,34.0916],[-118.4541,34.0932],[-118.4519,34.0937]]]},"properties":{"name":"Stone Cyn","year":1956,"acres":18,"agency":"USFS"}},{"type":"Feature","geometry":{"type":"Polygon","coordinates":[[[-118.3005,34.1991],[-118.3013,34.1992],[-118.3013,34.2004],[-118.2999,34.202],[-118.299,34.2022],[-118.2989,34.1996],[-118.3005,34.1991]]]},"properties":{"name":"Unnamed","year":1956,"acres":15,"agency":"USFS"}},{"type":"Feature","geometry":{"type":"Polygon","coordinates":[[[-118.4301,34.1227],[-118.4299,34.1211],[-118.4315,34.1207],[-118.4312,34.123],[-118.4305,34.1232],[-118.4301,34.1227]]]},"properties":{"name":"Unnamed","year":1956,"acres":10,"agency":"USFS"}},{"type":"Feature","geometry":{"type":"Polygon","coordinates":[[[-118.2245,34.1091],[-118.2244,34.1078],[-118.2253,34.1081],[-118.2265,34.1077],[-118.2285,34.108],[-118.2278,34.1086],[-118.2245,34.1091]]]},"properties":{"name":"Unnamed","year":1956,"acres":9,"agency":"USFS"}},{"type":"Feature","geometry":{"type":"Polygon","coordinates":[[[-118.2867,34.1305],[-118.2872,34.129],[-118.288,34.1288],[-118.2898,34.1301],[-118.2867,34.1305]]]},"properties":{"name":"Unnamed","year":1956,"acres":9,"agency":"USFS"}},{"type":"Feature","geometry":{"type":"Polygon","coordinates":[[[-118.2867,34.1305],[-118.2872,34.129],[-118.288,34.1288],[-118.2898,34.1301],[-118.2867,34.1305]]]},"properties":{"name":"Unnamed","year":1956,"acres":9,"agency":"CCO"}},{"type":"Feature","geometry":{"type":"Polygon","coordinates":[[[-118.2245,34.1091],[-118.2244,34.1078],[-118.2253,34.1081],[-118.2265,34.1077],[-118.2285,34.108],[-118.2278,34.1086],[-118.2245,34.1091]]]},"properties":{"name":"Unnamed","year":1956,"acres":9,"agency":"CCO"}},{"type":"Feature","geometry":{"type":"Polygon","coordinates":[[[-118.2989,34.1552],[-118.2936,34.1547],[-118.2887,34.1535],[-118.2872,34.1524],[-118.2848,34.1485],[-118.2853,34.1482],[-118.2865,34.149],[-118.2867,34.1476],[-118.2879,34.1472],[-118.2894,34.148],[-118.2894,34.1501],[-118.2903,34.149],[-118.2926,34.1501],[-118.2917,34.1485],[-118.2919,34.1479],[-118.2956,34.1471],[-118.2959,34.1478],[-118.2976,34.1479],[-118.2995,34.1507],[-118.3004,34.1501],[-118.3034,34.1499],[-118.3071,34.149],[-118.3085,34.1493],[-118.3096,34.1507],[-118.3085,34.1542],[-118.3059,34.155],[-118.3024,34.1545],[-118.3009,34.1552],[-118.2989,34.1552]]]},"properties":{"name":"Unnamed","year":1957,"acres":325,"agency":"USFS"}},{"type":"Feature","geometry":{"type":"Polygon","coordinates":[[[-118.1782,34.1039],[-118.1802,34.0998],[-118.1813,34.0987],[-118.1834,34.0929],[-118.1845,34.0927],[-118.1862,34.0935],[-118.1885,34.093],[-118.1897,34.0935],[-118.1903,34.0965],[-118.1892,34.0994],[-118.1882,34.1001],[-118.1875,34.0991],[-118.1852,34.0989],[-118.1836,34.1022],[-118.1811,34.1028],[-118.1798,34.1043],[-118.1793,34.1033],[-118.1784,34.1047],[-118.1782,34.1039]]]},"properties":{"name":"Unnamed","year":1957,"acres":170,"agency":"USFS"}},{"type":"Feature","geometry":{"type":"Polygon","coordinates":[[[-118.4462,34.1293],[-118.4447,34.1293],[-118.444,34.1277],[-118.4431,34.1279],[-118.444,34.1255],[-118.4433,34.1235],[-118.4435,34.1207],[-118.4428,34.1193],[-118.4446,34.1145],[-118.4444,34.1124],[-118.4465,34.1137],[-118.4458,34.1181],[-118.4458,34.125],[-118.4477,34.1292],[-118.4473,34.1299],[-118.4462,34.1293]]]},"properties":{"name":"Unnamed","year":1957,"acres":107,"agency":"USFS"}},{"type":"Feature","geometry":{"type":"Polygon","coordinates":[[[-118.2856,34.1971],[-118.2838,34.1951],[-118.2804,34.1972],[-118.2787,34.197],[-118.2785,34.1962],[-118.2795,34.1943],[-118.2839,34.191],[-118.2845,34.1896],[-118.2855,34.1894],[-118.286,34.1898],[-118.2852,34.1903],[-118.2842,34.192],[-118.2825,34.193],[-118.2857,34.1931],[-118.2871,34.1943],[-118.2876,34.1955],[-118.2887,34.1951],[-118.2891,34.1955],[-118.2891,34.197],[-118.2902,34.1965],[-118.2906,34.1969],[-118.2889,34.1982],[-118.2864,34.1988],[-118.286,34.1987],[-118.2856,34.1971]]]},"properties":{"name":"Unnamed","year":1957,"acres":100,"agency":"USFS"}},{"type":"Feature","geometry":{"type":"Polygon","coordinates":[[[-118.2219,34.1017],[-118.2198,34.102],[-118.2194,34.1011],[-118.221,34.0995],[-118.2206,34.0985],[-118.2196,34.098],[-118.2187,34.0961],[-118.2194,34.0947],[-118.2204,34.0949],[-118.2213,34.0973],[-118.2227,34.0979],[-118.2228,34.1007],[-118.2241,34.1018],[-118.2244,34.1026],[-118.2236,34.1035],[-118.2229,34.1068],[-118.2215,34.1065],[-118.2215,34.1048],[-118.2203,34.1036],[-118.2201,34.1031],[-118.2214,34.1024],[-118.2219,34.1017]]]},"properties":{"name":"Unnamed","year":1957,"acres":76,"agency":"USFS"}},{"type":"Feature","geometry":{"type":"Polygon","coordinates":[[[-118.319,34.2111],[-118.3189,34.2108],[-118.318,34.2107],[-118.3191,34.2096],[-118.319,34.2085],[-118.3194,34.2086],[-118.3213,34.2069],[-118.3221,34.2067],[-118.3225,34.2076],[-118.3242,34.2086],[-118.3237,34.2104],[-118.3228,34.2102],[-118.3216,34.2107],[-118.32,34.2132],[-118.3192,34.2132],[-118.319,34.2111]]]},"properties":{"name":"Unnamed","year":1957,"acres":49,"agency":"USFS"}},{"type":"Feature","geometry":{"type":"Polygon","coordinates":[[[-118.2396,34.0717],[-118.2372,34.0715],[-118.2367,34.0706],[-118.2392,34.0689],[-118.2403,34.0687],[-118.2411,34.0705],[-118.2423,34.0707],[-118.2425,34.0716],[-118.2445,34.0729],[-118.2411,34.0741],[-118.2396,34.0717]]]},"properties":{"name":"Unnamed","year":1957,"acres":45,"agency":"USFS"}},{"type":"Feature","geometry":{"type":"Polygon","coordinates":[[[-118.2357,34.1272],[-118.2368,34.1276],[-118.2372,34.127],[-118.2379,34.1282],[-118.2366,34.1293],[-118.2365,34.1305],[-118.2351,34.1295],[-118.2343,34.1276],[-118.2357,34.1272]]]},"properties":{"name":"Unnamed","year":1957,"acres":18,"agency":"USFS"}},{"type":"Feature","geometry":{"type":"Polygon","coordinates":[[[-118.3278,34.2554],[-118.3262,34.2554],[-118.3275,34.2545],[-118.3281,34.2526],[-118.3288,34.2531],[-118.3294,34.2547],[-118.329,34.2559],[-118.3279,34.2561],[-118.3278,34.2554]]]},"properties":{"name":"Unnamed","year":1957,"acres":14,"agency":"USFS"}},{"type":"Feature","geometry":{"type":"MultiPolygon","coordinates":[[[[-118.4395,34.0916],[-118.4392,34.0903],[-118.4374,34.0889],[-118.4383,34.089],[-118.4411,34.0908],[-118.4411,34.0916],[-118.4395,34.0916]]],[[[-118.4418,34.097],[-118.4416,34.0934],[-118.4435,34.0922],[-118.4443,34.0935],[-118.4439,34.095],[-118.4444,34.0967],[-118.4418,34.097]]],[[[-118.4276,34.1068],[-118.4275,34.1055],[-118.4256,34.1043],[-118.4255,34.1038],[-118.426,34.1029],[-118.427,34.1028],[-118.427,34.1007],[-118.4287,34.1004],[-118.4289,34.0997],[-118.4283,34.0995],[-118.4298,34.0981],[-118.4302,34.0983],[-118.4301,34.0992],[-118.4308,34.0995],[-118.4298,34.0999],[-118.4294,34.1008],[-118.4308,34.1],[-118.4337,34.1015],[-118.4338,34.1022],[-118.4322,34.1036],[-118.4341,34.1041],[-118.436,34.1027],[-118.4371,34.1034],[-118.4372,34.1041],[-118.4355,34.1062],[-118.4339,34.1061],[-118.4326,34.107],[-118.4303,34.1065],[-118.4281,34.1071],[-118.4276,34.1068]]],[[[-118.4376,34.1079],[-118.4385,34.1032],[-118.4363,34.0999],[-118.4366,34.0997],[-118.4359,34.0976],[-118.4366,34.0974],[-118.4385,34.0993],[-118.439,34.0983],[-118.4378,34.0957],[-118.4363,34.0938],[-118.4359,34.0908],[-118.4366,34.0896],[-118.4379,34.0905],[-118.4379,34.0919],[-118.4406,34.0947],[-118.4414,34.0983],[-118.445,34.1023],[-118.4441,34.1035],[-118.4435,34.1069],[-118.4453,34.1082],[-118.4413,34.108],[-118.4387,34.1084],[-118.4376,34.1079]]]]},"properties":{"name":"Unnamed","year":1958,"acres":384,"agency":"USFS"}},{"type":"Feature","geometry":{"type":"Polygon","coordinates":[[[-118.3251,34.2166],[-118.3276,34.2138],[-118.3307,34.216],[-118.3339,34.2156],[-118.3342,34.2161],[-118.3337,34.218],[-118.3308,34.2187],[-118.3257,34.2211],[-118.3251,34.2208],[-118.3251,34.2166]]]},"properties":{"name":"Unnamed","year":1958,"acres":97,"agency":"USFS"}},{"type":"Feature","geometry":{"type":"MultiPolygon","coordinates":[[[[-118.3221,34.2065],[-118.3216,34.2066],[-118.3217,34.2061],[-118.3227,34.2054],[-118.3228,34.2063],[-118.3221,34.2065]]],[[[-118.3261,34.2104],[-118.327,34.2108],[-118.3263,34.2116],[-118.325,34.2118],[-118.3226,34.2132],[-118.3217,34.213],[-118.3233,34.2116],[-118.3261,34.2104]]],[[[-118.3244,34.2091],[-118.3238,34.2072],[-118.3259,34.207],[-118.3279,34.2077],[-118.3272,34.2095],[-118.326,34.209],[-118.3247,34.2097],[-118.3244,34.2091]]]]},"properties":{"name":"Unnamed","year":1958,"acres":38,"agency":"USFS"}},{"type":"Feature","geometry":{"type":"MultiPolygon","coordinates":[[[[-118.2028,34.2818],[-118.2033,34.2796],[-118.2057,34.2786],[-118.2065,34.2804],[-118.2064,34.2816],[-118.2035,34.2822],[-118.2028,34.2818]]],[[[-118.1767,34.2945],[-118.1728,34.2917],[-118.1757,34.291],[-118.1768,34.2897],[-118.1808,34.288],[-118.1813,34.2872],[-118.1806,34.286],[-118.1809,34.2844],[-118.1797,34.2826],[-118.1778,34.2827],[-118.1767,34.2814],[-118.1715,34.2807],[-118.1707,34.2799],[-118.1726,34.2775],[-118.1756,34.2767],[-118.1767,34.2739],[-118.1773,34.2695],[-118.1723,34.2702],[-118.1692,34.2699],[-118.1639,34.2688],[-118.1623,34.2676],[-118.1594,34.27],[-118.157,34.2698],[-118.1531,34.2705],[-118.1471,34.2695],[-118.1443,34.2741],[-118.144,34.2753],[-118.1473,34.2809],[-118.1468,34.2833],[-118.1393,34.2822],[-118.1382,34.2826],[-118.1348,34.2823],[-118.1349,34.2845],[-118.134,34.2855],[-118.1338,34.2867],[-118.1336,34.2921],[-118.1309,34.2921],[-118.13,34.2908],[-118.1296,34.2918],[-118.1291,34.2918],[-118.1289,34.2928],[-118.1266,34.2906],[-118.1271,34.2875],[-118.1255,34.2853],[-118.1282,34.2846],[-118.1302,34.2798],[-118.1318,34.2775],[-118.1335,34.2734],[-118.137,34.2708],[-118.1402,34.2704],[-118.1407,34.2698],[-118.14,34.2682],[-118.1377,34.2675],[-118.135,34.2659],[-118.1313,34.266],[-118.1294,34.2652],[-118.1273,34.2653],[-118.1252,34.2639],[-118.1208,34.2634],[-118.1195,34.2624],[-118.1185,34.259],[-118.1165,34.2602],[-118.1155,34.26],[-118.1112,34.2562],[-118.1155,34.2578],[-118.116,34.2574],[-118.1155,34.257],[-118.109,34.2542],[-118.1087,34.2483],[-118.1057,34.2476],[-118.105,34.2462],[-118.1003,34.2444],[-118.0986,34.2428],[-118.1001,34.2401],[-118.0994,34.2376],[-118.1043,34.2351],[-118.1068,34.2323],[-118.1098,34.2335],[-118.1145,34.2344],[-118.1184,34.2345],[-118.1227,34.2359],[-118.13,34.2359],[-118.1322,34.2352],[-118.1353,34.2364],[-118.1384,34.2353],[-118.1426,34.2335],[-118.1417,34.2305],[-118.1466,34.2256],[-118.149,34.221],[-118.1574,34.2195],[-118.1582,34.2198],[-118.159,34.2179],[-118.1609,34.2179],[-118.161,34.2167],[-118.164,34.2164],[-118.1654,34.2143],[-118.1666,34.2139],[-118.1669,34.2123],[-118.1699,34.2112],[-118.1724,34.2136],[-118.1738,34.2135],[-118.1749,34.2161],[-118.176,34.2165],[-118.1767,34.2187],[-118.1783,34.2197],[-118.1778,34.2222],[-118.1807,34.224],[-118.1797,34.225],[-118.1798,34.2276],[-118.1788,34.2276],[-118.1771,34.2266],[-118.1756,34.2271],[-118.1753,34.2278],[-118.1779,34.2288],[-118.1806,34.2305],[-118.1826,34.2302],[-118.1835,34.2291],[-118.1851,34.2289],[-118.1867,34.2276],[-118.1884,34.2272],[-118.1884,34.2257],[-118.1894,34.2245],[-118.1901,34.224],[-118.1929,34.2234],[-118.1933,34.222],[-118.1925,34.2207],[-118.1954,34.2207],[-118.1963,34.2226],[-118.1992,34.2211],[-118.1999,34.222],[-118.2015,34.2224],[-118.2036,34.2216],[-118.2046,34.223],[-118.2058,34.2232],[-118.2072,34.2229],[-118.2074,34.2214],[-118.2102,34.2212],[-118.2098,34.2233],[-118.2105,34.2257],[-118.2092,34.2278],[-118.2052,34.2289],[-118.2011,34.231],[-118.1993,34.2325],[-118.1968,34.2333],[-118.1967,34.2347],[-118.1983,34.2357],[-118.2001,34.2383],[-118.2062,34.2448],[-118.2084,34.2453],[-118.2093,34.2465],[-118.2121,34.2466],[-118.2116,34.2484],[-118.2124,34.2496],[-118.2144,34.2511],[-118.2139,34.2521],[-118.2167,34.2537],[-118.2172,34.2563],[-118.2192,34.2584],[-118.2216,34.26],[-118.2217,34.261],[-118.224,34.2612],[-118.2267,34.2622],[-118.2283,34.2635],[-118.2309,34.2639],[-118.2323,34.2659],[-118.2361,34.2689],[-118.2373,34.2688],[-118.2406,34.2712],[-118.2451,34.2734],[-118.2449,34.2753],[-118.2453,34.2765],[-118.247,34.2767],[-118.2464,34.2787],[-118.2437,34.2819],[-118.2431,34.2845],[-118.2387,34.287],[-118.2387,34.2895],[-118.2377,34.2922],[-118.2371,34.2924],[-118.2355,34.2917],[-118.2351,34.2894],[-118.2341,34.2888],[-118.2334,34.2877],[-118.2296,34.2869],[-118.2283,34.2856],[-118.2269,34.2851],[-118.2258,34.2839],[-118.2231,34.2837],[-118.2217,34.2789],[-118.2211,34.2786],[-118.2189,34.279],[-118.2184,34.2773],[-118.2169,34.2757],[-118.2164,34.2758],[-118.2143,34.2764],[-118.2138,34.2776],[-118.2122,34.2767],[-118.2107,34.2769],[-118.2101,34.2787],[-118.209,34.2792],[-118.2073,34.2794],[-118.2066,34.278],[-118.206,34.2779],[-118.2048,34.2783],[-118.2033,34.279],[-118.202,34.2814],[-118.1992,34.2811],[-118.1966,34.2837],[-118.1951,34.2838],[-118.192,34.2865],[-118.1898,34.2912],[-118.1886,34.2914],[-118.1866,34.291],[-118.1852,34.2914],[-118.1842,34.2909],[-118.1833,34.2919],[-118.181,34.2912],[-118.1812,34.2927],[-118.1801,34.2936],[-118.1801,34.2946],[-118.1767,34.2945]]]]},"properties":{"name":"Woodwardia","year":1959,"acres":14403,"agency":"CCO"}},{"type":"Feature","geometry":{"type":"MultiPolygon","coordinates":[[[[-118.3763,34.1137],[-118.377,34.1135],[-118.3773,34.1122],[-118.3788,34.1109],[-118.3805,34.1122],[-118.3795,34.1136],[-118.3763,34.1137]]],[[[-118.3807,34.1229],[-118.3747,34.1205],[-118.3724,34.1217],[-118.3708,34.1218],[-118.3709,34.1193],[-118.3705,34.1186],[-118.3717,34.1165],[-118.3701,34.1163],[-118.3697,34.115],[-118.373,34.1142],[-118.3751,34.1153],[-118.3759,34.115],[-118.3768,34.1153],[-118.379,34.1177],[-118.3803,34.1182],[-118.3823,34.1199],[-118.3822,34.1216],[-118.3808,34.1214],[-118.3811,34.123],[-118.3807,34.1229]]]]},"properties":{"name":"Unnamed","year":1959,"acres":177,"agency":"USFS"}},{"type":"Feature","geometry":{"type":"Polygon","coordinates":[[[-118.1852,34.1718],[-118.1835,34.1722],[-118.1832,34.1704],[-118.1814,34.17],[-118.1811,34.1694],[-118.1814,34.1691],[-118.183,34.1681],[-118.1865,34.1682],[-118.19,34.1666],[-118.1913,34.1669],[-118.1916,34.1679],[-118.1909,34.1688],[-118.189,34.1686],[-118.1866,34.1703],[-118.187,34.1722],[-118.1865,34.173],[-118.1859,34.1729],[-118.1852,34.1718]]]},"properties":{"name":"Unnamed","year":1959,"acres":67,"agency":"USFS"}},{"type":"Feature","geometry":{"type":"MultiPolygon","coordinates":[[[[-118.4016,34.1226],[-118.4024,34.1225],[-118.4026,34.1229],[-118.4017,34.1236],[-118.4013,34.1232],[-118.4016,34.1226]]],[[[-118.4088,34.1259],[-118.4094,34.126],[-118.4098,34.1283],[-118.4087,34.1283],[-118.4083,34.1271],[-118.4088,34.1259]]],[[[-118.4039,34.1277],[-118.4047,34.1265],[-118.4037,34.1262],[-118.4032,34.1247],[-118.4048,34.1244],[-118.405,34.1241],[-118.4042,34.1238],[-118.4051,34.1227],[-118.406,34.1232],[-118.4073,34.1232],[-118.4082,34.1257],[-118.4079,34.1273],[-118.4069,34.1281],[-118.4062,34.1277],[-118.4042,34.1282],[-118.4039,34.1277]]]]},"properties":{"name":"Unnamed","year":1959,"acres":56,"agency":"USFS"}},{"type":"Feature","geometry":{"type":"Polygon","coordinates":[[[-118.4134,34.1357],[-118.4146,34.1345],[-118.4156,34.1354],[-118.4152,34.1365],[-118.4145,34.1366],[-118.4134,34.1357]]]},"properties":{"name":"Unnamed","year":1959,"acres":7,"agency":"USFS"}},{"type":"Feature","geometry":{"type":"Polygon","coordinates":[[[-118.4134,34.1357],[-118.4146,34.1345],[-118.4156,34.1354],[-118.4152,34.1365],[-118.4145,34.1366],[-118.4134,34.1357]]]},"properties":{"name":"Unnamed","year":1959,"acres":7,"agency":"CCO"}},{"type":"Feature","geometry":{"type":"Polygon","coordinates":[[[-118.3422,34.3528],[-118.3417,34.3524],[-118.3409,34.3534],[-118.3393,34.353],[-118.3384,34.3532],[-118.3362,34.3522],[-118.3351,34.3532],[-118.3286,34.3516],[-118.3271,34.3517],[-118.3264,34.3511],[-118.3255,34.3515],[-118.3252,34.3512],[-118.3246,34.3518],[-118.3243,34.3509],[-118.323,34.3503],[-118.3205,34.3497],[-118.3192,34.3504],[-118.3179,34.3487],[-118.3199,34.3476],[-118.322,34.345],[-118.3226,34.343],[-118.3222,34.3405],[-118.3226,34.3399],[-118.3238,34.3397],[-118.3237,34.3379],[-118.3248,34.3367],[-118.325,34.3354],[-118.3276,34.3356],[-118.3287,34.3346],[-118.3297,34.3318],[-118.3293,34.3293],[-118.3296,34.3277],[-118.3315,34.3274],[-118.331,34.3262],[-118.3316,34.3258],[-118.3359,34.3247],[-118.3379,34.3232],[-118.3395,34.3211],[-118.342,34.3226],[-118.3458,34.3229],[-118.3478,34.3225],[-118.3478,34.3243],[-118.3467,34.3261],[-118.3483,34.3272],[-118.3461,34.327],[-118.3442,34.3286],[-118.3477,34.3282],[-118.345,34.3311],[-118.3452,34.3323],[-118.346,34.3327],[-118.3469,34.3346],[-118.3457,34.3369],[-118.3453,34.3398],[-118.3499,34.3416],[-118.3498,34.3424],[-118.3489,34.3427],[-118.3486,34.3436],[-118.3498,34.3438],[-118.3498,34.3452],[-118.3532,34.3483],[-118.3498,34.3479],[-118.3457,34.3482],[-118.3449,34.3508],[-118.3451,34.3521],[-118.3436,34.3518],[-118.3435,34.3536],[-118.3422,34.3528]]]},"properties":{"name":"Unnamed","year":1960,"acres":1575,"agency":"USFS"}},{"type":"Feature","geometry":{"type":"MultiPolygon","coordinates":[[[[-118.3126,34.2523],[-118.3131,34.2526],[-118.3122,34.2532],[-118.312,34.2527],[-118.3126,34.2523]]],[[[-118.3241,34.2551],[-118.3215,34.2551],[-118.3198,34.2535],[-118.3181,34.2528],[-118.3177,34.2515],[-118.315,34.2525],[-118.3139,34.2517],[-118.3095,34.2524],[-118.3081,34.2514],[-118.3055,34.2506],[-118.305,34.251],[-118.3063,34.2519],[-118.3056,34.252],[-118.3025,34.2511],[-118.3006,34.2514],[-118.299,34.2508],[-118.2985,34.2503],[-118.2986,34.2492],[-118.2965,34.2497],[-118.2954,34.2505],[-118.294,34.2487],[-118.2936,34.2468],[-118.2952,34.2431],[-118.2958,34.2432],[-118.2963,34.2442],[-118.2992,34.2442],[-118.3016,34.246],[-118.3025,34.2462],[-118.3043,34.2445],[-118.3034,34.2424],[-118.3055,34.2416],[-118.3059,34.2406],[-118.3075,34.2395],[-118.313,34.2391],[-118.3162,34.2402],[-118.3196,34.2386],[-118.321,34.2425],[-118.3211,34.2453],[-118.3196,34.2478],[-118.3168,34.2485],[-118.321,34.251],[-118.3256,34.2515],[-118.3247,34.2531],[-118.3249,34.2552],[-118.3241,34.2551]]]]},"properties":{"name":"Unnamed","year":1960,"acres":696,"agency":"USFS"}},{"type":"Feature","geometry":{"type":"Polygon","coordinates":[[[-118.4291,34.3519],[-118.428,34.3513],[-118.4276,34.3502],[-118.43,34.3482],[-118.432,34.3448],[-118.4327,34.3408],[-118.432,34.3389],[-118.4329,34.3349],[-118.4358,34.3312],[-118.4389,34.3309],[-118.4391,34.3282],[-118.4397,34.3275],[-118.4405,34.3275],[-118.4418,34.3321],[-118.4457,34.3346],[-118.4453,34.3378],[-118.4442,34.3391],[-118.4408,34.3392],[-118.4394,34.3407],[-118.4387,34.3432],[-118.4392,34.3452],[-118.4388,34.3456],[-118.437,34.3454],[-118.4363,34.3463],[-118.4363,34.3473],[-118.4378,34.3499],[-118.4375,34.3506],[-118.4361,34.3516],[-118.4367,34.3521],[-118.4361,34.3528],[-118.4344,34.354],[-118.4322,34.3545],[-118.4307,34.3527],[-118.4291,34.3519]]]},"properties":{"name":"Unnamed","year":1960,"acres":501,"agency":"USFS"}},{"type":"Feature","geometry":{"type":"Polygon","coordinates":[[[-118.4249,34.1288],[-118.4248,34.1303],[-118.4237,34.1305],[-118.4225,34.1293],[-118.4214,34.1292],[-118.4202,34.1276],[-118.4215,34.127],[-118.4217,34.1261],[-118.4229,34.1249],[-118.4252,34.1248],[-118.4259,34.1252],[-118.426,34.1259],[-118.4248,34.1277],[-118.4249,34.1288]]]},"properties":{"name":"Unnamed","year":1960,"acres":50,"agency":"USFS"}},{"type":"Feature","geometry":{"type":"Polygon","coordinates":[[[-118.296,34.275],[-118.2952,34.2742],[-118.2928,34.2741],[-118.2923,34.2737],[-118.2925,34.2731],[-118.2968,34.2718],[-118.297,34.2723],[-118.2959,34.2727],[-118.2957,34.2731],[-118.2962,34.2733],[-118.2972,34.2726],[-118.3006,34.2718],[-118.3006,34.2723],[-118.2981,34.2736],[-118.2994,34.2738],[-118.2994,34.2743],[-118.296,34.275]]]},"properties":{"name":"Unnamed","year":1960,"acres":34,"agency":"USFS"}},{"type":"Feature","geometry":{"type":"Polygon","coordinates":[[[-118.1583,34.2061],[-118.156,34.2058],[-118.1567,34.2039],[-118.158,34.2027],[-118.1595,34.2038],[-118.1598,34.2049],[-118.1595,34.2069],[-118.1583,34.2061]]]},"properties":{"name":"Unnamed","year":1960,"acres":24,"agency":"USFS"}},{"type":"Feature","geometry":{"type":"Polygon","coordinates":[[[-118.1577,34.2779],[-118.1565,34.2782],[-118.1554,34.2797],[-118.1544,34.2798],[-118.1553,34.278],[-118.1573,34.2767],[-118.158,34.2767],[-118.1577,34.2771],[-118.1581,34.2777],[-118.1577,34.2779]]]},"properties":{"name":"Unnamed","year":1960,"acres":10,"agency":"USFS"}},{"type":"Feature","geometry":{"type":"Polygon","coordinates":[[[-118.1304,34.2045],[-118.1313,34.206],[-118.1308,34.207],[-118.1298,34.2073],[-118.1304,34.2045]]]},"properties":{"name":"Unnamed","year":1960,"acres":6,"agency":"USFS"}},{"type":"Feature","geometry":{"type":"Polygon","coordinates":[[[-118.1304,34.2045],[-118.1313,34.206],[-118.1308,34.207],[-118.1298,34.2073],[-118.1304,34.2045]]]},"properties":{"name":"Unnamed","year":1960,"acres":6,"agency":"CCO"}},{"type":"Feature","geometry":{"type":"Polygon","coordinates":[[[-118.4555,34.1361],[-118.455,34.1358],[-118.455,34.1331],[-118.4544,34.1325],[-118.4532,34.1318],[-118.4496,34.1317],[-118.4487,34.1311],[-118.448,34.1295],[-118.4464,34.1289],[-118.4468,34.1281],[-118.4459,34.1265],[-118.4458,34.1249],[-118.4493,34.1243],[-118.4485,34.1219],[-118.4463,34.1214],[-118.4461,34.1191],[-118.4471,34.1128],[-118.4482,34.1118],[-118.4496,34.112],[-118.4491,34.1108],[-118.4494,34.1091],[-118.4491,34.108],[-118.4497,34.107],[-118.4465,34.1067],[-118.4454,34.1004],[-118.4455,34.0996],[-118.4468,34.0998],[-118.4469,34.0989],[-118.4458,34.0969],[-118.4436,34.0947],[-118.4438,34.0929],[-118.4426,34.0915],[-118.4425,34.0904],[-118.4539,34.0824],[-118.4544,34.0829],[-118.4542,34.0859],[-118.456,34.0843],[-118.4582,34.0856],[-118.4603,34.0861],[-118.4593,34.0814],[-118.4587,34.0803],[-118.4587,34.0797],[-118.4592,34.0795],[-118.46,34.0815],[-118.4621,34.0835],[-118.4625,34.0849],[-118.4638,34.0849],[-118.4641,34.0833],[-118.4635,34.0807],[-118.4658,34.0799],[-118.4677,34.0776],[-118.4681,34.0762],[-118.4689,34.0784],[-118.4682,34.0794],[-118.4681,34.0812],[-118.4691,34.0823],[-118.4699,34.0847],[-118.4702,34.0845],[-118.4697,34.0821],[-118.471,34.0813],[-118.4721,34.0825],[-118.4727,34.0846],[-118.4751,34.0856],[-118.4735,34.0807],[-118.4754,34.0783],[-118.4738,34.0768],[-118.4755,34.076],[-118.474,34.0739],[-118.4735,34.0722],[-118.4738,34.0705],[-118.4753,34.068],[-118.476,34.0686],[-118.4759,34.0716],[-118.4784,34.0764],[-118.4784,34.0783],[-118.4768,34.0789],[-118.4777,34.0794],[-118.4773,34.0803],[-118.4774,34.0818],[-118.4788,34.0831],[-118.4791,34.0846],[-118.4797,34.0848],[-118.479,34.0805],[-118.479,34.0796],[-118.4799,34.0785],[-118.4794,34.0745],[-118.4817,34.0791],[-118.4818,34.0803],[-118.4834,34.0824],[-118.4837,34.0817],[-118.483,34.0808],[-118.4828,34.0768],[-118.4822,34.0755],[-118.479,34.0723],[-118.4777,34.0689],[-118.4787,34.0664],[-118.4809,34.0638],[-118.4815,34.0637],[-118.4813,34.0657],[-118.4803,34.0666],[-118.4803,34.0688],[-118.4822,34.0693],[-118.4821,34.068],[-118.4827,34.0662],[-118.483,34.0663],[-118.4829,34.0689],[-118.4824,34.0705],[-118.4828,34.0717],[-118.4822,34.0735],[-118.4827,34.0748],[-118.4843,34.0767],[-118.4848,34.0766],[-118.4848,34.0755],[-118.4856,34.0745],[-118.4874,34.0741],[-118.4889,34.073],[-118.49,34.0733],[-118.4909,34.0754],[-118.4921,34.0766],[-118.4945,34.0761],[-118.4982,34.0765],[-118.4988,34.0772],[-118.4982,34.0785],[-118.5001,34.0786],[-118.5007,34.0808],[-118.5026,34.0806],[-118.5062,34.0782],[-118.5066,34.0805],[-118.5075,34.0812],[-118.5078,34.0826],[-118.5088,34.0843],[-118.508,34.0856],[-118.5067,34.0861],[-118.5065,34.0874],[-118.5044,34.0891],[-118.5029,34.093],[-118.5014,34.0951],[-118.4959,34.1007],[-118.4955,34.1025],[-118.4938,34.1053],[-118.4951,34.108],[-118.4947,34.1118],[-118.4934,34.115],[-118.488,34.1178],[-118.4825,34.1184],[-118.4788,34.1231],[-118.4749,34.1252],[-118.4738,34.1284],[-118.4724,34.1298],[-118.4695,34.1288],[-118.4664,34.1241],[-118.4649,34.1238],[-118.4626,34.1248],[-118.4619,34.1254],[-118.462,34.1262],[-118.4644,34.1276],[-118.4614,34.1279],[-118.4626,34.1291],[-118.461,34.1288],[-118.4605,34.1291],[-118.4606,34.1303],[-118.46,34.1318],[-118.4604,34.1328],[-118.4575,34.1354],[-118.4555,34.1361]]]},"properties":{"name":"Bel Air","year":1961,"acres":6152,"agency":"USFS"}},{"type":"Feature","geometry":{"type":"Polygon","coordinates":[[[-118.3652,34.3197],[-118.3621,34.3199],[-118.3596,34.3181],[-118.3572,34.3177],[-118.3539,34.3159],[-118.347,34.3054],[-118.3488,34.3026],[-118.3487,34.3008],[-118.3492,34.3001],[-118.3511,34.2991],[-118.3541,34.2963],[-118.3567,34.2949],[-118.356,34.2912],[-118.3553,34.2899],[-118.3517,34.2884],[-118.3506,34.2871],[-118.3519,34.285],[-118.3532,34.2845],[-118.355,34.283],[-118.3547,34.2814],[-118.3565,34.2792],[-118.3598,34.2795],[-118.3609,34.2802],[-118.3669,34.2803],[-118.3677,34.2811],[-118.3686,34.2834],[-118.3691,34.2835],[-118.37,34.2826],[-118.3714,34.2826],[-118.3736,34.2792],[-118.3736,34.2805],[-118.375,34.282],[-118.3745,34.2841],[-118.375,34.2885],[-118.3745,34.2907],[-118.3755,34.2924],[-118.3747,34.2931],[-118.3746,34.2968],[-118.3753,34.2976],[-118.3751,34.2985],[-118.3758,34.3018],[-118.3753,34.3053],[-118.3738,34.3079],[-118.3727,34.3113],[-118.373,34.3133],[-118.3718,34.3145],[-118.37,34.3178],[-118.3667,34.3202],[-118.3652,34.3197]]]},"properties":{"name":"Unnamed","year":1961,"acres":2120,"agency":"USFS"}},{"type":"Feature","geometry":{"type":"Polygon","coordinates":[[[-118.0634,34.1907],[-118.0626,34.1885],[-118.0627,34.1843],[-118.0636,34.1817],[-118.0652,34.18],[-118.0602,34.1809],[-118.0525,34.1836],[-118.0518,34.1828],[-118.0521,34.1811],[-118.0483,34.1812],[-118.0453,34.1806],[-118.0443,34.1791],[-118.0447,34.1774],[-118.0433,34.1758],[-118.0434,34.1752],[-118.046,34.1739],[-118.048,34.1737],[-118.0467,34.1723],[-118.049,34.1706],[-118.05,34.1704],[-118.0515,34.1711],[-118.0536,34.1712],[-118.0544,34.1737],[-118.058,34.1751],[-118.0601,34.1738],[-118.0648,34.1749],[-118.0682,34.1736],[-118.07,34.1754],[-118.0713,34.1755],[-118.0746,34.1731],[-118.0757,34.1733],[-118.0764,34.1768],[-118.0785,34.1808],[-118.0783,34.1836],[-118.0686,34.1904],[-118.0634,34.1907]]]},"properties":{"name":"Sierra Madre","year":1961,"acres":922,"agency":"USFS"}},{"type":"Feature","geometry":{"type":"Polygon","coordinates":[[[-118.3019,34.1375],[-118.301,34.1378],[-118.2997,34.1373],[-118.2992,34.1363],[-118.2976,34.1367],[-118.297,34.1355],[-118.2944,34.1349],[-118.2951,34.134],[-118.2965,34.1338],[-118.2975,34.1327],[-118.2975,34.1322],[-118.2965,34.1312],[-118.2978,34.1298],[-118.2945,34.1288],[-118.2968,34.1272],[-118.298,34.1238],[-118.2996,34.123],[-118.2995,34.1206],[-118.3064,34.12],[-118.3088,34.1208],[-118.3123,34.1212],[-118.3143,34.1202],[-118.315,34.1206],[-118.3157,34.1193],[-118.3155,34.121],[-118.3139,34.1216],[-118.315,34.122],[-118.3128,34.1274],[-118.3129,34.1281],[-118.3137,34.1282],[-118.3153,34.127],[-118.3144,34.1259],[-118.3145,34.1249],[-118.3159,34.123],[-118.3173,34.1229],[-118.3169,34.1217],[-118.3173,34.1204],[-118.3183,34.1205],[-118.3188,34.1217],[-118.3188,34.1239],[-118.3177,34.124],[-118.3163,34.1262],[-118.3171,34.1265],[-118.3182,34.1255],[-118.3189,34.1261],[-118.3198,34.1241],[-118.3203,34.1238],[-118.3208,34.1244],[-118.3203,34.1269],[-118.319,34.1284],[-118.3192,34.1299],[-118.3184,34.1316],[-118.3205,34.1334],[-118.3204,34.1344],[-118.3164,34.1358],[-118.3155,34.1367],[-118.3149,34.1356],[-118.3138,34.1351],[-118.3084,34.1368],[-118.3049,34.136],[-118.3036,34.1378],[-118.3019,34.1375]]]},"properties":{"name":"Unnamed","year":1961,"acres":847,"agency":"USFS"}},{"type":"Feature","geometry":{"type":"Polygon","coordinates":[[[-118.276,34.2328],[-118.2763,34.2302],[-118.2747,34.2303],[-118.2742,34.2288],[-118.2729,34.2274],[-118.2727,34.2255],[-118.2737,34.2246],[-118.2776,34.226],[-118.2792,34.229],[-118.2792,34.2312],[-118.2805,34.2322],[-118.2812,34.2336],[-118.2777,34.2326],[-118.275,34.2339],[-118.276,34.2328]]]},"properties":{"name":"Unnamed","year":1961,"acres":91,"agency":"USFS"}},{"type":"Feature","geometry":{"type":"Polygon","coordinates":[[[-118.3771,34.2867],[-118.3789,34.2872],[-118.3805,34.2886],[-118.3812,34.2904],[-118.3804,34.2916],[-118.3788,34.2922],[-118.3767,34.2914],[-118.3764,34.2877],[-118.3771,34.2867]]]},"properties":{"name":"Unnamed","year":1961,"acres":49,"agency":"USFS"}},{"type":"Feature","geometry":{"type":"Polygon","coordinates":[[[-118.3061,34.2762],[-118.3048,34.2755],[-118.3086,34.2743],[-118.3095,34.2733],[-118.3112,34.2722],[-118.3127,34.2734],[-118.3124,34.2741],[-118.3092,34.2762],[-118.3061,34.2762]]]},"properties":{"name":"Unnamed","year":1961,"acres":33,"agency":"USFS"}},{"type":"Feature","geometry":{"type":"Polygon","coordinates":[[[-118.3016,34.1207],[-118.3007,34.1207],[-118.3013,34.1202],[-118.3007,34.1191],[-118.302,34.1194],[-118.3036,34.1191],[-118.3027,34.1211],[-118.3017,34.1216],[-118.3016,34.1207]]]},"properties":{"name":"Unnamed","year":1961,"acres":12,"agency":"USFS"}},{"type":"Feature","geometry":{"type":"MultiPolygon","coordinates":[[[[-118.5001,34.3636],[-118.5004,34.3635],[-118.5003,34.3644],[-118.4997,34.3647],[-118.4994,34.3641],[-118.5001,34.3636]]],[[[-118.5103,34.3834],[-118.5103,34.383],[-118.5118,34.3827],[-118.5123,34.3833],[-118.5134,34.3834],[-118.5121,34.3847],[-118.5103,34.3834]]],[[[-118.5276,34.3897],[-118.5245,34.39],[-118.5235,34.389],[-118.5255,34.3888],[-118.5259,34.3876],[-118.5271,34.3877],[-118.528,34.388],[-118.5293,34.3893],[-118.5282,34.3901],[-118.5276,34.3897]]],[[[-118.5258,34.4032],[-118.5242,34.4024],[-118.5215,34.4026],[-118.5198,34.402],[-118.5145,34.4022],[-118.5127,34.4028],[-118.5127,34.4014],[-118.5114,34.4019],[-118.512,34.401],[-118.5181,34.3996],[-118.5167,34.3979],[-118.5133,34.3965],[-118.5111,34.3963],[-118.5128,34.3941],[-118.5041,34.3939],[-118.502,34.3947],[-118.5013,34.3942],[-118.5,34.3942],[-118.5001,34.3927],[-118.4996,34.3923],[-118.4981,34.3945],[-118.4975,34.3945],[-118.4952,34.3933],[-118.4952,34.3919],[-118.4933,34.3921],[-118.4934,34.3899],[-118.4914,34.3905],[-118.4918,34.3894],[-118.4905,34.3888],[-118.4919,34.3878],[-118.4904,34.3876],[-118.4903,34.387],[-118.4912,34.3858],[-118.4904,34.3852],[-118.4892,34.3852],[-118.4878,34.3864],[-118.4841,34.3877],[-118.4828,34.3899],[-118.4815,34.3895],[-118.4794,34.388],[-118.4792,34.3856],[-118.4783,34.3833],[-118.4766,34.384],[-118.4771,34.38],[-118.4789,34.3779],[-118.4817,34.3789],[-118.4849,34.3786],[-118.4882,34.3796],[-118.4897,34.3788],[-118.4914,34.3804],[-118.4908,34.3813],[-118.4897,34.3813],[-118.489,34.3818],[-118.4906,34.3825],[-118.4922,34.3813],[-118.4936,34.3808],[-118.4958,34.3811],[-118.4996,34.3807],[-118.5013,34.3811],[-118.5023,34.3808],[-118.5025,34.3798],[-118.5034,34.3797],[-118.5058,34.3813],[-118.5037,34.3819],[-118.5031,34.3826],[-118.5039,34.3836],[-118.5036,34.3848],[-118.5053,34.3839],[-118.5059,34.3847],[-118.507,34.3844],[-118.507,34.3851],[-118.5081,34.3848],[-118.5089,34.3854],[-118.5112,34.3853],[-118.5146,34.3867],[-118.5107,34.3891],[-118.51,34.3887],[-118.5087,34.3894],[-118.5084,34.3905],[-118.5097,34.3907],[-118.5103,34.3929],[-118.5107,34.3924],[-118.5106,34.3897],[-118.5141,34.3887],[-118.5148,34.3891],[-118.5148,34.3902],[-118.5153,34.3885],[-118.5164,34.3888],[-118.5165,34.3892],[-118.5175,34.3889],[-118.5195,34.3892],[-118.5206,34.3885],[-118.5199,34.3872],[-118.5202,34.3864],[-118.5213,34.3868],[-118.522,34.3866],[-118.5221,34.3877],[-118.5231,34.3877],[-118.5234,34.3883],[-118.5231,34.389],[-118.5217,34.3884],[-118.5219,34.389],[-118.525,34.3907],[-118.5284,34.3917],[-118.5346,34.3922],[-118.5362,34.3931],[-118.5366,34.3924],[-118.5387,34.3951],[-118.5385,34.3965],[-118.537,34.397],[-118.5353,34.3962],[-118.5346,34.3965],[-118.534,34.396],[-118.5341,34.3948],[-118.5328,34.3955],[-118.5328,34.3948],[-118.5319,34.395],[-118.5315,34.394],[-118.5299,34.3933],[-118.5313,34.3954],[-118.5306,34.3962],[-118.5317,34.3963],[-118.532,34.3968],[-118.532,34.3972],[-118.5311,34.3972],[-118.5312,34.3984],[-118.5278,34.3975],[-118.5278,34.3982],[-118.5299,34.399],[-118.53,34.3994],[-118.5258,34.3994],[-118.5241,34.3997],[-118.5235,34.4006],[-118.5257,34.401],[-118.526,34.4024],[-118.5275,34.403],[-118.5279,34.402],[-118.5301,34.4015],[-118.5305,34.4009],[-118.5312,34.4009],[-118.5315,34.402],[-118.5327,34.4018],[-118.5332,34.4006],[-118.5339,34.4005],[-118.5345,34.4015],[-118.5344,34.403],[-118.5326,34.4036],[-118.5299,34.4029],[-118.5275,34.4037],[-118.5258,34.4032]]],[[[-118.5226,34.3826],[-118.5214,34.3825],[-118.52,34.381],[-118.5188,34.3804],[-118.5164,34.3806],[-118.5167,34.3797],[-118.5155,34.3808],[-118.5127,34.3806],[-118.5114,34.381],[-118.5082,34.3806],[-118.5076,34.38],[-118.5041,34.379],[-118.5032,34.3794],[-118.5022,34.3792],[-118.5014,34.3774],[-118.4992,34.3781],[-118.4956,34.3748],[-118.4947,34.3749],[-118.4936,34.377],[-118.4924,34.3771],[-118.4918,34.3761],[-118.4923,34.3735],[-118.4914,34.3721],[-118.493,34.37],[-118.4905,34.3708],[-118.4904,34.3696],[-118.4897,34.3693],[-118.487,34.3708],[-118.4842,34.3704],[-118.4825,34.3714],[-118.4775,34.3701],[-118.4759,34.3709],[-118.4726,34.3714],[-118.4702,34.3725],[-118.465,34.3695],[-118.4599,34.3686],[-118.4583,34.3693],[-118.4521,34.3654],[-118.452,34.3623],[-118.4503,34.3616],[-118.4507,34.361],[-118.4488,34.3603],[-118.4493,34.3593],[-118.448,34.3582],[-118.4467,34.3555],[-118.4449,34.3549],[-118.4445,34.3558],[-118.4431,34.3559],[-118.4409,34.3568],[-118.438,34.357],[-118.4367,34.3544],[-118.4385,34.3526],[-118.4355,34.3524],[-118.4342,34.3536],[-118.4331,34.3529],[-118.4309,34.3526],[-118.4306,34.3521],[-118.4343,34.3511],[-118.4346,34.3519],[-118.4352,34.3513],[-118.4363,34.3514],[-118.437,34.3508],[-118.4364,34.3494],[-118.4366,34.3485],[-118.4357,34.3475],[-118.4365,34.3459],[-118.4358,34.3443],[-118.4381,34.3448],[-118.4385,34.3439],[-118.4394,34.3439],[-118.4396,34.3433],[-118.4413,34.3443],[-118.4419,34.346],[-118.4454,34.3458],[-118.4452,34.3441],[-118.4458,34.3438],[-118.4455,34.343],[-118.4458,34.3422],[-118.4457,34.3401],[-118.4449,34.3384],[-118.4464,34.3344],[-118.4426,34.3352],[-118.4456,34.3327],[-118.447,34.3328],[-118.4474,34.3311],[-118.447,34.3292],[-118.4487,34.327],[-118.4508,34.3273],[-118.4516,34.3277],[-118.4516,34.3283],[-118.4526,34.3281],[-118.4525,34.3274],[-118.4536,34.326],[-118.4574,34.3247],[-118.4585,34.325],[-118.4591,34.3261],[-118.4595,34.3248],[-118.4633,34.3277],[-118.4649,34.3279],[-118.465,34.3265],[-118.4654,34.3277],[-118.4665,34.3283],[-118.4653,34.3287],[-118.4654,34.3291],[-118.4697,34.3297],[-118.4702,34.329],[-118.4696,34.328],[-118.4702,34.3264],[-118.474,34.3243],[-118.4738,34.3232],[-118.4742,34.3229],[-118.4764,34.3236],[-118.476,34.325],[-118.4763,34.3254],[-118.4777,34.3246],[-118.4805,34.3251],[-118.4813,34.3234],[-118.4831,34.3244],[-118.4832,34.325],[-118.4821,34.3262],[-118.4824,34.3269],[-118.4807,34.3283],[-118.4807,34.3289],[-118.4814,34.329],[-118.4834,34.3276],[-118.4863,34.3279],[-118.4879,34.327],[-118.4892,34.328],[-118.4897,34.3274],[-118.4892,34.326],[-118.4909,34.3259],[-118.4915,34.3254],[-118.4905,34.3238],[-118.4903,34.3206],[-118.4899,34.3196],[-118.4904,34.318],[-118.4916,34.3179],[-118.497,34.3218],[-118.4979,34.3244],[-118.5003,34.3237],[-118.4992,34.326],[-118.4997,34.3269],[-118.4982,34.3287],[-118.4978,34.3329],[-118.4984,34.3327],[-118.4997,34.3309],[-118.4992,34.3295],[-118.4994,34.329],[-118.5017,34.3278],[-118.5022,34.328],[-118.5006,34.3301],[-118.5008,34.3314],[-118.5014,34.3328],[-118.5027,34.3325],[-118.5035,34.3338],[-118.5023,34.3355],[-118.5026,34.3371],[-118.5011,34.3392],[-118.5019,34.3385],[-118.5025,34.339],[-118.5007,34.3409],[-118.5035,34.3404],[-118.5039,34.3412],[-118.5036,34.3431],[-118.507,34.3438],[-118.5077,34.3434],[-118.5081,34.3421],[-118.5087,34.342],[-118.5094,34.3425],[-118.5099,34.3443],[-118.5097,34.3459],[-118.5085,34.3471],[-118.5075,34.3472],[-118.5072,34.3462],[-118.5049,34.349],[-118.5058,34.3518],[-118.506,34.3543],[-118.5072,34.3566],[-118.5061,34.3586],[-118.5058,34.3609],[-118.5051,34.3614],[-118.5034,34.3614],[-118.5033,34.3622],[-118.5002,34.3624],[-118.4984,34.3635],[-118.4988,34.3645],[-118.4983,34.3647],[-118.4976,34.3642],[-118.4969,34.3623],[-118.4965,34.3641],[-118.4971,34.3655],[-118.4957,34.3652],[-118.4948,34.3638],[-118.4943,34.3642],[-118.4945,34.3656],[-118.493,34.3655],[-118.4919,34.366],[-118.4953,34.3665],[-118.4955,34.3669],[-118.495,34.3675],[-118.4954,34.3676],[-118.4973,34.367],[-118.4991,34.367],[-118.5013,34.3661],[-118.5046,34.3662],[-118.5058,34.3677],[-118.5043,34.368],[-118.5035,34.3689],[-118.5061,34.3687],[-118.5071,34.3701],[-118.5043,34.3714],[-118.5079,34.3706],[-118.5082,34.3731],[-118.5087,34.3738],[-118.5101,34.3739],[-118.5114,34.3733],[-118.5119,34.3738],[-118.5121,34.3725],[-118.5128,34.3725],[-118.5129,34.3739],[-118.5117,34.3761],[-118.5118,34.3771],[-118.5142,34.3739],[-118.5163,34.3743],[-118.5159,34.3756],[-118.5179,34.3753],[-118.5193,34.3768],[-118.5193,34.3782],[-118.5223,34.3789],[-118.5245,34.3803],[-118.5242,34.3809],[-118.523,34.3812],[-118.5232,34.3824],[-118.5226,34.3826]]],[[[-118.5157,34.378],[-118.5164,34.3775],[-118.5159,34.3764],[-118.5152,34.3772],[-118.5157,34.378]]],[[[-118.5135,34.3781],[-118.5135,34.3777],[-118.5129,34.3775],[-118.5112,34.3784],[-118.5118,34.3791],[-118.5135,34.3781]]]]},"properties":{"name":"Newhall","year":1962,"acres":8583,"agency":"USFS"}},{"type":"Feature","geometry":{"type":"Polygon","coordinates":[[[-118.1251,34.2271],[-118.1239,34.2275],[-118.1226,34.227],[-118.1178,34.2234],[-118.1188,34.2221],[-118.1203,34.2216],[-118.1185,34.2174],[-118.1192,34.2166],[-118.1202,34.2168],[-118.1208,34.2163],[-118.1217,34.213],[-118.1212,34.2106],[-118.1229,34.2105],[-118.1252,34.2088],[-118.1271,34.2087],[-118.129,34.2072],[-118.1308,34.207],[-118.1309,34.2083],[-118.1348,34.2112],[-118.1341,34.2123],[-118.1352,34.2127],[-118.1353,34.2136],[-118.1341,34.215],[-118.1323,34.2154],[-118.1328,34.2158],[-118.133,34.2177],[-118.1296,34.2171],[-118.1275,34.2177],[-118.1275,34.2184],[-118.1295,34.2195],[-118.1327,34.2198],[-118.1326,34.2202],[-118.1317,34.2203],[-118.1322,34.2211],[-118.1313,34.2218],[-118.1324,34.2225],[-118.131,34.2231],[-118.131,34.2239],[-118.1296,34.2236],[-118.1291,34.224],[-118.1299,34.2245],[-118.129,34.2252],[-118.1294,34.2264],[-118.1276,34.2271],[-118.1278,34.2285],[-118.1264,34.2282],[-118.1251,34.2271]]]},"properties":{"name":"Unnamed","year":1962,"acres":545,"agency":"USFS"}},{"type":"Feature","geometry":{"type":"Polygon","coordinates":[[[-118.2702,34.2021],[-118.2709,34.1988],[-118.2718,34.1985],[-118.2721,34.1977],[-118.2723,34.1953],[-118.2713,34.193],[-118.2715,34.1921],[-118.2731,34.1908],[-118.2753,34.1904],[-118.2763,34.1896],[-118.2771,34.1917],[-118.2796,34.1928],[-118.2786,34.1945],[-118.2786,34.1959],[-118.2796,34.197],[-118.2779,34.1981],[-118.2747,34.202],[-118.2707,34.2031],[-118.2702,34.2021]]]},"properties":{"name":"Unnamed","year":1962,"acres":189,"agency":"USFS"}},{"type":"Feature","geometry":{"type":"Polygon","coordinates":[[[-118.2016,34.2313],[-118.2001,34.2314],[-118.2001,34.2307],[-118.2051,34.2279],[-118.2078,34.2282],[-118.2076,34.2298],[-118.2063,34.2314],[-118.2049,34.2313],[-118.2034,34.2326],[-118.2016,34.2313]]]},"properties":{"name":"Unnamed","year":1962,"acres":50,"agency":"USFS"}},{"type":"Feature","geometry":{"type":"Polygon","coordinates":[[[-118.2855,34.1327],[-118.2831,34.1325],[-118.2829,34.1322],[-118.2833,34.1315],[-118.2865,34.1299],[-118.2895,34.1302],[-118.29,34.1313],[-118.288,34.1327],[-118.2855,34.1327]]]},"properties":{"name":"Unnamed","year":1962,"acres":35,"agency":"USFS"}},{"type":"Feature","geometry":{"type":"Polygon","coordinates":[[[-118.3535,34.2397],[-118.3529,34.2377],[-118.3531,34.237],[-118.355,34.2363],[-118.3564,34.2386],[-118.3553,34.239],[-118.3552,34.2402],[-118.3543,34.2404],[-118.3535,34.2397]]]},"properties":{"name":"Unnamed","year":1962,"acres":22,"agency":"USFS"}},{"type":"Feature","geometry":{"type":"Polygon","coordinates":[[[-118.2883,34.1403],[-118.2881,34.1374],[-118.2893,34.1361],[-118.2909,34.1359],[-118.2902,34.1346],[-118.2907,34.1337],[-118.2907,34.1318],[-118.2888,34.1297],[-118.2911,34.1284],[-118.2938,34.1286],[-118.2958,34.1302],[-118.2975,34.1301],[-118.296,34.1319],[-118.2963,34.1322],[-118.2973,34.132],[-118.2974,34.1325],[-118.296,34.1342],[-118.2948,34.1346],[-118.2943,34.1381],[-118.292,34.1384],[-118.2905,34.1404],[-118.2887,34.1408],[-118.2883,34.1403]]]},"properties":{"name":"Unnamed","year":1963,"acres":157,"agency":"USFS"}},{"type":"Feature","geometry":{"type":"Polygon","coordinates":[[[-118.2968,34.1547],[-118.2946,34.1549],[-118.2905,34.1536],[-118.2884,34.1534],[-118.2884,34.1528],[-118.2894,34.1521],[-118.2892,34.1507],[-118.2903,34.1508],[-118.2911,34.1521],[-118.2937,34.1535],[-118.2947,34.1521],[-118.2956,34.1515],[-118.2953,34.151],[-118.2962,34.1508],[-118.296,34.1494],[-118.2972,34.151],[-118.2992,34.1521],[-118.2996,34.1505],[-118.3018,34.1497],[-118.3021,34.1489],[-118.3047,34.1474],[-118.304,34.1488],[-118.303,34.1491],[-118.3013,34.1506],[-118.3044,34.1525],[-118.3037,34.1542],[-118.2996,34.1552],[-118.2968,34.1547]]]},"properties":{"name":"Unnamed","year":1963,"acres":127,"agency":"USFS"}},{"type":"Feature","geometry":{"type":"Polygon","coordinates":[[[-118.3901,34.3401],[-118.3873,34.338],[-118.3859,34.3346],[-118.3884,34.335],[-118.3898,34.3374],[-118.3917,34.3377],[-118.3926,34.3403],[-118.3915,34.3401],[-118.3921,34.3416],[-118.3901,34.3401]]]},"properties":{"name":"Unnamed","year":1963,"acres":45,"agency":"USFS"}},{"type":"Feature","geometry":{"type":"Polygon","coordinates":[[[-118.3854,34.3034],[-118.388,34.3042],[-118.3878,34.3056],[-118.3863,34.3061],[-118.3849,34.3059],[-118.3843,34.3045],[-118.3854,34.3034]]]},"properties":{"name":"Unnamed","year":1963,"acres":20,"agency":"USFS"}},{"type":"Feature","geometry":{"type":"Polygon","coordinates":[[[-118.3875,34.1354],[-118.3871,34.1346],[-118.3876,34.1341],[-118.3874,34.1334],[-118.389,34.1335],[-118.3896,34.1346],[-118.3885,34.1352],[-118.3888,34.136],[-118.3875,34.136],[-118.3875,34.1354]]]},"properties":{"name":"Unnamed","year":1963,"acres":11,"agency":"USFS"}},{"type":"Feature","geometry":{"type":"Polygon","coordinates":[[[-118.2649,34.0892],[-118.2637,34.0894],[-118.2631,34.0886],[-118.2643,34.0875],[-118.2649,34.0892]]]},"properties":{"name":"Unnamed","year":1963,"acres":6,"agency":"USFS"}},{"type":"Feature","geometry":{"type":"Polygon","coordinates":[[[-118.2649,34.0892],[-118.2637,34.0894],[-118.2631,34.0886],[-118.2643,34.0875],[-118.2649,34.0892]]]},"properties":{"name":"Unnamed","year":1963,"acres":6,"agency":"CCO"}},{"type":"Feature","geometry":{"type":"Polygon","coordinates":[[[-118.3318,34.2242],[-118.3314,34.2235],[-118.3303,34.2243],[-118.3275,34.2231],[-118.325,34.2231],[-118.3248,34.2221],[-118.3236,34.2226],[-118.3229,34.221],[-118.3218,34.2218],[-118.3191,34.2205],[-118.3132,34.2193],[-118.3114,34.2194],[-118.3068,34.2233],[-118.3052,34.2231],[-118.3046,34.221],[-118.3017,34.2194],[-118.297,34.219],[-118.2942,34.2209],[-118.2921,34.2209],[-118.2868,34.2191],[-118.2838,34.2169],[-118.282,34.2164],[-118.2811,34.2144],[-118.2788,34.2153],[-118.2727,34.2156],[-118.2678,34.2167],[-118.2648,34.216],[-118.2625,34.2164],[-118.2601,34.2158],[-118.2542,34.2168],[-118.2531,34.2146],[-118.2532,34.2138],[-118.2537,34.2133],[-118.2561,34.2133],[-118.2591,34.2101],[-118.2592,34.2094],[-118.2584,34.2091],[-118.2544,34.2106],[-118.2513,34.2103],[-118.2494,34.2107],[-118.246,34.2097],[-118.2452,34.2084],[-118.2454,34.2078],[-118.2482,34.2067],[-118.2486,34.206],[-118.2473,34.2039],[-118.2468,34.2018],[-118.2442,34.201],[-118.2415,34.2011],[-118.2374,34.1992],[-118.2376,34.1983],[-118.2395,34.198],[-118.238,34.1958],[-118.2381,34.1954],[-118.2393,34.1936],[-118.2421,34.192],[-118.2425,34.1906],[-118.2403,34.189],[-118.2382,34.1884],[-118.236,34.187],[-118.2356,34.1863],[-118.2358,34.1847],[-118.2373,34.1841],[-118.2407,34.1815],[-118.2425,34.1816],[-118.244,34.1806],[-118.2425,34.1786],[-118.2383,34.1774],[-118.2377,34.1763],[-118.2353,34.1751],[-118.2343,34.1739],[-118.2344,34.1731],[-118.2374,34.1729],[-118.2394,34.1721],[-118.2439,34.1734],[-118.2485,34.1729],[-118.2489,34.1723],[-118.2476,34.172],[-118.2478,34.1711],[-118.2474,34.1702],[-118.2478,34.1698],[-118.2496,34.1711],[-118.2501,34.1724],[-118.2509,34.1719],[-118.2519,34.1723],[-118.2526,34.1713],[-118.2522,34.1698],[-118.2536,34.1692],[-118.2543,34.1699],[-118.2581,34.1712],[-118.2586,34.1737],[-118.2636,34.174],[-118.2708,34.177],[-118.2717,34.1778],[-118.2718,34.1787],[-118.2736,34.1792],[-118.2741,34.1798],[-118.2738,34.1804],[-118.2716,34.1819],[-118.275,34.1821],[-118.2752,34.1833],[-118.276,34.1842],[-118.2796,34.1857],[-118.2815,34.1875],[-118.2844,34.1877],[-118.2885,34.1905],[-118.2906,34.1913],[-118.2916,34.1911],[-118.2927,34.1924],[-118.2943,34.1929],[-118.2974,34.1952],[-118.2986,34.1952],[-118.3029,34.1975],[-118.3029,34.1994],[-118.2999,34.2023],[-118.2995,34.2037],[-118.3034,34.2074],[-118.3043,34.207],[-118.3052,34.2056],[-118.3079,34.2061],[-118.3098,34.2051],[-118.3107,34.2034],[-118.3122,34.2025],[-118.3121,34.201],[-118.3127,34.2005],[-118.3154,34.202],[-118.3159,34.2021],[-118.3168,34.2013],[-118.3186,34.2024],[-118.3204,34.2019],[-118.3207,34.2028],[-118.3202,34.2049],[-118.321,34.205],[-118.3228,34.2041],[-118.3229,34.2059],[-118.3237,34.2059],[-118.3241,34.2045],[-118.3258,34.2054],[-118.3296,34.209],[-118.3286,34.2107],[-118.3287,34.2112],[-118.3313,34.2118],[-118.3316,34.2133],[-118.3327,34.2133],[-118.3335,34.2116],[-118.3373,34.2095],[-118.3404,34.21],[-118.3419,34.2125],[-118.3465,34.2142],[-118.3451,34.2157],[-118.3443,34.218],[-118.3445,34.2204],[-118.3419,34.2227],[-118.3397,34.2216],[-118.3382,34.2215],[-118.3382,34.2224],[-118.339,34.2234],[-118.3386,34.224],[-118.3361,34.2236],[-118.335,34.2244],[-118.3334,34.2242],[-118.3323,34.225],[-118.3318,34.2242]]]},"properties":{"name":"Unnamed","year":1964,"acres":6950,"agency":"USFS"}},{"type":"Feature","geometry":{"type":"Polygon","coordinates":[[[-118.1893,34.1656],[-118.1881,34.1656],[-118.1869,34.165],[-118.1838,34.1596],[-118.1796,34.157],[-118.1807,34.1538],[-118.1829,34.1511],[-118.1847,34.1447],[-118.1856,34.1439],[-118.1867,34.1435],[-118.1882,34.1439],[-118.1898,34.1453],[-118.192,34.1463],[-118.1927,34.1482],[-118.1942,34.1469],[-118.1947,34.1474],[-118.1964,34.1468],[-118.1972,34.147],[-118.1971,34.1479],[-118.199,34.1474],[-118.2001,34.1478],[-118.2053,34.1437],[-118.206,34.1454],[-118.2071,34.1439],[-118.2116,34.144],[-118.2118,34.1448],[-118.2134,34.1437],[-118.2208,34.1466],[-118.2243,34.1471],[-118.225,34.1479],[-118.225,34.1494],[-118.2239,34.1497],[-118.2216,34.1486],[-118.2164,34.1472],[-118.2106,34.1468],[-118.2091,34.148],[-118.2072,34.1484],[-118.2073,34.149],[-118.2066,34.1498],[-118.2068,34.1503],[-118.2096,34.151],[-118.2,34.1535],[-118.1948,34.1543],[-118.194,34.1549],[-118.1918,34.1548],[-118.1916,34.1552],[-118.1929,34.156],[-118.1979,34.1545],[-118.2035,34.1536],[-118.2053,34.1553],[-118.2065,34.1555],[-118.2092,34.1539],[-118.2134,34.1536],[-118.2178,34.1525],[-118.2214,34.1525],[-118.2224,34.1527],[-118.2226,34.1533],[-118.2214,34.1555],[-118.2192,34.1572],[-118.2179,34.1588],[-118.2139,34.1593],[-118.2099,34.1619],[-118.2088,34.1632],[-118.2064,34.1643],[-118.1994,34.1647],[-118.1967,34.1638],[-118.193,34.1637],[-118.1912,34.1642],[-118.1905,34.166],[-118.19,34.1662],[-118.1893,34.1656]]]},"properties":{"name":"Unnamed","year":1964,"acres":1458,"agency":"USFS"}},{"type":"Feature","geometry":{"type":"Polygon","coordinates":[[[-118.2109,34.1799],[-118.2063,34.1792],[-118.2034,34.1766],[-118.203,34.1754],[-118.2032,34.1743],[-118.2045,34.1739],[-118.2053,34.1728],[-118.2063,34.1727],[-118.2109,34.1741],[-118.2132,34.176],[-118.2141,34.1759],[-118.2149,34.174],[-118.2148,34.173],[-118.2114,34.1701],[-118.2081,34.1681],[-118.2074,34.1664],[-118.2078,34.165],[-118.2091,34.1643],[-118.2114,34.1618],[-118.2133,34.1608],[-118.2179,34.1598],[-118.2206,34.1581],[-118.2237,34.1581],[-118.2229,34.1566],[-118.2256,34.1574],[-118.2303,34.1615],[-118.232,34.1637],[-118.2304,34.1652],[-118.2274,34.1648],[-118.2275,34.166],[-118.2259,34.1679],[-118.2257,34.1699],[-118.224,34.1713],[-118.2245,34.1726],[-118.2241,34.1734],[-118.2206,34.1743],[-118.2212,34.1751],[-118.2208,34.1763],[-118.2192,34.1776],[-118.2237,34.1783],[-118.2243,34.1791],[-118.2161,34.1807],[-118.2142,34.1799],[-118.2129,34.1807],[-118.2109,34.1799]]]},"properties":{"name":"Unnamed","year":1964,"acres":900,"agency":"USFS"}},{"type":"Feature","geometry":{"type":"Polygon","coordinates":[[[-118.2745,34.2609],[-118.2722,34.2598],[-118.2719,34.2593],[-118.2749,34.258],[-118.2752,34.257],[-118.2748,34.256],[-118.2777,34.2559],[-118.2768,34.2571],[-118.2776,34.2578],[-118.2778,34.2595],[-118.2763,34.2609],[-118.2745,34.2609]]]},"properties":{"name":"Unnamed","year":1964,"acres":44,"agency":"USFS"}},{"type":"Feature","geometry":{"type":"Polygon","coordinates":[[[-118.3542,34.255],[-118.3552,34.2555],[-118.3551,34.2574],[-118.3532,34.2576],[-118.3527,34.257],[-118.3532,34.2549],[-118.3529,34.2526],[-118.354,34.2532],[-118.3542,34.255]]]},"properties":{"name":"Unnamed","year":1964,"acres":19,"agency":"USFS"}},{"type":"Feature","geometry":{"type":"Polygon","coordinates":[[[-118.4135,34.3322],[-118.4125,34.3309],[-118.4131,34.3303],[-118.4142,34.332],[-118.4135,34.3322]]]},"properties":{"name":"Unnamed","year":1964,"acres":5,"agency":"USFS"}},{"type":"Feature","geometry":{"type":"Polygon","coordinates":[[[-118.4135,34.3322],[-118.4125,34.3309],[-118.4131,34.3303],[-118.4142,34.332],[-118.4135,34.3322]]]},"properties":{"name":"Unnamed","year":1964,"acres":5,"agency":"CCO"}},{"type":"Feature","geometry":{"type":"Polygon","coordinates":[[[-118.2244,34.2605],[-118.2218,34.2606],[-118.2202,34.2592],[-118.2185,34.2556],[-118.2188,34.2544],[-118.2232,34.2524],[-118.2256,34.2522],[-118.2301,34.2489],[-118.2317,34.2487],[-118.2334,34.2479],[-118.2353,34.248],[-118.2347,34.2508],[-118.2372,34.2491],[-118.2346,34.2553],[-118.2322,34.2571],[-118.2304,34.2623],[-118.2295,34.2633],[-118.2281,34.2634],[-118.2244,34.2605]]]},"properties":{"name":"Unnamed","year":1965,"acres":382,"agency":"USFS"}},{"type":"Feature","geometry":{"type":"Polygon","coordinates":[[[-118.35,34.1103],[-118.3521,34.1096],[-118.3537,34.1102],[-118.3531,34.1129],[-118.3519,34.1134],[-118.35,34.1126],[-118.349,34.1109],[-118.35,34.1103]]]},"properties":{"name":"Unnamed","year":1965,"acres":31,"agency":"USFS"}},{"type":"Feature","geometry":{"type":"MultiPolygon","coordinates":[[[[-118.4481,34.329],[-118.4463,34.3295],[-118.4487,34.3272],[-118.4507,34.3274],[-118.4515,34.3285],[-118.4506,34.3304],[-118.4481,34.329]]],[[[-118.4116,34.3526],[-118.4097,34.3521],[-118.4075,34.3501],[-118.4085,34.3477],[-118.4073,34.3463],[-118.4066,34.344],[-118.4069,34.3418],[-118.4066,34.3402],[-118.4045,34.3345],[-118.4007,34.3314],[-118.401,34.3304],[-118.4056,34.329],[-118.4069,34.3282],[-118.4077,34.3284],[-118.4091,34.3277],[-118.4127,34.3271],[-118.4143,34.3277],[-118.4196,34.3282],[-118.423,34.3271],[-118.426,34.327],[-118.4272,34.3274],[-118.4296,34.3301],[-118.4307,34.3305],[-118.4353,34.328],[-118.4428,34.3273],[-118.4435,34.3274],[-118.4458,34.3302],[-118.446,34.333],[-118.4435,34.3357],[-118.4428,34.3401],[-118.4408,34.3415],[-118.44,34.3426],[-118.4406,34.3427],[-118.4397,34.3433],[-118.4388,34.3452],[-118.4363,34.3451],[-118.4336,34.3473],[-118.4331,34.3465],[-118.4325,34.3472],[-118.4319,34.3506],[-118.43,34.3522],[-118.4249,34.3514],[-118.4198,34.3526],[-118.4183,34.3535],[-118.4149,34.354],[-118.4128,34.3536],[-118.4116,34.3526]]]]},"properties":{"name":"Loop","year":1966,"acres":2143,"agency":"CCO"}},{"type":"Feature","geometry":{"type":"Polygon","coordinates":[[[-118.408,34.111],[-118.4119,34.1089],[-118.4146,34.1058],[-118.4149,34.1059],[-118.4149,34.1082],[-118.4144,34.1088],[-118.413,34.109],[-118.4114,34.1113],[-118.4101,34.1109],[-118.408,34.1118],[-118.4077,34.1116],[-118.408,34.111]]]},"properties":{"name":"Unnamed","year":1966,"acres":28,"agency":"USFS"}},{"type":"Feature","geometry":{"type":"Polygon","coordinates":[[[-118.2923,34.1386],[-118.2946,34.138],[-118.2962,34.1382],[-118.2967,34.139],[-118.2957,34.1405],[-118.2938,34.1413],[-118.2925,34.1404],[-118.2923,34.1386]]]},"properties":{"name":"Unnamed","year":1966,"acres":26,"agency":"USFS"}},{"type":"Feature","geometry":{"type":"Polygon","coordinates":[[[-118.2318,34.0733],[-118.2309,34.0716],[-118.2313,34.0705],[-118.2324,34.0709],[-118.2326,34.0733],[-118.2318,34.0733]]]},"properties":{"name":"Unnamed","year":1966,"acres":9,"agency":"CCO"}},{"type":"Feature","geometry":{"type":"Polygon","coordinates":[[[-118.3568,34.2562],[-118.3567,34.2568],[-118.3558,34.2567],[-118.3563,34.2561],[-118.3568,34.2562]]]},"properties":{"name":"Unnamed","year":1966,"acres":2,"agency":"USFS"}},{"type":"Feature","geometry":{"type":"Polygon","coordinates":[[[-118.3568,34.2562],[-118.3567,34.2568],[-118.3558,34.2567],[-118.3563,34.2561],[-118.3568,34.2562]]]},"properties":{"name":"Unnamed","year":1966,"acres":2,"agency":"CCO"}},{"type":"Feature","geometry":{"type":"Polygon","coordinates":[[[-118.0749,34.3483],[-118.077,34.3476],[-118.0778,34.3483],[-118.0774,34.3494],[-118.0734,34.3509],[-118.0721,34.3509],[-118.0718,34.3495],[-118.0735,34.3467],[-118.0749,34.3483]]]},"properties":{"name":"Unnamed","year":1967,"acres":36,"agency":"USFS"}},{"type":"Feature","geometry":{"type":"Polygon","coordinates":[[[-118.213,34.2184],[-118.2129,34.2195],[-118.2121,34.2195],[-118.2111,34.2177],[-118.2113,34.2166],[-118.2141,34.2134],[-118.2149,34.2132],[-118.215,34.2151],[-118.213,34.2184]]]},"properties":{"name":"Unnamed","year":1967,"acres":32,"agency":"C&L"}},{"type":"Feature","geometry":{"type":"Polygon","coordinates":[[[-118.339,34.2638],[-118.3385,34.2634],[-118.3365,34.2632],[-118.3358,34.2624],[-118.3398,34.2632],[-118.3419,34.2625],[-118.3417,34.2636],[-118.3404,34.2649],[-118.3394,34.2647],[-118.339,34.2638]]]},"properties":{"name":"Unnamed","year":1967,"acres":17,"agency":"USFS"}},{"type":"Feature","geometry":{"type":"Polygon","coordinates":[[[-118.339,34.3537],[-118.3366,34.3516],[-118.3389,34.3522],[-118.3391,34.3506],[-118.3404,34.3514],[-118.3398,34.3491],[-118.3389,34.3473],[-118.3388,34.346],[-118.3404,34.3447],[-118.3419,34.3423],[-118.3439,34.3423],[-118.3427,34.3416],[-118.3401,34.3415],[-118.339,34.3393],[-118.3423,34.3404],[-118.3431,34.3396],[-118.3439,34.3408],[-118.3462,34.341],[-118.349,34.3447],[-118.3495,34.3447],[-118.349,34.3431],[-118.35,34.3418],[-118.3488,34.3407],[-118.3463,34.3397],[-118.345,34.3399],[-118.3446,34.3387],[-118.3428,34.3373],[-118.3427,34.3364],[-118.3435,34.335],[-118.343,34.3324],[-118.3406,34.3306],[-118.3423,34.3298],[-118.3436,34.3302],[-118.344,34.3312],[-118.3449,34.3313],[-118.3451,34.331],[-118.3444,34.3291],[-118.3429,34.329],[-118.339,34.327],[-118.3386,34.3243],[-118.339,34.3235],[-118.3385,34.3217],[-118.3395,34.3207],[-118.3407,34.3174],[-118.3445,34.3128],[-118.3455,34.313],[-118.3458,34.3135],[-118.3472,34.3135],[-118.3473,34.313],[-118.3465,34.3126],[-118.3471,34.3125],[-118.347,34.312],[-118.3448,34.3114],[-118.3467,34.3079],[-118.3473,34.304],[-118.3494,34.3017],[-118.3503,34.2991],[-118.3522,34.2981],[-118.354,34.2963],[-118.3565,34.2959],[-118.357,34.2966],[-118.3559,34.2972],[-118.3559,34.2995],[-118.3567,34.3012],[-118.3566,34.3024],[-118.3584,34.3059],[-118.3582,34.3081],[-118.359,34.3099],[-118.3582,34.3129],[-118.3584,34.3156],[-118.3569,34.3175],[-118.3579,34.3179],[-118.3576,34.3191],[-118.357,34.3199],[-118.3554,34.3201],[-118.356,34.3217],[-118.3552,34.3227],[-118.357,34.3247],[-118.3584,34.3254],[-118.3562,34.3257],[-118.3522,34.3287],[-118.3526,34.3296],[-118.3553,34.3295],[-118.3564,34.3305],[-118.3551,34.3302],[-118.3558,34.3313],[-118.3545,34.3305],[-118.3536,34.3318],[-118.3546,34.3325],[-118.3557,34.3324],[-118.3607,34.3313],[-118.3627,34.3328],[-118.3641,34.3323],[-118.3661,34.3346],[-118.3667,34.3343],[-118.3672,34.3347],[-118.3677,34.3361],[-118.3676,34.334],[-118.3683,34.3341],[-118.3686,34.3335],[-118.3691,34.331],[-118.3714,34.3303],[-118.3749,34.3305],[-118.3778,34.3326],[-118.3829,34.3329],[-118.3859,34.334],[-118.3862,34.3362],[-118.3873,34.3383],[-118.3891,34.3397],[-118.3904,34.3397],[-118.3915,34.3411],[-118.3906,34.3406],[-118.3896,34.3421],[-118.3867,34.3428],[-118.3857,34.344],[-118.3841,34.3444],[-118.3834,34.3459],[-118.3856,34.3477],[-118.384,34.3479],[-118.3844,34.3496],[-118.3819,34.3509],[-118.3791,34.3501],[-118.3781,34.3493],[-118.3757,34.3496],[-118.3752,34.3478],[-118.3727,34.3474],[-118.3713,34.3477],[-118.3694,34.3463],[-118.3681,34.3466],[-118.3667,34.3477],[-118.3659,34.3458],[-118.3637,34.3453],[-118.3595,34.3427],[-118.3593,34.34],[-118.3584,34.3414],[-118.3588,34.3432],[-118.3577,34.3443],[-118.357,34.3458],[-118.3539,34.3459],[-118.3522,34.3465],[-118.3529,34.3481],[-118.3519,34.3491],[-118.352,34.3498],[-118.3507,34.3495],[-118.349,34.3481],[-118.3468,34.3482],[-118.3468,34.3491],[-118.3482,34.3508],[-118.3474,34.3508],[-118.3454,34.3493],[-118.3445,34.3493],[-118.3432,34.3509],[-118.3427,34.3527],[-118.3422,34.3521],[-118.3412,34.3521],[-118.3403,34.3536],[-118.339,34.3537]],[[-118.3568,34.3059],[-118.3564,34.3058],[-118.3563,34.3072],[-118.3554,34.3074],[-118.3568,34.3092],[-118.3572,34.3079],[-118.3568,34.3059]],[[-118.3748,34.3335],[-118.3735,34.3328],[-118.3719,34.3332],[-118.3717,34.3336],[-118.3725,34.3354],[-118.3747,34.3343],[-118.3748,34.3335]]]},"properties":{"name":"Limerock","year":1968,"acres":2859,"agency":"USFS"}},{"type":"Feature","geometry":{"type":"Polygon","coordinates":[[[-118.1139,34.2968],[-118.114,34.2959],[-118.1118,34.2959],[-118.1113,34.2952],[-118.112,34.294],[-118.1143,34.2926],[-118.1187,34.2936],[-118.1197,34.2949],[-118.1195,34.2971],[-118.118,34.2971],[-118.1163,34.2979],[-118.1154,34.299],[-118.1141,34.2993],[-118.1137,34.2989],[-118.1139,34.2968]]]},"properties":{"name":"Unnamed","year":1968,"acres":83,"agency":"USFS"}},{"type":"Feature","geometry":{"type":"Polygon","coordinates":[[[-118.3273,34.2356],[-118.3274,34.2346],[-118.3288,34.2339],[-118.3301,34.2321],[-118.332,34.2314],[-118.3365,34.2324],[-118.3387,34.2334],[-118.3383,34.2342],[-118.337,34.2337],[-118.3365,34.2343],[-118.3351,34.2343],[-118.3347,34.2347],[-118.3326,34.2341],[-118.3313,34.2355],[-118.3273,34.2356]]]},"properties":{"name":"Unnamed","year":1968,"acres":65,"agency":"USFS"}},{"type":"Feature","geometry":{"type":"Polygon","coordinates":[[[-118.4058,34.288],[-118.4072,34.2873],[-118.4075,34.288],[-118.4092,34.2887],[-118.4095,34.2894],[-118.4085,34.2909],[-118.4086,34.2918],[-118.4059,34.2932],[-118.4042,34.2921],[-118.4041,34.2913],[-118.4058,34.288]]]},"properties":{"name":"Unnamed","year":1968,"acres":50,"agency":"USFS"}},{"type":"Feature","geometry":{"type":"Polygon","coordinates":[[[-118.0963,34.1878],[-118.0966,34.1864],[-118.0976,34.1859],[-118.099,34.1866],[-118.0995,34.1874],[-118.0988,34.1893],[-118.0965,34.1894],[-118.0962,34.19],[-118.0945,34.1891],[-118.0963,34.1878]]]},"properties":{"name":"Unnamed","year":1968,"acres":29,"agency":"USFS"}},{"type":"Feature","geometry":{"type":"Polygon","coordinates":[[[-118.1554,34.205],[-118.1569,34.2068],[-118.1559,34.2075],[-118.1559,34.2088],[-118.1554,34.2093],[-118.1541,34.2086],[-118.1554,34.205]]]},"properties":{"name":"Unnamed","year":1968,"acres":18,"agency":"USFS"}},{"type":"Feature","geometry":{"type":"Polygon","coordinates":[[[-118.3478,34.2803],[-118.3483,34.2784],[-118.348,34.2772],[-118.3489,34.277],[-118.3497,34.2786],[-118.3491,34.28],[-118.3499,34.2803],[-118.3482,34.2817],[-118.3478,34.2803]]]},"properties":{"name":"Unnamed","year":1968,"acres":16,"agency":"USFS"}},{"type":"Feature","geometry":{"type":"Polygon","coordinates":[[[-118.2217,34.1979],[-118.2231,34.1979],[-118.2239,34.1986],[-118.2229,34.1994],[-118.2217,34.1988],[-118.2217,34.1979]]]},"properties":{"name":"Unnamed","year":1968,"acres":7,"agency":"USFS"}},{"type":"Feature","geometry":{"type":"Polygon","coordinates":[[[-118.2217,34.1979],[-118.2231,34.1979],[-118.2239,34.1986],[-118.2229,34.1994],[-118.2217,34.1988],[-118.2217,34.1979]]]},"properties":{"name":"Unnamed","year":1968,"acres":7,"agency":"CCO"}},{"type":"Feature","geometry":{"type":"Polygon","coordinates":[[[-118.1143,34.1977],[-118.113,34.1974],[-118.1145,34.1972],[-118.1149,34.1979],[-118.1147,34.1986],[-118.1143,34.1977]]]},"properties":{"name":"Unnamed","year":1968,"acres":3,"agency":"USFS"}},{"type":"Feature","geometry":{"type":"Polygon","coordinates":[[[-118.1143,34.1977],[-118.113,34.1974],[-118.1145,34.1972],[-118.1149,34.1979],[-118.1147,34.1986],[-118.1143,34.1977]]]},"properties":{"name":"Unnamed","year":1968,"acres":3,"agency":"CCO"}},{"type":"Feature","geometry":{"type":"Polygon","coordinates":[[[-118.3768,34.3288],[-118.3753,34.3287],[-118.3738,34.3256],[-118.3737,34.3248],[-118.3749,34.3215],[-118.3759,34.3205],[-118.377,34.3205],[-118.3784,34.3196],[-118.3805,34.3169],[-118.3823,34.3164],[-118.3811,34.3207],[-118.3824,34.324],[-118.3825,34.3255],[-118.3805,34.3278],[-118.3794,34.3278],[-118.3776,34.329],[-118.3768,34.3288]]]},"properties":{"name":"Unnamed","year":1969,"acres":173,"agency":"USFS"}},{"type":"Feature","geometry":{"type":"Polygon","coordinates":[[[-118.2037,34.1849],[-118.2015,34.1821],[-118.2006,34.1827],[-118.2007,34.1814],[-118.1995,34.1805],[-118.201,34.1793],[-118.2024,34.181],[-118.2042,34.1814],[-118.2046,34.1808],[-118.2061,34.1817],[-118.2064,34.1805],[-118.2075,34.1801],[-118.2077,34.177],[-118.2091,34.1775],[-118.2099,34.1784],[-118.2111,34.1785],[-118.2121,34.1803],[-118.2107,34.1814],[-118.2104,34.1825],[-118.2081,34.183],[-118.2088,34.1839],[-118.2084,34.1848],[-118.2069,34.1851],[-118.2062,34.1871],[-118.2037,34.1849]]]},"properties":{"name":"Sugar Loaf","year":1969,"acres":122,"agency":"C&L"}},{"type":"Feature","geometry":{"type":"Polygon","coordinates":[[[-118.3368,34.1414],[-118.3341,34.1405],[-118.3355,34.1396],[-118.3372,34.1403],[-118.3377,34.1414],[-118.3373,34.1417],[-118.3368,34.1414]]]},"properties":{"name":"Unnamed","year":1969,"acres":11,"agency":"USFS"}},{"type":"Feature","geometry":{"type":"Polygon","coordinates":[[[-118.3717,34.1162],[-118.3715,34.115],[-118.3723,34.1144],[-118.3732,34.1161],[-118.3717,34.1162]]]},"properties":{"name":"Unnamed","year":1969,"acres":5,"agency":"USFS"}},{"type":"Feature","geometry":{"type":"Polygon","coordinates":[[[-118.3717,34.1162],[-118.3715,34.115],[-118.3723,34.1144],[-118.3732,34.1161],[-118.3717,34.1162]]]},"properties":{"name":"Unnamed","year":1969,"acres":5,"agency":"CCO"}},{"type":"Feature","geometry":{"type":"Polygon","coordinates":[[[-118.4089,34.3024],[-118.4081,34.3024],[-118.4067,34.3011],[-118.4047,34.3006],[-118.4036,34.3009],[-118.4015,34.3001],[-118.4002,34.3003],[-118.3971,34.2994],[-118.3957,34.2982],[-118.3932,34.2994],[-118.3915,34.2975],[-118.3934,34.2959],[-118.3952,34.2958],[-118.396,34.2953],[-118.3961,34.2945],[-118.3979,34.2944],[-118.3975,34.2934],[-118.3978,34.2928],[-118.4001,34.293],[-118.4009,34.2899],[-118.4022,34.2883],[-118.4043,34.2882],[-118.4057,34.2875],[-118.4037,34.2848],[-118.4058,34.2867],[-118.4074,34.2861],[-118.4095,34.2881],[-118.4103,34.2909],[-118.4099,34.2937],[-118.4111,34.295],[-118.4117,34.2951],[-118.4132,34.2941],[-118.4153,34.2962],[-118.4145,34.2967],[-118.4127,34.2964],[-118.4117,34.2954],[-118.4112,34.2955],[-118.4112,34.2971],[-118.4123,34.2978],[-118.4117,34.3008],[-118.4089,34.3024]],[[-118.4041,34.2954],[-118.4056,34.294],[-118.4052,34.2928],[-118.4055,34.2921],[-118.4045,34.2911],[-118.4037,34.2892],[-118.4031,34.289],[-118.402,34.291],[-118.4018,34.2929],[-118.4026,34.2961],[-118.4032,34.2962],[-118.4041,34.2954]]]},"properties":{"name":"Bailey","year":1970,"acres":416,"agency":"CCO"}},{"type":"Feature","geometry":{"type":"Polygon","coordinates":[[[-118.3899,34.2957],[-118.3887,34.2944],[-118.3889,34.2931],[-118.3914,34.2916],[-118.3927,34.2895],[-118.3955,34.2877],[-118.3957,34.2869],[-118.395,34.286],[-118.3954,34.2857],[-118.3966,34.2868],[-118.3977,34.2889],[-118.3983,34.2889],[-118.3986,34.2899],[-118.3975,34.2928],[-118.398,34.2944],[-118.3961,34.2945],[-118.396,34.2953],[-118.3952,34.2958],[-118.3934,34.2959],[-118.3913,34.2973],[-118.3899,34.2969],[-118.3899,34.2957]]]},"properties":{"name":"White Horse","year":1970,"acres":144,"agency":"CCO"}},{"type":"Feature","geometry":{"type":"Polygon","coordinates":[[[-118.2894,34.133],[-118.2885,34.133],[-118.2879,34.1323],[-118.2855,34.1328],[-118.2833,34.1301],[-118.2834,34.1288],[-118.2854,34.1265],[-118.2862,34.1262],[-118.2888,34.1265],[-118.2902,34.1272],[-118.2912,34.1296],[-118.2913,34.1317],[-118.2904,34.1332],[-118.2899,34.1335],[-118.2894,34.133]]]},"properties":{"name":"Unnamed","year":1970,"acres":108,"agency":"USFS"}},{"type":"Feature","geometry":{"type":"Polygon","coordinates":[[[-118.3342,34.1346],[-118.3347,34.1347],[-118.3359,34.1374],[-118.3357,34.1407],[-118.339,34.1437],[-118.335,34.1454],[-118.3343,34.145],[-118.3319,34.1409],[-118.3314,34.1383],[-118.3324,34.136],[-118.3342,34.1346]]]},"properties":{"name":"Unnamed","year":1970,"acres":101,"agency":"USFS"}},{"type":"Feature","geometry":{"type":"Polygon","coordinates":[[[-118.3484,34.2288],[-118.3474,34.229],[-118.3453,34.227],[-118.3476,34.2245],[-118.3491,34.2238],[-118.3503,34.2225],[-118.3507,34.2234],[-118.35,34.2255],[-118.3515,34.2257],[-118.3517,34.2268],[-118.3529,34.2282],[-118.351,34.2294],[-118.3484,34.2288]]]},"properties":{"name":"Unnamed","year":1970,"acres":70,"agency":"USFS"}},{"type":"Feature","geometry":{"type":"Polygon","coordinates":[[[-118.2722,34.1915],[-118.2734,34.1915],[-118.273,34.1907],[-118.2699,34.1893],[-118.2693,34.1893],[-118.2681,34.1901],[-118.2674,34.1898],[-118.2685,34.1891],[-118.2688,34.1883],[-118.2701,34.1887],[-118.2709,34.1881],[-118.2719,34.1885],[-118.2725,34.1879],[-118.2737,34.1886],[-118.2742,34.1898],[-118.2756,34.1901],[-118.2759,34.1908],[-118.2734,34.1928],[-118.2737,34.1945],[-118.2725,34.1954],[-118.2717,34.1947],[-118.2715,34.1934],[-118.2722,34.1915]]]},"properties":{"name":"Unnamed","year":1970,"acres":52,"agency":"USFS"}},{"type":"Feature","geometry":{"type":"Polygon","coordinates":[[[-118.3314,34.145],[-118.3299,34.1446],[-118.3313,34.1407],[-118.3337,34.1417],[-118.3342,34.1436],[-118.3336,34.1453],[-118.3325,34.1455],[-118.3314,34.145]]]},"properties":{"name":"Unnamed","year":1970,"acres":38,"agency":"USFS"}},{"type":"Feature","geometry":{"type":"Polygon","coordinates":[[[-118.2047,34.1613],[-118.2056,34.1609],[-118.2093,34.1616],[-118.2099,34.1619],[-118.2098,34.1631],[-118.2094,34.1636],[-118.2069,34.1641],[-118.2047,34.1613]]]},"properties":{"name":"Unnamed","year":1970,"acres":26,"agency":"C&L"}},{"type":"Feature","geometry":{"type":"Polygon","coordinates":[[[-118.3487,34.2295],[-118.3494,34.23],[-118.3487,34.2316],[-118.3471,34.233],[-118.3458,34.2331],[-118.3467,34.2316],[-118.3466,34.2306],[-118.3487,34.2295]]]},"properties":{"name":"Unnamed","year":1970,"acres":18,"agency":"USFS"}},{"type":"Feature","geometry":{"type":"Polygon","coordinates":[[[-118.2908,34.1274],[-118.2893,34.1266],[-118.289,34.126],[-118.2902,34.1255],[-118.2903,34.1247],[-118.292,34.1245],[-118.2926,34.1266],[-118.2916,34.1275],[-118.2908,34.1274]]]},"properties":{"name":"Unnamed","year":1970,"acres":17,"agency":"USFS"}},{"type":"Feature","geometry":{"type":"Polygon","coordinates":[[[-118.3839,34.312],[-118.3863,34.3113],[-118.3873,34.3117],[-118.3869,34.3122],[-118.3863,34.3121],[-118.3866,34.3126],[-118.3858,34.3134],[-118.3839,34.312]]]},"properties":{"name":"Unnamed","year":1970,"acres":9,"agency":"USFS"}},{"type":"Feature","geometry":{"type":"Polygon","coordinates":[[[-118.3839,34.312],[-118.3863,34.3113],[-118.3873,34.3117],[-118.3869,34.3122],[-118.3863,34.3121],[-118.3866,34.3126],[-118.3858,34.3134],[-118.3839,34.312]]]},"properties":{"name":"Unnamed","year":1970,"acres":9,"agency":"CCO"}},{"type":"Feature","geometry":{"type":"Polygon","coordinates":[[[-118.347,34.2371],[-118.3471,34.2368],[-118.3486,34.2376],[-118.3465,34.2389],[-118.345,34.2391],[-118.347,34.2371]]]},"properties":{"name":"Unnamed","year":1970,"acres":8,"agency":"USFS"}},{"type":"Feature","geometry":{"type":"Polygon","coordinates":[[[-118.347,34.2371],[-118.3471,34.2368],[-118.3486,34.2376],[-118.3465,34.2389],[-118.345,34.2391],[-118.347,34.2371]]]},"properties":{"name":"Unnamed","year":1970,"acres":8,"agency":"CCO"}},{"type":"Feature","geometry":{"type":"Polygon","coordinates":[[[-118.3974,34.2927],[-118.3976,34.2916],[-118.3981,34.2915],[-118.3997,34.293],[-118.3984,34.2927],[-118.3975,34.2933],[-118.3974,34.2927]]]},"properties":{"name":"Unnamed","year":1970,"acres":4,"agency":"USFS"}},{"type":"Feature","geometry":{"type":"Polygon","coordinates":[[[-118.3974,34.2927],[-118.3976,34.2916],[-118.3981,34.2915],[-118.3997,34.293],[-118.3984,34.2927],[-118.3975,34.2933],[-118.3974,34.2927]]]},"properties":{"name":"Unnamed","year":1970,"acres":4,"agency":"CCO"}},{"type":"Feature","geometry":{"type":"Polygon","coordinates":[[[-118.191,34.154],[-118.1904,34.154],[-118.1906,34.1536],[-118.192,34.1524],[-118.191,34.154]]]},"properties":{"name":"Unnamed","year":1970,"acres":2,"agency":"CCO"}},{"type":"Feature","geometry":{"type":"Polygon","coordinates":[[[-118.2068,34.2233],[-118.2073,34.2232],[-118.2075,34.2236],[-118.2064,34.2241],[-118.2068,34.2233]]]},"properties":{"name":"Unnamed","year":1970,"acres":1,"agency":"USFS"}},{"type":"Feature","geometry":{"type":"Polygon","coordinates":[[[-118.2068,34.2233],[-118.2073,34.2232],[-118.2075,34.2236],[-118.2064,34.2241],[-118.2068,34.2233]]]},"properties":{"name":"Unnamed","year":1970,"acres":1,"agency":"CCO"}},{"type":"Feature","geometry":{"type":"Polygon","coordinates":[[[-118.2886,34.3146],[-118.2873,34.314],[-118.2875,34.3128],[-118.2839,34.314],[-118.283,34.3135],[-118.2819,34.312],[-118.2816,34.3104],[-118.2828,34.3081],[-118.2812,34.3071],[-118.2822,34.3047],[-118.282,34.301],[-118.2809,34.2991],[-118.2829,34.2974],[-118.285,34.2993],[-118.2876,34.3008],[-118.2918,34.302],[-118.2961,34.3021],[-118.2981,34.3026],[-118.2995,34.3047],[-118.2985,34.3076],[-118.2972,34.3083],[-118.2967,34.3107],[-118.2971,34.3123],[-118.2938,34.3132],[-118.2917,34.3131],[-118.2895,34.3146],[-118.2886,34.3146]]]},"properties":{"name":"Sequoia","year":1971,"acres":511,"agency":"CCO"}},{"type":"Feature","geometry":{"type":"Polygon","coordinates":[[[-118.3186,34.3509],[-118.3161,34.35],[-118.314,34.3504],[-118.3116,34.3498],[-118.3092,34.3489],[-118.3088,34.3461],[-118.3077,34.3446],[-118.3075,34.3432],[-118.3079,34.3425],[-118.3104,34.3411],[-118.3113,34.3391],[-118.3136,34.3389],[-118.3146,34.3378],[-118.316,34.3374],[-118.317,34.338],[-118.3172,34.3397],[-118.3211,34.3405],[-118.3224,34.3396],[-118.3238,34.3399],[-118.324,34.3405],[-118.3233,34.3412],[-118.3233,34.3424],[-118.3277,34.3442],[-118.3263,34.3462],[-118.3222,34.3479],[-118.3221,34.35],[-118.3214,34.3507],[-118.3186,34.3509]]]},"properties":{"name":"Mendenhall","year":1971,"acres":425,"agency":"CCO"}},{"type":"Feature","geometry":{"type":"Polygon","coordinates":[[[-118.3075,34.2021],[-118.3062,34.2022],[-118.3057,34.2015],[-118.3062,34.2011],[-118.3064,34.1999],[-118.3074,34.2],[-118.3086,34.199],[-118.3088,34.2023],[-118.3082,34.2026],[-118.3075,34.2021]]]},"properties":{"name":"Unnamed","year":1971,"acres":17,"agency":"USFS"}},{"type":"Feature","geometry":{"type":"Polygon","coordinates":[[[-118.3188,34.2375],[-118.3194,34.2379],[-118.3175,34.2394],[-118.3162,34.2393],[-118.3157,34.2383],[-118.3184,34.2379],[-118.3188,34.2375]]]},"properties":{"name":"Unnamed","year":1971,"acres":10,"agency":"USFS"}},{"type":"Feature","geometry":{"type":"Polygon","coordinates":[[[-118.402,34.324],[-118.4015,34.324],[-118.4015,34.3229],[-118.4007,34.3221],[-118.4012,34.3216],[-118.4018,34.3216],[-118.4029,34.3231],[-118.4022,34.3243],[-118.402,34.324]]]},"properties":{"name":"Unnamed","year":1971,"acres":8,"agency":"USFS"}},{"type":"Feature","geometry":{"type":"Polygon","coordinates":[[[-118.402,34.324],[-118.4015,34.324],[-118.4015,34.3229],[-118.4007,34.3221],[-118.4012,34.3216],[-118.4018,34.3216],[-118.4029,34.3231],[-118.4022,34.3243],[-118.402,34.324]]]},"properties":{"name":"Unnamed","year":1971,"acres":8,"agency":"CCO"}},{"type":"Feature","geometry":{"type":"Polygon","coordinates":[[[-118.3867,34.3154],[-118.3861,34.3154],[-118.3859,34.3147],[-118.3868,34.3142],[-118.3878,34.3156],[-118.3871,34.3161],[-118.3867,34.3154]]]},"properties":{"name":"Unnamed","year":1971,"acres":5,"agency":"USFS"}},{"type":"Feature","geometry":{"type":"Polygon","coordinates":[[[-118.3454,34.3113],[-118.3467,34.3116],[-118.3474,34.3124],[-118.3454,34.3122],[-118.3454,34.3113]]]},"properties":{"name":"Unnamed","year":1971,"acres":5,"agency":"USFS"}},{"type":"Feature","geometry":{"type":"Polygon","coordinates":[[[-118.3454,34.3113],[-118.3467,34.3116],[-118.3474,34.3124],[-118.3454,34.3122],[-118.3454,34.3113]]]},"properties":{"name":"Unnamed","year":1971,"acres":5,"agency":"CCO"}},{"type":"Feature","geometry":{"type":"Polygon","coordinates":[[[-118.3867,34.3154],[-118.3861,34.3154],[-118.3859,34.3147],[-118.3868,34.3142],[-118.3878,34.3156],[-118.3871,34.3161],[-118.3867,34.3154]]]},"properties":{"name":"Unnamed","year":1971,"acres":5,"agency":"CCO"}},{"type":"Feature","geometry":{"type":"Polygon","coordinates":[[[-118.2975,34.3012],[-118.2942,34.3004],[-118.2912,34.2989],[-118.2886,34.2984],[-118.2883,34.2973],[-118.287,34.2963],[-118.2852,34.2958],[-118.2844,34.2962],[-118.284,34.2955],[-118.2858,34.2933],[-118.2901,34.2908],[-118.2924,34.2887],[-118.295,34.284],[-118.2965,34.2836],[-118.3001,34.2807],[-118.3043,34.2804],[-118.305,34.2798],[-118.3051,34.2787],[-118.3061,34.2783],[-118.3046,34.2812],[-118.3049,34.2824],[-118.3064,34.2833],[-118.3057,34.2847],[-118.3063,34.2874],[-118.3042,34.2887],[-118.3051,34.2892],[-118.3041,34.2896],[-118.3047,34.2901],[-118.3042,34.2907],[-118.3045,34.2911],[-118.3042,34.2918],[-118.3038,34.2923],[-118.3026,34.2923],[-118.3028,34.2946],[-118.3021,34.2968],[-118.3023,34.2978],[-118.301,34.2988],[-118.3016,34.2999],[-118.2994,34.3004],[-118.2982,34.3017],[-118.2975,34.3012]]]},"properties":{"name":"Akens","year":1972,"acres":643,"agency":"USFS"}},{"type":"Feature","geometry":{"type":"Polygon","coordinates":[[[-118.3332,34.2353],[-118.3318,34.2353],[-118.3318,34.2342],[-118.3307,34.2333],[-118.3313,34.2321],[-118.3369,34.2328],[-118.3348,34.2339],[-118.334,34.2358],[-118.3332,34.2353]]]},"properties":{"name":"Unnamed","year":1972,"acres":30,"agency":"USFS"}},{"type":"Feature","geometry":{"type":"Polygon","coordinates":[[[-118.1842,34.0959],[-118.1853,34.0926],[-118.1856,34.094],[-118.1872,34.0961],[-118.1869,34.0965],[-118.1859,34.0959],[-118.1859,34.0977],[-118.1847,34.098],[-118.1839,34.0972],[-118.1842,34.0959]]]},"properties":{"name":"Unnamed","year":1972,"acres":23,"agency":"USFS"}},{"type":"Feature","geometry":{"type":"Polygon","coordinates":[[[-118.2767,34.1901],[-118.2764,34.1878],[-118.278,34.1864],[-118.2795,34.1864],[-118.2799,34.1875],[-118.278,34.189],[-118.2778,34.19],[-118.2767,34.1901]]]},"properties":{"name":"Unnamed","year":1972,"acres":19,"agency":"USFS"}},{"type":"Feature","geometry":{"type":"Polygon","coordinates":[[[-118.2804,34.2352],[-118.2816,34.2358],[-118.2826,34.2373],[-118.2822,34.2382],[-118.2804,34.2372],[-118.2804,34.2352]]]},"properties":{"name":"Unnamed","year":1972,"acres":10,"agency":"USFS"}},{"type":"Feature","geometry":{"type":"Polygon","coordinates":[[[-118.3085,34.1255],[-118.3081,34.1253],[-118.3096,34.1243],[-118.3105,34.1255],[-118.3114,34.1255],[-118.3106,34.1266],[-118.3085,34.1255]]]},"properties":{"name":"Unnamed","year":1972,"acres":9,"agency":"USFS"}},{"type":"Feature","geometry":{"type":"MultiPolygon","coordinates":[[[[-118.1995,34.1301],[-118.1997,34.1304],[-118.1995,34.1303],[-118.1995,34.1301]]],[[[-118.1953,34.1295],[-118.196,34.1297],[-118.1959,34.1301],[-118.1942,34.1301],[-118.1953,34.1295]]],[[[-118.1972,34.1306],[-118.1952,34.1306],[-118.1968,34.1301],[-118.1979,34.1307],[-118.1972,34.1306]]],[[[-118.2004,34.1301],[-118.1984,34.1295],[-118.1991,34.1292],[-118.2009,34.1298],[-118.2011,34.1303],[-118.2004,34.1301]]]]},"properties":{"name":"Unnamed","year":1972,"acres":9,"agency":"USFS"}},{"type":"Feature","geometry":{"type":"Polygon","coordinates":[[[-118.3085,34.1255],[-118.3081,34.1253],[-118.3096,34.1243],[-118.3105,34.1255],[-118.3114,34.1255],[-118.3106,34.1266],[-118.3085,34.1255]]]},"properties":{"name":"Unnamed","year":1972,"acres":9,"agency":"CCO"}},{"type":"Feature","geometry":{"type":"MultiPolygon","coordinates":[[[[-118.1995,34.1301],[-118.1997,34.1304],[-118.1995,34.1303],[-118.1995,34.1301]]],[[[-118.1953,34.1295],[-118.196,34.1297],[-118.1959,34.1301],[-118.1942,34.1301],[-118.1953,34.1295]]],[[[-118.1972,34.1306],[-118.1952,34.1306],[-118.1968,34.1301],[-118.1979,34.1307],[-118.1972,34.1306]]],[[[-118.2004,34.1301],[-118.1984,34.1295],[-118.1991,34.1292],[-118.2009,34.1298],[-118.2011,34.1303],[-118.2004,34.1301]]]]},"properties":{"name":"Unnamed","year":1972,"acres":9,"agency":"CCO"}},{"type":"Feature","geometry":{"type":"MultiPolygon","coordinates":[[[[-118.2268,34.1388],[-118.2272,34.139],[-118.227,34.1397],[-118.2265,34.1391],[-118.2268,34.1388]]],[[[-118.2272,34.1386],[-118.2263,34.1382],[-118.2271,34.1373],[-118.228,34.1383],[-118.2272,34.1386]]]]},"properties":{"name":"Unnamed","year":1972,"acres":4,"agency":"USFS"}},{"type":"Feature","geometry":{"type":"MultiPolygon","coordinates":[[[[-118.2268,34.1388],[-118.2272,34.139],[-118.227,34.1397],[-118.2265,34.1391],[-118.2268,34.1388]]],[[[-118.2272,34.1386],[-118.2263,34.1382],[-118.2271,34.1373],[-118.228,34.1383],[-118.2272,34.1386]]]]},"properties":{"name":"Unnamed","year":1972,"acres":4,"agency":"CCO"}},{"type":"Feature","geometry":{"type":"Polygon","coordinates":[[[-118.2206,34.1118],[-118.2214,34.1132],[-118.2202,34.1125],[-118.2206,34.1118]]]},"properties":{"name":"Unnamed","year":1972,"acres":3,"agency":"USFS"}},{"type":"Feature","geometry":{"type":"MultiPolygon","coordinates":[[[[-118.3409,34.3096],[-118.3417,34.31],[-118.3412,34.3101],[-118.3409,34.3096]]],[[[-118.3431,34.3088],[-118.3425,34.3087],[-118.3434,34.308],[-118.3439,34.3087],[-118.3434,34.3093],[-118.3431,34.3088]]]]},"properties":{"name":"Unnamed","year":1972,"acres":3,"agency":"USFS"}},{"type":"Feature","geometry":{"type":"Polygon","coordinates":[[[-118.296,34.1464],[-118.2961,34.1451],[-118.2969,34.145],[-118.2968,34.1463],[-118.296,34.1464]]]},"properties":{"name":"Unnamed","year":1972,"acres":3,"agency":"USFS"}},{"type":"Feature","geometry":{"type":"MultiPolygon","coordinates":[[[[-118.3409,34.3096],[-118.3417,34.31],[-118.3412,34.3101],[-118.3409,34.3096]]],[[[-118.3431,34.3088],[-118.3425,34.3087],[-118.3434,34.308],[-118.3439,34.3087],[-118.3434,34.3093],[-118.3431,34.3088]]]]},"properties":{"name":"Unnamed","year":1972,"acres":3,"agency":"CCO"}},{"type":"Feature","geometry":{"type":"Polygon","coordinates":[[[-118.296,34.1464],[-118.2961,34.1451],[-118.2969,34.145],[-118.2968,34.1463],[-118.296,34.1464]]]},"properties":{"name":"Unnamed","year":1972,"acres":3,"agency":"CCO"}},{"type":"Feature","geometry":{"type":"Polygon","coordinates":[[[-118.2206,34.1118],[-118.2214,34.1132],[-118.2202,34.1125],[-118.2206,34.1118]]]},"properties":{"name":"Unnamed","year":1972,"acres":3,"agency":"CCO"}},{"type":"Feature","geometry":{"type":"Polygon","coordinates":[[[-118.2952,34.1157],[-118.2959,34.1155],[-118.2956,34.1162],[-118.2951,34.1161],[-118.2952,34.1157]]]},"properties":{"name":"Unnamed","year":1972,"acres":1,"agency":"USFS"}},{"type":"Feature","geometry":{"type":"Polygon","coordinates":[[[-118.2952,34.1157],[-118.2959,34.1155],[-118.2956,34.1162],[-118.2951,34.1161],[-118.2952,34.1157]]]},"properties":{"name":"Unnamed","year":1972,"acres":1,"agency":"CCO"}},{"type":"Feature","geometry":{"type":"Polygon","coordinates":[[[-118.2922,34.1289],[-118.2917,34.1282],[-118.2935,34.126],[-118.2929,34.1231],[-118.2935,34.1219],[-118.2943,34.1236],[-118.2957,34.1237],[-118.2963,34.1244],[-118.2947,34.1288],[-118.2922,34.1289]]]},"properties":{"name":"Unnamed","year":1973,"acres":38,"agency":"USFS"}},{"type":"Feature","geometry":{"type":"Polygon","coordinates":[[[-118.3614,34.2447],[-118.3596,34.245],[-118.3601,34.244],[-118.3628,34.2418],[-118.3641,34.2415],[-118.3645,34.2409],[-118.3661,34.243],[-118.365,34.2439],[-118.3647,34.2432],[-118.364,34.2436],[-118.3631,34.2431],[-118.3628,34.2445],[-118.3642,34.2444],[-118.363,34.2451],[-118.3614,34.2447]]]},"properties":{"name":"Unnamed","year":1973,"acres":28,"agency":"USFS"}},{"type":"Feature","geometry":{"type":"Polygon","coordinates":[[[-118.3099,34.2728],[-118.3107,34.2722],[-118.3127,34.2729],[-118.3123,34.2736],[-118.3094,34.2747],[-118.3091,34.2745],[-118.3093,34.2729],[-118.3099,34.2728]]]},"properties":{"name":"Unnamed","year":1973,"acres":14,"agency":"C&L"}},{"type":"Feature","geometry":{"type":"Polygon","coordinates":[[[-118.2329,34.1726],[-118.233,34.1734],[-118.2318,34.174],[-118.231,34.173],[-118.2309,34.1713],[-118.2313,34.1712],[-118.2329,34.1726]]]},"properties":{"name":"Unnamed","year":1973,"acres":9,"agency":"USFS"}},{"type":"Feature","geometry":{"type":"Polygon","coordinates":[[[-118.2329,34.1726],[-118.233,34.1734],[-118.2318,34.174],[-118.231,34.173],[-118.2309,34.1713],[-118.2313,34.1712],[-118.2329,34.1726]]]},"properties":{"name":"Unnamed","year":1973,"acres":9,"agency":"CCO"}},{"type":"Feature","geometry":{"type":"Polygon","coordinates":[[[-118.2226,34.1973],[-118.2234,34.1977],[-118.2214,34.1984],[-118.2215,34.1976],[-118.2226,34.1973]]]},"properties":{"name":"Unnamed","year":1973,"acres":4,"agency":"USFS"}},{"type":"Feature","geometry":{"type":"Polygon","coordinates":[[[-118.2226,34.1973],[-118.2234,34.1977],[-118.2214,34.1984],[-118.2215,34.1976],[-118.2226,34.1973]]]},"properties":{"name":"Unnamed","year":1973,"acres":4,"agency":"CCO"}},{"type":"Feature","geometry":{"type":"Polygon","coordinates":[[[-118.4194,34.1212],[-118.4197,34.1218],[-118.4187,34.1222],[-118.4184,34.1232],[-118.418,34.1219],[-118.4194,34.1212]]]},"properties":{"name":"Unnamed","year":1973,"acres":3,"agency":"USFS"}},{"type":"Feature","geometry":{"type":"Polygon","coordinates":[[[-118.4194,34.1212],[-118.4197,34.1218],[-118.4187,34.1222],[-118.4184,34.1232],[-118.418,34.1219],[-118.4194,34.1212]]]},"properties":{"name":"Unnamed","year":1973,"acres":3,"agency":"CCO"}},{"type":"Feature","geometry":{"type":"Polygon","coordinates":[[[-118.2875,34.2459],[-118.2883,34.2468],[-118.2879,34.247],[-118.2871,34.2464],[-118.2875,34.2459]]]},"properties":{"name":"Unnamed","year":1973,"acres":2,"agency":"USFS"}},{"type":"Feature","geometry":{"type":"Polygon","coordinates":[[[-118.2875,34.2459],[-118.2883,34.2468],[-118.2879,34.247],[-118.2871,34.2464],[-118.2875,34.2459]]]},"properties":{"name":"Unnamed","year":1973,"acres":2,"agency":"CCO"}},{"type":"Feature","geometry":{"type":"Polygon","coordinates":[[[-118.3439,34.2289],[-118.3418,34.2294],[-118.3419,34.2283],[-118.3411,34.2271],[-118.3415,34.2263],[-118.343,34.2263],[-118.3441,34.2253],[-118.3445,34.2269],[-118.3454,34.2277],[-118.3444,34.2299],[-118.3444,34.229],[-118.3439,34.2289]]]},"properties":{"name":"Unnamed","year":1974,"acres":26,"agency":"USFS"}},{"type":"Feature","geometry":{"type":"Polygon","coordinates":[[[-118.243,34.081],[-118.2435,34.0798],[-118.2446,34.0793],[-118.2471,34.0804],[-118.2455,34.0834],[-118.2444,34.0829],[-118.2451,34.0814],[-118.2443,34.0815],[-118.2444,34.0803],[-118.2439,34.0805],[-118.2438,34.0816],[-118.243,34.081]]]},"properties":{"name":"Unnamed","year":1974,"acres":21,"agency":"USFS"}},{"type":"Feature","geometry":{"type":"Polygon","coordinates":[[[-118.3633,34.2388],[-118.3649,34.2367],[-118.3662,34.2386],[-118.3644,34.2389],[-118.3633,34.2405],[-118.3626,34.2407],[-118.3619,34.2395],[-118.3633,34.2388]]]},"properties":{"name":"Unnamed","year":1974,"acres":15,"agency":"USFS"}},{"type":"Feature","geometry":{"type":"Polygon","coordinates":[[[-118.2724,34.1872],[-118.2731,34.1871],[-118.2738,34.1877],[-118.2739,34.1889],[-118.2723,34.1886],[-118.272,34.1878],[-118.2724,34.1872]]]},"properties":{"name":"Unnamed","year":1974,"acres":8,"agency":"USFS"}},{"type":"Feature","geometry":{"type":"Polygon","coordinates":[[[-118.2724,34.1872],[-118.2731,34.1871],[-118.2738,34.1877],[-118.2739,34.1889],[-118.2723,34.1886],[-118.272,34.1878],[-118.2724,34.1872]]]},"properties":{"name":"Unnamed","year":1974,"acres":8,"agency":"CCO"}},{"type":"Feature","geometry":{"type":"MultiPolygon","coordinates":[[[[-118.1663,34.1088],[-118.1665,34.1085],[-118.1667,34.1092],[-118.1657,34.1098],[-118.1663,34.1088]]],[[[-118.1684,34.1032],[-118.1672,34.103],[-118.1677,34.1023],[-118.1687,34.102],[-118.1684,34.1032]]]]},"properties":{"name":"Unnamed","year":1974,"acres":4,"agency":"USFS"}},{"type":"Feature","geometry":{"type":"MultiPolygon","coordinates":[[[[-118.1663,34.1088],[-118.1665,34.1085],[-118.1667,34.1092],[-118.1657,34.1098],[-118.1663,34.1088]]],[[[-118.1684,34.1032],[-118.1672,34.103],[-118.1677,34.1023],[-118.1687,34.102],[-118.1684,34.1032]]]]},"properties":{"name":"Unnamed","year":1974,"acres":4,"agency":"CCO"}},{"type":"Feature","geometry":{"type":"Polygon","coordinates":[[[-118.2096,34.1623],[-118.2094,34.1627],[-118.2073,34.1624],[-118.2068,34.1619],[-118.2092,34.1619],[-118.2096,34.1623]]]},"properties":{"name":"Unnamed","year":1974,"acres":4,"agency":"CCO"}},{"type":"Feature","geometry":{"type":"Polygon","coordinates":[[[-118.3319,34.1158],[-118.3332,34.1158],[-118.3336,34.1152],[-118.3339,34.1156],[-118.3334,34.1164],[-118.332,34.1162],[-118.3319,34.1158]]]},"properties":{"name":"Unnamed","year":1974,"acres":3,"agency":"USFS"}},{"type":"Feature","geometry":{"type":"Polygon","coordinates":[[[-118.4146,34.1123],[-118.4134,34.1123],[-118.4126,34.1115],[-118.4159,34.1117],[-118.4146,34.1123]]]},"properties":{"name":"Unnamed","year":1974,"acres":3,"agency":"USFS"}},{"type":"Feature","geometry":{"type":"Polygon","coordinates":[[[-118.3319,34.1158],[-118.3332,34.1158],[-118.3336,34.1152],[-118.3339,34.1156],[-118.3334,34.1164],[-118.332,34.1162],[-118.3319,34.1158]]]},"properties":{"name":"Unnamed","year":1974,"acres":3,"agency":"CCO"}},{"type":"Feature","geometry":{"type":"Polygon","coordinates":[[[-118.4146,34.1123],[-118.4134,34.1123],[-118.4126,34.1115],[-118.4159,34.1117],[-118.4146,34.1123]]]},"properties":{"name":"Unnamed","year":1974,"acres":3,"agency":"CCO"}},{"type":"Feature","geometry":{"type":"Polygon","coordinates":[[[-118.2095,34.0998],[-118.2088,34.0992],[-118.2094,34.0992],[-118.2093,34.0985],[-118.2099,34.098],[-118.21,34.0995],[-118.2095,34.0998]]]},"properties":{"name":"Unnamed","year":1974,"acres":3,"agency":"CCO"}},{"type":"Feature","geometry":{"type":"Polygon","coordinates":[[[-118.2188,34.2849],[-118.2189,34.2855],[-118.2178,34.2859],[-118.218,34.2852],[-118.2188,34.2849]]]},"properties":{"name":"Unnamed","year":1974,"acres":2,"agency":"USFS"}},{"type":"Feature","geometry":{"type":"Polygon","coordinates":[[[-118.2188,34.2849],[-118.2189,34.2855],[-118.2178,34.2859],[-118.218,34.2852],[-118.2188,34.2849]]]},"properties":{"name":"Unnamed","year":1974,"acres":2,"agency":"CCO"}},{"type":"Feature","geometry":{"type":"Polygon","coordinates":[[[-118.3494,34.1059],[-118.3493,34.1063],[-118.349,34.1062],[-118.3494,34.1059]]]},"properties":{"name":"Unnamed","year":1974,"acres":0,"agency":"USFS"}},{"type":"Feature","geometry":{"type":"Polygon","coordinates":[[[-118.309,34.1293],[-118.3093,34.1294],[-118.3088,34.1296],[-118.309,34.1293]]]},"properties":{"name":"Unnamed","year":1974,"acres":0,"agency":"USFS"}},{"type":"Feature","geometry":{"type":"Polygon","coordinates":[[[-118.3494,34.1059],[-118.3493,34.1063],[-118.349,34.1062],[-118.3494,34.1059]]]},"properties":{"name":"Unnamed","year":1974,"acres":0,"agency":"CCO"}},{"type":"Feature","geometry":{"type":"Polygon","coordinates":[[[-118.309,34.1293],[-118.3093,34.1294],[-118.3088,34.1296],[-118.309,34.1293]]]},"properties":{"name":"Unnamed","year":1974,"acres":0,"agency":"CCO"}},{"type":"Feature","geometry":{"type":"Polygon","coordinates":[[[-118.2018,34.3621],[-118.2003,34.3614],[-118.2003,34.3604],[-118.1983,34.3583],[-118.1964,34.3576],[-118.1962,34.3567],[-118.1943,34.3558],[-118.1936,34.3547],[-118.1934,34.3536],[-118.1945,34.3528],[-118.1936,34.3516],[-118.1944,34.3512],[-118.1944,34.3493],[-118.195,34.3481],[-118.1943,34.3461],[-118.1918,34.3436],[-118.1907,34.3441],[-118.1903,34.3435],[-118.1898,34.3436],[-118.1882,34.3427],[-118.185,34.3431],[-118.1836,34.3424],[-118.1821,34.3424],[-118.1803,34.3417],[-118.1785,34.3422],[-118.1777,34.3412],[-118.1766,34.342],[-118.173,34.3423],[-118.1682,34.3418],[-118.1658,34.3402],[-118.1651,34.3392],[-118.1632,34.3384],[-118.1599,34.3358],[-118.1586,34.3324],[-118.1578,34.3313],[-118.1562,34.3305],[-118.1526,34.3305],[-118.1516,34.3309],[-118.1515,34.3305],[-118.1493,34.3302],[-118.1458,34.3284],[-118.1449,34.3269],[-118.1407,34.3233],[-118.1371,34.3196],[-118.1362,34.317],[-118.1361,34.3136],[-118.1357,34.3129],[-118.1317,34.3138],[-118.1293,34.3156],[-118.1271,34.316],[-118.1268,34.3158],[-118.127,34.3142],[-118.1264,34.3135],[-118.1236,34.3149],[-118.1225,34.3149],[-118.1211,34.3144],[-118.1197,34.3128],[-118.1176,34.3122],[-118.1171,34.3099],[-118.1179,34.3079],[-118.1181,34.3057],[-118.1177,34.304],[-118.1182,34.3003],[-118.1189,34.299],[-118.119,34.2944],[-118.1225,34.291],[-118.1235,34.2873],[-118.1237,34.2845],[-118.1245,34.2836],[-118.1265,34.2834],[-118.1292,34.2813],[-118.1316,34.2807],[-118.1332,34.2793],[-118.1369,34.2783],[-118.1403,34.2757],[-118.1426,34.2749],[-118.1447,34.2719],[-118.1449,34.2709],[-118.1463,34.2697],[-118.1477,34.2695],[-118.1528,34.27],[-118.1578,34.2658],[-118.1619,34.2662],[-118.1719,34.2698],[-118.1826,34.2687],[-118.1871,34.2686],[-118.1906,34.271],[-118.1914,34.2745],[-118.1957,34.2787],[-118.2011,34.2815],[-118.2025,34.2809],[-118.203,34.2791],[-118.2044,34.2783],[-118.2055,34.2782],[-118.207,34.2791],[-118.2102,34.2778],[-118.2126,34.2776],[-118.214,34.276],[-118.213,34.2745],[-118.2129,34.2726],[-118.2122,34.2711],[-118.2157,34.2649],[-118.2189,34.2636],[-118.2192,34.2623],[-118.2205,34.2606],[-118.2205,34.2592],[-118.2185,34.2574],[-118.2159,34.2582],[-118.2151,34.2575],[-118.2092,34.2573],[-118.21,34.2555],[-118.2099,34.2543],[-118.208,34.2526],[-118.2066,34.2499],[-118.2081,34.2487],[-118.214,34.2464],[-118.2164,34.2447],[-118.2181,34.2426],[-118.222,34.2422],[-118.2232,34.2437],[-118.2235,34.245],[-118.224,34.245],[-118.2245,34.244],[-118.2258,34.2439],[-118.2267,34.2433],[-118.2272,34.2415],[-118.2285,34.2406],[-118.228,34.2388],[-118.2283,34.2381],[-118.2295,34.2395],[-118.2302,34.2396],[-118.2348,34.2378],[-118.2355,34.2394],[-118.2348,34.2407],[-118.2353,34.2413],[-118.2346,34.2431],[-118.2347,34.2443],[-118.2367,34.245],[-118.2372,34.2457],[-118.2369,34.2462],[-118.2386,34.2475],[-118.2393,34.2473],[-118.2394,34.2461],[-118.2407,34.2464],[-118.2412,34.247],[-118.2427,34.247],[-118.2418,34.2462],[-118.2419,34.2454],[-118.2452,34.2456],[-118.2453,34.2448],[-118.2472,34.2438],[-118.2523,34.2456],[-118.2529,34.246],[-118.253,34.2468],[-118.2539,34.2472],[-118.2544,34.2464],[-118.2572,34.2473],[-118.2572,34.2486],[-118.2584,34.2496],[-118.2598,34.25],[-118.2603,34.2493],[-118.262,34.2491],[-118.2672,34.2503],[-118.2705,34.252],[-118.2683,34.2537],[-118.2691,34.2543],[-118.2685,34.2549],[-118.2693,34.2553],[-118.2725,34.254],[-118.2748,34.2553],[-118.2756,34.2548],[-118.2761,34.2555],[-118.2766,34.2552],[-118.2767,34.2565],[-118.2779,34.2584],[-118.2782,34.26],[-118.2793,34.2595],[-118.2815,34.26],[-118.2802,34.2603],[-118.2799,34.2608],[-118.2804,34.261],[-118.2802,34.2614],[-118.2836,34.2621],[-118.2838,34.2637],[-118.283,34.2656],[-118.2867,34.2664],[-118.2875,34.2684],[-118.2889,34.2689],[-118.2885,34.2695],[-118.2892,34.2701],[-118.2892,34.2709],[-118.2909,34.2709],[-118.2921,34.2704],[-118.2934,34.269],[-118.2952,34.2689],[-118.296,34.2695],[-118.2949,34.2706],[-118.2974,34.2716],[-118.3003,34.2715],[-118.3003,34.2723],[-118.2997,34.2725],[-118.3011,34.2739],[-118.3019,34.2744],[-118.3041,34.2742],[-118.3058,34.275],[-118.3067,34.2745],[-118.3064,34.2736],[-118.3051,34.2729],[-118.3053,34.2725],[-118.3104,34.2718],[-118.313,34.2723],[-118.3131,34.2734],[-118.3124,34.274],[-118.3093,34.2744],[-118.3099,34.2756],[-118.3089,34.2759],[-118.3051,34.2766],[-118.3038,34.2762],[-118.3028,34.2751],[-118.3,34.2758],[-118.2986,34.2769],[-118.2987,34.2772],[-118.3011,34.2761],[-118.3023,34.2761],[-118.2997,34.2772],[-118.2951,34.2801],[-118.2919,34.2813],[-118.2923,34.2829],[-118.2915,34.2841],[-118.2919,34.2842],[-118.2932,34.2824],[-118.2945,34.2818],[-118.2945,34.2821],[-118.2926,34.2838],[-118.292,34.2866],[-118.2906,34.2889],[-118.2884,34.289],[-118.2879,34.29],[-118.2894,34.2908],[-118.2901,34.2907],[-118.2909,34.2896],[-118.294,34.291],[-118.2947,34.2948],[-118.297,34.2957],[-118.2991,34.2952],[-118.3005,34.2932],[-118.3023,34.2923],[-118.3018,34.2893],[-118.3021,34.2877],[-118.3008,34.2868],[-118.3011,34.2863],[-118.3021,34.286],[-118.3058,34.2874],[-118.306,34.2859],[-118.3047,34.2806],[-118.3073,34.2804],[-118.3091,34.2839],[-118.3101,34.2833],[-118.3102,34.2826],[-118.3125,34.2819],[-118.312,34.2799],[-118.313,34.2787],[-118.3158,34.279],[-118.316,34.2785],[-118.3172,34.2793],[-118.3183,34.2792],[-118.3189,34.2766],[-118.3202,34.2755],[-118.323,34.2745],[-118.3237,34.2736],[-118.33,34.2731],[-118.335,34.2735],[-118.3364,34.2731],[-118.3377,34.2734],[-118.3387,34.2745],[-118.3428,34.2752],[-118.3468,34.2749],[-118.3466,34.2771],[-118.344,34.2795],[-118.3445,34.2816],[-118.3451,34.2815],[-118.3457,34.2795],[-118.3478,34.2771],[-118.3488,34.2767],[-118.3497,34.2768],[-118.3506,34.2774],[-118.3507,34.2781],[-118.3528,34.2789],[-118.354,34.281],[-118.3568,34.2813],[-118.3571,34.2829],[-118.3562,34.2852],[-118.3524,34.285],[-118.3522,34.2857],[-118.3544,34.2864],[-118.3545,34.2882],[-118.3553,34.2891],[-118.3582,34.2892],[-118.3586,34.2901],[-118.3606,34.2909],[-118.361,34.2928],[-118.3602,34.2955],[-118.3606,34.2972],[-118.363,34.2955],[-118.3625,34.2946],[-118.3629,34.2932],[-118.3623,34.2923],[-118.3667,34.289],[-118.3677,34.2867],[-118.3697,34.2859],[-118.3706,34.2866],[-118.3712,34.2865],[-118.3747,34.2823],[-118.3752,34.2822],[-118.3778,34.2831],[-118.3783,34.2822],[-118.3784,34.2833],[-118.3811,34.2841],[-118.3822,34.2851],[-118.3885,34.2855],[-118.3895,34.2849],[-118.3899,34.2853],[-118.3907,34.2851],[-118.3922,34.2862],[-118.3941,34.2865],[-118.3954,34.2857],[-118.3972,34.287],[-118.4001,34.2875],[-118.4012,34.2892],[-118.3997,34.2943],[-118.4003,34.2956],[-118.4011,34.2955],[-118.4006,34.2937],[-118.4012,34.2934],[-118.4014,34.2922],[-118.4022,34.2921],[-118.4026,34.2934],[-118.4023,34.2949],[-118.4036,34.2957],[-118.4053,34.2941],[-118.4056,34.2929],[-118.4065,34.2921],[-118.4032,34.2904],[-118.4027,34.2888],[-118.4083,34.289],[-118.4091,34.2893],[-118.4102,34.291],[-118.4096,34.2937],[-118.4065,34.2959],[-118.408,34.2966],[-118.411,34.3009],[-118.4088,34.3031],[-118.4069,34.3117],[-118.4025,34.314],[-118.401,34.3154],[-118.4008,34.3195],[-118.4015,34.3202],[-118.4012,34.321],[-118.4018,34.3245],[-118.4005,34.3283],[-118.3956,34.3301],[-118.3903,34.3307],[-118.3858,34.3326],[-118.38,34.3381],[-118.379,34.3385],[-118.3744,34.3381],[-118.3715,34.3391],[-118.3669,34.3377],[-118.3608,34.3395],[-118.3589,34.3391],[-118.3518,34.3397],[-118.3506,34.3408],[-118.3492,34.3439],[-118.3484,34.3472],[-118.3468,34.3509],[-118.3457,34.3518],[-118.3385,34.3525],[-118.3368,34.3519],[-118.3237,34.3513],[-118.3205,34.3506],[-118.3109,34.35],[-118.304,34.3476],[-118.2981,34.3479],[-118.2959,34.3496],[-118.295,34.3497],[-118.2932,34.3489],[-118.2928,34.3491],[-118.2924,34.3511],[-118.2911,34.3506],[-118.29,34.3519],[-118.2853,34.3517],[-118.2836,34.3506],[-118.277,34.3502],[-118.2755,34.351],[-118.2752,34.3527],[-118.2727,34.3517],[-118.2715,34.3506],[-118.2697,34.3507],[-118.2683,34.3491],[-118.2652,34.3474],[-118.2621,34.3473],[-118.2599,34.3485],[-118.2581,34.3487],[-118.2569,34.3457],[-118.2573,34.3444],[-118.2569,34.3436],[-118.2571,34.3422],[-118.2545,34.3415],[-118.2424,34.3426],[-118.2411,34.3424],[-118.2368,34.3404],[-118.2349,34.3408],[-118.2329,34.3405],[-118.2321,34.3414],[-118.2315,34.3451],[-118.2292,34.3468],[-118.2275,34.3464],[-118.2257,34.3466],[-118.2249,34.3454],[-118.222,34.3437],[-118.2203,34.344],[-118.2186,34.3459],[-118.2177,34.3502],[-118.2158,34.3538],[-118.2142,34.3551],[-118.2099,34.3608],[-118.2076,34.3622],[-118.2018,34.3621]],[[-118.374,34.2896],[-118.3743,34.2886],[-118.3735,34.2894],[-118.374,34.2896]],[[-118.3775,34.2879],[-118.378,34.2867],[-118.377,34.2865],[-118.3765,34.2873],[-118.3775,34.2879]],[[-118.2947,34.2786],[-118.2966,34.2783],[-118.2982,34.2761],[-118.3009,34.275],[-118.3011,34.2745],[-118.3001,34.2743],[-118.2992,34.2752],[-118.2966,34.2755],[-118.2953,34.2749],[-118.2937,34.275],[-118.2932,34.2758],[-118.291,34.2761],[-118.2915,34.2768],[-118.2924,34.2767],[-118.2937,34.2775],[-118.2927,34.2783],[-118.2947,34.2786]],[[-118.3715,34.3082],[-118.3727,34.3081],[-118.3738,34.3061],[-118.374,34.3039],[-118.3726,34.3019],[-118.3735,34.3019],[-118.3745,34.3007],[-118.3758,34.3002],[-118.376,34.2995],[-118.3762,34.3006],[-118.3776,34.3005],[-118.3776,34.2967],[-118.3808,34.2961],[-118.379,34.2944],[-118.3807,34.2936],[-118.3785,34.2933],[-118.3773,34.2917],[-118.3778,34.2909],[-118.3772,34.2903],[-118.3767,34.2909],[-118.3764,34.2904],[-118.3764,34.2895],[-118.3772,34.289],[-118.376,34.288],[-118.3757,34.2843],[-118.3748,34.2835],[-118.3742,34.2838],[-118.3735,34.2854],[-118.3737,34.2873],[-118.3747,34.2882],[-118.3743,34.2863],[-118.3748,34.286],[-118.3752,34.2875],[-118.3749,34.2906],[-118.3757,34.2925],[-118.3746,34.2941],[-118.3731,34.2945],[-118.3734,34.2958],[-118.3746,34.2959],[-118.3749,34.2978],[-118.3719,34.2994],[-118.3699,34.3012],[-118.3686,34.301],[-118.3677,34.3021],[-118.3686,34.3025],[-118.3698,34.3048],[-118.3695,34.3075],[-118.3703,34.3082],[-118.3715,34.3082]]]},"properties":{"name":"Mill","year":1975,"acres":51220,"agency":"CCO"}},{"type":"Feature","geometry":{"type":"Polygon","coordinates":[[[-118.2834,34.3937],[-118.282,34.3922],[-118.2809,34.3892],[-118.2777,34.3878],[-118.2777,34.3871],[-118.2795,34.3845],[-118.279,34.3835],[-118.2772,34.3816],[-118.275,34.3807],[-118.271,34.3773],[-118.2678,34.3755],[-118.2661,34.3735],[-118.2646,34.3725],[-118.2642,34.3694],[-118.2624,34.3693],[-118.2616,34.3685],[-118.2506,34.374],[-118.2493,34.3761],[-118.248,34.3768],[-118.245,34.3775],[-118.2393,34.3769],[-118.2379,34.3785],[-118.2351,34.3788],[-118.2326,34.3798],[-118.2317,34.3791],[-118.2317,34.3783],[-118.2311,34.3781],[-118.2304,34.3768],[-118.2296,34.3767],[-118.2286,34.3759],[-118.2282,34.3765],[-118.2264,34.3765],[-118.2259,34.3774],[-118.2249,34.3771],[-118.2243,34.3788],[-118.222,34.3795],[-118.2213,34.3785],[-118.2215,34.3771],[-118.2176,34.3774],[-118.2149,34.3759],[-118.2143,34.3749],[-118.2135,34.376],[-118.2121,34.3765],[-118.213,34.3768],[-118.2122,34.3775],[-118.2082,34.3773],[-118.2057,34.3758],[-118.2041,34.3774],[-118.2017,34.3775],[-118.2004,34.3769],[-118.2004,34.374],[-118.2024,34.3712],[-118.2017,34.3696],[-118.2002,34.3682],[-118.201,34.367],[-118.2025,34.3667],[-118.2036,34.3651],[-118.2034,34.363],[-118.2028,34.3622],[-118.2076,34.3622],[-118.2099,34.3608],[-118.2183,34.3503],[-118.2193,34.35],[-118.2213,34.347],[-118.2233,34.3466],[-118.227,34.3485],[-118.2291,34.3485],[-118.2299,34.3465],[-118.2311,34.3456],[-118.2316,34.3446],[-118.2386,34.3464],[-118.2398,34.3459],[-118.2412,34.3463],[-118.2423,34.3459],[-118.2448,34.3468],[-118.2503,34.3463],[-118.251,34.3461],[-118.251,34.345],[-118.2523,34.3444],[-118.2558,34.3444],[-118.2566,34.3452],[-118.2576,34.3494],[-118.2582,34.3501],[-118.2596,34.35],[-118.2613,34.3483],[-118.2635,34.3475],[-118.2648,34.3476],[-118.2683,34.3491],[-118.2697,34.3507],[-118.2715,34.3506],[-118.2727,34.3517],[-118.2752,34.3527],[-118.2755,34.351],[-118.2806,34.3519],[-118.282,34.3506],[-118.2842,34.351],[-118.2851,34.3518],[-118.2909,34.352],[-118.2924,34.3515],[-118.2937,34.3503],[-118.2977,34.349],[-118.2994,34.3508],[-118.3011,34.3515],[-118.3039,34.3566],[-118.3054,34.3579],[-118.3068,34.3609],[-118.3086,34.3625],[-118.3066,34.3634],[-118.3036,34.3622],[-118.3042,34.3634],[-118.3009,34.3641],[-118.2996,34.3634],[-118.2987,34.3641],[-118.297,34.3626],[-118.2958,34.3623],[-118.2953,34.3634],[-118.2945,34.364],[-118.2908,34.3624],[-118.2899,34.3627],[-118.2893,34.3639],[-118.2888,34.3638],[-118.2884,34.3628],[-118.2873,34.3629],[-118.288,34.3674],[-118.2897,34.3683],[-118.2894,34.3694],[-118.29,34.3715],[-118.2893,34.373],[-118.2907,34.3763],[-118.2887,34.3781],[-118.2896,34.3814],[-118.2882,34.3823],[-118.2867,34.3844],[-118.2869,34.3923],[-118.2862,34.3932],[-118.2834,34.3937]]]},"properties":{"name":"Pacoima","year":1975,"acres":6596,"agency":"USFS"}},{"type":"Feature","geometry":{"type":"Polygon","coordinates":[[[-118.2463,34.2121],[-118.2459,34.2109],[-118.2466,34.2099],[-118.2482,34.2094],[-118.2481,34.2086],[-118.2493,34.21],[-118.2499,34.21],[-118.2489,34.2106],[-118.2492,34.2108],[-118.2489,34.2116],[-118.2478,34.2121],[-118.2472,34.2139],[-118.2463,34.2121]]]},"properties":{"name":"Unnamed","year":1975,"acres":23,"agency":"USFS"}},{"type":"Feature","geometry":{"type":"MultiPolygon","coordinates":[[[[-118.219,34.1159],[-118.2193,34.1161],[-118.2189,34.1163],[-118.219,34.1159]]],[[[-118.219,34.1123],[-118.2193,34.1129],[-118.2187,34.1131],[-118.219,34.1123]]],[[[-118.2307,34.1129],[-118.2312,34.1128],[-118.2311,34.114],[-118.23,34.1147],[-118.2304,34.1141],[-118.2301,34.1132],[-118.2307,34.1129]]],[[[-118.2292,34.1088],[-118.23,34.1098],[-118.2285,34.1101],[-118.2281,34.1092],[-118.2292,34.1088]]],[[[-118.2273,34.1003],[-118.2278,34.0997],[-118.2303,34.1002],[-118.2282,34.1007],[-118.2273,34.1003]]],[[[-118.2187,34.0955],[-118.2179,34.0951],[-118.2181,34.0944],[-118.2201,34.0945],[-118.2201,34.095],[-118.2189,34.096],[-118.2187,34.0955]]]]},"properties":{"name":"Unnamed","year":1975,"acres":20,"agency":"USFS"}},{"type":"Feature","geometry":{"type":"MultiPolygon","coordinates":[[[[-118.1928,34.2842],[-118.1932,34.2844],[-118.1929,34.2848],[-118.1917,34.2852],[-118.1922,34.2859],[-118.1918,34.2861],[-118.1911,34.2852],[-118.1912,34.2847],[-118.1928,34.2842]]],[[[-118.1892,34.2865],[-118.1881,34.2865],[-118.1887,34.2855],[-118.1896,34.2851],[-118.1909,34.2855],[-118.1906,34.2866],[-118.1892,34.2865]]]]},"properties":{"name":"Unnamed","year":1975,"acres":13,"agency":"USFS"}},{"type":"Feature","geometry":{"type":"Polygon","coordinates":[[[-118.2004,34.0755],[-118.2003,34.0777],[-118.1993,34.078],[-118.1988,34.0775],[-118.1987,34.0763],[-118.1993,34.0753],[-118.2004,34.0755]]]},"properties":{"name":"Unnamed","year":1975,"acres":10,"agency":"USFS"}},{"type":"Feature","geometry":{"type":"Polygon","coordinates":[[[-118.3678,34.2886],[-118.3688,34.2873],[-118.3697,34.287],[-118.371,34.2873],[-118.3702,34.2884],[-118.369,34.2885],[-118.3679,34.2891],[-118.3678,34.2886]]]},"properties":{"name":"Unnamed","year":1975,"acres":9,"agency":"USFS"}},{"type":"Feature","geometry":{"type":"Polygon","coordinates":[[[-118.3678,34.2886],[-118.3688,34.2873],[-118.3697,34.287],[-118.371,34.2873],[-118.3702,34.2884],[-118.369,34.2885],[-118.3679,34.2891],[-118.3678,34.2886]]]},"properties":{"name":"Unnamed","year":1975,"acres":9,"agency":"CCO"}},{"type":"Feature","geometry":{"type":"Polygon","coordinates":[[[-118.2049,34.1304],[-118.2038,34.1305],[-118.204,34.1291],[-118.2058,34.1292],[-118.2055,34.1305],[-118.2051,34.1308],[-118.2049,34.1304]]]},"properties":{"name":"Unnamed","year":1975,"acres":8,"agency":"CCO"}},{"type":"Feature","geometry":{"type":"Polygon","coordinates":[[[-118.3455,34.2135],[-118.3467,34.2146],[-118.3436,34.2162],[-118.3455,34.2135]]]},"properties":{"name":"Unnamed","year":1975,"acres":6,"agency":"USFS"}},{"type":"Feature","geometry":{"type":"Polygon","coordinates":[[[-118.2234,34.1098],[-118.2226,34.1107],[-118.2221,34.1102],[-118.2217,34.1087],[-118.2235,34.1092],[-118.2234,34.1098]]]},"properties":{"name":"Unnamed","year":1975,"acres":6,"agency":"USFS"}},{"type":"Feature","geometry":{"type":"Polygon","coordinates":[[[-118.3455,34.2135],[-118.3467,34.2146],[-118.3436,34.2162],[-118.3455,34.2135]]]},"properties":{"name":"Unnamed","year":1975,"acres":6,"agency":"CCO"}},{"type":"Feature","geometry":{"type":"Polygon","coordinates":[[[-118.2234,34.1098],[-118.2226,34.1107],[-118.2221,34.1102],[-118.2217,34.1087],[-118.2235,34.1092],[-118.2234,34.1098]]]},"properties":{"name":"Unnamed","year":1975,"acres":6,"agency":"CCO"}},{"type":"Feature","geometry":{"type":"Polygon","coordinates":[[[-118.1992,34.2245],[-118.1997,34.2245],[-118.1998,34.2255],[-118.1982,34.2272],[-118.1992,34.2245]]]},"properties":{"name":"Unnamed","year":1975,"acres":5,"agency":"USFS"}},{"type":"Feature","geometry":{"type":"Polygon","coordinates":[[[-118.3711,34.1238],[-118.3717,34.124],[-118.3712,34.125],[-118.3707,34.1257],[-118.3698,34.1258],[-118.3711,34.1238]]]},"properties":{"name":"Unnamed","year":1975,"acres":5,"agency":"USFS"}},{"type":"Feature","geometry":{"type":"Polygon","coordinates":[[[-118.1992,34.2245],[-118.1997,34.2245],[-118.1998,34.2255],[-118.1982,34.2272],[-118.1992,34.2245]]]},"properties":{"name":"Unnamed","year":1975,"acres":5,"agency":"CCO"}},{"type":"Feature","geometry":{"type":"Polygon","coordinates":[[[-118.3937,34.2874],[-118.394,34.2868],[-118.3954,34.2873],[-118.3944,34.289],[-118.3937,34.2874]]]},"properties":{"name":"Unnamed","year":1975,"acres":5,"agency":"CCO"}},{"type":"Feature","geometry":{"type":"Polygon","coordinates":[[[-118.3711,34.1238],[-118.3717,34.124],[-118.3712,34.125],[-118.3707,34.1257],[-118.3698,34.1258],[-118.3711,34.1238]]]},"properties":{"name":"Unnamed","year":1975,"acres":5,"agency":"CCO"}},{"type":"Feature","geometry":{"type":"Polygon","coordinates":[[[-118.3051,34.1535],[-118.3058,34.1533],[-118.3064,34.1542],[-118.3051,34.1547],[-118.3051,34.1535]]]},"properties":{"name":"Unnamed","year":1975,"acres":4,"agency":"USFS"}},{"type":"Feature","geometry":{"type":"MultiPolygon","coordinates":[[[[-118.259,34.1714],[-118.2594,34.1715],[-118.2588,34.1725],[-118.2582,34.1723],[-118.259,34.1714]]],[[[-118.2593,34.1742],[-118.2596,34.1752],[-118.2586,34.1756],[-118.2593,34.1742]]]]},"properties":{"name":"Unnamed","year":1975,"acres":4,"agency":"USFS"}},{"type":"Feature","geometry":{"type":"Polygon","coordinates":[[[-118.2126,34.1079],[-118.2126,34.1068],[-118.2147,34.1078],[-118.2126,34.1079]]]},"properties":{"name":"Unnamed","year":1975,"acres":4,"agency":"USFS"}},{"type":"Feature","geometry":{"type":"Polygon","coordinates":[[[-118.2945,34.1256],[-118.2953,34.1265],[-118.2948,34.127],[-118.2937,34.1262],[-118.2945,34.1256]]]},"properties":{"name":"Unnamed","year":1975,"acres":4,"agency":"USFS"}},{"type":"Feature","geometry":{"type":"MultiPolygon","coordinates":[[[[-118.259,34.1714],[-118.2594,34.1715],[-118.2588,34.1725],[-118.2582,34.1723],[-118.259,34.1714]]],[[[-118.2593,34.1742],[-118.2596,34.1752],[-118.2586,34.1756],[-118.2593,34.1742]]]]},"properties":{"name":"Unnamed","year":1975,"acres":4,"agency":"CCO"}},{"type":"Feature","geometry":{"type":"Polygon","coordinates":[[[-118.2126,34.1079],[-118.2126,34.1068],[-118.2147,34.1078],[-118.2126,34.1079]]]},"properties":{"name":"Unnamed","year":1975,"acres":4,"agency":"CCO"}},{"type":"Feature","geometry":{"type":"Polygon","coordinates":[[[-118.3051,34.1535],[-118.3058,34.1533],[-118.3064,34.1542],[-118.3051,34.1547],[-118.3051,34.1535]]]},"properties":{"name":"Unnamed","year":1975,"acres":4,"agency":"CCO"}},{"type":"Feature","geometry":{"type":"Polygon","coordinates":[[[-118.2945,34.1256],[-118.2953,34.1265],[-118.2948,34.127],[-118.2937,34.1262],[-118.2945,34.1256]]]},"properties":{"name":"Unnamed","year":1975,"acres":4,"agency":"CCO"}},{"type":"Feature","geometry":{"type":"Polygon","coordinates":[[[-118.2193,34.1549],[-118.219,34.1545],[-118.2198,34.1539],[-118.2207,34.1543],[-118.2204,34.155],[-118.2199,34.1545],[-118.2193,34.1549]]]},"properties":{"name":"Unnamed","year":1975,"acres":3,"agency":"USFS"}},{"type":"Feature","geometry":{"type":"Polygon","coordinates":[[[-118.1888,34.0978],[-118.1879,34.0978],[-118.1882,34.0972],[-118.1899,34.0973],[-118.1893,34.0979],[-118.1888,34.0978]]]},"properties":{"name":"Unnamed","year":1975,"acres":3,"agency":"USFS"}},{"type":"Feature","geometry":{"type":"Polygon","coordinates":[[[-118.274,34.1796],[-118.274,34.1804],[-118.2724,34.181],[-118.274,34.1796]]]},"properties":{"name":"Unnamed","year":1975,"acres":3,"agency":"USFS"}},{"type":"Feature","geometry":{"type":"Polygon","coordinates":[[[-118.2488,34.1716],[-118.248,34.1714],[-118.2478,34.1706],[-118.2489,34.1707],[-118.2488,34.1716]]]},"properties":{"name":"Unnamed","year":1975,"acres":3,"agency":"USFS"}},{"type":"Feature","geometry":{"type":"Polygon","coordinates":[[[-118.274,34.1796],[-118.274,34.1804],[-118.2724,34.181],[-118.274,34.1796]]]},"properties":{"name":"Unnamed","year":1975,"acres":3,"agency":"CCO"}},{"type":"Feature","geometry":{"type":"Polygon","coordinates":[[[-118.1888,34.0978],[-118.1879,34.0978],[-118.1882,34.0972],[-118.1899,34.0973],[-118.1893,34.0979],[-118.1888,34.0978]]]},"properties":{"name":"Unnamed","year":1975,"acres":3,"agency":"CCO"}},{"type":"Feature","geometry":{"type":"Polygon","coordinates":[[[-118.2193,34.1549],[-118.219,34.1545],[-118.2198,34.1539],[-118.2207,34.1543],[-118.2204,34.155],[-118.2199,34.1545],[-118.2193,34.1549]]]},"properties":{"name":"Unnamed","year":1975,"acres":3,"agency":"CCO"}},{"type":"Feature","geometry":{"type":"Polygon","coordinates":[[[-118.2488,34.1716],[-118.248,34.1714],[-118.2478,34.1706],[-118.2489,34.1707],[-118.2488,34.1716]]]},"properties":{"name":"Unnamed","year":1975,"acres":3,"agency":"CCO"}},{"type":"Feature","geometry":{"type":"Polygon","coordinates":[[[-118.3336,34.2633],[-118.3341,34.2625],[-118.3348,34.2632],[-118.3339,34.2638],[-118.3333,34.2634],[-118.3336,34.2633]]]},"properties":{"name":"Unnamed","year":1975,"acres":2,"agency":"USFS"}},{"type":"Feature","geometry":{"type":"Polygon","coordinates":[[[-118.3533,34.2243],[-118.3536,34.2246],[-118.3525,34.2251],[-118.3527,34.2244],[-118.3533,34.2243]]]},"properties":{"name":"Unnamed","year":1975,"acres":2,"agency":"USFS"}},{"type":"Feature","geometry":{"type":"Polygon","coordinates":[[[-118.2938,34.1546],[-118.2946,34.1537],[-118.2951,34.1541],[-118.2946,34.1547],[-118.2938,34.1546]]]},"properties":{"name":"Unnamed","year":1975,"acres":2,"agency":"CCO"}},{"type":"Feature","geometry":{"type":"Polygon","coordinates":[[[-118.3336,34.2633],[-118.3341,34.2625],[-118.3348,34.2632],[-118.3339,34.2638],[-118.3333,34.2634],[-118.3336,34.2633]]]},"properties":{"name":"Unnamed","year":1975,"acres":2,"agency":"CCO"}},{"type":"Feature","geometry":{"type":"Polygon","coordinates":[[[-118.3533,34.2243],[-118.3536,34.2246],[-118.3525,34.2251],[-118.3527,34.2244],[-118.3533,34.2243]]]},"properties":{"name":"Unnamed","year":1975,"acres":2,"agency":"CCO"}},{"type":"Feature","geometry":{"type":"Polygon","coordinates":[[[-118.3483,34.223],[-118.3487,34.2229],[-118.3487,34.2237],[-118.3483,34.223]]]},"properties":{"name":"Unnamed","year":1975,"acres":1,"agency":"USFS"}},{"type":"Feature","geometry":{"type":"Polygon","coordinates":[[[-118.314,34.1155],[-118.3137,34.1162],[-118.3132,34.1156],[-118.3138,34.1152],[-118.314,34.1155]]]},"properties":{"name":"Unnamed","year":1975,"acres":1,"agency":"USFS"}},{"type":"Feature","geometry":{"type":"Polygon","coordinates":[[[-118.314,34.1155],[-118.3137,34.1162],[-118.3132,34.1156],[-118.3138,34.1152],[-118.314,34.1155]]]},"properties":{"name":"Unnamed","year":1975,"acres":1,"agency":"CCO"}},{"type":"Feature","geometry":{"type":"Polygon","coordinates":[[[-118.3483,34.223],[-118.3487,34.2229],[-118.3487,34.2237],[-118.3483,34.223]]]},"properties":{"name":"Unnamed","year":1975,"acres":1,"agency":"CCO"}},{"type":"Feature","geometry":{"type":"Polygon","coordinates":[[[-118.3001,34.2743],[-118.3007,34.2743],[-118.301,34.2746],[-118.3001,34.2743]]]},"properties":{"name":"Unnamed","year":1975,"acres":0,"agency":"USFS"}},{"type":"Feature","geometry":{"type":"Polygon","coordinates":[[[-118.3001,34.2743],[-118.3007,34.2743],[-118.301,34.2746],[-118.3001,34.2743]]]},"properties":{"name":"Unnamed","year":1975,"acres":0,"agency":"CCO"}},{"type":"Feature","geometry":{"type":"Polygon","coordinates":[[[-118.0923,34.1905],[-118.0936,34.19],[-118.0946,34.1903],[-118.0921,34.1919],[-118.0923,34.1905]]]},"properties":{"name":"Unnamed","year":1976,"acres":6,"agency":"USFS"}},{"type":"Feature","geometry":{"type":"Polygon","coordinates":[[[-118.218,34.1113],[-118.2177,34.1104],[-118.2204,34.1105],[-118.2195,34.1119],[-118.2191,34.1112],[-118.218,34.1113]]]},"properties":{"name":"Unnamed","year":1976,"acres":6,"agency":"USFS"}},{"type":"Feature","geometry":{"type":"Polygon","coordinates":[[[-118.218,34.1113],[-118.2177,34.1104],[-118.2204,34.1105],[-118.2195,34.1119],[-118.2191,34.1112],[-118.218,34.1113]]]},"properties":{"name":"Unnamed","year":1976,"acres":6,"agency":"CCO"}},{"type":"Feature","geometry":{"type":"Polygon","coordinates":[[[-118.0923,34.1905],[-118.0936,34.19],[-118.0946,34.1903],[-118.0921,34.1919],[-118.0923,34.1905]]]},"properties":{"name":"Unnamed","year":1976,"acres":6,"agency":"CCO"}},{"type":"Feature","geometry":{"type":"Polygon","coordinates":[[[-118.236,34.0762],[-118.2359,34.0771],[-118.2351,34.0769],[-118.2347,34.0751],[-118.236,34.0762]]]},"properties":{"name":"Unnamed","year":1976,"acres":4,"agency":"USFS"}},{"type":"Feature","geometry":{"type":"Polygon","coordinates":[[[-118.3044,34.1525],[-118.3052,34.1534],[-118.3045,34.1547],[-118.3038,34.154],[-118.3044,34.1525]]]},"properties":{"name":"Unnamed","year":1976,"acres":4,"agency":"USFS"}},{"type":"Feature","geometry":{"type":"Polygon","coordinates":[[[-118.2457,34.0942],[-118.2461,34.0929],[-118.2465,34.0928],[-118.246,34.095],[-118.2456,34.095],[-118.2457,34.0942]]]},"properties":{"name":"Unnamed","year":1976,"acres":4,"agency":"USFS"}},{"type":"Feature","geometry":{"type":"Polygon","coordinates":[[[-118.2745,34.1228],[-118.2749,34.123],[-118.2747,34.1254],[-118.2741,34.124],[-118.2745,34.1228]]]},"properties":{"name":"Unnamed","year":1976,"acres":4,"agency":"USFS"}},{"type":"Feature","geometry":{"type":"Polygon","coordinates":[[[-118.3044,34.1525],[-118.3052,34.1534],[-118.3045,34.1547],[-118.3038,34.154],[-118.3044,34.1525]]]},"properties":{"name":"Unnamed","year":1976,"acres":4,"agency":"CCO"}},{"type":"Feature","geometry":{"type":"Polygon","coordinates":[[[-118.236,34.0762],[-118.2359,34.0771],[-118.2351,34.0769],[-118.2347,34.0751],[-118.236,34.0762]]]},"properties":{"name":"Unnamed","year":1976,"acres":4,"agency":"CCO"}},{"type":"Feature","geometry":{"type":"Polygon","coordinates":[[[-118.2745,34.1228],[-118.2749,34.123],[-118.2747,34.1254],[-118.2741,34.124],[-118.2745,34.1228]]]},"properties":{"name":"Unnamed","year":1976,"acres":4,"agency":"CCO"}},{"type":"Feature","geometry":{"type":"Polygon","coordinates":[[[-118.2457,34.0942],[-118.2461,34.0929],[-118.2465,34.0928],[-118.246,34.095],[-118.2456,34.095],[-118.2457,34.0942]]]},"properties":{"name":"Unnamed","year":1976,"acres":4,"agency":"CCO"}},{"type":"Feature","geometry":{"type":"Polygon","coordinates":[[[-118.1961,34.0814],[-118.1951,34.0806],[-118.1969,34.0807],[-118.1967,34.0815],[-118.1961,34.0814]]]},"properties":{"name":"Unnamed","year":1976,"acres":3,"agency":"USFS"}},{"type":"Feature","geometry":{"type":"Polygon","coordinates":[[[-118.1961,34.0814],[-118.1951,34.0806],[-118.1969,34.0807],[-118.1967,34.0815],[-118.1961,34.0814]]]},"properties":{"name":"Unnamed","year":1976,"acres":3,"agency":"CCO"}},{"type":"Feature","geometry":{"type":"Polygon","coordinates":[[[-118.3503,34.1071],[-118.351,34.1079],[-118.35,34.1076],[-118.3503,34.1071]]]},"properties":{"name":"Unnamed","year":1976,"acres":1,"agency":"USFS"}},{"type":"Feature","geometry":{"type":"Polygon","coordinates":[[[-118.3503,34.1071],[-118.351,34.1079],[-118.35,34.1076],[-118.3503,34.1071]]]},"properties":{"name":"Unnamed","year":1976,"acres":1,"agency":"CCO"}},{"type":"Feature","geometry":{"type":"Polygon","coordinates":[[[-118.2261,34.2006],[-118.2258,34.2002],[-118.2266,34.2004],[-118.2261,34.2006]]]},"properties":{"name":"Unnamed","year":1976,"acres":1,"agency":"CCO"}},{"type":"Feature","geometry":{"type":"Polygon","coordinates":[[[-118.1032,34.3829],[-118.1019,34.3818],[-118.1002,34.3812],[-118.0969,34.3813],[-118.0963,34.3792],[-118.0975,34.3777],[-118.0986,34.3749],[-118.102,34.3743],[-118.1019,34.3732],[-118.1007,34.3722],[-118.1007,34.3706],[-118.1049,34.3675],[-118.1065,34.367],[-118.1064,34.366],[-118.1068,34.3659],[-118.1069,34.365],[-118.1082,34.3655],[-118.1087,34.3652],[-118.1085,34.3642],[-118.1074,34.3632],[-118.1077,34.3621],[-118.1098,34.3601],[-118.1099,34.3562],[-118.1141,34.3558],[-118.1143,34.3531],[-118.1159,34.3488],[-118.1143,34.3474],[-118.1147,34.3464],[-118.1143,34.3454],[-118.1151,34.3444],[-118.1152,34.3426],[-118.1172,34.3394],[-118.1167,34.3377],[-118.1148,34.336],[-118.1143,34.3332],[-118.1159,34.3321],[-118.1168,34.3301],[-118.1203,34.3293],[-118.1229,34.3281],[-118.1239,34.3299],[-118.1242,34.3319],[-118.1254,34.3326],[-118.1279,34.3331],[-118.1299,34.3358],[-118.13,34.3388],[-118.1321,34.3409],[-118.132,34.3421],[-118.1343,34.346],[-118.1346,34.3482],[-118.1355,34.3502],[-118.1364,34.351],[-118.1386,34.3517],[-118.1391,34.3544],[-118.1415,34.3571],[-118.1464,34.3585],[-118.1467,34.3596],[-118.1478,34.3597],[-118.1487,34.3609],[-118.1517,34.3625],[-118.151,34.3654],[-118.1499,34.3677],[-118.1468,34.3702],[-118.1462,34.3722],[-118.1453,34.3733],[-118.1436,34.3743],[-118.1418,34.3763],[-118.1376,34.378],[-118.1356,34.3797],[-118.1328,34.3797],[-118.1288,34.3838],[-118.1223,34.3832],[-118.1147,34.3917],[-118.1133,34.3914],[-118.1119,34.3898],[-118.1087,34.3879],[-118.1032,34.3829]]]},"properties":{"name":"Middle","year":1977,"acres":4138,"agency":"USFS"}},{"type":"Feature","geometry":{"type":"Polygon","coordinates":[[[-118.0614,34.3141],[-118.0586,34.3127],[-118.0527,34.3113],[-118.0463,34.3066],[-118.0421,34.3065],[-118.0391,34.3046],[-118.0347,34.3033],[-118.0313,34.3005],[-118.029,34.2976],[-118.0242,34.2958],[-118.024,34.2949],[-118.022,34.2944],[-118.0213,34.2919],[-118.0217,34.2905],[-118.0225,34.2889],[-118.0239,34.288],[-118.0256,34.2837],[-118.0281,34.2821],[-118.0293,34.2805],[-118.0322,34.279],[-118.0332,34.2795],[-118.0334,34.2801],[-118.0368,34.2798],[-118.0385,34.2806],[-118.0397,34.2805],[-118.0411,34.2795],[-118.0422,34.2801],[-118.044,34.2801],[-118.0465,34.2817],[-118.0461,34.2834],[-118.0469,34.2841],[-118.047,34.2857],[-118.0481,34.2879],[-118.0534,34.2938],[-118.056,34.2947],[-118.0572,34.2946],[-118.0569,34.293],[-118.0554,34.2923],[-118.0547,34.2908],[-118.0536,34.2907],[-118.0532,34.2893],[-118.0542,34.2882],[-118.0552,34.288],[-118.0573,34.2882],[-118.0582,34.2889],[-118.0588,34.291],[-118.0602,34.2926],[-118.0657,34.2934],[-118.0678,34.2964],[-118.0681,34.2986],[-118.068,34.2993],[-118.0668,34.3003],[-118.0664,34.3026],[-118.0652,34.3044],[-118.063,34.3041],[-118.0618,34.302],[-118.0612,34.3023],[-118.0615,34.3031],[-118.0606,34.3038],[-118.0609,34.305],[-118.0622,34.3054],[-118.0617,34.3063],[-118.0631,34.3066],[-118.0639,34.3077],[-118.065,34.3076],[-118.065,34.3086],[-118.0657,34.3089],[-118.0663,34.3105],[-118.0643,34.3125],[-118.064,34.3139],[-118.0614,34.3141]]]},"properties":{"name":"Vetter","year":1977,"acres":2245,"agency":"C&L"}},{"type":"Feature","geometry":{"type":"Polygon","coordinates":[[[-118.2775,34.2335],[-118.2735,34.2333],[-118.2686,34.2317],[-118.2684,34.2313],[-118.2695,34.2301],[-118.2701,34.2282],[-118.2727,34.2279],[-118.2733,34.2259],[-118.277,34.2208],[-118.2793,34.2209],[-118.2802,34.2217],[-118.2802,34.2234],[-118.2794,34.2249],[-118.2786,34.2254],[-118.2803,34.2263],[-118.281,34.2277],[-118.2824,34.228],[-118.2815,34.2249],[-118.286,34.2233],[-118.2858,34.2226],[-118.2843,34.2223],[-118.2865,34.221],[-118.2877,34.2235],[-118.2853,34.2251],[-118.285,34.2263],[-118.2858,34.2268],[-118.2865,34.2289],[-118.2876,34.2294],[-118.2895,34.2318],[-118.2893,34.2336],[-118.2872,34.2334],[-118.2845,34.2344],[-118.281,34.2347],[-118.2775,34.2335]]]},"properties":{"name":"Unnamed","year":1977,"acres":423,"agency":"USFS"}},{"type":"Feature","geometry":{"type":"Polygon","coordinates":[[[-118.2814,34.2379],[-118.279,34.2379],[-118.278,34.2369],[-118.2779,34.2346],[-118.2785,34.2344],[-118.2799,34.2351],[-118.2812,34.2351],[-118.2818,34.2363],[-118.2826,34.2364],[-118.2824,34.2379],[-118.2814,34.2379]]]},"properties":{"name":"Unnamed","year":1977,"acres":30,"agency":"USFS"}},{"type":"Feature","geometry":{"type":"Polygon","coordinates":[[[-118.3409,34.1161],[-118.3399,34.1157],[-118.3402,34.1143],[-118.3416,34.1137],[-118.3429,34.1141],[-118.3428,34.1161],[-118.3409,34.1161]]]},"properties":{"name":"Unnamed","year":1977,"acres":16,"agency":"USFS"}},{"type":"Feature","geometry":{"type":"Polygon","coordinates":[[[-118.3423,34.216],[-118.3416,34.2164],[-118.3407,34.2151],[-118.3407,34.2143],[-118.3433,34.2154],[-118.3423,34.216]]]},"properties":{"name":"Unnamed","year":1977,"acres":8,"agency":"USFS"}},{"type":"Feature","geometry":{"type":"Polygon","coordinates":[[[-118.3423,34.216],[-118.3416,34.2164],[-118.3407,34.2151],[-118.3407,34.2143],[-118.3433,34.2154],[-118.3423,34.216]]]},"properties":{"name":"Unnamed","year":1977,"acres":8,"agency":"CCO"}},{"type":"Feature","geometry":{"type":"Polygon","coordinates":[[[-118.2871,34.1311],[-118.2885,34.1307],[-118.2884,34.1316],[-118.2865,34.1328],[-118.286,34.1327],[-118.2871,34.1311]]]},"properties":{"name":"Unnamed","year":1977,"acres":6,"agency":"USFS"}},{"type":"Feature","geometry":{"type":"Polygon","coordinates":[[[-118.2923,34.1298],[-118.2912,34.1299],[-118.2915,34.1287],[-118.2937,34.1288],[-118.2932,34.1303],[-118.2923,34.1298]]]},"properties":{"name":"Unnamed","year":1977,"acres":6,"agency":"USFS"}},{"type":"Feature","geometry":{"type":"Polygon","coordinates":[[[-118.2871,34.1311],[-118.2885,34.1307],[-118.2884,34.1316],[-118.2865,34.1328],[-118.286,34.1327],[-118.2871,34.1311]]]},"properties":{"name":"Unnamed","year":1977,"acres":6,"agency":"CCO"}},{"type":"Feature","geometry":{"type":"Polygon","coordinates":[[[-118.2923,34.1298],[-118.2912,34.1299],[-118.2915,34.1287],[-118.2937,34.1288],[-118.2932,34.1303],[-118.2923,34.1298]]]},"properties":{"name":"Unnamed","year":1977,"acres":6,"agency":"CCO"}},{"type":"Feature","geometry":{"type":"Polygon","coordinates":[[[-118.2242,34.1472],[-118.2248,34.1479],[-118.2242,34.1489],[-118.2232,34.1491],[-118.2234,34.1479],[-118.2242,34.1472]]]},"properties":{"name":"Unnamed","year":1977,"acres":5,"agency":"USFS"}},{"type":"Feature","geometry":{"type":"Polygon","coordinates":[[[-118.2242,34.1472],[-118.2248,34.1479],[-118.2242,34.1489],[-118.2232,34.1491],[-118.2234,34.1479],[-118.2242,34.1472]]]},"properties":{"name":"Unnamed","year":1977,"acres":5,"agency":"CCO"}},{"type":"Feature","geometry":{"type":"Polygon","coordinates":[[[-118.0967,34.1863],[-118.0961,34.1878],[-118.096,34.1856],[-118.0969,34.1854],[-118.0967,34.1863]]]},"properties":{"name":"Unnamed","year":1977,"acres":4,"agency":"USFS"}},{"type":"Feature","geometry":{"type":"Polygon","coordinates":[[[-118.0967,34.1863],[-118.0961,34.1878],[-118.096,34.1856],[-118.0969,34.1854],[-118.0967,34.1863]]]},"properties":{"name":"Unnamed","year":1977,"acres":4,"agency":"CCO"}},{"type":"Feature","geometry":{"type":"Polygon","coordinates":[[[-118.2608,34.179],[-118.2605,34.1779],[-118.2614,34.1786],[-118.2608,34.179]]]},"properties":{"name":"Unnamed","year":1977,"acres":2,"agency":"USFS"}},{"type":"Feature","geometry":{"type":"Polygon","coordinates":[[[-118.2581,34.1759],[-118.2596,34.1752],[-118.2596,34.176],[-118.2581,34.1759]]]},"properties":{"name":"Unnamed","year":1977,"acres":2,"agency":"USFS"}},{"type":"Feature","geometry":{"type":"Polygon","coordinates":[[[-118.1921,34.1753],[-118.1919,34.1763],[-118.1913,34.1766],[-118.1914,34.1753],[-118.1921,34.1753]]]},"properties":{"name":"Unnamed","year":1977,"acres":2,"agency":"USFS"}},{"type":"Feature","geometry":{"type":"Polygon","coordinates":[[[-118.2581,34.1759],[-118.2596,34.1752],[-118.2596,34.176],[-118.2581,34.1759]]]},"properties":{"name":"Unnamed","year":1977,"acres":2,"agency":"CCO"}},{"type":"Feature","geometry":{"type":"Polygon","coordinates":[[[-118.1921,34.1753],[-118.1919,34.1763],[-118.1913,34.1766],[-118.1914,34.1753],[-118.1921,34.1753]]]},"properties":{"name":"Unnamed","year":1977,"acres":2,"agency":"CCO"}},{"type":"Feature","geometry":{"type":"Polygon","coordinates":[[[-118.2608,34.179],[-118.2605,34.1779],[-118.2614,34.1786],[-118.2608,34.179]]]},"properties":{"name":"Unnamed","year":1977,"acres":2,"agency":"CCO"}},{"type":"Feature","geometry":{"type":"Polygon","coordinates":[[[-118.3549,34.2201],[-118.355,34.2206],[-118.3539,34.2204],[-118.3542,34.22],[-118.3549,34.2201]]]},"properties":{"name":"Unnamed","year":1977,"acres":1,"agency":"USFS"}},{"type":"Feature","geometry":{"type":"Polygon","coordinates":[[[-118.3549,34.2201],[-118.355,34.2206],[-118.3539,34.2204],[-118.3542,34.22],[-118.3549,34.2201]]]},"properties":{"name":"Unnamed","year":1977,"acres":1,"agency":"CCO"}},{"type":"Feature","geometry":{"type":"Polygon","coordinates":[[[-118.0716,34.2022],[-118.0662,34.202],[-118.0655,34.2008],[-118.0653,34.1985],[-118.0626,34.1953],[-118.0588,34.1946],[-118.0554,34.1918],[-118.0551,34.191],[-118.0528,34.1904],[-118.0493,34.1921],[-118.0473,34.192],[-118.0458,34.1913],[-118.0472,34.1914],[-118.0476,34.1903],[-118.0473,34.1897],[-118.0459,34.1891],[-118.0471,34.1878],[-118.0463,34.1865],[-118.0462,34.1851],[-118.0469,34.1844],[-118.0468,34.1838],[-118.0455,34.1826],[-118.0446,34.1776],[-118.0424,34.1789],[-118.042,34.1779],[-118.0422,34.1771],[-118.0448,34.1748],[-118.0472,34.1739],[-118.0464,34.1727],[-118.048,34.1713],[-118.0494,34.1711],[-118.0513,34.1722],[-118.0532,34.1712],[-118.0542,34.1722],[-118.0545,34.1739],[-118.0559,34.1744],[-118.0575,34.1742],[-118.0589,34.175],[-118.06,34.1743],[-118.0617,34.175],[-118.0646,34.1746],[-118.0709,34.1762],[-118.0709,34.1773],[-118.0692,34.1797],[-118.0687,34.1815],[-118.068,34.1819],[-118.0682,34.1833],[-118.0674,34.1849],[-118.067,34.1854],[-118.0655,34.1857],[-118.0652,34.1864],[-118.0654,34.1875],[-118.0663,34.188],[-118.0662,34.19],[-118.0689,34.1905],[-118.0686,34.1911],[-118.0693,34.1919],[-118.0706,34.1924],[-118.0708,34.1939],[-118.0716,34.1949],[-118.0692,34.1972],[-118.0691,34.1978],[-118.07,34.1989],[-118.0733,34.1981],[-118.0747,34.1985],[-118.0766,34.1961],[-118.0779,34.1934],[-118.0784,34.1936],[-118.0781,34.196],[-118.0765,34.1976],[-118.075,34.2015],[-118.0731,34.2025],[-118.0716,34.2022]]]},"properties":{"name":"Mountain Trail","year":1978,"acres":1295,"agency":"CCO"}},{"type":"Feature","geometry":{"type":"MultiPolygon","coordinates":[[[[-118.2217,34.1943],[-118.2223,34.1946],[-118.2208,34.195],[-118.2217,34.1943]]],[[[-118.2218,34.1972],[-118.2234,34.198],[-118.2232,34.1993],[-118.2204,34.1987],[-118.2204,34.1982],[-118.2218,34.1972]]]]},"properties":{"name":"Unnamed","year":1978,"acres":13,"agency":"USFS"}},{"type":"Feature","geometry":{"type":"Polygon","coordinates":[[[-118.3399,34.1157],[-118.3409,34.1165],[-118.3388,34.1171],[-118.3376,34.1141],[-118.3381,34.1139],[-118.3399,34.1157]]]},"properties":{"name":"Unnamed","year":1978,"acres":12,"agency":"USFS"}},{"type":"Feature","geometry":{"type":"Polygon","coordinates":[[[-118.2751,34.128],[-118.277,34.128],[-118.2773,34.1286],[-118.2751,34.1293],[-118.2751,34.128]]]},"properties":{"name":"Unnamed","year":1978,"acres":6,"agency":"USFS"}},{"type":"Feature","geometry":{"type":"Polygon","coordinates":[[[-118.2275,34.0992],[-118.2262,34.099],[-118.2274,34.0986],[-118.2287,34.0993],[-118.2281,34.1006],[-118.2274,34.1005],[-118.2278,34.0995],[-118.2275,34.0992]]]},"properties":{"name":"Unnamed","year":1978,"acres":6,"agency":"USFS"}},{"type":"Feature","geometry":{"type":"Polygon","coordinates":[[[-118.2751,34.128],[-118.277,34.128],[-118.2773,34.1286],[-118.2751,34.1293],[-118.2751,34.128]]]},"properties":{"name":"Unnamed","year":1978,"acres":6,"agency":"CCO"}},{"type":"Feature","geometry":{"type":"Polygon","coordinates":[[[-118.2275,34.0992],[-118.2262,34.099],[-118.2274,34.0986],[-118.2287,34.0993],[-118.2281,34.1006],[-118.2274,34.1005],[-118.2278,34.0995],[-118.2275,34.0992]]]},"properties":{"name":"Unnamed","year":1978,"acres":6,"agency":"CCO"}},{"type":"Feature","geometry":{"type":"Polygon","coordinates":[[[-118.3337,34.1167],[-118.3346,34.1163],[-118.3352,34.1167],[-118.3365,34.1163],[-118.3348,34.1175],[-118.3337,34.1167]]]},"properties":{"name":"Unnamed","year":1978,"acres":5,"agency":"USFS"}},{"type":"Feature","geometry":{"type":"Polygon","coordinates":[[[-118.3337,34.1167],[-118.3346,34.1163],[-118.3352,34.1167],[-118.3365,34.1163],[-118.3348,34.1175],[-118.3337,34.1167]]]},"properties":{"name":"Unnamed","year":1978,"acres":5,"agency":"CCO"}},{"type":"Feature","geometry":{"type":"Polygon","coordinates":[[[-118.222,34.1487],[-118.2223,34.1473],[-118.2231,34.1472],[-118.2226,34.1485],[-118.222,34.1487]]]},"properties":{"name":"Unnamed","year":1978,"acres":4,"agency":"USFS"}},{"type":"Feature","geometry":{"type":"Polygon","coordinates":[[[-118.3507,34.2224],[-118.351,34.2228],[-118.3504,34.2241],[-118.3481,34.2251],[-118.3498,34.224],[-118.3507,34.2224]]]},"properties":{"name":"Unnamed","year":1978,"acres":4,"agency":"USFS"}},{"type":"Feature","geometry":{"type":"Polygon","coordinates":[[[-118.3507,34.2224],[-118.351,34.2228],[-118.3504,34.2241],[-118.3481,34.2251],[-118.3498,34.224],[-118.3507,34.2224]]]},"properties":{"name":"Unnamed","year":1978,"acres":4,"agency":"CCO"}},{"type":"Feature","geometry":{"type":"Polygon","coordinates":[[[-118.222,34.1487],[-118.2223,34.1473],[-118.2231,34.1472],[-118.2226,34.1485],[-118.222,34.1487]]]},"properties":{"name":"Unnamed","year":1978,"acres":4,"agency":"CCO"}},{"type":"Feature","geometry":{"type":"Polygon","coordinates":[[[-118.2254,34.1648],[-118.2249,34.1648],[-118.2248,34.1642],[-118.2258,34.1643],[-118.2254,34.1648]]]},"properties":{"name":"Unnamed","year":1978,"acres":2,"agency":"USFS"}},{"type":"Feature","geometry":{"type":"Polygon","coordinates":[[[-118.2254,34.1648],[-118.2249,34.1648],[-118.2248,34.1642],[-118.2258,34.1643],[-118.2254,34.1648]]]},"properties":{"name":"Unnamed","year":1978,"acres":2,"agency":"CCO"}},{"type":"Feature","geometry":{"type":"Polygon","coordinates":[[[-118.2989,34.1233],[-118.2991,34.1238],[-118.2987,34.1237],[-118.2989,34.1233]]]},"properties":{"name":"Unnamed","year":1978,"acres":1,"agency":"USFS"}},{"type":"Feature","geometry":{"type":"Polygon","coordinates":[[[-118.3876,34.1233],[-118.3867,34.1229],[-118.3868,34.1226],[-118.3876,34.1233]]]},"properties":{"name":"Unnamed","year":1978,"acres":1,"agency":"USFS"}},{"type":"Feature","geometry":{"type":"Polygon","coordinates":[[[-118.3415,34.1195],[-118.341,34.1193],[-118.3413,34.1189],[-118.3415,34.1195]]]},"properties":{"name":"Unnamed","year":1978,"acres":1,"agency":"USFS"}},{"type":"Feature","geometry":{"type":"Polygon","coordinates":[[[-118.3876,34.1233],[-118.3867,34.1229],[-118.3868,34.1226],[-118.3876,34.1233]]]},"properties":{"name":"Unnamed","year":1978,"acres":1,"agency":"CCO"}},{"type":"Feature","geometry":{"type":"Polygon","coordinates":[[[-118.3415,34.1195],[-118.341,34.1193],[-118.3413,34.1189],[-118.3415,34.1195]]]},"properties":{"name":"Unnamed","year":1978,"acres":1,"agency":"CCO"}},{"type":"Feature","geometry":{"type":"Polygon","coordinates":[[[-118.2989,34.1233],[-118.2991,34.1238],[-118.2987,34.1237],[-118.2989,34.1233]]]},"properties":{"name":"Unnamed","year":1978,"acres":1,"agency":"CCO"}},{"type":"Feature","geometry":{"type":"Polygon","coordinates":[[[-118.0798,34.4314],[-118.0762,34.4316],[-118.0749,34.4308],[-118.0745,34.4286],[-118.0731,34.4257],[-118.0731,34.4236],[-118.0721,34.4217],[-118.0721,34.4205],[-118.0681,34.4159],[-118.066,34.4146],[-118.0629,34.4109],[-118.0556,34.4062],[-118.0558,34.4042],[-118.0577,34.4016],[-118.0616,34.3992],[-118.0629,34.3975],[-118.0637,34.3972],[-118.0645,34.3959],[-118.0624,34.395],[-118.056,34.3947],[-118.0545,34.3938],[-118.0534,34.389],[-118.0524,34.3879],[-118.0447,34.3841],[-118.0415,34.3801],[-118.0355,34.3766],[-118.0338,34.3725],[-118.0321,34.3715],[-118.0314,34.3703],[-118.031,34.3681],[-118.0317,34.3667],[-118.0285,34.3661],[-118.0263,34.368],[-118.0255,34.3697],[-118.0244,34.37],[-118.0239,34.3695],[-118.0222,34.3695],[-118.0205,34.3704],[-118.0199,34.3694],[-118.0201,34.3672],[-118.0183,34.3665],[-118.0182,34.3646],[-118.0175,34.3642],[-118.0163,34.3644],[-118.0158,34.365],[-118.0148,34.3645],[-118.0141,34.3646],[-118.0135,34.3639],[-118.0111,34.3639],[-118.0113,34.3629],[-118.0105,34.3619],[-118.0114,34.361],[-118.0104,34.3611],[-118.0102,34.3607],[-118.0107,34.3597],[-118.0124,34.3597],[-118.0134,34.3585],[-118.0134,34.3577],[-118.0123,34.3576],[-118.0116,34.3565],[-118.0129,34.3523],[-118.0152,34.3499],[-118.0184,34.3487],[-118.0192,34.3478],[-118.0222,34.3427],[-118.023,34.3391],[-118.0264,34.3339],[-118.0257,34.3301],[-118.026,34.3287],[-118.0279,34.3255],[-118.0282,34.3226],[-118.0258,34.3181],[-118.0242,34.3106],[-118.0261,34.3031],[-118.0284,34.2971],[-118.0292,34.2968],[-118.0376,34.2972],[-118.039,34.2966],[-118.0434,34.2965],[-118.0463,34.2953],[-118.0495,34.2953],[-118.0524,34.2948],[-118.0546,34.2924],[-118.0559,34.2886],[-118.0581,34.287],[-118.0589,34.2857],[-118.0616,34.285],[-118.0648,34.2813],[-118.0669,34.28],[-118.0667,34.2779],[-118.0702,34.277],[-118.0714,34.2761],[-118.072,34.2749],[-118.0719,34.2729],[-118.074,34.27],[-118.0756,34.2703],[-118.0776,34.2687],[-118.08,34.269],[-118.0811,34.2675],[-118.0838,34.2669],[-118.0852,34.267],[-118.0867,34.2662],[-118.0882,34.2662],[-118.09,34.2649],[-118.0908,34.2649],[-118.0933,34.2663],[-118.095,34.2658],[-118.098,34.2662],[-118.0996,34.2647],[-118.1007,34.2619],[-118.103,34.2614],[-118.1045,34.2594],[-118.1055,34.2593],[-118.1065,34.2597],[-118.1079,34.2619],[-118.1084,34.2633],[-118.1079,34.2644],[-118.1116,34.2647],[-118.1123,34.2644],[-118.1124,34.2631],[-118.1137,34.2631],[-118.1153,34.2647],[-118.1148,34.267],[-118.1181,34.2688],[-118.1187,34.2682],[-118.1185,34.2677],[-118.1163,34.2671],[-118.1172,34.264],[-118.1166,34.263],[-118.1155,34.2623],[-118.1158,34.2615],[-118.1213,34.2644],[-118.1251,34.2647],[-118.1273,34.2662],[-118.1294,34.2659],[-118.1315,34.2667],[-118.1339,34.2665],[-118.1368,34.2679],[-118.1371,34.2696],[-118.1359,34.2715],[-118.1337,34.2731],[-118.1335,34.2744],[-118.1322,34.2766],[-118.1278,34.2808],[-118.1236,34.2822],[-118.1205,34.2839],[-118.1177,34.2863],[-118.1135,34.2888],[-118.1119,34.2905],[-118.1099,34.2953],[-118.1098,34.2969],[-118.1105,34.2981],[-118.1103,34.301],[-118.1114,34.3039],[-118.1102,34.308],[-118.1115,34.3151],[-118.1148,34.3184],[-118.1165,34.3191],[-118.1175,34.3201],[-118.1224,34.3202],[-118.1243,34.3211],[-118.1262,34.3233],[-118.1301,34.3254],[-118.1332,34.33],[-118.133,34.3323],[-118.1269,34.3304],[-118.1246,34.3288],[-118.1169,34.3299],[-118.1162,34.3317],[-118.1146,34.3332],[-118.1148,34.3356],[-118.1172,34.3382],[-118.1176,34.3393],[-118.1154,34.3429],[-118.1148,34.3454],[-118.1148,34.3476],[-118.1161,34.3484],[-118.1162,34.3491],[-118.1145,34.3529],[-118.1143,34.3551],[-118.1133,34.356],[-118.1103,34.3561],[-118.1099,34.3565],[-118.11,34.3598],[-118.108,34.3623],[-118.1078,34.3631],[-118.1091,34.365],[-118.1083,34.3657],[-118.1073,34.365],[-118.1067,34.3663],[-118.107,34.367],[-118.1051,34.3674],[-118.1033,34.3694],[-118.1011,34.3705],[-118.1009,34.3722],[-118.1022,34.3734],[-118.102,34.3743],[-118.099,34.3747],[-118.0966,34.3791],[-118.097,34.3817],[-118.0996,34.3814],[-118.1026,34.3823],[-118.1102,34.3888],[-118.1117,34.3895],[-118.1132,34.3912],[-118.1115,34.3919],[-118.1106,34.3932],[-118.1074,34.3942],[-118.107,34.3966],[-118.1053,34.398],[-118.1031,34.3985],[-118.1021,34.3999],[-118.1001,34.3995],[-118.098,34.3998],[-118.0969,34.4011],[-118.0961,34.4063],[-118.0966,34.4151],[-118.0983,34.4178],[-118.1071,34.4236],[-118.108,34.425],[-118.1077,34.4273],[-118.1068,34.4282],[-118.1013,34.4309],[-118.0908,34.4336],[-118.0839,34.433],[-118.0798,34.4314]]]},"properties":{"name":"Sage","year":1979,"acres":28913,"agency":"CCO"}},{"type":"Feature","geometry":{"type":"Polygon","coordinates":[[[-118.0993,34.2366],[-118.0953,34.2359],[-118.0917,34.2336],[-118.0908,34.2322],[-118.0887,34.2339],[-118.085,34.2335],[-118.0837,34.2348],[-118.0826,34.2353],[-118.0799,34.2352],[-118.0772,34.2345],[-118.0748,34.2318],[-118.0715,34.2306],[-118.0695,34.2283],[-118.0688,34.2258],[-118.0652,34.2236],[-118.0634,34.2209],[-118.063,34.2196],[-118.0637,34.2176],[-118.0607,34.2141],[-118.0595,34.2134],[-118.0589,34.212],[-118.0607,34.2119],[-118.062,34.2105],[-118.0643,34.2096],[-118.0642,34.2067],[-118.0636,34.2057],[-118.0642,34.205],[-118.0662,34.2049],[-118.0686,34.2061],[-118.0709,34.2057],[-118.071,34.205],[-118.0699,34.2045],[-118.0688,34.2029],[-118.0699,34.2017],[-118.0739,34.2024],[-118.0759,34.2037],[-118.0756,34.2021],[-118.0776,34.2022],[-118.0777,34.2013],[-118.0767,34.2003],[-118.077,34.1997],[-118.0764,34.1974],[-118.0755,34.1966],[-118.0757,34.1956],[-118.0793,34.196],[-118.0814,34.1958],[-118.0849,34.1976],[-118.0863,34.1972],[-118.0896,34.1975],[-118.0912,34.1981],[-118.0921,34.1976],[-118.0934,34.1954],[-118.0949,34.1954],[-118.0976,34.1935],[-118.101,34.1924],[-118.1023,34.1927],[-118.1052,34.1946],[-118.1084,34.1939],[-118.1095,34.1955],[-118.1101,34.1945],[-118.1144,34.1956],[-118.1146,34.1967],[-118.1175,34.1984],[-118.1177,34.1993],[-118.1196,34.1995],[-118.1206,34.1989],[-118.1208,34.2006],[-118.1203,34.2024],[-118.1226,34.2031],[-118.1245,34.2043],[-118.1252,34.2037],[-118.1274,34.2038],[-118.1297,34.2054],[-118.1295,34.207],[-118.1283,34.2084],[-118.1298,34.2102],[-118.1293,34.215],[-118.128,34.2161],[-118.1271,34.2176],[-118.1265,34.2189],[-118.1265,34.2207],[-118.1244,34.223],[-118.1235,34.2234],[-118.1237,34.2243],[-118.1247,34.225],[-118.1244,34.2259],[-118.1251,34.2274],[-118.1233,34.2276],[-118.1213,34.2262],[-118.117,34.2259],[-118.113,34.2244],[-118.1124,34.2235],[-118.1109,34.224],[-118.1097,34.2247],[-118.1099,34.2256],[-118.1092,34.2261],[-118.1088,34.2274],[-118.1098,34.228],[-118.1108,34.2275],[-118.1115,34.2278],[-118.1101,34.2286],[-118.1091,34.2301],[-118.1077,34.2307],[-118.1057,34.2329],[-118.1058,34.2342],[-118.1052,34.2357],[-118.1033,34.2366],[-118.0993,34.2366]]]},"properties":{"name":"Pinecrest","year":1979,"acres":5306,"agency":"CCO"}},{"type":"Feature","geometry":{"type":"Polygon","coordinates":[[[-118.2021,34.3619],[-118.2007,34.3611],[-118.1988,34.3583],[-118.1944,34.3556],[-118.1936,34.3544],[-118.1935,34.3535],[-118.1945,34.3526],[-118.1938,34.3513],[-118.1947,34.3508],[-118.1945,34.349],[-118.1951,34.3484],[-118.1943,34.3458],[-118.1927,34.3441],[-118.1878,34.3427],[-118.1854,34.3431],[-118.181,34.3417],[-118.1786,34.3422],[-118.1779,34.3411],[-118.1766,34.3419],[-118.172,34.3423],[-118.1695,34.3422],[-118.1679,34.3416],[-118.1651,34.3391],[-118.1614,34.3371],[-118.1595,34.3351],[-118.1585,34.3322],[-118.1575,34.331],[-118.1558,34.3305],[-118.1514,34.331],[-118.152,34.3291],[-118.1533,34.3277],[-118.1531,34.3267],[-118.1541,34.325],[-118.1549,34.3249],[-118.1552,34.3243],[-118.1567,34.3238],[-118.1574,34.3229],[-118.1587,34.3225],[-118.1622,34.3199],[-118.1631,34.3187],[-118.1637,34.316],[-118.1668,34.3138],[-118.1687,34.3142],[-118.1719,34.3157],[-118.1743,34.3184],[-118.1767,34.32],[-118.1759,34.3209],[-118.1722,34.3214],[-118.1712,34.324],[-118.1745,34.3246],[-118.1775,34.3244],[-118.181,34.3252],[-118.1849,34.3238],[-118.1862,34.3218],[-118.1875,34.3218],[-118.1893,34.3234],[-118.1889,34.325],[-118.1892,34.3259],[-118.1896,34.3266],[-118.1912,34.3271],[-118.191,34.3281],[-118.1917,34.3282],[-118.1923,34.3293],[-118.1924,34.3308],[-118.1944,34.3314],[-118.1949,34.3319],[-118.1937,34.3338],[-118.1922,34.3349],[-118.1893,34.3358],[-118.1882,34.3369],[-118.1869,34.3371],[-118.1888,34.3385],[-118.1915,34.3375],[-118.194,34.3374],[-118.1969,34.3386],[-118.199,34.3409],[-118.1995,34.3435],[-118.198,34.347],[-118.1981,34.3484],[-118.1971,34.3519],[-118.1999,34.3547],[-118.2001,34.3556],[-118.2018,34.3564],[-118.2019,34.3572],[-118.2034,34.3574],[-118.2052,34.3585],[-118.2058,34.3597],[-118.2072,34.3609],[-118.2066,34.362],[-118.2021,34.3619]]]},"properties":{"name":"Monte","year":1979,"acres":2106,"agency":"USFS"}},{"type":"Feature","geometry":{"type":"MultiPolygon","coordinates":[[[[-118.398,34.2942],[-118.3967,34.2944],[-118.3965,34.2939],[-118.3971,34.2933],[-118.3974,34.2908],[-118.3966,34.2897],[-118.3969,34.289],[-118.3958,34.2889],[-118.3971,34.2876],[-118.3997,34.2881],[-118.4009,34.2902],[-118.3995,34.2944],[-118.398,34.2942]]],[[[-118.3905,34.292],[-118.3911,34.2917],[-118.3902,34.2902],[-118.3906,34.2887],[-118.3925,34.2881],[-118.3929,34.2873],[-118.3961,34.2878],[-118.3954,34.2888],[-118.3954,34.2905],[-118.3947,34.291],[-118.394,34.2925],[-118.3923,34.2928],[-118.3905,34.292]]]]},"properties":{"name":"Whitehorse","year":1979,"acres":113,"agency":"C&L"}},{"type":"Feature","geometry":{"type":"Polygon","coordinates":[[[-118.4034,34.3122],[-118.4017,34.3128],[-118.4001,34.3126],[-118.4008,34.3105],[-118.4018,34.3103],[-118.4023,34.3108],[-118.4036,34.3108],[-118.4041,34.3091],[-118.4073,34.3082],[-118.4068,34.3118],[-118.4033,34.3134],[-118.4034,34.3122]]]},"properties":{"name":"Wash","year":1979,"acres":50,"agency":"CCO"}},{"type":"Feature","geometry":{"type":"MultiPolygon","coordinates":[[[[-118.37,34.1043],[-118.3705,34.1044],[-118.3702,34.1053],[-118.3693,34.1046],[-118.37,34.1043]]],[[[-118.3744,34.1042],[-118.3743,34.1037],[-118.3749,34.104],[-118.3755,34.1035],[-118.3757,34.1043],[-118.3736,34.1056],[-118.3738,34.1046],[-118.3744,34.1042]]],[[[-118.3708,34.1042],[-118.3704,34.1035],[-118.3711,34.1018],[-118.3725,34.1022],[-118.3743,34.1004],[-118.3748,34.1012],[-118.3765,34.1013],[-118.3771,34.1019],[-118.3763,34.1028],[-118.3748,34.1025],[-118.3724,34.1034],[-118.3723,34.1041],[-118.3712,34.1048],[-118.3708,34.1042]]]]},"properties":{"name":"Unnamed","year":1979,"acres":35,"agency":"USFS"}},{"type":"Feature","geometry":{"type":"Polygon","coordinates":[[[-118.3609,34.2424],[-118.3629,34.242],[-118.3635,34.2432],[-118.3619,34.2443],[-118.3611,34.2454],[-118.36,34.2455],[-118.3609,34.2424]]]},"properties":{"name":"Unnamed","year":1979,"acres":17,"agency":"USFS"}},{"type":"Feature","geometry":{"type":"Polygon","coordinates":[[[-118.2165,34.1476],[-118.2168,34.1456],[-118.2186,34.146],[-118.2186,34.1474],[-118.2165,34.1476]]]},"properties":{"name":"Unnamed","year":1979,"acres":11,"agency":"USFS"}},{"type":"Feature","geometry":{"type":"Polygon","coordinates":[[[-118.3616,34.1042],[-118.3618,34.1036],[-118.3627,34.104],[-118.3637,34.1033],[-118.3641,34.1036],[-118.3627,34.106],[-118.3616,34.1042]]]},"properties":{"name":"Unnamed","year":1979,"acres":9,"agency":"CCO"}},{"type":"Feature","geometry":{"type":"Polygon","coordinates":[[[-118.363,34.2388],[-118.3646,34.2391],[-118.3633,34.2396],[-118.3626,34.2407],[-118.362,34.241],[-118.3619,34.2395],[-118.363,34.2388]]]},"properties":{"name":"Unnamed","year":1979,"acres":7,"agency":"USFS"}},{"type":"Feature","geometry":{"type":"Polygon","coordinates":[[[-118.363,34.2388],[-118.3646,34.2391],[-118.3633,34.2396],[-118.3626,34.2407],[-118.362,34.241],[-118.3619,34.2395],[-118.363,34.2388]]]},"properties":{"name":"Unnamed","year":1979,"acres":7,"agency":"CCO"}},{"type":"Feature","geometry":{"type":"Polygon","coordinates":[[[-118.2273,34.0992],[-118.226,34.0987],[-118.2272,34.0977],[-118.228,34.0986],[-118.2277,34.0993],[-118.2273,34.0992]]]},"properties":{"name":"Unnamed","year":1979,"acres":6,"agency":"USFS"}},{"type":"Feature","geometry":{"type":"Polygon","coordinates":[[[-118.2273,34.0992],[-118.226,34.0987],[-118.2272,34.0977],[-118.228,34.0986],[-118.2277,34.0993],[-118.2273,34.0992]]]},"properties":{"name":"Unnamed","year":1979,"acres":6,"agency":"CCO"}},{"type":"Feature","geometry":{"type":"Polygon","coordinates":[[[-118.2478,34.1718],[-118.247,34.1713],[-118.2484,34.1706],[-118.2487,34.172],[-118.2478,34.1718]]]},"properties":{"name":"Unnamed","year":1979,"acres":5,"agency":"USFS"}},{"type":"Feature","geometry":{"type":"Polygon","coordinates":[[[-118.2478,34.1718],[-118.247,34.1713],[-118.2484,34.1706],[-118.2487,34.172],[-118.2478,34.1718]]]},"properties":{"name":"Unnamed","year":1979,"acres":5,"agency":"CCO"}},{"type":"Feature","geometry":{"type":"Polygon","coordinates":[[[-118.1826,34.1301],[-118.1841,34.13],[-118.1829,34.1315],[-118.1819,34.1303],[-118.1826,34.1301]]]},"properties":{"name":"Unnamed","year":1979,"acres":4,"agency":"USFS"}},{"type":"Feature","geometry":{"type":"Polygon","coordinates":[[[-118.3782,34.3094],[-118.3791,34.3106],[-118.3783,34.3116],[-118.3782,34.3094]]]},"properties":{"name":"Unnamed","year":1979,"acres":4,"agency":"USFS"}},{"type":"Feature","geometry":{"type":"Polygon","coordinates":[[[-118.1826,34.1301],[-118.1841,34.13],[-118.1829,34.1315],[-118.1819,34.1303],[-118.1826,34.1301]]]},"properties":{"name":"Unnamed","year":1979,"acres":4,"agency":"CCO"}},{"type":"Feature","geometry":{"type":"Polygon","coordinates":[[[-118.3782,34.3094],[-118.3791,34.3106],[-118.3783,34.3116],[-118.3782,34.3094]]]},"properties":{"name":"Unnamed","year":1979,"acres":4,"agency":"CCO"}},{"type":"Feature","geometry":{"type":"Polygon","coordinates":[[[-118.3565,34.2248],[-118.3572,34.2249],[-118.357,34.2254],[-118.3556,34.2253],[-118.3557,34.2248],[-118.3565,34.2248]]]},"properties":{"name":"Unnamed","year":1979,"acres":2,"agency":"USFS"}},{"type":"Feature","geometry":{"type":"Polygon","coordinates":[[[-118.1305,34.2047],[-118.1309,34.2046],[-118.1314,34.2053],[-118.1312,34.2061],[-118.1305,34.2047]]]},"properties":{"name":"Unnamed","year":1979,"acres":2,"agency":"USFS"}},{"type":"Feature","geometry":{"type":"Polygon","coordinates":[[[-118.3565,34.2248],[-118.3572,34.2249],[-118.357,34.2254],[-118.3556,34.2253],[-118.3557,34.2248],[-118.3565,34.2248]]]},"properties":{"name":"Unnamed","year":1979,"acres":2,"agency":"CCO"}},{"type":"Feature","geometry":{"type":"Polygon","coordinates":[[[-118.1305,34.2047],[-118.1309,34.2046],[-118.1314,34.2053],[-118.1312,34.2061],[-118.1305,34.2047]]]},"properties":{"name":"Unnamed","year":1979,"acres":2,"agency":"CCO"}},{"type":"Feature","geometry":{"type":"Polygon","coordinates":[[[-118.2177,34.1111],[-118.218,34.1113],[-118.2176,34.1113],[-118.2177,34.1111]]]},"properties":{"name":"Unnamed","year":1979,"acres":0,"agency":"USFS"}},{"type":"Feature","geometry":{"type":"Polygon","coordinates":[[[-118.2177,34.1111],[-118.218,34.1113],[-118.2176,34.1113],[-118.2177,34.1111]]]},"properties":{"name":"Unnamed","year":1979,"acres":0,"agency":"CCO"}},{"type":"Feature","geometry":{"type":"Polygon","coordinates":[[[-118.3299,34.2527],[-118.3261,34.252],[-118.3258,34.2509],[-118.32,34.2505],[-118.3167,34.2483],[-118.3122,34.2484],[-118.3066,34.2467],[-118.3029,34.2468],[-118.302,34.2474],[-118.3003,34.2474],[-118.2987,34.2471],[-118.2976,34.2462],[-118.2958,34.2466],[-118.2942,34.246],[-118.2938,34.2445],[-118.2947,34.2424],[-118.2938,34.2421],[-118.2938,34.2409],[-118.2961,34.2408],[-118.2967,34.2392],[-118.2982,34.2378],[-118.3003,34.237],[-118.3023,34.2356],[-118.3016,34.2348],[-118.2997,34.2355],[-118.3,34.2341],[-118.2961,34.2331],[-118.2981,34.2325],[-118.3028,34.2336],[-118.3084,34.2338],[-118.3096,34.2335],[-118.3099,34.2328],[-118.3075,34.2318],[-118.3071,34.231],[-118.3075,34.2272],[-118.3059,34.2239],[-118.3068,34.2235],[-118.3055,34.2226],[-118.3046,34.2205],[-118.3035,34.2203],[-118.3027,34.2195],[-118.3008,34.2189],[-118.2962,34.2188],[-118.2938,34.221],[-118.2919,34.2208],[-118.2904,34.2193],[-118.2898,34.2197],[-118.2889,34.2197],[-118.2827,34.2172],[-118.2811,34.2157],[-118.2814,34.2146],[-118.2801,34.215],[-118.277,34.2151],[-118.2762,34.2144],[-118.2754,34.2131],[-118.2751,34.2112],[-118.2734,34.2091],[-118.2752,34.2077],[-118.2768,34.2074],[-118.2765,34.2062],[-118.2752,34.2057],[-118.2736,34.2061],[-118.2738,34.2053],[-118.2714,34.2034],[-118.2715,34.2026],[-118.271,34.2026],[-118.2702,34.201],[-118.2706,34.1996],[-118.27,34.1951],[-118.2701,34.1931],[-118.2714,34.1908],[-118.2737,34.19],[-118.2754,34.1878],[-118.2756,34.1867],[-118.2777,34.1869],[-118.2772,34.189],[-118.2791,34.189],[-118.2794,34.1899],[-118.2811,34.1913],[-118.285,34.1908],[-118.2857,34.1914],[-118.2875,34.1915],[-118.2886,34.1934],[-118.2895,34.1938],[-118.2897,34.1962],[-118.2924,34.1964],[-118.2925,34.1957],[-118.2938,34.1964],[-118.2955,34.1964],[-118.2958,34.198],[-118.2968,34.1963],[-118.2969,34.1953],[-118.2985,34.1948],[-118.3003,34.1954],[-118.3001,34.1974],[-118.3019,34.1975],[-118.3026,34.1982],[-118.3025,34.2002],[-118.3008,34.2022],[-118.2987,34.2024],[-118.2981,34.203],[-118.2984,34.204],[-118.3011,34.2059],[-118.2994,34.2083],[-118.3023,34.2078],[-118.3029,34.2083],[-118.3019,34.2113],[-118.3035,34.2114],[-118.3033,34.2135],[-118.3045,34.2125],[-118.3059,34.2127],[-118.3046,34.21],[-118.3052,34.2074],[-118.3089,34.206],[-118.3102,34.2078],[-118.3107,34.2073],[-118.3108,34.2063],[-118.3121,34.2061],[-118.3124,34.2067],[-118.3111,34.2097],[-118.3127,34.2099],[-118.3148,34.2085],[-118.3145,34.2066],[-118.3163,34.2037],[-118.3174,34.2044],[-118.3175,34.2051],[-118.3193,34.2045],[-118.3175,34.2059],[-118.318,34.207],[-118.32,34.2065],[-118.3198,34.2059],[-118.3205,34.2052],[-118.3214,34.2053],[-118.3223,34.2058],[-118.3218,34.2073],[-118.3242,34.2086],[-118.3248,34.2094],[-118.3232,34.2106],[-118.3252,34.2111],[-118.3255,34.212],[-118.3231,34.213],[-118.3224,34.2139],[-118.3224,34.2152],[-118.3239,34.2137],[-118.3266,34.2137],[-118.3289,34.2147],[-118.3317,34.2147],[-118.3348,34.2123],[-118.3351,34.2114],[-118.3403,34.2114],[-118.3407,34.2115],[-118.3404,34.212],[-118.3376,34.2131],[-118.3359,34.2153],[-118.3348,34.216],[-118.3344,34.217],[-118.3349,34.2177],[-118.3354,34.2177],[-118.3367,34.2162],[-118.3376,34.2187],[-118.338,34.2155],[-118.339,34.2148],[-118.3398,34.2156],[-118.3406,34.2136],[-118.3417,34.2132],[-118.3444,34.2136],[-118.3446,34.2143],[-118.3457,34.2139],[-118.3466,34.2142],[-118.3429,34.217],[-118.3441,34.2177],[-118.3436,34.2188],[-118.3448,34.219],[-118.3454,34.2197],[-118.3472,34.2198],[-118.3493,34.2185],[-118.3549,34.2199],[-118.3549,34.2206],[-118.3538,34.2213],[-118.3503,34.2213],[-118.346,34.2232],[-118.347,34.2236],[-118.3487,34.2227],[-118.3491,34.2233],[-118.3507,34.2224],[-118.3499,34.2244],[-118.3513,34.2248],[-118.3532,34.2229],[-118.3538,34.2241],[-118.3527,34.2251],[-118.3527,34.2256],[-118.3532,34.226],[-118.3542,34.2258],[-118.3558,34.2267],[-118.3582,34.2269],[-118.3584,34.2273],[-118.3577,34.228],[-118.359,34.2291],[-118.3584,34.2303],[-118.3569,34.2304],[-118.3569,34.2294],[-118.3564,34.2288],[-118.3549,34.2286],[-118.3537,34.2296],[-118.3532,34.2314],[-118.352,34.2319],[-118.3503,34.2317],[-118.3492,34.2328],[-118.3485,34.2318],[-118.3471,34.2321],[-118.3471,34.2327],[-118.3456,34.2325],[-118.3452,34.2317],[-118.3446,34.2319],[-118.342,34.2305],[-118.3418,34.2318],[-118.344,34.2327],[-118.3444,34.2334],[-118.344,34.234],[-118.3422,34.2346],[-118.3368,34.2343],[-118.3358,34.2339],[-118.3339,34.2356],[-118.3326,34.2361],[-118.3279,34.2356],[-118.324,34.237],[-118.3233,34.2358],[-118.3207,34.2366],[-118.3209,34.2357],[-118.3219,34.2345],[-118.3197,34.236],[-118.3186,34.2358],[-118.3174,34.2344],[-118.3156,34.2344],[-118.3149,34.2336],[-118.3153,34.2328],[-118.3139,34.2323],[-118.3138,34.2338],[-118.317,34.2366],[-118.3185,34.2369],[-118.3191,34.238],[-118.3185,34.2388],[-118.3194,34.2394],[-118.3198,34.2382],[-118.3204,34.238],[-118.3235,34.2382],[-118.3272,34.2373],[-118.332,34.2381],[-118.3337,34.2376],[-118.3339,34.2384],[-118.3348,34.2383],[-118.3358,34.239],[-118.3356,34.2373],[-118.3362,34.2371],[-118.3388,34.2368],[-118.3393,34.2375],[-118.3403,34.2377],[-118.3404,34.2365],[-118.342,34.2362],[-118.3435,34.2377],[-118.3435,34.2369],[-118.3441,34.2365],[-118.3453,34.2369],[-118.3466,34.2361],[-118.3487,34.2358],[-118.3488,34.2365],[-118.3474,34.2383],[-118.3476,34.2385],[-118.3489,34.2382],[-118.3493,34.2372],[-118.3506,34.2364],[-118.3516,34.2365],[-118.3518,34.2378],[-118.3533,34.236],[-118.3563,34.2358],[-118.3591,34.2384],[-118.3597,34.2381],[-118.3599,34.2371],[-118.3629,34.2369],[-118.3644,34.2361],[-118.3649,34.2373],[-118.3666,34.2386],[-118.3637,34.2385],[-118.3609,34.2403],[-118.355,34.2408],[-118.3522,34.2405],[-118.3484,34.2422],[-118.3481,34.2439],[-118.3472,34.245],[-118.3471,34.2462],[-118.3459,34.2475],[-118.3421,34.2484],[-118.3418,34.2486],[-118.342,34.2499],[-118.3416,34.2497],[-118.3409,34.2505],[-118.3395,34.2507],[-118.341,34.2525],[-118.3408,34.253],[-118.337,34.2528],[-118.3366,34.253],[-118.3367,34.2542],[-118.3299,34.2527]]]},"properties":{"name":"Sunland","year":1980,"acres":6457,"agency":"CCO"}},{"type":"Feature","geometry":{"type":"Polygon","coordinates":[[[-118.3348,34.2817],[-118.3319,34.2815],[-118.3302,34.2803],[-118.3278,34.2799],[-118.3266,34.2792],[-118.3264,34.2783],[-118.3246,34.2779],[-118.3239,34.2771],[-118.3245,34.2746],[-118.3288,34.2737],[-118.3307,34.2739],[-118.3318,34.2745],[-118.3333,34.2744],[-118.3358,34.2734],[-118.3351,34.2742],[-118.3357,34.2745],[-118.3379,34.2741],[-118.3425,34.2751],[-118.3425,34.2764],[-118.341,34.2771],[-118.3408,34.2787],[-118.3396,34.2804],[-118.3383,34.281],[-118.3364,34.2809],[-118.3353,34.282],[-118.3348,34.2817]]]},"properties":{"name":"Foothill","year":1980,"acres":267,"agency":"CCO"}},{"type":"Feature","geometry":{"type":"Polygon","coordinates":[[[-118.3994,34.2952],[-118.3993,34.2975],[-118.3982,34.3003],[-118.3965,34.3005],[-118.3959,34.2993],[-118.3964,34.2978],[-118.3994,34.2952]]]},"properties":{"name":"Unnamed","year":1980,"acres":27,"agency":"USFS"}},{"type":"Feature","geometry":{"type":"Polygon","coordinates":[[[-118.2642,34.1795],[-118.2643,34.1806],[-118.2624,34.1825],[-118.2603,34.1827],[-118.2602,34.182],[-118.2615,34.1809],[-118.2615,34.1797],[-118.2632,34.1792],[-118.2642,34.1795]]]},"properties":{"name":"Unnamed","year":1980,"acres":22,"agency":"USFS"}},{"type":"Feature","geometry":{"type":"Polygon","coordinates":[[[-118.2902,34.1261],[-118.2894,34.1232],[-118.2907,34.1223],[-118.2913,34.1245],[-118.2923,34.1249],[-118.2925,34.1255],[-118.2902,34.1261]]]},"properties":{"name":"Unnamed","year":1980,"acres":17,"agency":"USFS"}},{"type":"Feature","geometry":{"type":"Polygon","coordinates":[[[-118.2713,34.1801],[-118.272,34.1804],[-118.2719,34.1813],[-118.2709,34.1833],[-118.2701,34.1834],[-118.2713,34.1801]]]},"properties":{"name":"Unnamed","year":1980,"acres":9,"agency":"USFS"}},{"type":"Feature","geometry":{"type":"Polygon","coordinates":[[[-118.2713,34.1801],[-118.272,34.1804],[-118.2719,34.1813],[-118.2709,34.1833],[-118.2701,34.1834],[-118.2713,34.1801]]]},"properties":{"name":"Unnamed","year":1980,"acres":9,"agency":"CCO"}},{"type":"Feature","geometry":{"type":"Polygon","coordinates":[[[-118.3343,34.2737],[-118.3353,34.2739],[-118.3353,34.2748],[-118.3337,34.2753],[-118.3332,34.2747],[-118.3343,34.2737]]]},"properties":{"name":"Unnamed","year":1980,"acres":7,"agency":"USFS"}},{"type":"Feature","geometry":{"type":"Polygon","coordinates":[[[-118.3343,34.2737],[-118.3353,34.2739],[-118.3353,34.2748],[-118.3337,34.2753],[-118.3332,34.2747],[-118.3343,34.2737]]]},"properties":{"name":"Unnamed","year":1980,"acres":7,"agency":"CCO"}},{"type":"Feature","geometry":{"type":"Polygon","coordinates":[[[-118.1956,34.1617],[-118.1963,34.1619],[-118.1965,34.1637],[-118.1959,34.1642],[-118.1951,34.163],[-118.1956,34.1617]]]},"properties":{"name":"Unnamed","year":1980,"acres":6,"agency":"USFS"}},{"type":"Feature","geometry":{"type":"Polygon","coordinates":[[[-118.1956,34.1617],[-118.1963,34.1619],[-118.1965,34.1637],[-118.1959,34.1642],[-118.1951,34.163],[-118.1956,34.1617]]]},"properties":{"name":"Unnamed","year":1980,"acres":6,"agency":"CCO"}},{"type":"Feature","geometry":{"type":"Polygon","coordinates":[[[-118.2293,34.0846],[-118.2283,34.0832],[-118.2286,34.0811],[-118.2278,34.0797],[-118.23,34.0813],[-118.2318,34.0835],[-118.2341,34.0839],[-118.235,34.0834],[-118.2363,34.0845],[-118.2364,34.0831],[-118.2355,34.0821],[-118.2356,34.0815],[-118.2362,34.081],[-118.2377,34.0821],[-118.2385,34.0811],[-118.2389,34.0789],[-118.2396,34.0784],[-118.2397,34.08],[-118.2402,34.0803],[-118.2402,34.0783],[-118.2405,34.0783],[-118.2412,34.0788],[-118.2417,34.0801],[-118.2408,34.0818],[-118.2414,34.0828],[-118.2413,34.0842],[-118.2438,34.0795],[-118.2439,34.0777],[-118.2448,34.0774],[-118.245,34.0769],[-118.2459,34.0771],[-118.2466,34.0782],[-118.2474,34.0766],[-118.2482,34.077],[-118.2495,34.0766],[-118.2506,34.0774],[-118.2504,34.0787],[-118.2493,34.0777],[-118.2486,34.0777],[-118.2483,34.0799],[-118.2463,34.0828],[-118.242,34.0865],[-118.2397,34.0895],[-118.2383,34.0893],[-118.2358,34.0872],[-118.2325,34.0868],[-118.2312,34.0854],[-118.2293,34.0846]]]},"properties":{"name":"Unnamed","year":1981,"acres":273,"agency":"USFS"}},{"type":"Feature","geometry":{"type":"Polygon","coordinates":[[[-118.3416,34.258],[-118.3409,34.2588],[-118.3398,34.2585],[-118.3393,34.2593],[-118.3358,34.2598],[-118.3365,34.259],[-118.3359,34.2582],[-118.3362,34.2578],[-118.3379,34.2576],[-118.3396,34.2557],[-118.3405,34.256],[-118.3405,34.2576],[-118.3416,34.258]]]},"properties":{"name":"Unnamed","year":1981,"acres":30,"agency":"USFS"}},{"type":"Feature","geometry":{"type":"Polygon","coordinates":[[[-118.2758,34.1294],[-118.2746,34.1291],[-118.2743,34.126],[-118.2768,34.1267],[-118.2768,34.1273],[-118.2775,34.1277],[-118.2775,34.1289],[-118.2758,34.1294]]]},"properties":{"name":"Unnamed","year":1981,"acres":21,"agency":"USFS"}},{"type":"Feature","geometry":{"type":"Polygon","coordinates":[[[-118.3913,34.2877],[-118.3926,34.2874],[-118.3934,34.2889],[-118.392,34.2907],[-118.3913,34.2895],[-118.3913,34.2877]]]},"properties":{"name":"Unnamed","year":1981,"acres":12,"agency":"USFS"}},{"type":"Feature","geometry":{"type":"Polygon","coordinates":[[[-118.2056,34.0807],[-118.2052,34.0822],[-118.2045,34.0818],[-118.2056,34.0798],[-118.206,34.0793],[-118.2074,34.0791],[-118.2056,34.0807]]]},"properties":{"name":"Unnamed","year":1981,"acres":6,"agency":"USFS"}},{"type":"Feature","geometry":{"type":"Polygon","coordinates":[[[-118.2268,34.0996],[-118.2279,34.0995],[-118.2282,34.1008],[-118.2266,34.1007],[-118.2264,34.1001],[-118.2268,34.0996]]]},"properties":{"name":"Unnamed","year":1981,"acres":6,"agency":"USFS"}},{"type":"Feature","geometry":{"type":"Polygon","coordinates":[[[-118.2268,34.0996],[-118.2279,34.0995],[-118.2282,34.1008],[-118.2266,34.1007],[-118.2264,34.1001],[-118.2268,34.0996]]]},"properties":{"name":"Unnamed","year":1981,"acres":6,"agency":"CCO"}},{"type":"Feature","geometry":{"type":"Polygon","coordinates":[[[-118.2056,34.0807],[-118.2052,34.0822],[-118.2045,34.0818],[-118.2056,34.0798],[-118.206,34.0793],[-118.2074,34.0791],[-118.2056,34.0807]]]},"properties":{"name":"Unnamed","year":1981,"acres":6,"agency":"CCO"}},{"type":"Feature","geometry":{"type":"Polygon","coordinates":[[[-118.2515,34.1004],[-118.253,34.0995],[-118.2526,34.1004],[-118.2515,34.1004]]]},"properties":{"name":"Unnamed","year":1981,"acres":2,"agency":"USFS"}},{"type":"Feature","geometry":{"type":"Polygon","coordinates":[[[-118.1985,34.147],[-118.1995,34.1476],[-118.1979,34.1478],[-118.1985,34.147]]]},"properties":{"name":"Unnamed","year":1981,"acres":2,"agency":"USFS"}},{"type":"Feature","geometry":{"type":"Polygon","coordinates":[[[-118.2515,34.1004],[-118.253,34.0995],[-118.2526,34.1004],[-118.2515,34.1004]]]},"properties":{"name":"Unnamed","year":1981,"acres":2,"agency":"CCO"}},{"type":"Feature","geometry":{"type":"Polygon","coordinates":[[[-118.1985,34.147],[-118.1995,34.1476],[-118.1979,34.1478],[-118.1985,34.147]]]},"properties":{"name":"Unnamed","year":1981,"acres":2,"agency":"CCO"}},{"type":"Feature","geometry":{"type":"Polygon","coordinates":[[[-118.3395,34.1109],[-118.3386,34.1114],[-118.3384,34.1109],[-118.3392,34.1106],[-118.3395,34.1109]]]},"properties":{"name":"Unnamed","year":1981,"acres":1,"agency":"USFS"}},{"type":"Feature","geometry":{"type":"Polygon","coordinates":[[[-118.3395,34.1109],[-118.3386,34.1114],[-118.3384,34.1109],[-118.3392,34.1106],[-118.3395,34.1109]]]},"properties":{"name":"Unnamed","year":1981,"acres":1,"agency":"CCO"}},{"type":"Feature","geometry":{"type":"Polygon","coordinates":[[[-118.2902,34.1399],[-118.2891,34.14],[-118.2893,34.1387],[-118.288,34.1359],[-118.2882,34.1353],[-118.2903,34.1356],[-118.2905,34.1367],[-118.2934,34.1381],[-118.2935,34.14],[-118.2903,34.1413],[-118.29,34.1411],[-118.2902,34.1399]]]},"properties":{"name":"Unnamed","year":1982,"acres":43,"agency":"USFS"}},{"type":"Feature","geometry":{"type":"Polygon","coordinates":[[[-118.3797,34.3102],[-118.378,34.3083],[-118.3795,34.3075],[-118.3814,34.3051],[-118.3906,34.3046],[-118.3949,34.3038],[-118.3947,34.3049],[-118.3929,34.3075],[-118.39,34.3099],[-118.3841,34.3103],[-118.3837,34.3109],[-118.3839,34.312],[-118.3828,34.3128],[-118.3808,34.3119],[-118.3797,34.3102]]]},"properties":{"name":"Loper","year":1983,"acres":208,"agency":"CCO"}},{"type":"Feature","geometry":{"type":"Polygon","coordinates":[[[-118.3376,34.1214],[-118.3381,34.1207],[-118.3386,34.1208],[-118.3383,34.1221],[-118.3376,34.1214]]]},"properties":{"name":"Unnamed","year":1983,"acres":3,"agency":"USFS"}},{"type":"Feature","geometry":{"type":"Polygon","coordinates":[[[-118.3376,34.1214],[-118.3381,34.1207],[-118.3386,34.1208],[-118.3383,34.1221],[-118.3376,34.1214]]]},"properties":{"name":"Unnamed","year":1983,"acres":3,"agency":"CCO"}},{"type":"Feature","geometry":{"type":"Polygon","coordinates":[[[-118.3218,34.2068],[-118.322,34.2074],[-118.3208,34.2079],[-118.3218,34.2068]]]},"properties":{"name":"Unnamed","year":1983,"acres":2,"agency":"USFS"}},{"type":"Feature","geometry":{"type":"Polygon","coordinates":[[[-118.3218,34.2068],[-118.322,34.2074],[-118.3208,34.2079],[-118.3218,34.2068]]]},"properties":{"name":"Unnamed","year":1983,"acres":2,"agency":"CCO"}},{"type":"Feature","geometry":{"type":"Polygon","coordinates":[[[-118.194,34.2289],[-118.1935,34.229],[-118.1928,34.2309],[-118.1915,34.2317],[-118.1896,34.2293],[-118.1897,34.2283],[-118.1885,34.2277],[-118.1881,34.23],[-118.1854,34.2308],[-118.1824,34.2309],[-118.1785,34.2294],[-118.1779,34.2288],[-118.1798,34.2282],[-118.1804,34.2272],[-118.1797,34.2249],[-118.1806,34.2248],[-118.1815,34.2239],[-118.1784,34.2215],[-118.179,34.221],[-118.1795,34.2216],[-118.18,34.2212],[-118.1796,34.2172],[-118.1806,34.2172],[-118.1809,34.2162],[-118.1835,34.2161],[-118.183,34.2177],[-118.1833,34.2185],[-118.1808,34.2183],[-118.1805,34.2187],[-118.1809,34.2194],[-118.1849,34.2206],[-118.1878,34.2207],[-118.1916,34.2224],[-118.196,34.2235],[-118.2006,34.2238],[-118.202,34.2222],[-118.2028,34.2219],[-118.2043,34.2232],[-118.2053,34.2234],[-118.205,34.2245],[-118.2053,34.2247],[-118.2069,34.2229],[-118.2087,34.2228],[-118.2096,34.2243],[-118.2079,34.2258],[-118.2074,34.2275],[-118.2015,34.2305],[-118.1984,34.2329],[-118.1974,34.2326],[-118.1969,34.2313],[-118.194,34.2289]]]},"properties":{"name":"Crest","year":1984,"acres":606,"agency":"C&L"}},{"type":"Feature","geometry":{"type":"Polygon","coordinates":[[[-118.35,34.1154],[-118.348,34.1125],[-118.3473,34.1105],[-118.3474,34.1086],[-118.3487,34.106],[-118.3497,34.1066],[-118.351,34.1053],[-118.352,34.1056],[-118.3541,34.105],[-118.3546,34.1057],[-118.3545,34.1081],[-118.3526,34.1137],[-118.3528,34.1153],[-118.3521,34.1161],[-118.3525,34.1174],[-118.3533,34.1181],[-118.3533,34.1188],[-118.3504,34.1178],[-118.35,34.1154]]]},"properties":{"name":"Unnamed","year":1984,"acres":154,"agency":"USFS"}},{"type":"Feature","geometry":{"type":"Polygon","coordinates":[[[-118.3507,34.1142],[-118.3487,34.1113],[-118.3481,34.1093],[-118.3483,34.1075],[-118.3496,34.1063],[-118.3507,34.1076],[-118.353,34.109],[-118.3532,34.111],[-118.3538,34.1117],[-118.3533,34.1144],[-118.3521,34.1141],[-118.351,34.1145],[-118.3507,34.1142]]]},"properties":{"name":"Unnamed","year":1984,"acres":76,"agency":"USFS"}},{"type":"Feature","geometry":{"type":"Polygon","coordinates":[[[-118.3617,34.1039],[-118.3622,34.1034],[-118.3627,34.1038],[-118.3631,34.1032],[-118.3644,34.1039],[-118.3646,34.1046],[-118.3643,34.1053],[-118.3629,34.1057],[-118.3618,34.1048],[-118.3617,34.1039]]]},"properties":{"name":"Mt. Olympus","year":1985,"acres":13,"agency":"USFS"}},{"type":"Feature","geometry":{"type":"Polygon","coordinates":[[[-118.2065,34.0846],[-118.2058,34.084],[-118.2059,34.0834],[-118.207,34.0832],[-118.2077,34.0821],[-118.2084,34.082],[-118.2086,34.0834],[-118.2076,34.0833],[-118.2065,34.0846]]]},"properties":{"name":"Montecito","year":1985,"acres":8,"agency":"CCO"}},{"type":"Feature","geometry":{"type":"Polygon","coordinates":[[[-118.1851,34.1793],[-118.1835,34.1789],[-118.1826,34.1776],[-118.1825,34.1771],[-118.1837,34.1773],[-118.1838,34.1756],[-118.1878,34.1747],[-118.188,34.1743],[-118.1874,34.1733],[-118.1883,34.1723],[-118.1911,34.1726],[-118.194,34.172],[-118.1922,34.174],[-118.1902,34.1746],[-118.1891,34.1776],[-118.1876,34.1779],[-118.1878,34.1783],[-118.1866,34.1791],[-118.1851,34.1793]]]},"properties":{"name":"Flintridge","year":1986,"acres":85,"agency":"USFS"}},{"type":"Feature","geometry":{"type":"Polygon","coordinates":[[[-118.1974,34.1664],[-118.196,34.1651],[-118.1959,34.1646],[-118.1967,34.1639],[-118.2038,34.1638],[-118.2061,34.1644],[-118.2049,34.165],[-118.2048,34.1662],[-118.2026,34.1664],[-118.2026,34.1672],[-118.1993,34.1689],[-118.1974,34.1664]]]},"properties":{"name":"Flint Peak","year":1986,"acres":71,"agency":"CCO"}},{"type":"Feature","geometry":{"type":"Polygon","coordinates":[[[-118.3045,34.154],[-118.3036,34.1539],[-118.3028,34.1524],[-118.302,34.1521],[-118.3022,34.1512],[-118.3049,34.1496],[-118.3075,34.1501],[-118.3079,34.151],[-118.3063,34.1519],[-118.3064,34.1534],[-118.3045,34.154]]]},"properties":{"name":"Unnamed","year":1986,"acres":43,"agency":"USFS"}},{"type":"Feature","geometry":{"type":"Polygon","coordinates":[[[-118.3324,34.1352],[-118.3329,34.1353],[-118.3332,34.1363],[-118.3317,34.136],[-118.3324,34.1352]]]},"properties":{"name":"Unnamed","year":1986,"acres":3,"agency":"USFS"}},{"type":"Feature","geometry":{"type":"Polygon","coordinates":[[[-118.3324,34.1352],[-118.3329,34.1353],[-118.3332,34.1363],[-118.3317,34.136],[-118.3324,34.1352]]]},"properties":{"name":"Unnamed","year":1986,"acres":3,"agency":"CCO"}},{"type":"Feature","geometry":{"type":"MultiPolygon","coordinates":[[[[-118.3539,34.2203],[-118.3553,34.2204],[-118.3536,34.2214],[-118.3532,34.2205],[-118.3539,34.2203]]],[[[-118.3486,34.2208],[-118.3497,34.2209],[-118.3495,34.2216],[-118.3481,34.222],[-118.3472,34.2217],[-118.3472,34.2212],[-118.3486,34.2208]]],[[[-118.3384,34.224],[-118.339,34.2218],[-118.3418,34.2237],[-118.3439,34.2219],[-118.3463,34.2231],[-118.3473,34.2262],[-118.3466,34.227],[-118.3409,34.2294],[-118.3388,34.2287],[-118.3372,34.2266],[-118.3372,34.2254],[-118.3384,34.224]]]]},"properties":{"name":"Unnamed","year":1987,"acres":141,"agency":"USFS"}},{"type":"Feature","geometry":{"type":"MultiPolygon","coordinates":[[[[-118.2875,34.1891],[-118.2879,34.1893],[-118.2876,34.1898],[-118.2875,34.1891]]],[[[-118.2859,34.1959],[-118.2845,34.1957],[-118.2844,34.1943],[-118.2858,34.1921],[-118.2868,34.1914],[-118.2869,34.1904],[-118.2875,34.1901],[-118.2881,34.1911],[-118.2878,34.192],[-118.2888,34.1922],[-118.2884,34.1937],[-118.2897,34.1976],[-118.2887,34.198],[-118.2862,34.1972],[-118.2859,34.1959]]]]},"properties":{"name":"Unnamed","year":1987,"acres":57,"agency":"USFS"}},{"type":"Feature","geometry":{"type":"MultiPolygon","coordinates":[[[[-118.3686,34.3433],[-118.3679,34.3437],[-118.3683,34.3434],[-118.3686,34.3433]]],[[[-118.4196,34.3591],[-118.4192,34.3596],[-118.4189,34.3597],[-118.4196,34.3591]]],[[[-118.3689,34.3433],[-118.3691,34.3431],[-118.3708,34.3427],[-118.3689,34.3433]]],[[[-118.4199,34.3591],[-118.4189,34.3586],[-118.4176,34.3597],[-118.4168,34.3621],[-118.4172,34.3634],[-118.4167,34.3641],[-118.4168,34.3651],[-118.4161,34.3663],[-118.4146,34.367],[-118.4148,34.3683],[-118.4133,34.368],[-118.4137,34.369],[-118.4126,34.3702],[-118.4112,34.3702],[-118.4117,34.3695],[-118.4112,34.3686],[-118.4092,34.3689],[-118.4059,34.3729],[-118.4057,34.3737],[-118.4062,34.3755],[-118.4051,34.3767],[-118.4025,34.3771],[-118.4002,34.3747],[-118.3997,34.375],[-118.3999,34.3757],[-118.3993,34.3756],[-118.3989,34.3762],[-118.3974,34.3761],[-118.3964,34.3751],[-118.3925,34.3733],[-118.3913,34.3719],[-118.3869,34.3708],[-118.3862,34.3698],[-118.3847,34.3694],[-118.3827,34.3677],[-118.3817,34.3655],[-118.3802,34.3644],[-118.3777,34.3638],[-118.3775,34.3624],[-118.3755,34.3609],[-118.3712,34.3606],[-118.3664,34.3584],[-118.3658,34.3587],[-118.365,34.3602],[-118.3635,34.3614],[-118.3632,34.3585],[-118.3616,34.3575],[-118.3636,34.3577],[-118.3643,34.3568],[-118.3668,34.3574],[-118.367,34.3566],[-118.3657,34.354],[-118.3625,34.3517],[-118.3613,34.3472],[-118.3623,34.3469],[-118.3602,34.3445],[-118.3643,34.3458],[-118.3658,34.3479],[-118.3671,34.3479],[-118.3686,34.3469],[-118.3706,34.3481],[-118.3731,34.3481],[-118.3748,34.3495],[-118.377,34.3495],[-118.3811,34.3516],[-118.3823,34.3505],[-118.3821,34.3489],[-118.3812,34.3479],[-118.3754,34.3447],[-118.3731,34.3423],[-118.3708,34.3427],[-118.3728,34.3419],[-118.3739,34.3404],[-118.3739,34.3389],[-118.3719,34.3372],[-118.3717,34.3357],[-118.3747,34.3344],[-118.3754,34.3335],[-118.3769,34.3328],[-118.3781,34.3333],[-118.3799,34.3324],[-118.3856,34.3332],[-118.3887,34.3314],[-118.3908,34.3307],[-118.394,34.3306],[-118.3962,34.332],[-118.3972,34.3337],[-118.3953,34.3338],[-118.3931,34.3347],[-118.3935,34.3376],[-118.3928,34.339],[-118.3929,34.3416],[-118.3936,34.3429],[-118.3948,34.3433],[-118.3959,34.343],[-118.3945,34.3408],[-118.3954,34.3368],[-118.397,34.3357],[-118.3981,34.3371],[-118.4014,34.3366],[-118.4013,34.3345],[-118.4023,34.3337],[-118.4021,34.3325],[-118.4051,34.3346],[-118.406,34.3345],[-118.4059,34.3355],[-118.4067,34.3368],[-118.4066,34.3386],[-118.408,34.3401],[-118.4084,34.3415],[-118.4077,34.3436],[-118.4079,34.3456],[-118.4096,34.3459],[-118.4099,34.3465],[-118.4085,34.3466],[-118.4079,34.3492],[-118.4068,34.35],[-118.4064,34.3509],[-118.4087,34.3494],[-118.4068,34.3511],[-118.4089,34.3534],[-118.4108,34.3532],[-118.4131,34.3538],[-118.4176,34.3538],[-118.4179,34.3534],[-118.4169,34.3529],[-118.4161,34.351],[-118.4163,34.3504],[-118.4173,34.3515],[-118.4179,34.3516],[-118.4195,34.3504],[-118.4202,34.3507],[-118.4207,34.3518],[-118.4225,34.3524],[-118.4202,34.3545],[-118.4187,34.3547],[-118.4175,34.354],[-118.4171,34.3547],[-118.4189,34.356],[-118.4186,34.3568],[-118.4199,34.3577],[-118.4209,34.3592],[-118.4208,34.3603],[-118.4194,34.3612],[-118.4203,34.36],[-118.4199,34.3591]]]]},"properties":{"name":"Divide","year":1988,"acres":3812,"agency":"USFS"}},{"type":"Feature","geometry":{"type":"Polygon","coordinates":[[[-118.1892,34.1536],[-118.1883,34.1524],[-118.1882,34.151],[-118.1892,34.1511],[-118.1899,34.1506],[-118.1904,34.1484],[-118.1947,34.1465],[-118.1972,34.1468],[-118.1978,34.1476],[-118.2004,34.1471],[-118.2037,34.1452],[-118.2108,34.1444],[-118.212,34.1439],[-118.2128,34.1445],[-118.2156,34.1445],[-118.2164,34.1451],[-118.2207,34.1458],[-118.2227,34.1466],[-118.2241,34.1479],[-118.2236,34.1491],[-118.2224,34.1493],[-118.2194,34.1484],[-118.2189,34.1476],[-118.212,34.1472],[-118.2104,34.1464],[-118.2087,34.1479],[-118.2072,34.1482],[-118.2059,34.1499],[-118.2072,34.1509],[-118.2084,34.1508],[-118.2074,34.1514],[-118.2055,34.1517],[-118.2026,34.1509],[-118.1997,34.151],[-118.1985,34.1517],[-118.1967,34.1514],[-118.1961,34.1524],[-118.195,34.153],[-118.1935,34.1529],[-118.1918,34.1537],[-118.189,34.154],[-118.1892,34.1536]]]},"properties":{"name":"Glen Oaks Canyon","year":1988,"acres":353,"agency":"USFS"}},{"type":"Feature","geometry":{"type":"Polygon","coordinates":[[[-118.3272,34.3261],[-118.3265,34.3257],[-118.3269,34.3245],[-118.3285,34.3237],[-118.3281,34.3259],[-118.3272,34.3261]]]},"properties":{"name":"Unnamed","year":1988,"acres":7,"agency":"CCO"}},{"type":"Feature","geometry":{"type":"Polygon","coordinates":[[[-118.3495,34.1073],[-118.3502,34.1086],[-118.3498,34.1094],[-118.3487,34.1088],[-118.3495,34.1073]]]},"properties":{"name":"Unnamed","year":1989,"acres":5,"agency":"USFS"}},{"type":"Feature","geometry":{"type":"Polygon","coordinates":[[[-118.3495,34.1073],[-118.3502,34.1086],[-118.3498,34.1094],[-118.3487,34.1088],[-118.3495,34.1073]]]},"properties":{"name":"Unnamed","year":1989,"acres":5,"agency":"CCO"}},{"type":"Feature","geometry":{"type":"Polygon","coordinates":[[[-118.2976,34.2784],[-118.2983,34.2789],[-118.2974,34.2798],[-118.297,34.2793],[-118.2976,34.2784]]]},"properties":{"name":"Unnamed","year":1989,"acres":3,"agency":"USFS"}},{"type":"Feature","geometry":{"type":"Polygon","coordinates":[[[-118.2976,34.2784],[-118.2983,34.2789],[-118.2974,34.2798],[-118.297,34.2793],[-118.2976,34.2784]]]},"properties":{"name":"Unnamed","year":1989,"acres":3,"agency":"CCO"}},{"type":"Feature","geometry":{"type":"MultiPolygon","coordinates":[[[[-118.2282,34.1636],[-118.2259,34.1634],[-118.2261,34.1613],[-118.225,34.1578],[-118.2253,34.1574],[-118.2261,34.1579],[-118.2263,34.1586],[-118.2279,34.1587],[-118.2283,34.1597],[-118.2305,34.1583],[-118.2321,34.1588],[-118.2333,34.1602],[-118.2361,34.1605],[-118.2358,34.1612],[-118.234,34.1613],[-118.2334,34.1621],[-118.2312,34.1627],[-118.2317,34.1609],[-118.2314,34.1609],[-118.2294,34.1638],[-118.2287,34.1641],[-118.2282,34.1636]]],[[[-118.2239,34.1602],[-118.2224,34.1605],[-118.2212,34.159],[-118.2212,34.1584],[-118.2219,34.1582],[-118.2228,34.159],[-118.2246,34.1591],[-118.2232,34.1582],[-118.2231,34.1569],[-118.2239,34.157],[-118.2247,34.1584],[-118.2251,34.1612],[-118.2247,34.1632],[-118.2243,34.163],[-118.2245,34.1614],[-118.2239,34.1602]]]]},"properties":{"name":"Glendale","year":1990,"acres":111,"agency":"C&L"}},{"type":"Feature","geometry":{"type":"Polygon","coordinates":[[[-118.1864,34.1701],[-118.1867,34.167],[-118.188,34.1669],[-118.1883,34.1693],[-118.1874,34.17],[-118.1864,34.1701]]]},"properties":{"name":"Unnamed","year":1990,"acres":15,"agency":"USFS"}},{"type":"Feature","geometry":{"type":"Polygon","coordinates":[[[-118.2901,34.2329],[-118.291,34.2328],[-118.2911,34.2321],[-118.288,34.2279],[-118.2883,34.2258],[-118.2876,34.2253],[-118.2864,34.2254],[-118.2859,34.2262],[-118.2859,34.2282],[-118.2867,34.2294],[-118.2886,34.2304],[-118.2892,34.2322],[-118.2863,34.2299],[-118.2847,34.2277],[-118.2847,34.2259],[-118.2874,34.224],[-118.2912,34.2255],[-118.2954,34.2261],[-118.2959,34.2269],[-118.2966,34.2295],[-118.2956,34.2314],[-118.2926,34.2322],[-118.2923,34.2339],[-118.2901,34.2329]]]},"properties":{"name":"Unnamed","year":1991,"acres":147,"agency":"USFS"}},{"type":"Feature","geometry":{"type":"Polygon","coordinates":[[[-118.4299,34.3351],[-118.4289,34.3357],[-118.4285,34.3368],[-118.4273,34.3361],[-118.4262,34.3362],[-118.4251,34.3342],[-118.4258,34.3321],[-118.4247,34.3316],[-118.4251,34.331],[-118.426,34.3303],[-118.4286,34.33],[-118.429,34.3307],[-118.4281,34.3311],[-118.4296,34.332],[-118.4301,34.3313],[-118.4299,34.3302],[-118.4322,34.3295],[-118.4326,34.3279],[-118.4357,34.3279],[-118.436,34.3294],[-118.4352,34.3301],[-118.4339,34.3303],[-118.4341,34.331],[-118.4331,34.3321],[-118.433,34.3342],[-118.4322,34.3359],[-118.4327,34.3363],[-118.4316,34.3391],[-118.4308,34.3373],[-118.4308,34.3359],[-118.4299,34.3351]]]},"properties":{"name":"Polk","year":1991,"acres":135,"agency":"CCO"}},{"type":"Feature","geometry":{"type":"Polygon","coordinates":[[[-118.1866,34.1733],[-118.1868,34.1729],[-118.1881,34.1732],[-118.1885,34.1724],[-118.1895,34.1722],[-118.191,34.1732],[-118.1898,34.1761],[-118.1886,34.1779],[-118.188,34.1754],[-118.1885,34.1742],[-118.1866,34.1733]]]},"properties":{"name":"Unnamed","year":1991,"acres":27,"agency":"C&L"}},{"type":"Feature","geometry":{"type":"Polygon","coordinates":[[[-118.1988,34.0996],[-118.2007,34.0995],[-118.2009,34.1005],[-118.2003,34.1013],[-118.1977,34.1022],[-118.1958,34.102],[-118.1963,34.1006],[-118.1988,34.0996]]]},"properties":{"name":"Avenue 5","year":1992,"acres":26,"agency":"USFS"}},{"type":"Feature","geometry":{"type":"Polygon","coordinates":[[[-118.1355,34.2092],[-118.134,34.209],[-118.1353,34.2074],[-118.1361,34.2072],[-118.1373,34.208],[-118.1373,34.2088],[-118.1369,34.2092],[-118.1355,34.2092]]]},"properties":{"name":"Vinehill","year":1992,"acres":12,"agency":"USFS"}},{"type":"Feature","geometry":{"type":"Polygon","coordinates":[[[-118.3115,34.1306],[-118.3109,34.1307],[-118.31,34.1293],[-118.3103,34.1282],[-118.3114,34.1288],[-118.3115,34.1306]]]},"properties":{"name":"Hollyridge Fire 8 Ac","year":1992,"acres":8,"agency":"USFS"}},{"type":"Feature","geometry":{"type":"Polygon","coordinates":[[[-118.3115,34.1306],[-118.3109,34.1307],[-118.31,34.1293],[-118.3103,34.1282],[-118.3114,34.1288],[-118.3115,34.1306]]]},"properties":{"name":"Hollyridge","year":1992,"acres":8,"agency":"CCO"}},{"type":"Feature","geometry":{"type":"Polygon","coordinates":[[[-118.3387,34.2311],[-118.34,34.231],[-118.3395,34.2319],[-118.3366,34.2317],[-118.3387,34.2311]]]},"properties":{"name":"La Tuna Fire 6 Ac","year":1992,"acres":6,"agency":"USFS"}},{"type":"Feature","geometry":{"type":"Polygon","coordinates":[[[-118.3387,34.2311],[-118.34,34.231],[-118.3395,34.2319],[-118.3366,34.2317],[-118.3387,34.2311]]]},"properties":{"name":"La Tuna","year":1992,"acres":6,"agency":"CCO"}},{"type":"Feature","geometry":{"type":"Polygon","coordinates":[[[-118.3086,34.1364],[-118.3096,34.1367],[-118.3089,34.138],[-118.3079,34.1371],[-118.3086,34.1364]]]},"properties":{"name":"Griffith Park","year":1992,"acres":5,"agency":"USFS"}},{"type":"Feature","geometry":{"type":"Polygon","coordinates":[[[-118.2101,34.0853],[-118.2105,34.0843],[-118.212,34.084],[-118.2116,34.0853],[-118.2101,34.0853]]]},"properties":{"name":"Idylwild","year":1992,"acres":5,"agency":"USFS"}},{"type":"Feature","geometry":{"type":"Polygon","coordinates":[[[-118.1163,34.2241],[-118.1151,34.2233],[-118.1131,34.2232],[-118.112,34.2224],[-118.1101,34.2238],[-118.1104,34.2231],[-118.1086,34.2216],[-118.1085,34.2206],[-118.1078,34.2196],[-118.1027,34.2159],[-118.1025,34.2142],[-118.1018,34.2137],[-118.1024,34.212],[-118.102,34.2104],[-118.1009,34.2089],[-118.101,34.2078],[-118.1021,34.2066],[-118.1013,34.2069],[-118.1012,34.2055],[-118.0999,34.2052],[-118.1004,34.2023],[-118.0986,34.1998],[-118.0985,34.2005],[-118.0977,34.2008],[-118.0951,34.1991],[-118.0938,34.2015],[-118.0946,34.2023],[-118.0941,34.2043],[-118.0913,34.205],[-118.0901,34.2066],[-118.0898,34.2062],[-118.0902,34.205],[-118.0898,34.2045],[-118.0875,34.2041],[-118.086,34.2051],[-118.0848,34.2029],[-118.0835,34.2018],[-118.0833,34.2027],[-118.0824,34.2033],[-118.0827,34.2049],[-118.0849,34.2062],[-118.0834,34.2065],[-118.0829,34.2072],[-118.0832,34.2077],[-118.0827,34.2083],[-118.082,34.2082],[-118.0802,34.2062],[-118.0777,34.2055],[-118.0766,34.2042],[-118.0738,34.2024],[-118.0699,34.2021],[-118.0661,34.2036],[-118.0652,34.2047],[-118.0654,34.2061],[-118.0647,34.2077],[-118.063,34.2049],[-118.0615,34.2033],[-118.0598,34.2029],[-118.0591,34.2017],[-118.0598,34.2013],[-118.0596,34.1997],[-118.0605,34.1994],[-118.061,34.1986],[-118.062,34.199],[-118.0624,34.1998],[-118.0639,34.2009],[-118.0649,34.2004],[-118.0644,34.1989],[-118.0627,34.1975],[-118.0639,34.1975],[-118.0638,34.1971],[-118.0616,34.1958],[-118.0585,34.1954],[-118.0585,34.1948],[-118.0555,34.1938],[-118.0545,34.1938],[-118.0528,34.1948],[-118.0488,34.1932],[-118.046,34.1929],[-118.0454,34.1908],[-118.0462,34.1908],[-118.046,34.1895],[-118.0431,34.1891],[-118.0443,34.1867],[-118.0462,34.1871],[-118.046,34.185],[-118.0471,34.1844],[-118.0453,34.1828],[-118.0452,34.1812],[-118.0457,34.1796],[-118.0453,34.1779],[-118.044,34.1771],[-118.0454,34.1769],[-118.0477,34.1776],[-118.0488,34.1771],[-118.0495,34.178],[-118.0505,34.1782],[-118.0513,34.1777],[-118.052,34.1789],[-118.0537,34.1782],[-118.0541,34.1771],[-118.055,34.1768],[-118.0551,34.1758],[-118.0559,34.1751],[-118.0571,34.1759],[-118.0578,34.1752],[-118.0606,34.1745],[-118.0619,34.1752],[-118.0653,34.1747],[-118.0662,34.1752],[-118.0679,34.1752],[-118.0695,34.176],[-118.073,34.1761],[-118.0744,34.1752],[-118.0758,34.1734],[-118.0751,34.1759],[-118.078,34.1774],[-118.079,34.1785],[-118.0793,34.1774],[-118.0811,34.1779],[-118.08,34.1786],[-118.0802,34.1816],[-118.0806,34.1821],[-118.0813,34.1819],[-118.0816,34.1827],[-118.0829,34.1827],[-118.0845,34.1816],[-118.0839,34.1806],[-118.084,34.1794],[-118.0833,34.1789],[-118.0833,34.1772],[-118.0848,34.1753],[-118.0848,34.1744],[-118.0852,34.1746],[-118.0852,34.1722],[-118.0863,34.1715],[-118.087,34.1697],[-118.0867,34.1689],[-118.0838,34.1694],[-118.0851,34.1682],[-118.0848,34.1671],[-118.0855,34.1665],[-118.0862,34.1669],[-118.09,34.1714],[-118.0933,34.173],[-118.0937,34.1736],[-118.0958,34.1747],[-118.096,34.1754],[-118.0978,34.1755],[-118.0985,34.1767],[-118.0978,34.1801],[-118.0982,34.1821],[-118.0989,34.1822],[-118.099,34.1827],[-118.1016,34.1845],[-118.1018,34.1854],[-118.1032,34.1873],[-118.1036,34.1895],[-118.1063,34.1932],[-118.1089,34.1931],[-118.1103,34.1935],[-118.1102,34.1947],[-118.1099,34.1946],[-118.1097,34.1952],[-118.1107,34.1954],[-118.1104,34.1967],[-118.1117,34.1982],[-118.1132,34.1988],[-118.1141,34.1973],[-118.1142,34.1962],[-118.1128,34.1955],[-118.1127,34.1945],[-118.1144,34.1945],[-118.1148,34.1965],[-118.1165,34.1973],[-118.1176,34.1966],[-118.1185,34.197],[-118.119,34.1953],[-118.1205,34.195],[-118.12,34.1987],[-118.121,34.2001],[-118.1203,34.2022],[-118.1227,34.2033],[-118.1265,34.203],[-118.1286,34.2041],[-118.1305,34.2042],[-118.1305,34.2067],[-118.1312,34.2076],[-118.1327,34.2075],[-118.1325,34.2067],[-118.1335,34.2069],[-118.1338,34.2077],[-118.1361,34.2085],[-118.1357,34.2092],[-118.1366,34.2096],[-118.1374,34.2113],[-118.1404,34.2125],[-118.1427,34.2123],[-118.1422,34.2146],[-118.141,34.2152],[-118.1414,34.2162],[-118.14,34.2172],[-118.1374,34.2178],[-118.1353,34.2176],[-118.1343,34.217],[-118.1328,34.2171],[-118.1323,34.2173],[-118.1326,34.2184],[-118.1307,34.2171],[-118.1283,34.2168],[-118.1269,34.2175],[-118.1256,34.2197],[-118.1253,34.2209],[-118.1262,34.2215],[-118.1216,34.2221],[-118.1207,34.2224],[-118.1192,34.224],[-118.1163,34.2241]],[[-118.0924,34.174],[-118.0917,34.1742],[-118.092,34.175],[-118.0928,34.1752],[-118.0924,34.174]],[[-118.0916,34.1756],[-118.0902,34.1778],[-118.0903,34.1787],[-118.0916,34.1799],[-118.0919,34.1796],[-118.0909,34.1781],[-118.092,34.1765],[-118.0916,34.1756]]]},"properties":{"name":"Kinneloa","year":1993,"acres":5454,"agency":"USFS"}},{"type":"Feature","geometry":{"type":"Polygon","coordinates":[[[-118.1107,34.1953],[-118.1098,34.1952],[-118.1104,34.1941],[-118.1118,34.1943],[-118.1126,34.1954],[-118.114,34.1961],[-118.1136,34.1982],[-118.1129,34.1986],[-118.1117,34.1982],[-118.1112,34.1971],[-118.1105,34.1967],[-118.1109,34.196],[-118.1107,34.1953]]]},"properties":{"name":"Glen Allen","year":1993,"acres":27,"agency":"C&L"}},{"type":"Feature","geometry":{"type":"Polygon","coordinates":[[[-118.3124,34.153],[-118.3112,34.1527],[-118.3115,34.1512],[-118.3122,34.1508],[-118.3139,34.1511],[-118.3138,34.1524],[-118.3124,34.153]]]},"properties":{"name":"Griffith #1.","year":1993,"acres":14,"agency":"USFS"}},{"type":"Feature","geometry":{"type":"Polygon","coordinates":[[[-118.2182,34.0937],[-118.2199,34.0941],[-118.2201,34.095],[-118.2181,34.0953],[-118.2175,34.0943],[-118.2182,34.0937]]]},"properties":{"name":"Thorpe","year":1993,"acres":9,"agency":"CCO"}},{"type":"Feature","geometry":{"type":"Polygon","coordinates":[[[-118.3494,34.1087],[-118.3499,34.1088],[-118.3501,34.1096],[-118.3495,34.1105],[-118.3487,34.1107],[-118.3484,34.1098],[-118.3494,34.1087]]]},"properties":{"name":"Franklin Fire 15 Ac","year":1993,"acres":6,"agency":"USFS"}},{"type":"Feature","geometry":{"type":"Polygon","coordinates":[[[-118.3494,34.1087],[-118.3499,34.1088],[-118.3501,34.1096],[-118.3495,34.1105],[-118.3487,34.1107],[-118.3484,34.1098],[-118.3494,34.1087]]]},"properties":{"name":"Franklin","year":1993,"acres":6,"agency":"CCO"}},{"type":"Feature","geometry":{"type":"Polygon","coordinates":[[[-118.2895,34.1948],[-118.2899,34.1948],[-118.2897,34.1952],[-118.287,34.197],[-118.288,34.1956],[-118.2895,34.1948]]]},"properties":{"name":"Rudell Fire 3 Ac","year":1993,"acres":4,"agency":"USFS"}},{"type":"Feature","geometry":{"type":"Polygon","coordinates":[[[-118.288,34.1928],[-118.2896,34.1936],[-118.2894,34.1944],[-118.2885,34.1942],[-118.288,34.1928]]]},"properties":{"name":"Verdugo Springs 5 Ac","year":1993,"acres":4,"agency":"USFS"}},{"type":"Feature","geometry":{"type":"Polygon","coordinates":[[[-118.2202,34.1876],[-118.2195,34.1865],[-118.2212,34.1867],[-118.2213,34.1875],[-118.2202,34.1876]]]},"properties":{"name":"Los Encinos","year":1993,"acres":4,"agency":"USFS"}},{"type":"Feature","geometry":{"type":"Polygon","coordinates":[[[-118.288,34.1928],[-118.2896,34.1936],[-118.2894,34.1944],[-118.2885,34.1942],[-118.288,34.1928]]]},"properties":{"name":"Verdugo Springs","year":1993,"acres":4,"agency":"CCO"}},{"type":"Feature","geometry":{"type":"Polygon","coordinates":[[[-118.2895,34.1948],[-118.2899,34.1948],[-118.2897,34.1952],[-118.287,34.197],[-118.288,34.1956],[-118.2895,34.1948]]]},"properties":{"name":"Rudell","year":1993,"acres":4,"agency":"CCO"}},{"type":"Feature","geometry":{"type":"Polygon","coordinates":[[[-118.2187,34.1689],[-118.2183,34.1697],[-118.2173,34.1692],[-118.2181,34.1693],[-118.2187,34.1689]]]},"properties":{"name":"Caminito Fire 2 Ac","year":1993,"acres":2,"agency":"USFS"}},{"type":"Feature","geometry":{"type":"Polygon","coordinates":[[[-118.2187,34.1689],[-118.2183,34.1697],[-118.2173,34.1692],[-118.2181,34.1693],[-118.2187,34.1689]]]},"properties":{"name":"Caminito","year":1993,"acres":2,"agency":"CCO"}},{"type":"Feature","geometry":{"type":"Polygon","coordinates":[[[-118.0847,34.186],[-118.0837,34.185],[-118.0843,34.1834],[-118.0866,34.1842],[-118.0886,34.1842],[-118.0884,34.1851],[-118.0871,34.1859],[-118.0847,34.186]]]},"properties":{"name":"Kinneloa","year":1995,"acres":24,"agency":"USFS"}},{"type":"Feature","geometry":{"type":"Polygon","coordinates":[[[-118.2215,34.284],[-118.2223,34.2839],[-118.2235,34.2851],[-118.223,34.2864],[-118.2224,34.2866],[-118.2214,34.2848],[-118.2215,34.284]]]},"properties":{"name":"Stonyvale","year":1995,"acres":9,"agency":"USFS"}},{"type":"Feature","geometry":{"type":"Polygon","coordinates":[[[-118.2041,34.1949],[-118.2047,34.1952],[-118.2053,34.1964],[-118.2042,34.1966],[-118.2029,34.1962],[-118.2041,34.1949]]]},"properties":{"name":"La Canada","year":1995,"acres":7,"agency":"C&L"}},{"type":"Feature","geometry":{"type":"Polygon","coordinates":[[[-118.3631,34.3179],[-118.3601,34.3185],[-118.3584,34.318],[-118.3587,34.3191],[-118.3576,34.3182],[-118.3567,34.3189],[-118.355,34.3182],[-118.3552,34.3175],[-118.3542,34.3164],[-118.3525,34.3163],[-118.3506,34.3152],[-118.3496,34.3155],[-118.3479,34.3141],[-118.3476,34.3134],[-118.348,34.3129],[-118.3455,34.3118],[-118.345,34.3111],[-118.346,34.3111],[-118.347,34.3044],[-118.3495,34.3014],[-118.3512,34.302],[-118.3527,34.3043],[-118.3548,34.3061],[-118.3551,34.3074],[-118.3557,34.3079],[-118.3539,34.3083],[-118.356,34.3099],[-118.3561,34.3104],[-118.3564,34.3105],[-118.3565,34.3098],[-118.3574,34.3106],[-118.3578,34.3104],[-118.3594,34.312],[-118.3601,34.3105],[-118.3625,34.3115],[-118.3631,34.3129],[-118.3636,34.313],[-118.3639,34.3124],[-118.3647,34.3134],[-118.3647,34.3146],[-118.3631,34.3184],[-118.3624,34.3191],[-118.3616,34.3191],[-118.3631,34.3179]]]},"properties":{"name":"Shooting","year":1997,"acres":426,"agency":"USFS"}},{"type":"Feature","geometry":{"type":"Polygon","coordinates":[[[-118.4334,34.3371],[-118.4326,34.337],[-118.4322,34.3364],[-118.4326,34.3345],[-118.4336,34.3327],[-118.4366,34.3306],[-118.4385,34.3302],[-118.4394,34.3305],[-118.4399,34.3322],[-118.4395,34.3332],[-118.4334,34.3371]]]},"properties":{"name":"Fenton","year":1997,"acres":73,"agency":"USFS"}},{"type":"Feature","geometry":{"type":"Polygon","coordinates":[[[-118.1641,34.2365],[-118.163,34.236],[-118.1637,34.2324],[-118.1644,34.2319],[-118.1669,34.2321],[-118.1667,34.2336],[-118.1677,34.2354],[-118.1674,34.2362],[-118.1667,34.2366],[-118.1641,34.2365]]]},"properties":{"name":"Fern","year":1997,"acres":42,"agency":"USFS"}},{"type":"Feature","geometry":{"type":"Polygon","coordinates":[[[-118.3802,34.3171],[-118.3807,34.3187],[-118.3788,34.3219],[-118.3782,34.3217],[-118.3782,34.3201],[-118.3797,34.3173],[-118.3802,34.3171]]]},"properties":{"name":"Lopez","year":1998,"acres":17,"agency":"USFS"}},{"type":"Feature","geometry":{"type":"Polygon","coordinates":[[[-118.2132,34.1954],[-118.2109,34.1945],[-118.2095,34.1946],[-118.2075,34.1955],[-118.2068,34.1966],[-118.2062,34.196],[-118.2044,34.1966],[-118.2033,34.1962],[-118.203,34.195],[-118.2045,34.1943],[-118.2065,34.1943],[-118.2085,34.1933],[-118.2105,34.1937],[-118.2105,34.1922],[-118.21,34.1915],[-118.2082,34.1909],[-118.2076,34.1894],[-118.2099,34.1842],[-118.211,34.1826],[-118.2108,34.1812],[-118.2116,34.1804],[-118.2107,34.1797],[-118.2128,34.1802],[-118.2137,34.1799],[-118.2161,34.177],[-118.2162,34.1761],[-118.2181,34.1769],[-118.2185,34.1755],[-118.2201,34.1752],[-118.2208,34.1755],[-118.2209,34.1761],[-118.2178,34.1831],[-118.216,34.1827],[-118.2149,34.1831],[-118.2154,34.1842],[-118.2149,34.1848],[-118.2171,34.1849],[-118.2184,34.1862],[-118.2239,34.1855],[-118.2248,34.1865],[-118.2235,34.1868],[-118.2228,34.188],[-118.2192,34.1877],[-118.22,34.1883],[-118.2204,34.19],[-118.2211,34.1907],[-118.2202,34.1913],[-118.2203,34.1924],[-118.2198,34.1928],[-118.22,34.1967],[-118.2194,34.1972],[-118.2188,34.1995],[-118.2168,34.1988],[-118.2163,34.1971],[-118.2132,34.1954]]]},"properties":{"name":"Rafael","year":1999,"acres":502,"agency":"USFS"}},{"type":"Feature","geometry":{"type":"Polygon","coordinates":[[[-118.2999,34.2413],[-118.2991,34.2413],[-118.2977,34.2401],[-118.2973,34.2389],[-118.2965,34.2391],[-118.2965,34.2398],[-118.2952,34.2398],[-118.2946,34.2404],[-118.2942,34.2395],[-118.2929,34.2392],[-118.2906,34.24],[-118.2885,34.2395],[-118.288,34.2391],[-118.288,34.2382],[-118.2874,34.2381],[-118.2868,34.236],[-118.2873,34.2356],[-118.2891,34.236],[-118.298,34.2352],[-118.301,34.2359],[-118.3034,34.2372],[-118.304,34.2388],[-118.3033,34.2403],[-118.3019,34.2404],[-118.3018,34.2413],[-118.3008,34.2417],[-118.2999,34.2413]],[[-118.3004,34.2372],[-118.2986,34.2369],[-118.2983,34.2363],[-118.2971,34.236],[-118.2948,34.2364],[-118.2948,34.2374],[-118.2954,34.2376],[-118.2983,34.2372],[-118.2998,34.238],[-118.3009,34.2374],[-118.3004,34.2372]]]},"properties":{"name":"La Tuna","year":1999,"acres":162,"agency":"USFS"}},{"type":"Feature","geometry":{"type":"Polygon","coordinates":[[[-118.1738,34.2348],[-118.1728,34.2343],[-118.171,34.2346],[-118.1705,34.2338],[-118.1682,34.2324],[-118.1701,34.2299],[-118.1728,34.2304],[-118.1739,34.23],[-118.1752,34.2306],[-118.1737,34.2315],[-118.1749,34.2324],[-118.1767,34.233],[-118.1767,34.2333],[-118.1757,34.2338],[-118.1761,34.2348],[-118.1756,34.2352],[-118.1738,34.2348]]]},"properties":{"name":"Fern","year":1999,"acres":69,"agency":"USFS"}},{"type":"Feature","geometry":{"type":"Polygon","coordinates":[[[-118.098,34.3093],[-118.0958,34.3098],[-118.094,34.3092],[-118.0933,34.3084],[-118.0932,34.307],[-118.0948,34.3058],[-118.0967,34.3058],[-118.098,34.3093]]]},"properties":{"name":"Wickiup","year":1999,"acres":34,"agency":"USFS"}},{"type":"Feature","geometry":{"type":"Polygon","coordinates":[[[-118.3981,34.2915],[-118.4002,34.2917],[-118.4,34.2929],[-118.3991,34.2945],[-118.3974,34.2937],[-118.3981,34.2915]]]},"properties":{"name":"Dump","year":1999,"acres":16,"agency":"USFS"}},{"type":"Feature","geometry":{"type":"Polygon","coordinates":[[[-118.4415,34.3309],[-118.442,34.3305],[-118.4424,34.3311],[-118.4418,34.3318],[-118.437,34.334],[-118.4356,34.3334],[-118.439,34.3327],[-118.4415,34.3309]]]},"properties":{"name":"Olive View","year":1999,"acres":11,"agency":"USFS"}},{"type":"Feature","geometry":{"type":"Polygon","coordinates":[[[-118.3623,34.2838],[-118.3616,34.2834],[-118.361,34.2822],[-118.3615,34.2801],[-118.3672,34.2808],[-118.3664,34.2829],[-118.3637,34.2826],[-118.3623,34.2838]]]},"properties":{"name":"Orcas","year":2000,"acres":35,"agency":"USFS"}},{"type":"Feature","geometry":{"type":"Polygon","coordinates":[[[-118.2876,34.2455],[-118.2888,34.2457],[-118.289,34.2474],[-118.2879,34.2475],[-118.287,34.2459],[-118.2876,34.2455]]]},"properties":{"name":"Foothill","year":2000,"acres":7,"agency":"USFS"}},{"type":"Feature","geometry":{"type":"Polygon","coordinates":[[[-118.2131,34.2303],[-118.2117,34.2334],[-118.2129,34.2357],[-118.2119,34.236],[-118.2094,34.2354],[-118.2088,34.2347],[-118.2096,34.2343],[-118.2096,34.2334],[-118.2087,34.2329],[-118.2117,34.2302],[-118.2119,34.2294],[-118.2128,34.2295],[-118.2131,34.2303]]]},"properties":{"name":"La Canada Flintridge Burn","year":2001,"acres":41,"agency":"CCO"}},{"type":"Feature","geometry":{"type":"Polygon","coordinates":[[[-118.2708,34.2038],[-118.2686,34.2034],[-118.2678,34.2042],[-118.2664,34.204],[-118.2658,34.2034],[-118.2647,34.2034],[-118.2641,34.2026],[-118.2621,34.202],[-118.261,34.2006],[-118.2605,34.1988],[-118.2591,34.1976],[-118.2581,34.1976],[-118.2583,34.1968],[-118.2602,34.1955],[-118.2587,34.1941],[-118.2589,34.1931],[-118.257,34.1899],[-118.2565,34.1878],[-118.2567,34.1869],[-118.2558,34.1873],[-118.2554,34.186],[-118.2577,34.1849],[-118.2584,34.1855],[-118.2593,34.185],[-118.2596,34.1864],[-118.2641,34.1858],[-118.2661,34.1869],[-118.2685,34.186],[-118.2704,34.1871],[-118.2709,34.1885],[-118.2719,34.1888],[-118.2738,34.1879],[-118.2763,34.1898],[-118.2768,34.1907],[-118.2766,34.1913],[-118.2773,34.1944],[-118.2784,34.1961],[-118.2769,34.2002],[-118.2777,34.2008],[-118.2782,34.2003],[-118.2794,34.2007],[-118.2777,34.2015],[-118.2761,34.2014],[-118.2722,34.2036],[-118.2717,34.2043],[-118.2708,34.2038]]]},"properties":{"name":"Mountain","year":2002,"acres":749,"agency":"CCO"}},{"type":"Feature","geometry":{"type":"Polygon","coordinates":[[[-118.2289,34.2947],[-118.2286,34.2943],[-118.229,34.293],[-118.2305,34.2904],[-118.2328,34.2916],[-118.2332,34.2923],[-118.2338,34.2921],[-118.2338,34.2905],[-118.2331,34.2893],[-118.2332,34.2875],[-118.2325,34.2865],[-118.2333,34.2855],[-118.2343,34.2861],[-118.2357,34.2842],[-118.2367,34.2845],[-118.2369,34.2869],[-118.2373,34.2878],[-118.2363,34.2906],[-118.2372,34.2929],[-118.2344,34.2941],[-118.2289,34.2947]]]},"properties":{"name":"Wildwood","year":2002,"acres":113,"agency":"USFS"}},{"type":"Feature","geometry":{"type":"Polygon","coordinates":[[[-118.3261,34.31],[-118.3259,34.3066],[-118.3266,34.3029],[-118.3271,34.3028],[-118.3277,34.3037],[-118.3317,34.3032],[-118.3334,34.3019],[-118.3344,34.3003],[-118.3377,34.3018],[-118.3456,34.3013],[-118.345,34.3031],[-118.3424,34.3057],[-118.339,34.3077],[-118.3386,34.3089],[-118.3356,34.3107],[-118.3327,34.3101],[-118.331,34.3104],[-118.3283,34.3117],[-118.3269,34.3113],[-118.3261,34.31]]]},"properties":{"name":"Middle","year":2003,"acres":329,"agency":"USFS"}},{"type":"Feature","geometry":{"type":"MultiPolygon","coordinates":[[[[-118.2012,34.2335],[-118.2019,34.2327],[-118.2051,34.2326],[-118.2071,34.2303],[-118.2092,34.229],[-118.2055,34.2331],[-118.2012,34.2335]]],[[[-118.1993,34.2321],[-118.2003,34.2306],[-118.2019,34.2301],[-118.2021,34.2286],[-118.2036,34.226],[-118.2045,34.2251],[-118.2072,34.2239],[-118.2076,34.2232],[-118.2074,34.2248],[-118.2084,34.2254],[-118.2083,34.2262],[-118.2076,34.2264],[-118.2081,34.2269],[-118.2073,34.228],[-118.2053,34.2285],[-118.2042,34.2295],[-118.1993,34.2321]]]]},"properties":{"name":"La Canada Flintridge","year":2003,"acres":75,"agency":"CCO"}},{"type":"Feature","geometry":{"type":"Polygon","coordinates":[[[-118.2953,34.2023],[-118.2962,34.201],[-118.2955,34.1995],[-118.2963,34.199],[-118.2964,34.1981],[-118.2976,34.1975],[-118.2995,34.1981],[-118.3004,34.1991],[-118.3009,34.2007],[-118.3022,34.201],[-118.3014,34.2024],[-118.3001,34.2021],[-118.2992,34.2027],[-118.2972,34.2029],[-118.2963,34.2041],[-118.2941,34.2039],[-118.2953,34.2023]]]},"properties":{"name":"Wildwood","year":2003,"acres":68,"agency":"USFS"}},{"type":"Feature","geometry":{"type":"Polygon","coordinates":[[[-118.371,34.3264],[-118.3695,34.3251],[-118.3695,34.3245],[-118.3711,34.3231],[-118.3738,34.3227],[-118.3733,34.3243],[-118.3722,34.3248],[-118.3717,34.3259],[-118.371,34.3264]]]},"properties":{"name":"Shooting","year":2003,"acres":23,"agency":"USFS"}},{"type":"Feature","geometry":{"type":"Polygon","coordinates":[[[-118.3988,34.2893],[-118.3976,34.2893],[-118.3974,34.2879],[-118.3998,34.2879],[-118.4007,34.2887],[-118.3992,34.2887],[-118.3993,34.2893],[-118.3988,34.2893]]]},"properties":{"name":"Dump","year":2003,"acres":9,"agency":"USFS"}},{"type":"Feature","geometry":{"type":"Polygon","coordinates":[[[-118.1666,34.2767],[-118.166,34.2772],[-118.1645,34.2769],[-118.1647,34.2763],[-118.1658,34.276],[-118.1659,34.2753],[-118.1645,34.2746],[-118.1642,34.2731],[-118.1651,34.2721],[-118.1637,34.2708],[-118.1642,34.2706],[-118.1659,34.2713],[-118.165,34.2705],[-118.165,34.269],[-118.169,34.2701],[-118.1746,34.2695],[-118.1729,34.2712],[-118.1728,34.2721],[-118.1714,34.2725],[-118.171,34.273],[-118.1714,34.2733],[-118.1701,34.2738],[-118.1702,34.2745],[-118.1687,34.2744],[-118.1693,34.275],[-118.168,34.2752],[-118.1687,34.2752],[-118.169,34.2757],[-118.1682,34.2768],[-118.1678,34.2766],[-118.1671,34.2774],[-118.1666,34.2767]]]},"properties":{"name":"Pines","year":2006,"acres":114,"agency":"USFS"}},{"type":"Feature","geometry":{"type":"Polygon","coordinates":[[[-118.1919,34.2569],[-118.1933,34.2564],[-118.1943,34.2573],[-118.193,34.2587],[-118.1926,34.2606],[-118.192,34.2608],[-118.1893,34.2595],[-118.1887,34.2584],[-118.19,34.2574],[-118.1919,34.2569]]]},"properties":{"name":"Dark","year":2006,"acres":35,"agency":"USFS"}},{"type":"Feature","geometry":{"type":"Polygon","coordinates":[[[-118.4348,34.103],[-118.4355,34.1026],[-118.4367,34.1037],[-118.4355,34.1054],[-118.4349,34.1052],[-118.4352,34.104],[-118.4348,34.103]]]},"properties":{"name":"Benedict Cyn","year":2006,"acres":8,"agency":"USFS"}},{"type":"Feature","geometry":{"type":"Polygon","coordinates":[[[-118.4348,34.103],[-118.4355,34.1026],[-118.4367,34.1037],[-118.4355,34.1054],[-118.4349,34.1052],[-118.4352,34.104],[-118.4348,34.103]]]},"properties":{"name":"Benedict Canyon","year":2006,"acres":8,"agency":"NPS"}},{"type":"Feature","geometry":{"type":"Polygon","coordinates":[[[-118.2976,34.1351],[-118.2952,34.1348],[-118.2949,34.134],[-118.2928,34.134],[-118.2923,34.1328],[-118.2911,34.1335],[-118.2889,34.1335],[-118.2879,34.1327],[-118.2872,34.1333],[-118.2861,34.1333],[-118.2845,34.1321],[-118.2844,34.1313],[-118.2851,34.1309],[-118.2838,34.1309],[-118.2839,34.1306],[-118.2824,34.131],[-118.282,34.1318],[-118.2794,34.1311],[-118.2794,34.1315],[-118.2774,34.1314],[-118.276,34.1296],[-118.2763,34.1284],[-118.2772,34.1282],[-118.275,34.1258],[-118.2742,34.124],[-118.2745,34.1228],[-118.2753,34.1217],[-118.2766,34.1222],[-118.2766,34.1212],[-118.2772,34.1207],[-118.2761,34.1207],[-118.2763,34.12],[-118.2811,34.1195],[-118.2812,34.1191],[-118.2821,34.1194],[-118.2825,34.1204],[-118.2816,34.1219],[-118.2827,34.1213],[-118.2827,34.1202],[-118.2834,34.1202],[-118.2834,34.1191],[-118.2854,34.119],[-118.2855,34.1198],[-118.2838,34.1206],[-118.2842,34.1218],[-118.2863,34.1221],[-118.2867,34.1205],[-118.2874,34.1205],[-118.2871,34.1212],[-118.2892,34.1226],[-118.2902,34.1223],[-118.2908,34.121],[-118.2926,34.121],[-118.2922,34.1223],[-118.2928,34.1227],[-118.2928,34.1233],[-118.2932,34.1233],[-118.2935,34.1215],[-118.2943,34.1212],[-118.2944,34.1204],[-118.2951,34.1204],[-118.2949,34.1211],[-118.2964,34.1222],[-118.2969,34.1253],[-118.298,34.1246],[-118.2988,34.1233],[-118.3008,34.1245],[-118.3008,34.126],[-118.3013,34.1255],[-118.3036,34.1253],[-118.304,34.1259],[-118.3039,34.129],[-118.3048,34.1289],[-118.3047,34.1296],[-118.304,34.1297],[-118.3018,34.1291],[-118.3014,34.1283],[-118.3007,34.1282],[-118.3,34.1291],[-118.2983,34.1294],[-118.2983,34.1298],[-118.2993,34.1298],[-118.2993,34.1308],[-118.3002,34.1322],[-118.3004,34.1336],[-118.2976,34.1351]]]},"properties":{"name":"Griffith Park","year":2007,"acres":748,"agency":"USFS"}},{"type":"Feature","geometry":{"type":"Polygon","coordinates":[[[-118.3277,34.1442],[-118.3273,34.1416],[-118.328,34.1399],[-118.3272,34.1383],[-118.3262,34.1379],[-118.3265,34.1371],[-118.3295,34.1368],[-118.331,34.1359],[-118.3328,34.136],[-118.3361,34.1385],[-118.3363,34.1381],[-118.338,34.1383],[-118.3398,34.1377],[-118.3397,34.1389],[-118.3391,34.1392],[-118.3394,34.1403],[-118.3378,34.1406],[-118.3386,34.1413],[-118.3384,34.1421],[-118.3389,34.1421],[-118.3385,34.1436],[-118.3378,34.1436],[-118.3362,34.1455],[-118.3336,34.1452],[-118.332,34.144],[-118.3315,34.1445],[-118.3301,34.1441],[-118.3293,34.1459],[-118.3286,34.1458],[-118.3277,34.1442]]]},"properties":{"name":"Barham","year":2007,"acres":224,"agency":"C&L"}},{"type":"Feature","geometry":{"type":"Polygon","coordinates":[[[-118.1262,34.2098],[-118.1291,34.2102],[-118.1293,34.212],[-118.126,34.2107],[-118.1256,34.2105],[-118.1262,34.2098]]]},"properties":{"name":"Lowe","year":2007,"acres":14,"agency":"USFS"}},{"type":"Feature","geometry":{"type":"Polygon","coordinates":[[[-118.413,34.0961],[-118.4127,34.0951],[-118.4131,34.0945],[-118.4126,34.0943],[-118.4097,34.0948],[-118.4105,34.0937],[-118.4123,34.0937],[-118.414,34.0954],[-118.4139,34.096],[-118.413,34.0961]]]},"properties":{"name":"Franklin","year":2007,"acres":9,"agency":"NPS"}},{"type":"Feature","geometry":{"type":"Polygon","coordinates":[[[-118.4213,34.3675],[-118.4209,34.3672],[-118.4208,34.366],[-118.4173,34.3652],[-118.4174,34.363],[-118.4148,34.3624],[-118.4153,34.3613],[-118.4138,34.3604],[-118.4141,34.3595],[-118.4138,34.3592],[-118.4147,34.3588],[-118.4144,34.3583],[-118.4157,34.3568],[-118.4152,34.355],[-118.4107,34.3529],[-118.4098,34.3534],[-118.4084,34.353],[-118.4073,34.3537],[-118.4064,34.3534],[-118.4064,34.3541],[-118.406,34.3541],[-118.4049,34.3528],[-118.4005,34.3526],[-118.3981,34.3519],[-118.3942,34.3515],[-118.3909,34.3487],[-118.3907,34.3475],[-118.3914,34.3454],[-118.3926,34.3452],[-118.3926,34.3447],[-118.3943,34.3435],[-118.3974,34.3425],[-118.3953,34.3423],[-118.3947,34.3415],[-118.3953,34.3368],[-118.3961,34.3365],[-118.3966,34.3354],[-118.3984,34.3353],[-118.3989,34.3345],[-118.3988,34.3327],[-118.3998,34.3316],[-118.3986,34.3301],[-118.3987,34.3293],[-118.402,34.3278],[-118.4024,34.3264],[-118.404,34.325],[-118.4035,34.323],[-118.4044,34.3228],[-118.4049,34.3233],[-118.4049,34.3244],[-118.4065,34.3277],[-118.4146,34.3293],[-118.4312,34.3302],[-118.4335,34.3289],[-118.4362,34.329],[-118.4404,34.3278],[-118.4428,34.3263],[-118.4542,34.3264],[-118.4561,34.326],[-118.4602,34.324],[-118.4703,34.3236],[-118.4782,34.3211],[-118.48,34.3214],[-118.4821,34.3208],[-118.4843,34.3184],[-118.4856,34.3178],[-118.488,34.3153],[-118.488,34.3137],[-118.4873,34.3125],[-118.4885,34.3122],[-118.4948,34.319],[-118.4967,34.3198],[-118.4976,34.3173],[-118.4998,34.3144],[-118.5017,34.3103],[-118.5035,34.3107],[-118.5091,34.3096],[-118.5107,34.3085],[-118.5108,34.3073],[-118.5123,34.3055],[-118.5172,34.3043],[-118.5176,34.3045],[-118.5172,34.3051],[-118.518,34.3063],[-118.5198,34.3073],[-118.5234,34.3083],[-118.5237,34.3096],[-118.5253,34.3108],[-118.529,34.3118],[-118.5316,34.3106],[-118.533,34.311],[-118.5338,34.3129],[-118.5335,34.3142],[-118.538,34.3176],[-118.5397,34.3202],[-118.5424,34.322],[-118.5423,34.3226],[-118.5433,34.3232],[-118.5458,34.3235],[-118.5473,34.3247],[-118.5476,34.3274],[-118.5447,34.3299],[-118.5431,34.329],[-118.5396,34.328],[-118.5374,34.3283],[-118.5328,34.3281],[-118.5316,34.3291],[-118.5302,34.3292],[-118.5261,34.3263],[-118.5187,34.3237],[-118.5169,34.3235],[-118.5155,34.3246],[-118.5127,34.3257],[-118.5067,34.3232],[-118.5051,34.3233],[-118.5053,34.3241],[-118.5036,34.3267],[-118.5039,34.3275],[-118.503,34.3281],[-118.5041,34.3328],[-118.5032,34.3372],[-118.5058,34.3391],[-118.5059,34.3401],[-118.5033,34.3472],[-118.507,34.3474],[-118.5074,34.3492],[-118.5062,34.3504],[-118.5049,34.35],[-118.5056,34.3518],[-118.505,34.3552],[-118.5056,34.3568],[-118.5057,34.3592],[-118.5049,34.3614],[-118.5028,34.364],[-118.5005,34.3634],[-118.4988,34.3637],[-118.4958,34.3615],[-118.4936,34.3624],[-118.4924,34.3621],[-118.4914,34.3607],[-118.4901,34.3598],[-118.4886,34.3597],[-118.4873,34.3582],[-118.4832,34.3601],[-118.4809,34.3618],[-118.4785,34.3618],[-118.4772,34.3624],[-118.4735,34.3618],[-118.4734,34.361],[-118.4714,34.361],[-118.4701,34.3601],[-118.4702,34.3598],[-118.4692,34.36],[-118.4674,34.3587],[-118.4659,34.3603],[-118.4629,34.3594],[-118.4623,34.3588],[-118.4605,34.3595],[-118.4595,34.3594],[-118.4591,34.3589],[-118.4581,34.3591],[-118.4577,34.3586],[-118.4565,34.3594],[-118.4549,34.3589],[-118.454,34.3597],[-118.4532,34.359],[-118.4536,34.3582],[-118.4507,34.3561],[-118.4479,34.3561],[-118.4456,34.3552],[-118.4451,34.3574],[-118.4418,34.3576],[-118.4411,34.3586],[-118.439,34.3592],[-118.4374,34.3607],[-118.4369,34.3603],[-118.436,34.3608],[-118.4353,34.3603],[-118.4338,34.3619],[-118.4321,34.3628],[-118.4309,34.365],[-118.43,34.365],[-118.4276,34.3671],[-118.4245,34.3656],[-118.4241,34.365],[-118.4234,34.3652],[-118.4231,34.3661],[-118.4213,34.3675]]]},"properties":{"name":"Sayre","year":2008,"acres":11260,"agency":"USFS"}},{"type":"Feature","geometry":{"type":"MultiPolygon","coordinates":[[[[-118.4029,34.3195],[-118.4047,34.3193],[-118.4045,34.3211],[-118.4034,34.3209],[-118.4024,34.3203],[-118.4029,34.3195]]],[[[-118.4093,34.303],[-118.41,34.3026],[-118.41,34.3016],[-118.4124,34.3029],[-118.4117,34.3031],[-118.4119,34.3047],[-118.409,34.3035],[-118.4093,34.303]]],[[[-118.3855,34.3347],[-118.3847,34.3334],[-118.3801,34.3322],[-118.379,34.3324],[-118.3779,34.3333],[-118.3766,34.3327],[-118.3752,34.3307],[-118.3762,34.3293],[-118.3777,34.3292],[-118.3795,34.3264],[-118.3776,34.3266],[-118.3764,34.3251],[-118.3768,34.3241],[-118.3764,34.3233],[-118.3769,34.3226],[-118.3753,34.321],[-118.3753,34.3201],[-118.3742,34.3187],[-118.3742,34.3165],[-118.3737,34.3146],[-118.3729,34.3137],[-118.3716,34.3133],[-118.3707,34.3138],[-118.3698,34.3172],[-118.3676,34.3193],[-118.3651,34.3198],[-118.3646,34.319],[-118.3629,34.3201],[-118.3614,34.3198],[-118.36,34.3183],[-118.3566,34.3178],[-118.3554,34.3166],[-118.3564,34.3162],[-118.3562,34.3143],[-118.3572,34.3131],[-118.3572,34.312],[-118.3557,34.3103],[-118.3555,34.3108],[-118.3546,34.3111],[-118.3505,34.3102],[-118.3479,34.3073],[-118.3467,34.3069],[-118.3465,34.306],[-118.3473,34.3039],[-118.3491,34.3018],[-118.35,34.2992],[-118.352,34.2981],[-118.3532,34.2965],[-118.356,34.2961],[-118.3592,34.2935],[-118.3609,34.2931],[-118.3637,34.2916],[-118.367,34.2893],[-118.3682,34.2872],[-118.3701,34.2858],[-118.3718,34.2864],[-118.3738,34.286],[-118.3742,34.2884],[-118.3737,34.2889],[-118.3761,34.2892],[-118.3756,34.2903],[-118.3758,34.2915],[-118.3762,34.2922],[-118.3774,34.2918],[-118.3778,34.2925],[-118.377,34.2928],[-118.3775,34.2934],[-118.3767,34.2951],[-118.377,34.2961],[-118.376,34.2982],[-118.3761,34.3004],[-118.3774,34.3005],[-118.3774,34.2997],[-118.3787,34.2997],[-118.379,34.2985],[-118.3801,34.2973],[-118.3811,34.2986],[-118.3815,34.2987],[-118.3821,34.2979],[-118.383,34.2987],[-118.3864,34.2986],[-118.389,34.2966],[-118.3924,34.2955],[-118.3924,34.2947],[-118.3959,34.2927],[-118.3955,34.2898],[-118.3962,34.2882],[-118.3972,34.2874],[-118.4013,34.2882],[-118.4018,34.2864],[-118.4032,34.2853],[-118.4039,34.2852],[-118.4052,34.2864],[-118.4063,34.2857],[-118.4068,34.2859],[-118.4072,34.2863],[-118.4068,34.2867],[-118.4076,34.2874],[-118.4082,34.2871],[-118.4086,34.2874],[-118.4084,34.2881],[-118.4091,34.2891],[-118.4089,34.2896],[-118.4105,34.2913],[-118.4099,34.2915],[-118.4102,34.2919],[-118.4094,34.2927],[-118.4099,34.2931],[-118.4068,34.2961],[-118.4079,34.2967],[-118.408,34.2975],[-118.4099,34.3001],[-118.4108,34.3005],[-118.4117,34.3002],[-118.4097,34.3014],[-118.4084,34.3036],[-118.4086,34.3041],[-118.4113,34.3047],[-118.412,34.3073],[-118.4116,34.3077],[-118.4095,34.3065],[-118.4081,34.307],[-118.4076,34.3062],[-118.4069,34.308],[-118.4038,34.3079],[-118.4031,34.3101],[-118.4027,34.3101],[-118.4029,34.3106],[-118.402,34.3109],[-118.4029,34.3115],[-118.4016,34.3123],[-118.4018,34.313],[-118.4008,34.3131],[-118.4011,34.3153],[-118.3997,34.3164],[-118.397,34.3174],[-118.3964,34.3194],[-118.401,34.3195],[-118.4036,34.3212],[-118.403,34.3227],[-118.4038,34.3236],[-118.4041,34.3248],[-118.4024,34.3264],[-118.4017,34.3281],[-118.3991,34.3289],[-118.3983,34.3297],[-118.3964,34.3293],[-118.3955,34.33],[-118.3953,34.3311],[-118.3965,34.3318],[-118.3966,34.3329],[-118.3931,34.3352],[-118.3932,34.337],[-118.3926,34.3391],[-118.3927,34.3421],[-118.3923,34.3422],[-118.3877,34.3378],[-118.3855,34.3347]]]]},"properties":{"name":"Marek","year":2008,"acres":4574,"agency":"USFS"}},{"type":"Feature","geometry":{"type":"MultiPolygon","coordinates":[[[[-118.0524,34.1819],[-118.0523,34.1816],[-118.0528,34.1813],[-118.0524,34.1819]]],[[[-118.0483,34.1823],[-118.0456,34.183],[-118.0464,34.184],[-118.0446,34.1852],[-118.041,34.1854],[-118.0402,34.185],[-118.0388,34.1854],[-118.0384,34.185],[-118.039,34.1833],[-118.0387,34.1822],[-118.0367,34.1826],[-118.0363,34.184],[-118.0352,34.1831],[-118.0351,34.1822],[-118.034,34.1817],[-118.0345,34.18],[-118.0323,34.1783],[-118.0319,34.1775],[-118.0328,34.1762],[-118.0326,34.1738],[-118.0345,34.1729],[-118.0364,34.1733],[-118.0365,34.1728],[-118.0383,34.1731],[-118.039,34.1725],[-118.0405,34.1737],[-118.0406,34.1743],[-118.0414,34.1746],[-118.042,34.1758],[-118.0432,34.1761],[-118.0443,34.1746],[-118.0469,34.1737],[-118.0483,34.1727],[-118.0502,34.1728],[-118.05,34.1739],[-118.0504,34.174],[-118.0516,34.1717],[-118.0541,34.1742],[-118.055,34.1742],[-118.0559,34.1759],[-118.0554,34.1788],[-118.0559,34.1794],[-118.0557,34.181],[-118.0534,34.1804],[-118.0522,34.1813],[-118.0518,34.1833],[-118.0529,34.1855],[-118.0524,34.1866],[-118.0503,34.1837],[-118.0483,34.1823]]]]},"properties":{"name":"Santa Anita","year":2008,"acres":557,"agency":"USFS"}},{"type":"Feature","geometry":{"type":"Polygon","coordinates":[[[-118.0668,34.4362],[-118.0661,34.435],[-118.0659,34.4321],[-118.0652,34.4321],[-118.0637,34.4305],[-118.0637,34.4283],[-118.0627,34.4269],[-118.0616,34.4271],[-118.0593,34.4289],[-118.059,34.4301],[-118.0568,34.4289],[-118.0555,34.4291],[-118.0545,34.4302],[-118.0534,34.4304],[-118.0501,34.4296],[-118.0478,34.4283],[-118.0409,34.4267],[-118.0409,34.4274],[-118.0396,34.4281],[-118.0376,34.428],[-118.0357,34.4273],[-118.0349,34.4235],[-118.0322,34.4218],[-118.0337,34.4207],[-118.0326,34.4193],[-118.0324,34.4153],[-118.0315,34.4134],[-118.0296,34.4132],[-118.0176,34.4171],[-118.0134,34.418],[-118.0118,34.4178],[-118.0093,34.4156],[-118.0084,34.4137],[-118.0058,34.4134],[-118.0053,34.4125],[-118.0012,34.4109],[-118.0007,34.4075],[-118.0012,34.4067],[-118.0044,34.4044],[-118.0003,34.4022],[-117.9955,34.4024],[-117.9954,34.4036],[-117.9961,34.4062],[-117.9943,34.4067],[-117.991,34.4102],[-117.9889,34.4095],[-117.9883,34.4083],[-117.9887,34.4076],[-117.9901,34.4084],[-117.9923,34.4063],[-117.9917,34.4053],[-117.9897,34.404],[-117.9891,34.404],[-117.9873,34.4055],[-117.9871,34.4075],[-117.9832,34.4084],[-117.982,34.4084],[-117.9817,34.408],[-117.982,34.4073],[-117.9846,34.4055],[-117.9846,34.4045],[-117.9908,34.4005],[-117.9888,34.3992],[-117.9883,34.3982],[-117.9883,34.3971],[-117.99,34.3946],[-117.9895,34.3932],[-117.9897,34.3917],[-117.9893,34.3915],[-117.99,34.3895],[-117.9889,34.387],[-117.9891,34.3847],[-117.9899,34.3833],[-117.9916,34.3821],[-117.9961,34.3808],[-118.0008,34.3786],[-118.0053,34.3793],[-118.008,34.3792],[-118.0095,34.3785],[-118.0117,34.3789],[-118.0141,34.3783],[-118.0132,34.3751],[-118.0132,34.3739],[-118.014,34.3729],[-118.0135,34.3718],[-118.0138,34.3688],[-118.0127,34.3687],[-118.011,34.3671],[-118.0116,34.3654],[-118.0131,34.3645],[-118.0131,34.3639],[-118.0117,34.363],[-118.0121,34.3599],[-118.0132,34.3597],[-118.0139,34.3582],[-118.0126,34.3581],[-118.0123,34.356],[-118.0139,34.3554],[-118.0146,34.354],[-118.0207,34.3467],[-118.0219,34.3448],[-118.0221,34.3429],[-118.024,34.3443],[-118.0268,34.3449],[-118.0285,34.3447],[-118.0294,34.3437],[-118.0323,34.3433],[-118.0328,34.3404],[-118.031,34.3364],[-118.0268,34.3319],[-118.0232,34.3301],[-118.022,34.3283],[-118.0194,34.3265],[-118.018,34.3267],[-118.0148,34.3284],[-118.0124,34.3286],[-118.0064,34.3252],[-118.0037,34.3255],[-118.0017,34.3263],[-117.9991,34.3244],[-117.9971,34.3244],[-117.9969,34.3283],[-117.9955,34.3313],[-117.9945,34.3357],[-117.9929,34.3385],[-117.9937,34.3409],[-117.9974,34.3426],[-117.9981,34.3458],[-117.9969,34.3501],[-117.9955,34.3525],[-117.9955,34.3532],[-117.9942,34.3536],[-117.9933,34.3515],[-117.9924,34.3513],[-117.9919,34.3528],[-117.9894,34.3547],[-117.9857,34.3551],[-117.9842,34.3566],[-117.9826,34.3601],[-117.9825,34.3623],[-117.9814,34.3635],[-117.9802,34.3638],[-117.9798,34.3656],[-117.9806,34.3678],[-117.9797,34.3731],[-117.9766,34.377],[-117.9753,34.3808],[-117.974,34.3821],[-117.9719,34.3828],[-117.9657,34.3833],[-117.9602,34.383],[-117.9549,34.3791],[-117.9503,34.3776],[-117.9435,34.3728],[-117.9453,34.3714],[-117.9451,34.3704],[-117.9459,34.3699],[-117.9468,34.3702],[-117.9479,34.3696],[-117.9479,34.3691],[-117.9489,34.3691],[-117.95,34.3683],[-117.9505,34.3666],[-117.9516,34.3653],[-117.9555,34.3641],[-117.9556,34.3635],[-117.9562,34.3631],[-117.9573,34.3631],[-117.9568,34.362],[-117.9572,34.3611],[-117.9582,34.361],[-117.9603,34.3624],[-117.9623,34.3622],[-117.9636,34.3605],[-117.9652,34.3596],[-117.9652,34.3578],[-117.9644,34.3564],[-117.9613,34.3553],[-117.9607,34.3531],[-117.96,34.3528],[-117.9599,34.3524],[-117.9617,34.3514],[-117.9618,34.3503],[-117.9602,34.3509],[-117.9577,34.3509],[-117.9559,34.349],[-117.9521,34.3484],[-117.9496,34.347],[-117.9472,34.3481],[-117.9446,34.3481],[-117.9437,34.3475],[-117.9428,34.3455],[-117.9423,34.3426],[-117.941,34.3416],[-117.9412,34.3403],[-117.9375,34.3368],[-117.933,34.3366],[-117.9319,34.3361],[-117.9292,34.337],[-117.9281,34.3361],[-117.9289,34.3336],[-117.9281,34.3302],[-117.9289,34.3286],[-117.929,34.3263],[-117.9316,34.3256],[-117.933,34.3246],[-117.936,34.3241],[-117.9349,34.3221],[-117.9352,34.3186],[-117.9358,34.3182],[-117.9395,34.3184],[-117.9434,34.3201],[-117.9447,34.319],[-117.9426,34.3165],[-117.9392,34.3139],[-117.9375,34.3135],[-117.9353,34.3117],[-117.9351,34.3094],[-117.942,34.3047],[-117.9447,34.3039],[-117.948,34.3018],[-117.9486,34.3004],[-117.9474,34.3001],[-117.9472,34.2992],[-117.9446,34.2991],[-117.944,34.2987],[-117.9451,34.2975],[-117.9457,34.2956],[-117.9478,34.295],[-117.9465,34.293],[-117.9465,34.2919],[-117.9441,34.2917],[-117.9439,34.2904],[-117.9428,34.2888],[-117.9411,34.2876],[-117.9414,34.2858],[-117.9432,34.2818],[-117.9463,34.2787],[-117.9505,34.2772],[-117.9526,34.2751],[-117.9589,34.2726],[-117.9631,34.2686],[-117.9626,34.2679],[-117.9625,34.2663],[-117.9593,34.2677],[-117.9563,34.2701],[-117.9547,34.2707],[-117.9528,34.2704],[-117.953,34.2728],[-117.9523,34.274],[-117.9517,34.2737],[-117.9517,34.2677],[-117.9531,34.2655],[-117.9553,34.2657],[-117.9574,34.2624],[-117.9612,34.2601],[-117.9616,34.2594],[-117.9603,34.2584],[-117.9602,34.2561],[-117.9603,34.2542],[-117.9613,34.2528],[-117.961,34.2518],[-117.9632,34.2501],[-117.9644,34.2498],[-117.9652,34.2478],[-117.967,34.2465],[-117.9672,34.2456],[-117.969,34.2444],[-117.9684,34.2442],[-117.9687,34.2438],[-117.971,34.2418],[-117.9724,34.2437],[-117.9752,34.2438],[-117.9748,34.2429],[-117.9727,34.2426],[-117.9722,34.2414],[-117.9727,34.2405],[-117.9737,34.2407],[-117.9753,34.2399],[-117.9759,34.239],[-117.9805,34.2408],[-117.9832,34.2399],[-117.9838,34.241],[-117.9853,34.2414],[-117.9866,34.2409],[-117.9867,34.2398],[-117.988,34.2395],[-117.9885,34.2402],[-117.9878,34.241],[-117.9906,34.2416],[-117.9916,34.2408],[-117.9919,34.2392],[-117.9923,34.239],[-117.9934,34.24],[-117.9947,34.2402],[-117.9955,34.2412],[-117.9966,34.2402],[-117.9989,34.2404],[-118.0013,34.242],[-118.0052,34.2434],[-118.0087,34.2439],[-118.0094,34.2449],[-118.01,34.2449],[-118.0108,34.2438],[-118.0116,34.2441],[-118.0128,34.2437],[-118.0132,34.243],[-118.0167,34.2426],[-118.0187,34.2399],[-118.018,34.2373],[-118.0182,34.2366],[-118.0242,34.2339],[-118.0253,34.2339],[-118.029,34.2309],[-118.0304,34.2309],[-118.034,34.2325],[-118.0396,34.2329],[-118.0424,34.2325],[-118.0459,34.2308],[-118.0507,34.2314],[-118.0522,34.231],[-118.0541,34.2293],[-118.0555,34.229],[-118.057,34.2273],[-118.0574,34.2256],[-118.0594,34.2248],[-118.0626,34.2247],[-118.0638,34.2251],[-118.069,34.2296],[-118.071,34.2301],[-118.0711,34.2328],[-118.0743,34.233],[-118.0753,34.2336],[-118.0754,34.2343],[-118.0779,34.2349],[-118.08,34.2363],[-118.0809,34.236],[-118.0822,34.2366],[-118.0839,34.2364],[-118.0842,34.2375],[-118.0862,34.2383],[-118.0896,34.2391],[-118.0912,34.2388],[-118.0926,34.2395],[-118.0934,34.2391],[-118.0939,34.2406],[-118.0963,34.241],[-118.0978,34.2402],[-118.0987,34.2403],[-118.0998,34.2385],[-118.1026,34.2367],[-118.1001,34.236],[-118.0963,34.2324],[-118.0959,34.2317],[-118.0962,34.2291],[-118.0924,34.2288],[-118.0909,34.2279],[-118.0906,34.2268],[-118.0883,34.2234],[-118.0879,34.221],[-118.0881,34.22],[-118.0891,34.219],[-118.0956,34.2181],[-118.1005,34.2158],[-118.1085,34.2191],[-118.1095,34.2202],[-118.1099,34.2218],[-118.1115,34.2232],[-118.1147,34.2245],[-118.1161,34.2242],[-118.1164,34.2236],[-118.1192,34.2238],[-118.1202,34.2227],[-118.1216,34.2225],[-118.1222,34.2216],[-118.127,34.223],[-118.1275,34.222],[-118.1256,34.2212],[-118.1255,34.2199],[-118.1256,34.2191],[-118.1271,34.2177],[-118.1298,34.2174],[-118.1319,34.218],[-118.1339,34.2173],[-118.1354,34.2175],[-118.1369,34.2156],[-118.1369,34.2147],[-118.1384,34.2131],[-118.1414,34.2123],[-118.144,34.2108],[-118.1459,34.2112],[-118.1457,34.2122],[-118.1468,34.2137],[-118.1478,34.2135],[-118.1479,34.2148],[-118.1536,34.2153],[-118.1586,34.2165],[-118.1619,34.216],[-118.1636,34.2163],[-118.1657,34.2132],[-118.1682,34.2115],[-118.1748,34.2112],[-118.1757,34.2121],[-118.1763,34.2115],[-118.1772,34.2117],[-118.1787,34.2145],[-118.1799,34.2152],[-118.1836,34.2162],[-118.1836,34.2185],[-118.181,34.2187],[-118.1865,34.2196],[-118.1867,34.2205],[-118.185,34.2207],[-118.1852,34.222],[-118.1993,34.2241],[-118.2001,34.2239],[-118.2013,34.2221],[-118.202,34.2218],[-118.205,34.2239],[-118.2076,34.2236],[-118.2099,34.2256],[-118.2097,34.2263],[-118.2102,34.2264],[-118.211,34.2255],[-118.2124,34.2261],[-118.2125,34.227],[-118.2116,34.2274],[-118.2115,34.2288],[-118.2139,34.2281],[-118.2152,34.2265],[-118.2171,34.2263],[-118.2181,34.2268],[-118.2185,34.2296],[-118.2224,34.2303],[-118.2237,34.2311],[-118.2237,34.2341],[-118.2274,34.2359],[-118.2266,34.2375],[-118.2239,34.2379],[-118.2221,34.2401],[-118.222,34.2417],[-118.2227,34.2423],[-118.2228,34.2434],[-118.2214,34.2439],[-118.2214,34.2447],[-118.2225,34.2449],[-118.2229,34.2463],[-118.2254,34.2461],[-118.2269,34.2447],[-118.2276,34.2437],[-118.2284,34.2406],[-118.2295,34.2401],[-118.2303,34.2406],[-118.2323,34.2402],[-118.2341,34.2409],[-118.2346,34.2416],[-118.2346,34.2439],[-118.2381,34.2465],[-118.2408,34.2433],[-118.243,34.2448],[-118.2475,34.2448],[-118.248,34.2455],[-118.2492,34.2456],[-118.2506,34.2468],[-118.2521,34.2462],[-118.2527,34.2468],[-118.2518,34.2497],[-118.2523,34.2501],[-118.254,34.25],[-118.2569,34.2488],[-118.2583,34.2489],[-118.2589,34.2492],[-118.2596,34.2507],[-118.261,34.2506],[-118.2631,34.2513],[-118.2638,34.2533],[-118.2652,34.2542],[-118.2661,34.2542],[-118.2666,34.2557],[-118.2687,34.2551],[-118.2702,34.2561],[-118.2733,34.2555],[-118.2768,34.2562],[-118.2779,34.2574],[-118.2782,34.2602],[-118.2793,34.2616],[-118.2792,34.2629],[-118.2783,34.2637],[-118.2815,34.2644],[-118.2816,34.2658],[-118.2801,34.2675],[-118.2805,34.268],[-118.2848,34.2686],[-118.2861,34.2697],[-118.2866,34.2711],[-118.2892,34.2712],[-118.2886,34.2749],[-118.2893,34.2758],[-118.2918,34.2764],[-118.2919,34.2774],[-118.29,34.2785],[-118.2877,34.282],[-118.2879,34.2838],[-118.2917,34.2879],[-118.2933,34.2874],[-118.2978,34.2842],[-118.2986,34.2827],[-118.3015,34.2812],[-118.3027,34.2794],[-118.3056,34.2795],[-118.3083,34.279],[-118.3124,34.2763],[-118.3142,34.2784],[-118.316,34.2793],[-118.316,34.2806],[-118.3175,34.2798],[-118.3203,34.2796],[-118.3219,34.2802],[-118.3221,34.2797],[-118.3239,34.2797],[-118.3264,34.279],[-118.3278,34.28],[-118.3301,34.2803],[-118.3317,34.2815],[-118.3337,34.2819],[-118.3342,34.2833],[-118.3335,34.283],[-118.3328,34.2844],[-118.3335,34.2856],[-118.3324,34.2855],[-118.3319,34.2867],[-118.3326,34.2873],[-118.3311,34.2873],[-118.331,34.2882],[-118.3329,34.2889],[-118.3321,34.2898],[-118.333,34.2905],[-118.3348,34.2902],[-118.3356,34.2907],[-118.3345,34.2916],[-118.3343,34.2928],[-118.3359,34.2951],[-118.3376,34.2956],[-118.3385,34.2968],[-118.3401,34.2964],[-118.3402,34.2968],[-118.3417,34.297],[-118.3429,34.2987],[-118.343,34.301],[-118.3415,34.3018],[-118.3415,34.3023],[-118.3404,34.3016],[-118.3398,34.2988],[-118.3376,34.2986],[-118.3338,34.2992],[-118.3286,34.2989],[-118.3263,34.3009],[-118.3262,34.3021],[-118.3267,34.3029],[-118.3294,34.3039],[-118.3298,34.305],[-118.3259,34.3079],[-118.3232,34.3087],[-118.3211,34.31],[-118.3198,34.3132],[-118.3182,34.3142],[-118.3149,34.3149],[-118.3126,34.3192],[-118.3097,34.3224],[-118.3042,34.3243],[-118.298,34.3248],[-118.2943,34.3246],[-118.2925,34.3253],[-118.292,34.3267],[-118.2946,34.3287],[-118.3014,34.3288],[-118.304,34.3302],[-118.3052,34.3329],[-118.3037,34.3386],[-118.3053,34.3375],[-118.3059,34.3377],[-118.3069,34.3414],[-118.3068,34.3454],[-118.3079,34.346],[-118.3107,34.3451],[-118.313,34.3461],[-118.3134,34.3477],[-118.3187,34.3491],[-118.319,34.3498],[-118.3212,34.3499],[-118.3229,34.3492],[-118.3246,34.3511],[-118.3254,34.351],[-118.327,34.3533],[-118.3276,34.3548],[-118.3276,34.3578],[-118.3332,34.3609],[-118.334,34.3603],[-118.338,34.3598],[-118.3385,34.3597],[-118.3387,34.3603],[-118.3399,34.3603],[-118.3404,34.3623],[-118.3396,34.3644],[-118.3332,34.37],[-118.3312,34.3727],[-118.3305,34.375],[-118.3307,34.378],[-118.3302,34.3803],[-118.331,34.3823],[-118.3302,34.3824],[-118.3298,34.3859],[-118.3279,34.3876],[-118.3262,34.3877],[-118.3255,34.3882],[-118.3227,34.3876],[-118.3169,34.3879],[-118.3137,34.3892],[-118.3019,34.3898],[-118.3008,34.3916],[-118.2968,34.3931],[-118.2942,34.3948],[-118.2884,34.3957],[-118.2841,34.3969],[-118.2815,34.3984],[-118.2819,34.3992],[-118.2814,34.4002],[-118.2799,34.4011],[-118.2796,34.4032],[-118.2757,34.408],[-118.2742,34.4084],[-118.273,34.4115],[-118.2738,34.4152],[-118.2733,34.4166],[-118.2695,34.4172],[-118.2668,34.4198],[-118.2646,34.4194],[-118.262,34.4179],[-118.2615,34.4179],[-118.2609,34.4167],[-118.2619,34.4107],[-118.2657,34.4049],[-118.2672,34.4014],[-118.2668,34.4005],[-118.2648,34.4002],[-118.2586,34.4003],[-118.252,34.4015],[-118.2511,34.4021],[-118.2521,34.4073],[-118.2518,34.409],[-118.2492,34.4118],[-118.2458,34.4134],[-118.2419,34.416],[-118.2411,34.4157],[-118.24,34.4165],[-118.2394,34.4179],[-118.2341,34.4221],[-118.2334,34.4235],[-118.2283,34.4242],[-118.2278,34.4248],[-118.2277,34.4276],[-118.2263,34.427],[-118.2258,34.4258],[-118.2248,34.4252],[-118.2242,34.4256],[-118.2242,34.4276],[-118.2255,34.4276],[-118.2261,34.4284],[-118.2258,34.4294],[-118.2251,34.4298],[-118.2231,34.4293],[-118.2208,34.4301],[-118.22,34.4316],[-118.2174,34.4316],[-118.2169,34.4307],[-118.2139,34.4303],[-118.2109,34.4304],[-118.2078,34.4319],[-118.2062,34.432],[-118.2053,34.4312],[-118.204,34.4313],[-118.2024,34.434],[-118.2012,34.435],[-118.1997,34.4339],[-118.2004,34.4323],[-118.2003,34.43],[-118.1975,34.4263],[-118.198,34.4247],[-118.1977,34.422],[-118.1966,34.4227],[-118.1946,34.4267],[-118.1946,34.4284],[-118.1933,34.4296],[-118.1939,34.4328],[-118.1916,34.4332],[-118.191,34.4323],[-118.1897,34.4329],[-118.1819,34.4341],[-118.1802,34.4352],[-118.1778,34.436],[-118.1763,34.4352],[-118.1722,34.4308],[-118.1714,34.4298],[-118.1715,34.428],[-118.1657,34.4288],[-118.1642,34.4302],[-118.1622,34.4308],[-118.161,34.4303],[-118.1641,34.4287],[-118.1653,34.4272],[-118.1647,34.4267],[-118.1514,34.4268],[-118.1501,34.4289],[-118.1502,34.431],[-118.1497,34.4317],[-118.1491,34.4313],[-118.1486,34.4274],[-118.1468,34.4286],[-118.1454,34.4286],[-118.1456,34.4279],[-118.1478,34.4267],[-118.1481,34.4254],[-118.1473,34.4244],[-118.1454,34.4235],[-118.144,34.4245],[-118.1437,34.4263],[-118.1424,34.4284],[-118.1406,34.4281],[-118.1397,34.4267],[-118.1363,34.4271],[-118.1368,34.4283],[-118.1363,34.4289],[-118.1272,34.4296],[-118.1263,34.4306],[-118.1245,34.4312],[-118.1198,34.4315],[-118.1176,34.4341],[-118.1127,34.4361],[-118.1118,34.4371],[-118.1092,34.4363],[-118.1076,34.4366],[-118.1051,34.4347],[-118.1014,34.4356],[-118.1005,34.4363],[-118.0969,34.4363],[-118.095,34.4368],[-118.0889,34.4355],[-118.0849,34.4353],[-118.0823,34.4345],[-118.0818,34.4352],[-118.0748,34.4351],[-118.0736,34.4365],[-118.0713,34.4363],[-118.0711,34.4381],[-118.0682,34.4373],[-118.0668,34.4362]],[[-118.0526,34.3573],[-118.0538,34.3562],[-118.0573,34.3555],[-118.0575,34.3548],[-118.0609,34.3546],[-118.0613,34.3536],[-118.0612,34.3516],[-118.0583,34.3496],[-118.0594,34.347],[-118.0616,34.3456],[-118.0618,34.3448],[-118.0614,34.341],[-118.0595,34.3395],[-118.0585,34.3379],[-118.0597,34.3359],[-118.0593,34.3334],[-118.0604,34.3321],[-118.0631,34.3316],[-118.0663,34.329],[-118.0673,34.3277],[-118.0673,34.3263],[-118.0722,34.3265],[-118.0748,34.3244],[-118.0752,34.3231],[-118.0764,34.3217],[-118.0749,34.3191],[-118.0732,34.3175],[-118.0732,34.316],[-118.0718,34.3127],[-118.0727,34.3105],[-118.0711,34.3094],[-118.0702,34.3081],[-118.069,34.3081],[-118.0619,34.3115],[-118.0609,34.3128],[-118.0589,34.3138],[-118.0565,34.3135],[-118.0548,34.3122],[-118.0512,34.3126],[-118.0456,34.3106],[-118.0426,34.3112],[-118.0402,34.3157],[-118.04,34.3182],[-118.0406,34.3207],[-118.0402,34.3219],[-118.0386,34.3219],[-118.0343,34.3198],[-118.0343,34.3216],[-118.0368,34.3223],[-118.0371,34.3236],[-118.0344,34.3228],[-118.0317,34.323],[-118.031,34.328],[-118.0286,34.3295],[-118.0287,34.331],[-118.0313,34.3298],[-118.033,34.3298],[-118.0346,34.3305],[-118.0344,34.3315],[-118.0332,34.3321],[-118.0342,34.3338],[-118.0342,34.3377],[-118.0357,34.3399],[-118.0357,34.3411],[-118.0354,34.3426],[-118.0338,34.344],[-118.0296,34.3462],[-118.0269,34.3469],[-118.026,34.3478],[-118.025,34.3509],[-118.0242,34.3514],[-118.0225,34.3545],[-118.0224,34.3576],[-118.0244,34.3618],[-118.0264,34.3645],[-118.0294,34.3653],[-118.0324,34.3648],[-118.0376,34.3671],[-118.0394,34.3672],[-118.04,34.3663],[-118.0431,34.3658],[-118.0448,34.3661],[-118.0474,34.3653],[-118.0496,34.3667],[-118.0515,34.3673],[-118.052,34.3682],[-118.0536,34.3689],[-118.0543,34.3678],[-118.0532,34.365],[-118.0532,34.3624],[-118.0507,34.3588],[-118.0526,34.3573]]]},"properties":{"name":"Station","year":2009,"acres":160833,"agency":"USFS"}},{"type":"Feature","geometry":{"type":"Polygon","coordinates":[[[-118.3325,34.3059],[-118.3302,34.3039],[-118.3287,34.3039],[-118.3263,34.3024],[-118.3263,34.3009],[-118.3289,34.2987],[-118.3362,34.2992],[-118.341,34.302],[-118.3426,34.3035],[-118.3425,34.3045],[-118.341,34.3054],[-118.3375,34.306],[-118.3325,34.3059]]]},"properties":{"name":"Tujunga","year":2009,"acres":211,"agency":"USFS"}},{"type":"Feature","geometry":{"type":"Polygon","coordinates":[[[-118.364,34.3139],[-118.3647,34.3143],[-118.3643,34.315],[-118.3631,34.3161],[-118.3612,34.3167],[-118.3609,34.3161],[-118.3624,34.3149],[-118.3635,34.3147],[-118.364,34.3139]]]},"properties":{"name":"Range","year":2010,"acres":10,"agency":"USFS"}},{"type":"Feature","geometry":{"type":"Polygon","coordinates":[[[-118.4353,34.3337],[-118.4368,34.332],[-118.4377,34.333],[-118.4372,34.3335],[-118.4353,34.3337]]]},"properties":{"name":"Oliveview","year":2012,"acres":5,"agency":"USFS"}},{"type":"Feature","geometry":{"type":"Polygon","coordinates":[[[-118.2899,34.1394],[-118.2904,34.1395],[-118.2906,34.1405],[-118.2895,34.1404],[-118.2893,34.1399],[-118.2899,34.1394]]]},"properties":{"name":"Griffith Park","year":2015,"acres":3,"agency":"USFS"}},{"type":"Feature","geometry":{"type":"MultiPolygon","coordinates":[[[[-118.3957,34.4199],[-118.3955,34.4194],[-118.3982,34.4197],[-118.3973,34.42],[-118.3969,34.4208],[-118.3957,34.4199]]],[[[-118.2681,34.454],[-118.2663,34.4539],[-118.264,34.453],[-118.2633,34.4511],[-118.2591,34.4503],[-118.2571,34.4507],[-118.2538,34.4503],[-118.2535,34.4498],[-118.2541,34.4494],[-118.2541,34.4481],[-118.2551,34.4458],[-118.252,34.4417],[-118.2525,34.4398],[-118.2504,34.4369],[-118.2498,34.4371],[-118.2493,34.4384],[-118.2478,34.4376],[-118.2473,34.4366],[-118.2475,34.4354],[-118.2451,34.4333],[-118.2453,34.4316],[-118.2509,34.4281],[-118.2544,34.4278],[-118.2566,34.4257],[-118.2592,34.4253],[-118.2646,34.4282],[-118.2683,34.4316],[-118.2766,34.4347],[-118.2793,34.4343],[-118.2799,34.436],[-118.2813,34.4378],[-118.2823,34.4371],[-118.2831,34.4339],[-118.2821,34.4323],[-118.28,34.4315],[-118.2781,34.4301],[-118.2774,34.4276],[-118.2702,34.4214],[-118.2731,34.4203],[-118.2735,34.4197],[-118.2729,34.4173],[-118.2715,34.4146],[-118.2717,34.4124],[-118.2699,34.4104],[-118.2692,34.4105],[-118.2687,34.412],[-118.2677,34.4128],[-118.2669,34.4101],[-118.2636,34.4118],[-118.2607,34.4104],[-118.2592,34.4104],[-118.2586,34.4113],[-118.2585,34.4129],[-118.2559,34.4156],[-118.2551,34.4154],[-118.2548,34.4143],[-118.2555,34.4133],[-118.2539,34.4122],[-118.2528,34.4123],[-118.2515,34.4089],[-118.2485,34.407],[-118.2475,34.4069],[-118.2453,34.4105],[-118.2435,34.4105],[-118.2443,34.4039],[-118.2436,34.4024],[-118.2443,34.4007],[-118.244,34.3994],[-118.2474,34.3997],[-118.2484,34.3988],[-118.2497,34.3994],[-118.2523,34.399],[-118.2547,34.3994],[-118.2572,34.3976],[-118.2566,34.3943],[-118.2523,34.3888],[-118.2515,34.3867],[-118.2472,34.3839],[-118.2423,34.3834],[-118.2433,34.3819],[-118.2425,34.3807],[-118.2415,34.3807],[-118.2411,34.382],[-118.2404,34.3823],[-118.2372,34.3806],[-118.2373,34.3799],[-118.2401,34.3774],[-118.2435,34.377],[-118.2461,34.376],[-118.2452,34.3741],[-118.2457,34.3737],[-118.2462,34.371],[-118.2478,34.3692],[-118.2503,34.3686],[-118.2509,34.3678],[-118.2504,34.3675],[-118.2496,34.3657],[-118.25,34.3654],[-118.2496,34.3642],[-118.248,34.3635],[-118.2472,34.3636],[-118.2464,34.3629],[-118.2466,34.3613],[-118.2453,34.3583],[-118.2458,34.355],[-118.2485,34.3556],[-118.2491,34.3553],[-118.2543,34.3583],[-118.2566,34.3585],[-118.2596,34.3599],[-118.262,34.3563],[-118.2625,34.3544],[-118.2618,34.3531],[-118.2596,34.3518],[-118.259,34.35],[-118.2611,34.3478],[-118.2618,34.3476],[-118.2633,34.348],[-118.2661,34.3474],[-118.2686,34.3481],[-118.2707,34.3479],[-118.2727,34.3489],[-118.2755,34.3486],[-118.2793,34.3498],[-118.282,34.35],[-118.2874,34.3515],[-118.2917,34.3517],[-118.2945,34.3498],[-118.2976,34.3491],[-118.2972,34.3485],[-118.2985,34.3466],[-118.2992,34.3442],[-118.3001,34.3436],[-118.3003,34.3427],[-118.3022,34.342],[-118.3028,34.3408],[-118.3028,34.3392],[-118.3047,34.338],[-118.305,34.3354],[-118.3025,34.3317],[-118.3024,34.3308],[-118.303,34.3299],[-118.3062,34.3305],[-118.3097,34.3276],[-118.3126,34.3269],[-118.316,34.3272],[-118.3179,34.3281],[-118.3185,34.3301],[-118.3203,34.3322],[-118.3243,34.3346],[-118.3316,34.3346],[-118.3324,34.335],[-118.3331,34.3364],[-118.3343,34.3369],[-118.3398,34.3357],[-118.343,34.3378],[-118.3484,34.3396],[-118.3536,34.3385],[-118.3561,34.3385],[-118.3577,34.3375],[-118.3601,34.337],[-118.3611,34.3364],[-118.3615,34.3346],[-118.3635,34.3345],[-118.3645,34.3334],[-118.3663,34.3331],[-118.3676,34.3321],[-118.3709,34.3335],[-118.3746,34.3333],[-118.3792,34.332],[-118.3809,34.3321],[-118.3847,34.3337],[-118.3851,34.3334],[-118.3846,34.3331],[-118.3862,34.3326],[-118.3856,34.3348],[-118.3861,34.3356],[-118.3874,34.3363],[-118.3889,34.3389],[-118.3925,34.3418],[-118.3931,34.3413],[-118.3935,34.3397],[-118.3945,34.34],[-118.3942,34.3432],[-118.3918,34.3442],[-118.391,34.3464],[-118.3921,34.3497],[-118.394,34.3511],[-118.3996,34.352],[-118.4014,34.3525],[-118.4033,34.354],[-118.4053,34.3543],[-118.4083,34.353],[-118.411,34.3527],[-118.4126,34.3536],[-118.416,34.3537],[-118.4168,34.3532],[-118.4187,34.3532],[-118.4193,34.3526],[-118.4211,34.3526],[-118.4252,34.3511],[-118.4264,34.3516],[-118.4274,34.3513],[-118.4288,34.3524],[-118.4297,34.3523],[-118.4337,34.3569],[-118.4423,34.3572],[-118.4441,34.3568],[-118.4449,34.3556],[-118.4463,34.355],[-118.4479,34.3558],[-118.4508,34.356],[-118.4514,34.3569],[-118.4534,34.3582],[-118.4532,34.3589],[-118.4539,34.3601],[-118.4521,34.3622],[-118.4532,34.3633],[-118.4529,34.364],[-118.4535,34.3641],[-118.4538,34.3647],[-118.4527,34.3647],[-118.4524,34.3652],[-118.453,34.3652],[-118.4526,34.3661],[-118.4569,34.3689],[-118.4582,34.3727],[-118.4596,34.3732],[-118.4592,34.3737],[-118.4596,34.3749],[-118.4609,34.3761],[-118.4606,34.3782],[-118.4612,34.3782],[-118.4627,34.3805],[-118.4625,34.3815],[-118.4609,34.3825],[-118.4615,34.3834],[-118.4612,34.3847],[-118.4618,34.3873],[-118.4604,34.389],[-118.4588,34.3894],[-118.4543,34.3889],[-118.4498,34.3897],[-118.4478,34.391],[-118.4472,34.394],[-118.4446,34.3953],[-118.4421,34.3977],[-118.437,34.3969],[-118.4364,34.3965],[-118.4341,34.3896],[-118.4318,34.3887],[-118.4305,34.3894],[-118.4295,34.389],[-118.4258,34.3892],[-118.4243,34.3872],[-118.4248,34.3862],[-118.4234,34.3838],[-118.4253,34.382],[-118.4252,34.3781],[-118.4213,34.3787],[-118.4182,34.3803],[-118.416,34.379],[-118.415,34.3772],[-118.4137,34.3766],[-118.4117,34.3773],[-118.4093,34.3791],[-118.4078,34.3793],[-118.4064,34.3805],[-118.4067,34.381],[-118.4095,34.3809],[-118.41,34.3814],[-118.409,34.3827],[-118.4091,34.3837],[-118.4099,34.3838],[-118.4106,34.3845],[-118.4112,34.3843],[-118.4106,34.3852],[-118.409,34.3852],[-118.4078,34.3868],[-118.4055,34.3876],[-118.4033,34.3856],[-118.4015,34.3849],[-118.4011,34.3859],[-118.4,34.3865],[-118.3996,34.3897],[-118.4006,34.3902],[-118.4005,34.3927],[-118.4019,34.3934],[-118.4043,34.3936],[-118.4067,34.3951],[-118.4079,34.3972],[-118.4066,34.3987],[-118.4033,34.3993],[-118.4022,34.3988],[-118.402,34.3967],[-118.3986,34.3968],[-118.3986,34.3981],[-118.3998,34.3985],[-118.4014,34.4003],[-118.4011,34.4034],[-118.4002,34.4041],[-118.4002,34.4077],[-118.4025,34.4112],[-118.4012,34.4111],[-118.4007,34.4104],[-118.399,34.4114],[-118.3986,34.4142],[-118.3971,34.4153],[-118.3941,34.4149],[-118.3935,34.4153],[-118.3894,34.4147],[-118.3889,34.415],[-118.3892,34.4158],[-118.3909,34.4161],[-118.3899,34.4171],[-118.3902,34.4177],[-118.3926,34.4166],[-118.3936,34.4167],[-118.3934,34.4188],[-118.391,34.4207],[-118.3899,34.4208],[-118.3896,34.4204],[-118.3899,34.4196],[-118.3896,34.4188],[-118.3875,34.4191],[-118.3865,34.4199],[-118.3884,34.4217],[-118.3931,34.4232],[-118.3942,34.4256],[-118.3963,34.4265],[-118.4008,34.4269],[-118.4063,34.4263],[-118.4073,34.4267],[-118.4073,34.4275],[-118.4026,34.4286],[-118.3938,34.4326],[-118.3915,34.4317],[-118.383,34.4305],[-118.3748,34.4312],[-118.3715,34.4292],[-118.3706,34.4298],[-118.3704,34.4316],[-118.3697,34.4332],[-118.368,34.4339],[-118.3653,34.4332],[-118.3634,34.4338],[-118.3576,34.4319],[-118.354,34.4294],[-118.3501,34.4273],[-118.3488,34.4272],[-118.346,34.4289],[-118.3457,34.4298],[-118.3463,34.432],[-118.3447,34.4319],[-118.3429,34.4337],[-118.3389,34.4361],[-118.3342,34.437],[-118.3316,34.4381],[-118.3298,34.438],[-118.3245,34.4393],[-118.3234,34.4389],[-118.3225,34.4375],[-118.3207,34.4372],[-118.3174,34.4386],[-118.3119,34.4394],[-118.3103,34.4402],[-118.3052,34.4414],[-118.3036,34.4431],[-118.3031,34.448],[-118.3022,34.4488],[-118.2959,34.4503],[-118.2943,34.4513],[-118.2932,34.4512],[-118.2925,34.4501],[-118.2928,34.4486],[-118.2943,34.4486],[-118.2947,34.4481],[-118.2939,34.4468],[-118.2922,34.4464],[-118.2909,34.4472],[-118.2884,34.4474],[-118.2877,34.4483],[-118.2878,34.4495],[-118.2861,34.4499],[-118.287,34.4506],[-118.2867,34.4515],[-118.2855,34.4518],[-118.2852,34.4509],[-118.2834,34.452],[-118.2823,34.4521],[-118.2825,34.4536],[-118.2819,34.4535],[-118.2814,34.4519],[-118.2788,34.4531],[-118.2766,34.4531],[-118.2725,34.4559],[-118.2711,34.4556],[-118.2681,34.454]]]]},"properties":{"name":"Sand","year":2016,"acres":41383,"agency":"USFS"}},{"type":"Feature","geometry":{"type":"Polygon","coordinates":[[[-118.3518,34.2758],[-118.3521,34.2775],[-118.3529,34.2781],[-118.3528,34.2794],[-118.3534,34.2795],[-118.3535,34.2802],[-118.3544,34.2808],[-118.3544,34.2814],[-118.3535,34.2819],[-118.3545,34.2821],[-118.3561,34.2838],[-118.3556,34.2838],[-118.3557,34.2844],[-118.3543,34.2845],[-118.3554,34.2848],[-118.3552,34.2851],[-118.3528,34.285],[-118.3522,34.2855],[-118.3525,34.286],[-118.3518,34.2857],[-118.3511,34.2863],[-118.3509,34.2874],[-118.3514,34.2874],[-118.3514,34.2881],[-118.3528,34.2891],[-118.3505,34.2897],[-118.351,34.2891],[-118.3503,34.2887],[-118.3503,34.2878],[-118.3481,34.2885],[-118.3475,34.2883],[-118.3473,34.2876],[-118.3462,34.2879],[-118.3463,34.2873],[-118.3454,34.2864],[-118.3462,34.2861],[-118.3462,34.2847],[-118.3455,34.284],[-118.346,34.284],[-118.3457,34.2835],[-118.3464,34.2835],[-118.3464,34.283],[-118.3473,34.2829],[-118.3473,34.2819],[-118.348,34.2819],[-118.3485,34.2812],[-118.3491,34.281],[-118.3493,34.2815],[-118.3501,34.2812],[-118.35,34.2808],[-118.3493,34.2808],[-118.3501,34.2801],[-118.3505,34.2785],[-118.3509,34.2787],[-118.3505,34.2781],[-118.3501,34.2782],[-118.3517,34.2772],[-118.3518,34.2758]]]},"properties":{"name":"Wheatland","year":2016,"acres":156,"agency":"USFS"}},{"type":"Feature","geometry":{"type":"Polygon","coordinates":[[[-118.3908,34.2881],[-118.3889,34.2897],[-118.388,34.2918],[-118.3864,34.2907],[-118.3849,34.2884],[-118.3838,34.288],[-118.3836,34.2872],[-118.3843,34.2863],[-118.385,34.2865],[-118.3859,34.2858],[-118.3877,34.2863],[-118.39,34.2862],[-118.3914,34.2866],[-118.3908,34.2881]]]},"properties":{"name":"Kagel","year":2016,"acres":62,"agency":"USFS"}},{"type":"Feature","geometry":{"type":"Polygon","coordinates":[[[-118.3378,34.3194],[-118.3365,34.3185],[-118.3376,34.3181],[-118.3376,34.3184],[-118.3387,34.3183],[-118.3382,34.3168],[-118.339,34.3154],[-118.3401,34.3142],[-118.3411,34.3122],[-118.3425,34.3117],[-118.342,34.3127],[-118.343,34.3134],[-118.3425,34.3137],[-118.3428,34.3144],[-118.3422,34.3157],[-118.3387,34.3191],[-118.3378,34.3194]]]},"properties":{"name":"Marek","year":2016,"acres":42,"agency":"USFS"}},{"type":"Feature","geometry":{"type":"MultiPolygon","coordinates":[[[[-118.3536,34.2589],[-118.3503,34.2583],[-118.3479,34.2564],[-118.3476,34.2559],[-118.3481,34.2538],[-118.3496,34.253],[-118.3538,34.2532],[-118.354,34.2541],[-118.3552,34.2553],[-118.3556,34.257],[-118.3548,34.2585],[-118.3536,34.2589]]],[[[-118.4019,34.338],[-118.4001,34.337],[-118.4,34.3353],[-118.3994,34.3344],[-118.3963,34.3319],[-118.3911,34.3301],[-118.3896,34.33],[-118.3857,34.3307],[-118.3838,34.3316],[-118.3807,34.3309],[-118.3725,34.333],[-118.3681,34.3332],[-118.3641,34.3357],[-118.3615,34.3347],[-118.3586,34.3347],[-118.3572,34.3351],[-118.3544,34.3366],[-118.3539,34.3375],[-118.3524,34.3379],[-118.3438,34.3373],[-118.3416,34.3362],[-118.3426,34.335],[-118.3424,34.3343],[-118.34,34.3335],[-118.3383,34.3336],[-118.3364,34.3348],[-118.3354,34.3372],[-118.3334,34.3376],[-118.3313,34.337],[-118.3296,34.3354],[-118.3284,34.3337],[-118.328,34.3323],[-118.327,34.3316],[-118.3199,34.33],[-118.3171,34.3272],[-118.3119,34.3273],[-118.3105,34.3284],[-118.3088,34.3277],[-118.3076,34.3288],[-118.3053,34.3297],[-118.3023,34.3287],[-118.3006,34.3261],[-118.2984,34.3252],[-118.2979,34.3241],[-118.2945,34.3237],[-118.2906,34.324],[-118.2899,34.3233],[-118.2914,34.3227],[-118.2903,34.3206],[-118.2934,34.3212],[-118.2938,34.3208],[-118.2935,34.3201],[-118.2949,34.3197],[-118.2939,34.3188],[-118.2945,34.3175],[-118.294,34.3171],[-118.2942,34.3167],[-118.2949,34.3155],[-118.2943,34.3141],[-118.2945,34.3124],[-118.2952,34.3109],[-118.2944,34.3098],[-118.2974,34.3088],[-118.3011,34.3085],[-118.3026,34.3076],[-118.3031,34.3066],[-118.304,34.3065],[-118.3047,34.3049],[-118.3049,34.3038],[-118.3042,34.3011],[-118.3079,34.3],[-118.3128,34.2961],[-118.313,34.2927],[-118.3118,34.2902],[-118.31,34.2887],[-118.3103,34.2851],[-118.3092,34.2834],[-118.3088,34.2808],[-118.3091,34.2802],[-118.3122,34.2788],[-118.3143,34.2785],[-118.3173,34.2789],[-118.319,34.2726],[-118.3198,34.2713],[-118.3245,34.2692],[-118.3307,34.2652],[-118.3321,34.265],[-118.3346,34.2664],[-118.3364,34.2658],[-118.338,34.2659],[-118.3386,34.2638],[-118.3376,34.2631],[-118.3413,34.2621],[-118.3445,34.2619],[-118.3519,34.2633],[-118.3537,34.2642],[-118.3583,34.2618],[-118.3607,34.2616],[-118.3617,34.26],[-118.3633,34.2592],[-118.3658,34.2608],[-118.3662,34.2619],[-118.3662,34.2624],[-118.3655,34.2626],[-118.3642,34.2626],[-118.3639,34.2637],[-118.3661,34.2639],[-118.3671,34.2653],[-118.3681,34.2648],[-118.3727,34.2591],[-118.3784,34.2556],[-118.3787,34.2526],[-118.3805,34.2491],[-118.3833,34.2475],[-118.384,34.2481],[-118.3816,34.2502],[-118.3809,34.2517],[-118.3814,34.2541],[-118.3826,34.2558],[-118.3842,34.2567],[-118.3861,34.2569],[-118.3859,34.2582],[-118.3852,34.2589],[-118.399,34.2638],[-118.3985,34.2649],[-118.3923,34.2624],[-118.3872,34.2611],[-118.3868,34.2634],[-118.3823,34.2654],[-118.3826,34.2658],[-118.3821,34.2661],[-118.381,34.2658],[-118.3735,34.2681],[-118.3703,34.2685],[-118.3672,34.268],[-118.3655,34.269],[-118.3638,34.2686],[-118.3626,34.2692],[-118.3604,34.2689],[-118.3588,34.2695],[-118.358,34.2684],[-118.3573,34.2691],[-118.3576,34.2699],[-118.357,34.2706],[-118.356,34.2702],[-118.3568,34.2699],[-118.3567,34.2687],[-118.3593,34.2677],[-118.3551,34.2673],[-118.3535,34.268],[-118.3524,34.2707],[-118.3493,34.2726],[-118.3387,34.2733],[-118.338,34.274],[-118.3428,34.2752],[-118.3426,34.2764],[-118.3441,34.2752],[-118.3464,34.2753],[-118.3473,34.2757],[-118.3482,34.2769],[-118.3508,34.2771],[-118.3513,34.276],[-118.3517,34.2763],[-118.3531,34.276],[-118.3536,34.2763],[-118.3533,34.2783],[-118.3539,34.2786],[-118.3573,34.2795],[-118.3599,34.2792],[-118.3633,34.2807],[-118.3666,34.2808],[-118.3685,34.2814],[-118.3687,34.2827],[-118.3677,34.2852],[-118.3663,34.2865],[-118.3663,34.2877],[-118.3676,34.2869],[-118.3671,34.2864],[-118.3681,34.2863],[-118.3695,34.285],[-118.3703,34.283],[-118.3775,34.2845],[-118.3882,34.2856],[-118.3937,34.2873],[-118.4004,34.2872],[-118.4004,34.2882],[-118.4014,34.2887],[-118.4067,34.2884],[-118.4097,34.2911],[-118.4095,34.2927],[-118.4078,34.295],[-118.4076,34.297],[-118.4085,34.2989],[-118.411,34.3012],[-118.412,34.3046],[-118.4136,34.305],[-118.4136,34.3077],[-118.4145,34.3078],[-118.4111,34.313],[-118.4113,34.3141],[-118.4087,34.3168],[-118.4071,34.3178],[-118.4055,34.3202],[-118.4048,34.3219],[-118.4048,34.3234],[-118.4062,34.3274],[-118.4069,34.3278],[-118.407,34.3284],[-118.4092,34.3285],[-118.4106,34.3291],[-118.4119,34.3311],[-118.4119,34.3328],[-118.4116,34.3335],[-118.4095,34.3348],[-118.4094,34.3358],[-118.4077,34.3375],[-118.4019,34.338]]]]},"properties":{"name":"Creek","year":2017,"acres":15619,"agency":"CCO"}},{"type":"Feature","geometry":{"type":"Polygon","coordinates":[[[-118.3155,34.2512],[-118.3136,34.251],[-118.3115,34.2516],[-118.31,34.251],[-118.3095,34.2517],[-118.3084,34.252],[-118.3065,34.2503],[-118.3056,34.2506],[-118.3047,34.2501],[-118.3046,34.2512],[-118.3027,34.2512],[-118.3014,34.2504],[-118.3003,34.251],[-118.2966,34.2479],[-118.296,34.246],[-118.2961,34.2437],[-118.298,34.2401],[-118.2975,34.239],[-118.2939,34.2398],[-118.2854,34.2398],[-118.2836,34.2371],[-118.2828,34.2369],[-118.2817,34.2357],[-118.2811,34.2343],[-118.2855,34.2341],[-118.2878,34.2333],[-118.2817,34.2279],[-118.2788,34.2269],[-118.2782,34.2255],[-118.2794,34.2251],[-118.2804,34.2241],[-118.28,34.2234],[-118.278,34.2238],[-118.2763,34.2223],[-118.2775,34.221],[-118.2781,34.2197],[-118.2783,34.2163],[-118.276,34.212],[-118.2745,34.2119],[-118.2737,34.2108],[-118.2723,34.2106],[-118.2735,34.208],[-118.2747,34.208],[-118.2788,34.2049],[-118.2824,34.204],[-118.2872,34.2038],[-118.288,34.2042],[-118.2888,34.2064],[-118.2873,34.2087],[-118.2904,34.2077],[-118.2919,34.209],[-118.2927,34.2081],[-118.2949,34.2072],[-118.295,34.206],[-118.2966,34.2061],[-118.2973,34.2067],[-118.3004,34.205],[-118.301,34.2063],[-118.2986,34.2084],[-118.2988,34.2087],[-118.3017,34.2078],[-118.3028,34.2079],[-118.3032,34.2084],[-118.3019,34.2116],[-118.3028,34.2118],[-118.3034,34.2126],[-118.3023,34.2139],[-118.3023,34.2144],[-118.3028,34.2144],[-118.304,34.2142],[-118.3053,34.2122],[-118.3044,34.209],[-118.3049,34.2068],[-118.306,34.2068],[-118.3068,34.2088],[-118.3077,34.2069],[-118.3098,34.2074],[-118.3138,34.2062],[-118.3151,34.2047],[-118.3165,34.2044],[-118.3167,34.2066],[-118.3188,34.2082],[-118.3193,34.2093],[-118.319,34.21],[-118.3196,34.2104],[-118.3177,34.211],[-118.3172,34.2118],[-118.3187,34.2126],[-118.3205,34.2128],[-118.3205,34.2138],[-118.3222,34.2142],[-118.3238,34.213],[-118.3298,34.2148],[-118.3302,34.2155],[-118.3311,34.2155],[-118.3324,34.2166],[-118.3342,34.2188],[-118.3366,34.216],[-118.3403,34.2149],[-118.3415,34.2155],[-118.3443,34.2192],[-118.3468,34.2201],[-118.3472,34.2209],[-118.3463,34.2228],[-118.3469,34.2234],[-118.3514,34.2248],[-118.3546,34.2265],[-118.3561,34.2279],[-118.3588,34.2286],[-118.3589,34.2301],[-118.3575,34.2304],[-118.3558,34.2287],[-118.3543,34.2293],[-118.3544,34.231],[-118.3556,34.2313],[-118.3511,34.2331],[-118.3511,34.2342],[-118.3528,34.2351],[-118.3528,34.2365],[-118.3551,34.2367],[-118.3574,34.236],[-118.3564,34.2392],[-118.3564,34.2417],[-118.3539,34.2432],[-118.3508,34.2438],[-118.349,34.2461],[-118.3413,34.249],[-118.3399,34.2512],[-118.3398,34.2535],[-118.3388,34.2547],[-118.3358,34.2561],[-118.3337,34.2581],[-118.33,34.2588],[-118.3257,34.255],[-118.3226,34.2552],[-118.3207,34.2545],[-118.3202,34.2538],[-118.3162,34.2523],[-118.3155,34.2512]]]},"properties":{"name":"La Tuna","year":2017,"acres":7051,"agency":"USFS"}},{"type":"Feature","geometry":{"type":"Polygon","coordinates":[[[-118.0632,34.2227],[-118.0626,34.2224],[-118.0622,34.2232],[-118.0603,34.2208],[-118.0597,34.2184],[-118.0601,34.2175],[-118.0634,34.2178],[-118.0625,34.219],[-118.0627,34.2201],[-118.0639,34.2202],[-118.0649,34.2214],[-118.064,34.2232],[-118.0633,34.2234],[-118.0632,34.2227]],[[-118.0644,34.2227],[-118.0644,34.2227],[-118.0644,34.2227],[-118.0644,34.2227]]]},"properties":{"name":"Wilson","year":2017,"acres":45,"agency":"USFS"}},{"type":"Feature","geometry":{"type":"Polygon","coordinates":[[[-118.3442,34.2794],[-118.3429,34.2822],[-118.3421,34.282],[-118.3419,34.2813],[-118.3423,34.2798],[-118.3435,34.2788],[-118.3442,34.2794]]]},"properties":{"name":"Dominica","year":2017,"acres":11,"agency":"LRA"}},{"type":"Feature","geometry":{"type":"Polygon","coordinates":[[[-118.4004,34.3256],[-118.3989,34.325],[-118.4011,34.3248],[-118.4004,34.3256]]]},"properties":{"name":"Gavina","year":2017,"acres":3,"agency":"C&L"}},{"type":"Feature","geometry":{"type":"Polygon","coordinates":[[[-118.0957,34.1889],[-118.0959,34.1883],[-118.096,34.1887],[-118.0957,34.1889]]]},"properties":{"name":"Coyote","year":2017,"acres":0,"agency":"USFS"}},{"type":"Feature","geometry":{"type":"Polygon","coordinates":[[[-118.3388,34.1436],[-118.3383,34.1447],[-118.3375,34.1451],[-118.336,34.1455],[-118.3342,34.1452],[-118.3328,34.1459],[-118.3335,34.1451],[-118.3327,34.1448],[-118.3329,34.1439],[-118.3299,34.1429],[-118.3306,34.1408],[-118.3305,34.1413],[-118.3318,34.142],[-118.3326,34.1415],[-118.332,34.1413],[-118.3327,34.1409],[-118.3324,34.1406],[-118.333,34.1405],[-118.3344,34.142],[-118.3341,34.1407],[-118.335,34.1413],[-118.335,34.142],[-118.3359,34.1424],[-118.3365,34.1423],[-118.336,34.142],[-118.3363,34.1417],[-118.3354,34.1417],[-118.3353,34.1411],[-118.3368,34.1407],[-118.3383,34.1417],[-118.339,34.1428],[-118.3388,34.1436]]]},"properties":{"name":"Barham","year":2019,"acres":73,"agency":"LRA"}},{"type":"Feature","geometry":{"type":"Polygon","coordinates":[[[-118.1431,34.2157],[-118.1434,34.2163],[-118.1424,34.2171],[-118.1417,34.2174],[-118.1407,34.2169],[-118.1416,34.2151],[-118.1433,34.2151],[-118.1431,34.2157]]]},"properties":{"name":"Lowe","year":2019,"acres":11,"agency":"USFS"}},{"type":"Feature","geometry":{"type":"Polygon","coordinates":[[[-118.3777,34.1229],[-118.3773,34.1226],[-118.3777,34.1222],[-118.3781,34.1226],[-118.3777,34.1229]]]},"properties":{"name":"Hollywood Hills","year":2019,"acres":1,"agency":"LRA"}},{"type":"Feature","geometry":{"type":"MultiPolygon","coordinates":[[[[-117.9289,34.4702],[-117.9294,34.4705],[-117.9289,34.4705],[-117.9289,34.4702]]],[[[-117.7764,34.4147],[-117.7756,34.4145],[-117.7759,34.4143],[-117.7764,34.4147]]],[[[-118.104,34.2579],[-118.1045,34.258],[-118.1038,34.2586],[-118.104,34.2579]]],[[[-117.7712,34.4122],[-117.772,34.4127],[-117.7711,34.4128],[-117.7712,34.4122]]],[[[-117.8559,34.3238],[-117.8569,34.3245],[-117.856,34.3245],[-117.8559,34.3238]]],[[[-118.0773,34.2361],[-118.0763,34.2368],[-118.0749,34.2366],[-118.0759,34.236],[-118.0773,34.2361]]],[[[-117.93,34.4611],[-117.9306,34.461],[-117.9295,34.4627],[-117.9293,34.4618],[-117.93,34.4611]]],[[[-118.0254,34.4685],[-118.0247,34.4696],[-118.0245,34.4688],[-118.0238,34.4689],[-118.0236,34.4684],[-118.025,34.4681],[-118.0254,34.4685]]],[[[-118.0637,34.2363],[-118.0621,34.2369],[-118.0615,34.2365],[-118.0628,34.2357],[-118.0639,34.2358],[-118.0639,34.2371],[-118.0637,34.2363]]],[[[-117.9599,34.3427],[-117.959,34.343],[-117.9559,34.3417],[-117.9545,34.3429],[-117.9528,34.3433],[-117.9525,34.3427],[-117.9515,34.3427],[-117.9497,34.3439],[-117.9483,34.3431],[-117.9462,34.3428],[-117.9457,34.3423],[-117.9441,34.3433],[-117.9413,34.343],[-117.9411,34.3444],[-117.9398,34.345],[-117.9401,34.3456],[-117.9368,34.3451],[-117.9381,34.3476],[-117.9411,34.3485],[-117.9436,34.3473],[-117.946,34.3477],[-117.9489,34.3468],[-117.9507,34.3454],[-117.9547,34.3452],[-117.9582,34.3493],[-117.957,34.3509],[-117.9592,34.3538],[-117.96,34.3558],[-117.9591,34.3561],[-117.9599,34.3569],[-117.9585,34.3582],[-117.9577,34.3583],[-117.9585,34.3591],[-117.9581,34.36],[-117.9568,34.3609],[-117.9557,34.3609],[-117.9571,34.3616],[-117.9565,34.3628],[-117.9553,34.3627],[-117.9545,34.362],[-117.9538,34.3622],[-117.9538,34.363],[-117.9545,34.3636],[-117.9544,34.3643],[-117.9513,34.3658],[-117.9505,34.3682],[-117.9463,34.3708],[-117.9453,34.372],[-117.9453,34.3729],[-117.9483,34.3749],[-117.95,34.3754],[-117.9494,34.3774],[-117.9489,34.3776],[-117.9494,34.3779],[-117.95,34.3775],[-117.9514,34.3776],[-117.9548,34.3784],[-117.9553,34.3794],[-117.9598,34.3818],[-117.9603,34.3829],[-117.9621,34.3839],[-117.9634,34.3874],[-117.9656,34.3883],[-117.9653,34.3888],[-117.9663,34.3895],[-117.9712,34.3887],[-117.9734,34.3909],[-117.9744,34.391],[-117.976,34.3885],[-117.976,34.3893],[-117.9776,34.3878],[-117.9782,34.3846],[-117.9763,34.3844],[-117.9762,34.3839],[-117.9781,34.3829],[-117.9777,34.3826],[-117.9782,34.3822],[-117.981,34.3825],[-117.981,34.3815],[-117.984,34.38],[-117.9853,34.3802],[-117.9857,34.3809],[-117.9865,34.3807],[-117.9868,34.3818],[-117.9892,34.3811],[-117.99,34.382],[-117.9916,34.382],[-117.9916,34.3828],[-117.9909,34.3832],[-117.9933,34.3852],[-117.9968,34.3871],[-117.9977,34.389],[-117.9982,34.3913],[-117.9981,34.3933],[-117.9964,34.3934],[-117.997,34.3944],[-117.9966,34.3965],[-117.9985,34.4002],[-117.9983,34.4026],[-117.9993,34.4032],[-118.0005,34.4056],[-118.0024,34.407],[-118.0026,34.4065],[-118.0037,34.4062],[-118.004,34.4071],[-118.0057,34.4073],[-118.0072,34.4098],[-118.0088,34.411],[-118.009,34.4119],[-118.0105,34.4125],[-118.0115,34.4116],[-118.0131,34.4118],[-118.0134,34.4124],[-118.0131,34.4136],[-118.0135,34.4143],[-118.0129,34.4171],[-118.0137,34.4171],[-118.0143,34.4177],[-118.0149,34.4193],[-118.0176,34.4187],[-118.0196,34.4169],[-118.0205,34.4167],[-118.0218,34.4147],[-118.0272,34.4122],[-118.0284,34.4129],[-118.0301,34.4161],[-118.0299,34.417],[-118.0306,34.4172],[-118.0277,34.4188],[-118.0276,34.4198],[-118.0268,34.4202],[-118.0268,34.4207],[-118.0273,34.4206],[-118.0279,34.4214],[-118.0294,34.4216],[-118.0297,34.4225],[-118.031,34.4236],[-118.0364,34.4229],[-118.0377,34.4245],[-118.039,34.4233],[-118.0409,34.4231],[-118.0427,34.4242],[-118.0428,34.4271],[-118.0442,34.4298],[-118.0439,34.4316],[-118.0453,34.4342],[-118.0438,34.4348],[-118.0401,34.4351],[-118.0396,34.4357],[-118.04,34.4369],[-118.0413,34.4375],[-118.0403,34.4387],[-118.0406,34.4395],[-118.0353,34.4405],[-118.0343,34.4411],[-118.0342,34.4421],[-118.0347,34.4427],[-118.0364,34.4426],[-118.0369,34.442],[-118.0375,34.4423],[-118.0377,34.4433],[-118.0374,34.4447],[-118.0361,34.444],[-118.0349,34.445],[-118.0357,34.446],[-118.0351,34.4472],[-118.0353,34.4483],[-118.0361,34.449],[-118.0359,34.4499],[-118.0353,34.4501],[-118.0357,34.451],[-118.0354,34.4519],[-118.0358,34.4525],[-118.0371,34.453],[-118.0357,34.4554],[-118.0343,34.4568],[-118.0349,34.458],[-118.0347,34.4591],[-118.0354,34.4599],[-118.0373,34.4604],[-118.0378,34.4614],[-118.0394,34.4616],[-118.0414,34.4635],[-118.0422,34.4653],[-118.0439,34.4659],[-118.0447,34.4667],[-118.0444,34.4678],[-118.0436,34.4683],[-118.0437,34.4693],[-118.0399,34.4703],[-118.0416,34.4711],[-118.0414,34.472],[-118.0406,34.4722],[-118.0409,34.4734],[-118.0404,34.4743],[-118.0342,34.4748],[-118.0338,34.4736],[-118.0354,34.4724],[-118.0348,34.4716],[-118.0351,34.4713],[-118.0345,34.4709],[-118.0359,34.4703],[-118.0327,34.4696],[-118.0292,34.4707],[-118.0285,34.4698],[-118.0285,34.4688],[-118.029,34.4687],[-118.0284,34.4678],[-118.0284,34.4659],[-118.027,34.4651],[-118.0255,34.4653],[-118.0252,34.4667],[-118.0264,34.4673],[-118.0241,34.4676],[-118.0236,34.4669],[-118.0215,34.4682],[-118.021,34.4681],[-118.0208,34.466],[-118.0211,34.4655],[-118.0204,34.4649],[-118.019,34.4612],[-118.0202,34.4598],[-118.0207,34.4573],[-118.0195,34.4559],[-118.0181,34.4556],[-118.0162,34.4555],[-118.0174,34.4584],[-118.0186,34.4595],[-118.0054,34.4584],[-118.0047,34.4587],[-118.0052,34.4596],[-118.0036,34.4599],[-118.0026,34.461],[-118.0009,34.4601],[-117.9998,34.4606],[-118,34.4594],[-118.0018,34.4586],[-117.9991,34.4573],[-117.9991,34.4583],[-117.9983,34.4584],[-117.9982,34.4606],[-117.9965,34.461],[-117.996,34.4615],[-117.9973,34.4622],[-117.999,34.462],[-117.999,34.4637],[-117.998,34.4642],[-117.9983,34.4652],[-117.9972,34.4665],[-117.9955,34.4674],[-117.9957,34.4683],[-117.9984,34.4682],[-117.999,34.4686],[-117.9991,34.4694],[-117.9974,34.4701],[-117.9968,34.4708],[-117.9958,34.4704],[-117.996,34.4714],[-117.995,34.4719],[-117.9949,34.4729],[-117.9929,34.4744],[-117.9916,34.4778],[-117.9927,34.4781],[-117.9928,34.4791],[-117.9916,34.4794],[-117.9916,34.4801],[-117.9907,34.4802],[-117.9894,34.4789],[-117.9886,34.479],[-117.9854,34.4772],[-117.9851,34.4783],[-117.9841,34.4783],[-117.9839,34.48],[-117.9827,34.4801],[-117.9822,34.4819],[-117.981,34.4828],[-117.9804,34.4839],[-117.98,34.4833],[-117.9805,34.4829],[-117.9791,34.4828],[-117.9802,34.4821],[-117.9796,34.4817],[-117.9805,34.4814],[-117.98,34.4804],[-117.979,34.4806],[-117.9791,34.481],[-117.9777,34.481],[-117.9767,34.4818],[-117.9769,34.4787],[-117.9759,34.4784],[-117.9759,34.4787],[-117.975,34.4786],[-117.9742,34.4792],[-117.9739,34.4807],[-117.9728,34.4811],[-117.9707,34.4793],[-117.9716,34.4774],[-117.9713,34.4761],[-117.9698,34.4755],[-117.9698,34.4744],[-117.968,34.4755],[-117.9665,34.4756],[-117.9665,34.4748],[-117.9675,34.4741],[-117.9669,34.4733],[-117.9676,34.4709],[-117.9672,34.4707],[-117.9668,34.4712],[-117.9659,34.4711],[-117.9655,34.4703],[-117.9641,34.4705],[-117.9636,34.4722],[-117.9629,34.4726],[-117.9632,34.4731],[-117.9627,34.4731],[-117.9626,34.4744],[-117.9611,34.4755],[-117.9613,34.4759],[-117.959,34.4776],[-117.958,34.4774],[-117.9594,34.4756],[-117.9587,34.475],[-117.9599,34.4742],[-117.9594,34.4734],[-117.9601,34.4736],[-117.9616,34.4726],[-117.9618,34.4711],[-117.9635,34.4702],[-117.9643,34.4666],[-117.9637,34.4655],[-117.9647,34.4641],[-117.9647,34.4621],[-117.9642,34.4611],[-117.9623,34.4616],[-117.9618,34.4641],[-117.9629,34.4657],[-117.9619,34.4662],[-117.9611,34.4679],[-117.9601,34.4674],[-117.9599,34.4649],[-117.9604,34.4646],[-117.96,34.464],[-117.9603,34.4621],[-117.9607,34.4619],[-117.9605,34.4609],[-117.96,34.4608],[-117.96,34.4595],[-117.9605,34.4592],[-117.9594,34.4589],[-117.9606,34.4571],[-117.9603,34.4566],[-117.9608,34.4556],[-117.9617,34.4554],[-117.9613,34.4543],[-117.9601,34.4552],[-117.959,34.4554],[-117.9578,34.457],[-117.9565,34.4576],[-117.9549,34.4597],[-117.9523,34.4617],[-117.9514,34.4639],[-117.9517,34.4644],[-117.951,34.4645],[-117.9506,34.466],[-117.9491,34.4671],[-117.9478,34.4691],[-117.9438,34.4712],[-117.9429,34.4722],[-117.9422,34.4724],[-117.9419,34.471],[-117.941,34.4711],[-117.941,34.4702],[-117.94,34.47],[-117.9392,34.47],[-117.9386,34.4717],[-117.9377,34.4722],[-117.9361,34.4721],[-117.9355,34.4705],[-117.9359,34.4695],[-117.9355,34.4686],[-117.9367,34.4684],[-117.9372,34.4671],[-117.9359,34.4674],[-117.9355,34.4681],[-117.9329,34.4678],[-117.9321,34.4685],[-117.9325,34.4687],[-117.9314,34.4694],[-117.93,34.47],[-117.9293,34.4699],[-117.9289,34.4676],[-117.9296,34.4677],[-117.9302,34.4663],[-117.9316,34.4648],[-117.9318,34.4637],[-117.9332,34.4625],[-117.9334,34.4638],[-117.9342,34.4637],[-117.9346,34.463],[-117.934,34.46],[-117.9336,34.4598],[-117.9338,34.459],[-117.9318,34.4592],[-117.932,34.4586],[-117.9315,34.4586],[-117.9324,34.4575],[-117.9347,34.4571],[-117.9337,34.4569],[-117.9337,34.4563],[-117.933,34.4561],[-117.933,34.4554],[-117.9337,34.4544],[-117.9353,34.4542],[-117.9352,34.4534],[-117.9361,34.4521],[-117.9371,34.4518],[-117.9368,34.4511],[-117.9358,34.4506],[-117.9371,34.4493],[-117.9381,34.449],[-117.938,34.4481],[-117.9371,34.4481],[-117.9369,34.4464],[-117.939,34.446],[-117.9404,34.4448],[-117.9392,34.4436],[-117.9381,34.4434],[-117.9378,34.4425],[-117.9358,34.4427],[-117.9359,34.4401],[-117.9352,34.4398],[-117.9356,34.4392],[-117.9348,34.4393],[-117.9347,34.4399],[-117.934,34.4396],[-117.9366,34.4385],[-117.9371,34.4377],[-117.937,34.4369],[-117.936,34.4364],[-117.9372,34.4358],[-117.9373,34.4346],[-117.9377,34.4344],[-117.9375,34.4337],[-117.937,34.4335],[-117.9359,34.434],[-117.9351,34.4338],[-117.9348,34.4343],[-117.9335,34.4346],[-117.9328,34.4344],[-117.9315,34.4355],[-117.9317,34.4364],[-117.931,34.4371],[-117.9304,34.4372],[-117.9299,34.4364],[-117.9288,34.4375],[-117.9283,34.4376],[-117.9279,34.4366],[-117.9271,34.4365],[-117.9268,34.4356],[-117.9249,34.4354],[-117.9243,34.4358],[-117.9234,34.4346],[-117.9227,34.435],[-117.9226,34.4356],[-117.9209,34.4356],[-117.9203,34.4351],[-117.9192,34.4358],[-117.9203,34.4379],[-117.9196,34.4386],[-117.9206,34.4392],[-117.9207,34.4401],[-117.9203,34.4404],[-117.9199,34.4393],[-117.9186,34.4395],[-117.9185,34.4401],[-117.9178,34.4404],[-117.9178,34.4411],[-117.9164,34.4423],[-117.9168,34.4426],[-117.9183,34.4424],[-117.9183,34.4417],[-117.9191,34.441],[-117.9241,34.4403],[-117.9234,34.4391],[-117.9251,34.4385],[-117.9252,34.4388],[-117.926,34.4389],[-117.9258,34.4403],[-117.9261,34.4417],[-117.9256,34.4422],[-117.926,34.4444],[-117.9269,34.4444],[-117.9281,34.4434],[-117.9287,34.4435],[-117.9288,34.4427],[-117.9309,34.4424],[-117.9315,34.4428],[-117.931,34.4442],[-117.9303,34.444],[-117.9307,34.4453],[-117.9305,34.4459],[-117.9296,34.4463],[-117.9292,34.4487],[-117.9276,34.4496],[-117.9278,34.4506],[-117.927,34.4518],[-117.9267,34.4551],[-117.9251,34.4559],[-117.9248,34.4569],[-117.9239,34.4567],[-117.9229,34.4577],[-117.9235,34.4587],[-117.9227,34.4611],[-117.9229,34.4623],[-117.9219,34.4629],[-117.9201,34.4662],[-117.9182,34.4678],[-117.9186,34.4671],[-117.918,34.4669],[-117.9161,34.4683],[-117.9155,34.4693],[-117.9145,34.4691],[-117.9137,34.4699],[-117.9125,34.47],[-117.9115,34.469],[-117.9108,34.4694],[-117.9106,34.4687],[-117.9074,34.4697],[-117.9072,34.4689],[-117.9089,34.4682],[-117.9091,34.4676],[-117.9089,34.4671],[-117.908,34.4671],[-117.9065,34.4689],[-117.9041,34.4707],[-117.9012,34.4717],[-117.8984,34.4733],[-117.8978,34.4729],[-117.8958,34.4731],[-117.8957,34.4738],[-117.8948,34.4741],[-117.8947,34.4749],[-117.8943,34.4742],[-117.8946,34.4735],[-117.8929,34.4738],[-117.8929,34.4733],[-117.8924,34.4732],[-117.8957,34.4718],[-117.8959,34.4705],[-117.895,34.4701],[-117.8965,34.469],[-117.8962,34.4685],[-117.8979,34.4676],[-117.8983,34.4668],[-117.899,34.467],[-117.8992,34.4664],[-117.8999,34.4664],[-117.9,34.4655],[-117.8994,34.4655],[-117.9001,34.4642],[-117.9018,34.4632],[-117.8998,34.4625],[-117.9013,34.4616],[-117.9027,34.4621],[-117.9036,34.4613],[-117.9064,34.4608],[-117.9086,34.4594],[-117.911,34.4564],[-117.9098,34.4565],[-117.9104,34.4553],[-117.9112,34.4549],[-117.9094,34.4543],[-117.9102,34.4534],[-117.9069,34.455],[-117.9087,34.4538],[-117.9086,34.4532],[-117.905,34.4538],[-117.9046,34.4533],[-117.9051,34.4523],[-117.9065,34.4522],[-117.9069,34.4516],[-117.9086,34.4516],[-117.9096,34.4508],[-117.9123,34.4507],[-117.9118,34.4498],[-117.913,34.4493],[-117.9117,34.4468],[-117.911,34.4467],[-117.9085,34.4479],[-117.9078,34.4479],[-117.9074,34.4472],[-117.9088,34.4453],[-117.9113,34.446],[-117.9129,34.4448],[-117.9119,34.444],[-117.9121,34.4434],[-117.9134,34.4425],[-117.9141,34.441],[-117.914,34.4402],[-117.9134,34.4399],[-117.914,34.4385],[-117.9154,34.437],[-117.9153,34.4362],[-117.9142,34.4357],[-117.914,34.4347],[-117.9127,34.4336],[-117.9103,34.4342],[-117.9093,34.4358],[-117.9081,34.4339],[-117.9071,34.4338],[-117.907,34.4331],[-117.9065,34.4338],[-117.9009,34.4334],[-117.9004,34.4339],[-117.8999,34.4378],[-117.8988,34.4375],[-117.8987,34.439],[-117.896,34.4395],[-117.8954,34.4403],[-117.896,34.4412],[-117.8942,34.4434],[-117.8936,34.4448],[-117.8928,34.4455],[-117.8907,34.4453],[-117.8899,34.4459],[-117.8878,34.4482],[-117.8882,34.4491],[-117.8848,34.4503],[-117.8837,34.4525],[-117.8801,34.4532],[-117.8774,34.4524],[-117.8754,34.4529],[-117.873,34.4515],[-117.8718,34.4514],[-117.8696,34.454],[-117.8683,34.4541],[-117.8665,34.4561],[-117.8647,34.4595],[-117.8651,34.4609],[-117.8645,34.462],[-117.8614,34.4634],[-117.8591,34.4625],[-117.8567,34.4628],[-117.8548,34.4616],[-117.8536,34.4621],[-117.8516,34.4617],[-117.8513,34.4611],[-117.8517,34.4607],[-117.8528,34.4608],[-117.8533,34.4604],[-117.8532,34.4589],[-117.8494,34.4607],[-117.8472,34.4603],[-117.8464,34.4596],[-117.8464,34.459],[-117.8479,34.4578],[-117.849,34.4558],[-117.8483,34.4546],[-117.8448,34.454],[-117.8438,34.4526],[-117.8436,34.4514],[-117.8442,34.4509],[-117.8459,34.4507],[-117.8465,34.4501],[-117.8482,34.45],[-117.8495,34.4494],[-117.8491,34.449],[-117.8494,34.4482],[-117.8487,34.4478],[-117.8493,34.4466],[-117.8489,34.446],[-117.8481,34.446],[-117.8477,34.4469],[-117.8446,34.4471],[-117.8401,34.4409],[-117.8384,34.4398],[-117.8373,34.4373],[-117.8358,34.4363],[-117.8351,34.4337],[-117.8356,34.4326],[-117.8375,34.4329],[-117.8382,34.4334],[-117.8378,34.4312],[-117.8384,34.4307],[-117.8424,34.4305],[-117.8424,34.4298],[-117.8442,34.4292],[-117.8435,34.4286],[-117.8439,34.4279],[-117.8428,34.4279],[-117.8413,34.4289],[-117.8405,34.4288],[-117.8399,34.4276],[-117.8403,34.426],[-117.8395,34.4249],[-117.8392,34.4229],[-117.8386,34.4235],[-117.839,34.4242],[-117.8386,34.4251],[-117.8377,34.425],[-117.8373,34.4241],[-117.8368,34.4241],[-117.8367,34.4247],[-117.8355,34.4248],[-117.8357,34.4257],[-117.8341,34.4248],[-117.8342,34.4243],[-117.8327,34.4251],[-117.8333,34.4271],[-117.8324,34.4274],[-117.8318,34.4286],[-117.8316,34.4309],[-117.8308,34.4312],[-117.8303,34.432],[-117.828,34.4326],[-117.8281,34.433],[-117.8292,34.4331],[-117.8293,34.4337],[-117.8271,34.4345],[-117.8267,34.4354],[-117.8227,34.4363],[-117.8233,34.4388],[-117.8201,34.441],[-117.8185,34.4428],[-117.8177,34.443],[-117.817,34.4452],[-117.8155,34.4466],[-117.8155,34.4473],[-117.8139,34.4486],[-117.8136,34.4495],[-117.8127,34.4498],[-117.812,34.4513],[-117.8104,34.4521],[-117.8105,34.4533],[-117.8079,34.4546],[-117.8071,34.4561],[-117.8063,34.4562],[-117.8051,34.4583],[-117.8038,34.4587],[-117.8036,34.4594],[-117.8018,34.4602],[-117.801,34.4611],[-117.7985,34.4617],[-117.7955,34.4634],[-117.7929,34.4633],[-117.7873,34.4611],[-117.7855,34.4591],[-117.7883,34.4601],[-117.7876,34.4585],[-117.7883,34.4582],[-117.7884,34.4573],[-117.7895,34.4571],[-117.7896,34.4563],[-117.7853,34.4554],[-117.7849,34.4546],[-117.7854,34.4537],[-117.7899,34.454],[-117.7907,34.4519],[-117.79,34.4507],[-117.7914,34.45],[-117.7924,34.45],[-117.7927,34.4482],[-117.797,34.4466],[-117.7956,34.4454],[-117.797,34.4452],[-117.7959,34.444],[-117.7914,34.4438],[-117.7909,34.4427],[-117.7884,34.4427],[-117.7883,34.4421],[-117.7888,34.4419],[-117.7883,34.4416],[-117.787,34.4419],[-117.7865,34.4423],[-117.7865,34.443],[-117.7858,34.4426],[-117.7771,34.4448],[-117.7754,34.4443],[-117.7724,34.4456],[-117.7701,34.4448],[-117.7684,34.4448],[-117.7669,34.4438],[-117.769,34.4391],[-117.7688,34.4381],[-117.7699,34.4358],[-117.7699,34.4345],[-117.7713,34.4333],[-117.7703,34.433],[-117.7705,34.4326],[-117.7692,34.4318],[-117.769,34.4312],[-117.7676,34.4314],[-117.7698,34.4306],[-117.7692,34.429],[-117.7686,34.4295],[-117.7684,34.4291],[-117.7671,34.4291],[-117.7665,34.4286],[-117.7683,34.4283],[-117.769,34.4276],[-117.7672,34.4266],[-117.7673,34.4239],[-117.7676,34.4236],[-117.7682,34.4244],[-117.771,34.4231],[-117.7726,34.421],[-117.7731,34.4193],[-117.7771,34.4172],[-117.7776,34.4164],[-117.7811,34.4161],[-117.783,34.4165],[-117.7838,34.416],[-117.7841,34.4152],[-117.7827,34.4143],[-117.7827,34.4153],[-117.7823,34.4154],[-117.7822,34.4147],[-117.7787,34.4133],[-117.7773,34.4134],[-117.7767,34.4141],[-117.7751,34.4133],[-117.7746,34.4136],[-117.7746,34.4142],[-117.7761,34.4157],[-117.7759,34.4162],[-117.7733,34.4155],[-117.7737,34.4149],[-117.7734,34.4143],[-117.7739,34.413],[-117.7737,34.4123],[-117.7724,34.4114],[-117.7709,34.4115],[-117.7676,34.4099],[-117.7682,34.409],[-117.7675,34.4082],[-117.7672,34.4059],[-117.7674,34.4051],[-117.7687,34.4043],[-117.7687,34.4013],[-117.7691,34.4011],[-117.7698,34.4026],[-117.7705,34.4027],[-117.7705,34.4038],[-117.7698,34.4046],[-117.7701,34.4065],[-117.7719,34.4056],[-117.773,34.4031],[-117.7748,34.4015],[-117.775,34.4],[-117.7788,34.4007],[-117.7799,34.4022],[-117.7844,34.4029],[-117.7886,34.4047],[-117.7911,34.4049],[-117.7942,34.4063],[-117.7975,34.4056],[-117.8019,34.4077],[-117.8033,34.4096],[-117.8051,34.4102],[-117.8072,34.4094],[-117.8084,34.4075],[-117.8106,34.4071],[-117.815,34.405],[-117.8178,34.4062],[-117.8185,34.4055],[-117.8194,34.4054],[-117.8178,34.4047],[-117.8174,34.4036],[-117.8183,34.4037],[-117.8186,34.4027],[-117.8172,34.4015],[-117.8185,34.4012],[-117.8185,34.4007],[-117.8195,34.4003],[-117.8199,34.3999],[-117.8192,34.3997],[-117.819,34.3991],[-117.8205,34.3981],[-117.8207,34.3974],[-117.8226,34.3972],[-117.8228,34.3967],[-117.8219,34.3941],[-117.8191,34.3915],[-117.8206,34.3898],[-117.8258,34.3881],[-117.825,34.3874],[-117.8252,34.386],[-117.8236,34.3853],[-117.8226,34.3841],[-117.8225,34.3831],[-117.821,34.3828],[-117.822,34.3849],[-117.8204,34.3841],[-117.8193,34.3841],[-117.8195,34.3874],[-117.8191,34.3878],[-117.8177,34.387],[-117.8172,34.386],[-117.8164,34.3859],[-117.8177,34.3841],[-117.8176,34.3836],[-117.8153,34.3841],[-117.8145,34.3823],[-117.8133,34.3818],[-117.8118,34.383],[-117.8124,34.3842],[-117.8114,34.3856],[-117.8117,34.3866],[-117.8112,34.3869],[-117.811,34.3888],[-117.8092,34.3889],[-117.8068,34.3873],[-117.8059,34.3878],[-117.8065,34.387],[-117.8063,34.3848],[-117.8037,34.3862],[-117.8035,34.3858],[-117.8041,34.384],[-117.8038,34.3823],[-117.8041,34.3796],[-117.8022,34.3799],[-117.8018,34.3815],[-117.8012,34.38],[-117.7997,34.3798],[-117.8006,34.3811],[-117.7994,34.3811],[-117.7996,34.3824],[-117.8007,34.383],[-117.8005,34.3835],[-117.7994,34.3832],[-117.7992,34.3839],[-117.7985,34.3839],[-117.7988,34.3849],[-117.7965,34.3845],[-117.7964,34.3837],[-117.7953,34.3834],[-117.7952,34.3828],[-117.7946,34.3835],[-117.7947,34.384],[-117.7929,34.3846],[-117.7922,34.3843],[-117.7938,34.3835],[-117.7939,34.3827],[-117.7922,34.383],[-117.7925,34.3825],[-117.7942,34.3823],[-117.7931,34.382],[-117.7945,34.3817],[-117.7942,34.3809],[-117.7948,34.3801],[-117.7933,34.3791],[-117.7922,34.3795],[-117.7927,34.3784],[-117.7916,34.3778],[-117.7919,34.377],[-117.7914,34.3766],[-117.7922,34.3755],[-117.7904,34.3753],[-117.7918,34.3729],[-117.7933,34.3729],[-117.7932,34.3725],[-117.7966,34.3723],[-117.797,34.3732],[-117.7978,34.3734],[-117.7982,34.3731],[-117.798,34.3718],[-117.8008,34.3705],[-117.8022,34.3691],[-117.8036,34.3685],[-117.8044,34.3677],[-117.804,34.3671],[-117.805,34.3672],[-117.8057,34.3661],[-117.8081,34.3647],[-117.8078,34.3638],[-117.8084,34.3635],[-117.8095,34.3638],[-117.8099,34.3633],[-117.8096,34.3626],[-117.8102,34.3619],[-117.8112,34.3618],[-117.8111,34.3626],[-117.8115,34.3628],[-117.8118,34.3624],[-117.8113,34.3613],[-117.8119,34.3613],[-117.8117,34.3603],[-117.8123,34.3591],[-117.8109,34.357],[-117.8128,34.3557],[-117.8112,34.3535],[-117.8103,34.353],[-117.8097,34.3535],[-117.8091,34.3531],[-117.8093,34.3509],[-117.8115,34.3501],[-117.8194,34.3502],[-117.82,34.3496],[-117.82,34.3478],[-117.8207,34.3471],[-117.8207,34.3452],[-117.8223,34.3458],[-117.8231,34.3451],[-117.8252,34.3458],[-117.8268,34.3454],[-117.8283,34.3465],[-117.829,34.3456],[-117.8307,34.3451],[-117.8313,34.3457],[-117.8304,34.3469],[-117.8319,34.3463],[-117.833,34.3473],[-117.8343,34.346],[-117.8387,34.344],[-117.8387,34.3452],[-117.8423,34.3468],[-117.8432,34.3461],[-117.8453,34.3475],[-117.8474,34.3473],[-117.8479,34.3467],[-117.85,34.3471],[-117.8519,34.3456],[-117.8546,34.3451],[-117.8535,34.3436],[-117.8539,34.3428],[-117.8558,34.3425],[-117.8565,34.3428],[-117.8586,34.342],[-117.8585,34.3408],[-117.8579,34.3399],[-117.8539,34.339],[-117.855,34.3387],[-117.8553,34.3378],[-117.8537,34.3376],[-117.8545,34.3367],[-117.855,34.335],[-117.8543,34.3328],[-117.856,34.3326],[-117.8551,34.3321],[-117.8552,34.3306],[-117.8537,34.3304],[-117.8544,34.3297],[-117.8584,34.3284],[-117.8588,34.3279],[-117.8583,34.3274],[-117.8583,34.3259],[-117.859,34.3261],[-117.8607,34.3241],[-117.8587,34.3255],[-117.8576,34.3256],[-117.8589,34.3222],[-117.8561,34.3225],[-117.855,34.322],[-117.8541,34.3232],[-117.853,34.3233],[-117.8533,34.3246],[-117.8529,34.3249],[-117.8534,34.3258],[-117.8518,34.3272],[-117.853,34.3273],[-117.8535,34.328],[-117.8518,34.3275],[-117.8513,34.3276],[-117.8507,34.3286],[-117.8499,34.3282],[-117.8505,34.3291],[-117.8496,34.33],[-117.8486,34.3292],[-117.8484,34.3283],[-117.8472,34.3278],[-117.8456,34.3262],[-117.8449,34.3245],[-117.845,34.3234],[-117.8459,34.322],[-117.8465,34.3219],[-117.8463,34.3213],[-117.8469,34.3204],[-117.8477,34.3209],[-117.8482,34.3207],[-117.8476,34.3201],[-117.8481,34.3187],[-117.8496,34.3183],[-117.85,34.3192],[-117.8513,34.3192],[-117.8509,34.3184],[-117.8518,34.3184],[-117.852,34.317],[-117.8527,34.3168],[-117.8536,34.3154],[-117.8543,34.3154],[-117.8544,34.3146],[-117.8552,34.3136],[-117.8566,34.3142],[-117.8577,34.314],[-117.859,34.3129],[-117.862,34.3117],[-117.8618,34.3108],[-117.8609,34.3115],[-117.8603,34.3109],[-117.8598,34.3112],[-117.8604,34.312],[-117.8579,34.3113],[-117.8574,34.3119],[-117.8565,34.3113],[-117.8567,34.3107],[-117.8559,34.3103],[-117.8554,34.3091],[-117.8582,34.3025],[-117.858,34.3004],[-117.8597,34.2987],[-117.8599,34.2974],[-117.8624,34.296],[-117.8616,34.2952],[-117.8613,34.2934],[-117.8631,34.29],[-117.8624,34.2878],[-117.8627,34.2872],[-117.8621,34.2867],[-117.862,34.2847],[-117.8614,34.2841],[-117.8637,34.2812],[-117.8636,34.2789],[-117.8607,34.2758],[-117.8603,34.2759],[-117.8596,34.2782],[-117.8591,34.2781],[-117.8601,34.2757],[-117.8593,34.2747],[-117.8598,34.2738],[-117.8596,34.2718],[-117.8604,34.2713],[-117.8622,34.2712],[-117.8621,34.2705],[-117.8614,34.2704],[-117.8601,34.2687],[-117.861,34.2682],[-117.861,34.2674],[-117.8629,34.2666],[-117.8629,34.2652],[-117.8617,34.2641],[-117.8619,34.2631],[-117.8635,34.2621],[-117.8648,34.2623],[-117.8658,34.2613],[-117.8654,34.2605],[-117.8658,34.2602],[-117.8672,34.2605],[-117.8675,34.2585],[-117.8694,34.257],[-117.8694,34.2559],[-117.8705,34.2551],[-117.8703,34.2543],[-117.873,34.2532],[-117.8723,34.2522],[-117.873,34.2514],[-117.8729,34.2508],[-117.8708,34.2503],[-117.868,34.2477],[-117.8669,34.2475],[-117.8668,34.2466],[-117.8691,34.245],[-117.8701,34.2431],[-117.8705,34.2416],[-117.87,34.2403],[-117.8693,34.2404],[-117.8693,34.2411],[-117.8676,34.241],[-117.866,34.2387],[-117.8635,34.2384],[-117.8614,34.2365],[-117.8568,34.2394],[-117.8545,34.2389],[-117.8517,34.24],[-117.8509,34.236],[-117.8467,34.2334],[-117.8457,34.2315],[-117.8458,34.2296],[-117.8483,34.2262],[-117.851,34.2242],[-117.8517,34.2221],[-117.8551,34.2215],[-117.8555,34.2172],[-117.8562,34.2168],[-117.8595,34.2168],[-117.8619,34.2146],[-117.8635,34.2155],[-117.8644,34.2151],[-117.8642,34.2135],[-117.8634,34.2117],[-117.8656,34.2095],[-117.8654,34.2072],[-117.8666,34.2057],[-117.8668,34.2047],[-117.8658,34.2037],[-117.8636,34.203],[-117.8592,34.2022],[-117.8589,34.2009],[-117.8603,34.2016],[-117.8617,34.2014],[-117.8651,34.2021],[-117.8717,34.2019],[-117.8761,34.2055],[-117.8803,34.2075],[-117.882,34.207],[-117.8862,34.2078],[-117.8881,34.2077],[-117.8897,34.2096],[-117.8906,34.2126],[-117.8952,34.2158],[-117.8969,34.2164],[-117.8977,34.218],[-117.8981,34.22],[-117.8996,34.2212],[-117.9009,34.2235],[-117.9082,34.2253],[-117.9089,34.2257],[-117.9088,34.2262],[-117.9113,34.2271],[-117.9154,34.2269],[-117.9162,34.2273],[-117.9168,34.2266],[-117.9208,34.2249],[-117.925,34.2239],[-117.9275,34.2242],[-117.9283,34.2221],[-117.9306,34.2207],[-117.9293,34.2172],[-117.9302,34.2152],[-117.9296,34.2116],[-117.9288,34.2112],[-117.929,34.2107],[-117.9285,34.2104],[-117.9287,34.2098],[-117.9279,34.2082],[-117.9255,34.2079],[-117.9254,34.2074],[-117.9265,34.207],[-117.9273,34.206],[-117.9289,34.2072],[-117.9303,34.2066],[-117.9312,34.2071],[-117.932,34.2067],[-117.9312,34.2046],[-117.9315,34.203],[-117.9326,34.2024],[-117.9335,34.2008],[-117.9335,34.1966],[-117.9358,34.1967],[-117.9379,34.1951],[-117.9367,34.195],[-117.9364,34.1945],[-117.9357,34.1943],[-117.9356,34.1937],[-117.9362,34.1935],[-117.9371,34.1943],[-117.9403,34.1943],[-117.9412,34.1935],[-117.9418,34.1938],[-117.941,34.1926],[-117.9415,34.1915],[-117.9431,34.1908],[-117.945,34.1906],[-117.9445,34.1918],[-117.9453,34.191],[-117.9463,34.1911],[-117.9466,34.19],[-117.9475,34.1905],[-117.9484,34.1901],[-117.9479,34.1897],[-117.9481,34.1891],[-117.9465,34.1891],[-117.9458,34.1886],[-117.9458,34.1874],[-117.9454,34.1869],[-117.9476,34.1862],[-117.9469,34.1877],[-117.9495,34.1867],[-117.9497,34.1875],[-117.9503,34.1868],[-117.9506,34.186],[-117.9501,34.1857],[-117.9508,34.1844],[-117.9506,34.184],[-117.9509,34.1838],[-117.9514,34.1841],[-117.9516,34.1828],[-117.9524,34.1827],[-117.9519,34.1822],[-117.9503,34.1821],[-117.9504,34.1812],[-117.9537,34.1795],[-117.9549,34.1761],[-117.957,34.1725],[-117.9568,34.1716],[-117.9579,34.1724],[-117.9594,34.1719],[-117.9627,34.168],[-117.9636,34.1679],[-117.9643,34.1684],[-117.9678,34.1675],[-117.9726,34.1676],[-117.9745,34.1666],[-117.9758,34.1673],[-117.9782,34.1676],[-117.9809,34.1663],[-117.9837,34.1667],[-117.9855,34.1663],[-117.9866,34.167],[-117.9902,34.1671],[-117.9911,34.1667],[-117.9918,34.1656],[-117.9924,34.1667],[-117.9918,34.1684],[-117.9923,34.1687],[-117.9916,34.1694],[-117.9919,34.1717],[-117.9915,34.1724],[-117.9923,34.1723],[-117.9933,34.1738],[-117.9944,34.1727],[-117.995,34.174],[-117.9955,34.1727],[-117.9992,34.1736],[-118,34.1753],[-117.9987,34.178],[-117.9993,34.1788],[-118.0009,34.1766],[-118.0064,34.1726],[-118.0078,34.1726],[-118.0089,34.1737],[-118.0122,34.1729],[-118.0174,34.1736],[-118.0187,34.1753],[-118.0162,34.1768],[-118.0178,34.1776],[-118.0175,34.1787],[-118.0206,34.1812],[-118.0212,34.1824],[-118.02,34.1827],[-118.0209,34.184],[-118.0231,34.1844],[-118.0229,34.185],[-118.024,34.1854],[-118.0248,34.1868],[-118.027,34.1868],[-118.0272,34.1874],[-118.0285,34.1879],[-118.0299,34.1876],[-118.0329,34.1892],[-118.0347,34.1891],[-118.0352,34.1898],[-118.0349,34.1909],[-118.0364,34.1908],[-118.0364,34.1913],[-118.035,34.1925],[-118.0374,34.1947],[-118.0375,34.1953],[-118.0397,34.1966],[-118.0399,34.1985],[-118.0389,34.2013],[-118.0475,34.2042],[-118.0499,34.2056],[-118.052,34.2082],[-118.054,34.2092],[-118.0554,34.2106],[-118.0582,34.2117],[-118.0588,34.2124],[-118.0584,34.2132],[-118.057,34.2136],[-118.0566,34.2149],[-118.0559,34.2153],[-118.0562,34.2157],[-118.058,34.215],[-118.0588,34.2154],[-118.0597,34.2143],[-118.0607,34.2143],[-118.0604,34.2146],[-118.0608,34.2151],[-118.06,34.2153],[-118.0593,34.2164],[-118.0598,34.2167],[-118.0595,34.2173],[-118.0601,34.2171],[-118.0595,34.2181],[-118.0598,34.2187],[-118.062,34.219],[-118.0604,34.2205],[-118.0605,34.2215],[-118.0614,34.222],[-118.0618,34.2232],[-118.0625,34.2232],[-118.0619,34.2235],[-118.062,34.2244],[-118.0586,34.2239],[-118.0565,34.2251],[-118.0562,34.227],[-118.0551,34.2286],[-118.0557,34.2298],[-118.0548,34.2302],[-118.0548,34.2311],[-118.0535,34.2318],[-118.0553,34.2332],[-118.0563,34.2348],[-118.0589,34.2362],[-118.0583,34.2374],[-118.0595,34.2377],[-118.0613,34.2393],[-118.0637,34.2395],[-118.0645,34.2375],[-118.065,34.2383],[-118.0654,34.2382],[-118.0662,34.2366],[-118.0678,34.2356],[-118.0684,34.2366],[-118.0701,34.2369],[-118.0704,34.2381],[-118.0715,34.2388],[-118.0714,34.2393],[-118.0733,34.2377],[-118.075,34.2376],[-118.0749,34.237],[-118.0754,34.2376],[-118.0738,34.2382],[-118.0746,34.2385],[-118.0765,34.2381],[-118.0772,34.2383],[-118.077,34.2387],[-118.0782,34.2389],[-118.0785,34.2381],[-118.081,34.2382],[-118.0814,34.2387],[-118.0788,34.2397],[-118.0792,34.2404],[-118.0783,34.2405],[-118.0779,34.2412],[-118.0772,34.2407],[-118.0776,34.2403],[-118.077,34.2391],[-118.0733,34.2389],[-118.072,34.2395],[-118.0725,34.24],[-118.07,34.241],[-118.0689,34.2418],[-118.0684,34.2429],[-118.0717,34.2436],[-118.0722,34.2442],[-118.0725,34.2437],[-118.0742,34.2435],[-118.0756,34.2421],[-118.0762,34.2423],[-118.0766,34.2439],[-118.0793,34.2417],[-118.0809,34.2416],[-118.0809,34.2423],[-118.0818,34.2427],[-118.0818,34.2431],[-118.0795,34.2447],[-118.0807,34.2452],[-118.0804,34.2444],[-118.0827,34.2443],[-118.0835,34.2438],[-118.0827,34.2425],[-118.0854,34.2421],[-118.0851,34.2417],[-118.0857,34.2406],[-118.0846,34.2398],[-118.0852,34.2396],[-118.0855,34.2386],[-118.0804,34.2365],[-118.0784,34.2366],[-118.0779,34.2356],[-118.0759,34.2354],[-118.0747,34.2344],[-118.0736,34.2343],[-118.0731,34.2349],[-118.0733,34.2352],[-118.0721,34.2353],[-118.072,34.2345],[-118.0734,34.2342],[-118.0727,34.2336],[-118.0708,34.2336],[-118.0705,34.2341],[-118.0701,34.2335],[-118.069,34.2337],[-118.0675,34.2328],[-118.0668,34.2351],[-118.0648,34.2351],[-118.0645,34.2349],[-118.0648,34.2345],[-118.0636,34.2343],[-118.0633,34.2337],[-118.0633,34.2324],[-118.0629,34.2324],[-118.0627,34.2334],[-118.0616,34.2339],[-118.0612,34.2334],[-118.0619,34.2316],[-118.0608,34.2306],[-118.0596,34.2304],[-118.0596,34.2298],[-118.0604,34.2297],[-118.0604,34.2293],[-118.0586,34.2286],[-118.0567,34.2294],[-118.0561,34.2278],[-118.0592,34.227],[-118.0605,34.2253],[-118.0637,34.2249],[-118.0662,34.2273],[-118.0675,34.2276],[-118.0678,34.2286],[-118.0692,34.2299],[-118.0706,34.2301],[-118.0709,34.2322],[-118.0716,34.2328],[-118.0743,34.2332],[-118.0766,34.2349],[-118.0778,34.2349],[-118.0792,34.2359],[-118.0824,34.2367],[-118.0837,34.2366],[-118.0842,34.2376],[-118.0866,34.2385],[-118.093,34.2393],[-118.0933,34.2417],[-118.0915,34.2429],[-118.0921,34.2437],[-118.0919,34.2443],[-118.0925,34.2459],[-118.0917,34.2465],[-118.0915,34.2475],[-118.0925,34.2484],[-118.0924,34.249],[-118.0939,34.2497],[-118.0949,34.2511],[-118.0975,34.2493],[-118.0982,34.2495],[-118.0986,34.2503],[-118.1004,34.2501],[-118.0997,34.2512],[-118.1003,34.2517],[-118.0998,34.2523],[-118.1008,34.2531],[-118.0999,34.2546],[-118.1015,34.2545],[-118.1021,34.2561],[-118.1044,34.2573],[-118.1037,34.2577],[-118.1022,34.2567],[-118.1024,34.2578],[-118.103,34.2579],[-118.1027,34.2586],[-118.1036,34.2597],[-118.1012,34.2606],[-118.1011,34.2598],[-118.1017,34.2595],[-118.1014,34.2591],[-118.1021,34.2591],[-118.102,34.2585],[-118.0986,34.2594],[-118.0967,34.2579],[-118.0973,34.2585],[-118.0973,34.2597],[-118.0984,34.2601],[-118.0989,34.2609],[-118.1006,34.2612],[-118.0982,34.2611],[-118.0983,34.2623],[-118.0997,34.2627],[-118.0998,34.2632],[-118.0978,34.2633],[-118.099,34.2639],[-118.0982,34.2653],[-118.0969,34.2653],[-118.0961,34.2643],[-118.0952,34.2641],[-118.0939,34.2642],[-118.0937,34.2652],[-118.0948,34.2645],[-118.0962,34.2653],[-118.0928,34.2657],[-118.09,34.2642],[-118.0878,34.2657],[-118.0862,34.2657],[-118.0849,34.2665],[-118.0831,34.2661],[-118.0821,34.2671],[-118.0806,34.267],[-118.0799,34.2683],[-118.0792,34.2686],[-118.0778,34.2683],[-118.0779,34.2671],[-118.0788,34.2669],[-118.0788,34.2665],[-118.0771,34.2665],[-118.076,34.2671],[-118.0752,34.2668],[-118.075,34.268],[-118.0771,34.2678],[-118.076,34.2695],[-118.0748,34.2698],[-118.0733,34.269],[-118.0734,34.2699],[-118.0719,34.2706],[-118.0715,34.27],[-118.072,34.2685],[-118.0715,34.268],[-118.0693,34.2677],[-118.0684,34.2667],[-118.0671,34.267],[-118.0663,34.266],[-118.0636,34.266],[-118.0636,34.2668],[-118.0664,34.2678],[-118.065,34.2685],[-118.0661,34.2703],[-118.0676,34.2716],[-118.0674,34.2726],[-118.0709,34.2752],[-118.0743,34.2752],[-118.0752,34.2758],[-118.0754,34.2764],[-118.0749,34.2772],[-118.0766,34.2782],[-118.0745,34.2783],[-118.0742,34.279],[-118.0736,34.2782],[-118.0725,34.2782],[-118.0706,34.2772],[-118.0706,34.2785],[-118.0693,34.2776],[-118.0686,34.2777],[-118.067,34.2794],[-118.0658,34.2796],[-118.0607,34.2776],[-118.0612,34.2761],[-118.0592,34.277],[-118.0595,34.2774],[-118.059,34.278],[-118.0574,34.2769],[-118.0567,34.277],[-118.0561,34.2763],[-118.0555,34.2741],[-118.0544,34.2737],[-118.0531,34.2718],[-118.0511,34.2719],[-118.0514,34.2728],[-118.0526,34.2733],[-118.0526,34.2738],[-118.0505,34.2733],[-118.0507,34.2714],[-118.0502,34.2713],[-118.0489,34.2718],[-118.0494,34.2731],[-118.0485,34.274],[-118.0464,34.2741],[-118.0453,34.2736],[-118.0434,34.2742],[-118.0416,34.274],[-118.0402,34.275],[-118.037,34.2735],[-118.0348,34.2738],[-118.0312,34.2726],[-118.0272,34.2729],[-118.0266,34.2744],[-118.025,34.2754],[-118.0212,34.275],[-118.025,34.2736],[-118.0252,34.2729],[-118.0203,34.2733],[-118.0187,34.2741],[-118.0151,34.2739],[-118.0113,34.276],[-118.0116,34.2789],[-118.0103,34.2788],[-118.0099,34.2794],[-118.0104,34.2806],[-118.0092,34.2813],[-118.0103,34.284],[-118.0097,34.2849],[-118.0103,34.286],[-118.0103,34.2875],[-118.0114,34.2883],[-118.0124,34.2913],[-118.0144,34.2937],[-118.0146,34.2948],[-118.016,34.294],[-118.0178,34.2955],[-118.0167,34.2974],[-118.0176,34.2981],[-118.017,34.2989],[-118.0186,34.2999],[-118.0185,34.3016],[-118.0166,34.302],[-118.0139,34.3015],[-118.0124,34.3005],[-118.0101,34.3014],[-118.0097,34.3022],[-118.0086,34.3023],[-118.0076,34.3004],[-118.0071,34.3009],[-118.0059,34.3007],[-118.0027,34.3031],[-118.0022,34.3024],[-118.0039,34.2996],[-118.0015,34.2987],[-118.0003,34.2975],[-118.0006,34.2973],[-117.9991,34.2968],[-117.9982,34.2958],[-117.9976,34.2927],[-117.9961,34.2918],[-117.9973,34.2875],[-117.9967,34.2851],[-117.9973,34.2837],[-117.9984,34.2826],[-117.9982,34.2818],[-117.9973,34.28],[-117.9958,34.2787],[-117.9936,34.2781],[-117.9928,34.2774],[-117.9927,34.2784],[-117.9923,34.2785],[-117.9905,34.2752],[-117.9897,34.2753],[-117.9889,34.2745],[-117.9883,34.273],[-117.9873,34.2729],[-117.9869,34.2709],[-117.9875,34.2699],[-117.9866,34.2694],[-117.9875,34.2686],[-117.9884,34.2686],[-117.9877,34.2676],[-117.988,34.2668],[-117.9873,34.2662],[-117.9861,34.2667],[-117.9847,34.266],[-117.985,34.2641],[-117.9836,34.2638],[-117.983,34.2626],[-117.983,34.2622],[-117.9845,34.2618],[-117.9845,34.2611],[-117.985,34.2606],[-117.9848,34.2601],[-117.9867,34.259],[-117.9869,34.2599],[-117.9904,34.2602],[-117.9919,34.261],[-117.9919,34.2617],[-117.9923,34.2615],[-117.9926,34.26],[-117.9915,34.2596],[-117.9918,34.2583],[-117.9929,34.2575],[-117.9924,34.2554],[-117.9933,34.2549],[-117.9928,34.2532],[-117.9931,34.2529],[-117.9961,34.2537],[-117.9967,34.2521],[-117.9956,34.2512],[-117.9962,34.2507],[-117.9958,34.249],[-117.9971,34.2465],[-117.9948,34.2452],[-117.9939,34.2457],[-117.9932,34.2449],[-117.9898,34.244],[-117.9894,34.2431],[-117.9899,34.242],[-117.9888,34.2403],[-117.989,34.2396],[-117.9876,34.239],[-117.9876,34.2382],[-117.9867,34.2383],[-117.9868,34.2387],[-117.9857,34.2386],[-117.9856,34.2393],[-117.9866,34.2397],[-117.987,34.2405],[-117.9859,34.2413],[-117.9854,34.2414],[-117.9856,34.2411],[-117.9846,34.24],[-117.9797,34.2397],[-117.9788,34.2395],[-117.9784,34.2386],[-117.9777,34.2389],[-117.976,34.2384],[-117.9747,34.2392],[-117.9719,34.2394],[-117.9704,34.2402],[-117.9709,34.2411],[-117.969,34.2416],[-117.9682,34.2423],[-117.9683,34.2427],[-117.9669,34.2425],[-117.9649,34.2431],[-117.9647,34.2435],[-117.9651,34.2436],[-117.9659,34.2452],[-117.9672,34.2448],[-117.9677,34.244],[-117.9692,34.2439],[-117.9709,34.2427],[-117.9716,34.2428],[-117.9728,34.2448],[-117.9718,34.246],[-117.9721,34.2472],[-117.9735,34.2476],[-117.9737,34.2482],[-117.9721,34.2493],[-117.9723,34.2502],[-117.9735,34.251],[-117.9704,34.2516],[-117.9708,34.255],[-117.9697,34.2558],[-117.9699,34.257],[-117.9712,34.2566],[-117.9718,34.2576],[-117.9726,34.2575],[-117.9736,34.2593],[-117.9737,34.2605],[-117.9731,34.2613],[-117.9735,34.2616],[-117.972,34.2622],[-117.9723,34.2631],[-117.9714,34.264],[-117.9699,34.264],[-117.9691,34.2648],[-117.9665,34.265],[-117.9653,34.2661],[-117.9658,34.2688],[-117.9674,34.2695],[-117.9676,34.2703],[-117.9691,34.2715],[-117.9698,34.2713],[-117.9699,34.2722],[-117.9706,34.2726],[-117.9704,34.2738],[-117.9695,34.2741],[-117.9691,34.2735],[-117.9681,34.2749],[-117.9656,34.2754],[-117.9647,34.2745],[-117.9637,34.2745],[-117.9636,34.2732],[-117.9623,34.2724],[-117.9597,34.2729],[-117.9592,34.2737],[-117.9575,34.2736],[-117.9564,34.2743],[-117.9563,34.275],[-117.9571,34.2753],[-117.9572,34.276],[-117.9568,34.2764],[-117.9551,34.2754],[-117.9546,34.2761],[-117.9536,34.2754],[-117.9521,34.2757],[-117.9511,34.2772],[-117.9458,34.2794],[-117.9458,34.2813],[-117.9438,34.2843],[-117.9429,34.2848],[-117.9427,34.2858],[-117.9437,34.2861],[-117.9434,34.2871],[-117.9421,34.2877],[-117.9406,34.2877],[-117.939,34.2888],[-117.9385,34.2901],[-117.9372,34.2912],[-117.9376,34.2917],[-117.9384,34.2916],[-117.9379,34.2911],[-117.9407,34.2896],[-117.9412,34.2909],[-117.9423,34.2913],[-117.9436,34.291],[-117.9445,34.292],[-117.9449,34.2919],[-117.9446,34.2927],[-117.9451,34.293],[-117.9456,34.2926],[-117.9457,34.2931],[-117.9466,34.2936],[-117.9465,34.2941],[-117.9475,34.2954],[-117.9465,34.2957],[-117.9467,34.2968],[-117.9463,34.2967],[-117.9463,34.296],[-117.9459,34.2968],[-117.9468,34.2974],[-117.9465,34.2993],[-117.9473,34.2998],[-117.9476,34.3009],[-117.9469,34.3012],[-117.9476,34.3016],[-117.9482,34.3036],[-117.9476,34.3032],[-117.9456,34.3034],[-117.9444,34.3029],[-117.9444,34.3034],[-117.9432,34.3033],[-117.9422,34.3051],[-117.9414,34.3051],[-117.9383,34.3043],[-117.9372,34.3032],[-117.9358,34.3034],[-117.9358,34.304],[-117.9338,34.3044],[-117.9342,34.3071],[-117.9316,34.3081],[-117.9279,34.3063],[-117.9273,34.3055],[-117.9251,34.3057],[-117.9206,34.3093],[-117.9204,34.3115],[-117.9215,34.3118],[-117.9218,34.3126],[-117.9245,34.3132],[-117.9244,34.3129],[-117.9253,34.313],[-117.9245,34.3118],[-117.926,34.3124],[-117.9268,34.3119],[-117.9269,34.3127],[-117.9263,34.313],[-117.9268,34.3134],[-117.9281,34.3136],[-117.9278,34.314],[-117.929,34.3144],[-117.9282,34.3149],[-117.9284,34.3157],[-117.9304,34.3144],[-117.9309,34.3151],[-117.9317,34.3141],[-117.9338,34.3139],[-117.9336,34.3144],[-117.9355,34.3137],[-117.9364,34.3128],[-117.9376,34.3128],[-117.9393,34.3112],[-117.9392,34.3108],[-117.9404,34.3103],[-117.9408,34.3094],[-117.9403,34.309],[-117.9423,34.3076],[-117.9433,34.3089],[-117.9446,34.3094],[-117.9456,34.3113],[-117.9449,34.3116],[-117.9458,34.3119],[-117.944,34.3123],[-117.9438,34.313],[-117.945,34.3135],[-117.9469,34.3155],[-117.9462,34.3158],[-117.9465,34.3164],[-117.9456,34.3169],[-117.9456,34.3164],[-117.9441,34.3157],[-117.9441,34.3148],[-117.9436,34.3149],[-117.9434,34.3144],[-117.9417,34.3146],[-117.9405,34.3162],[-117.9394,34.317],[-117.9408,34.3177],[-117.9393,34.3186],[-117.939,34.3196],[-117.9403,34.3204],[-117.9407,34.3217],[-117.943,34.3225],[-117.9433,34.3235],[-117.9439,34.3238],[-117.9432,34.3246],[-117.9416,34.3251],[-117.9413,34.3257],[-117.9436,34.3265],[-117.9454,34.3265],[-117.9457,34.327],[-117.9487,34.3268],[-117.9505,34.3287],[-117.9559,34.3293],[-117.9579,34.331],[-117.9583,34.3339],[-117.96,34.3342],[-117.962,34.3334],[-117.9632,34.335],[-117.9612,34.3403],[-117.9626,34.3404],[-117.9637,34.3414],[-117.963,34.3422],[-117.9599,34.3427]]],[[[-118.0895,34.2466],[-118.089,34.2462],[-118.0902,34.245],[-118.089,34.2453],[-118.0874,34.2444],[-118.087,34.2446],[-118.0879,34.2452],[-118.0878,34.2457],[-118.0873,34.2456],[-118.0867,34.2462],[-118.0876,34.2466],[-118.0873,34.2474],[-118.0858,34.2468],[-118.0851,34.2459],[-118.0813,34.2458],[-118.081,34.2467],[-118.0847,34.2462],[-118.0853,34.247],[-118.0847,34.2484],[-118.0863,34.2493],[-118.0854,34.2496],[-118.085,34.2489],[-118.0839,34.2496],[-118.0846,34.2504],[-118.0834,34.2506],[-118.0832,34.2518],[-118.0827,34.2516],[-118.0828,34.2506],[-118.0824,34.252],[-118.0831,34.2521],[-118.0839,34.2531],[-118.0844,34.2529],[-118.0848,34.2533],[-118.0845,34.2537],[-118.0855,34.2537],[-118.0859,34.2508],[-118.0865,34.2507],[-118.0869,34.2498],[-118.0868,34.2489],[-118.0887,34.248],[-118.09,34.2481],[-118.0895,34.2466]]]]},"properties":{"name":"Bobcat","year":2020,"acres":115998,"agency":"WFIGS"}},{"type":"Feature","geometry":{"type":"Polygon","coordinates":[[[-118.3644,34.309],[-118.3651,34.3095],[-118.3651,34.3099],[-118.3645,34.3098],[-118.3644,34.309]]]},"properties":{"name":"Shooting","year":2021,"acres":1,"agency":"WFIGS"}},{"type":"Feature","geometry":{"type":"Polygon","coordinates":[[[-118.2946,34.1549],[-118.294,34.1543],[-118.2946,34.1538],[-118.2953,34.1543],[-118.2946,34.1549]]]},"properties":{"name":"Brush","year":2023,"acres":3,"agency":"WFIGS"}},{"type":"Feature","geometry":{"type":"Polygon","coordinates":[[[-118.2276,34.2892],[-118.2266,34.2889],[-118.2269,34.2867],[-118.2263,34.286],[-118.2305,34.2886],[-118.2276,34.2892]]]},"properties":{"name":"Canyon","year":2024,"acres":18,"agency":"WFIGS"}},{"type":"Feature","geometry":{"type":"MultiPolygon","coordinates":[[[[-118.083,34.2377],[-118.0831,34.2377],[-118.083,34.2378],[-118.083,34.2377]]],[[[-118.0837,34.2365],[-118.084,34.2366],[-118.084,34.2369],[-118.0837,34.2365]]],[[[-118.093,34.1665],[-118.0931,34.1667],[-118.0929,34.1666],[-118.093,34.1665]]],[[[-118.0947,34.1669],[-118.0948,34.1671],[-118.0946,34.1671],[-118.0947,34.1669]]],[[[-118.0991,34.1677],[-118.0992,34.1679],[-118.099,34.1679],[-118.0991,34.1677]]],[[[-118.0966,34.1677],[-118.0967,34.168],[-118.0964,34.1679],[-118.0966,34.1677]]],[[[-118.093,34.168],[-118.0931,34.1683],[-118.0929,34.1682],[-118.093,34.168]]],[[[-118.0724,34.169],[-118.0725,34.1693],[-118.0723,34.1692],[-118.0724,34.169]]],[[[-118.1001,34.1696],[-118.1001,34.1698],[-118.0999,34.1697],[-118.1001,34.1696]]],[[[-118.0987,34.17],[-118.0988,34.1703],[-118.0985,34.1702],[-118.0987,34.17]]],[[[-118.0655,34.1706],[-118.0656,34.1709],[-118.0654,34.1708],[-118.0655,34.1706]]],[[[-118.0762,34.1706],[-118.0763,34.1708],[-118.0761,34.1707],[-118.0762,34.1706]]],[[[-118.0572,34.1716],[-118.0573,34.1718],[-118.0571,34.1718],[-118.0572,34.1716]]],[[[-118.0561,34.172],[-118.0562,34.1723],[-118.056,34.1722],[-118.0561,34.172]]],[[[-118.075,34.1723],[-118.0751,34.1726],[-118.0749,34.1725],[-118.075,34.1723]]],[[[-118.0727,34.1724],[-118.0728,34.1726],[-118.0726,34.1725],[-118.0727,34.1724]]],[[[-118.0747,34.1729],[-118.0747,34.1732],[-118.0745,34.1731],[-118.0747,34.1729]]],[[[-118.0743,34.1732],[-118.0744,34.1735],[-118.0742,34.1734],[-118.0743,34.1732]]],[[[-118.0986,34.1751],[-118.0987,34.1754],[-118.0985,34.1753],[-118.0986,34.1751]]],[[[-118.0988,34.1758],[-118.0989,34.176],[-118.0987,34.1759],[-118.0988,34.1758]]],[[[-118.1364,34.1765],[-118.1364,34.1768],[-118.1362,34.1767],[-118.1364,34.1765]]],[[[-118.1051,34.1842],[-118.1052,34.1845],[-118.105,34.1844],[-118.1051,34.1842]]],[[[-118.1052,34.1845],[-118.1052,34.1848],[-118.105,34.1847],[-118.1052,34.1845]]],[[[-118.1055,34.1846],[-118.1056,34.1849],[-118.1054,34.1848],[-118.1055,34.1846]]],[[[-118.1576,34.1857],[-118.1576,34.186],[-118.1574,34.1859],[-118.1576,34.1857]]],[[[-118.1047,34.186],[-118.1048,34.1863],[-118.1045,34.1861],[-118.1047,34.186]]],[[[-118.1577,34.186],[-118.1578,34.1862],[-118.1576,34.1862],[-118.1577,34.186]]],[[[-118.1544,34.186],[-118.1545,34.1863],[-118.1543,34.1862],[-118.1544,34.186]]],[[[-118.1572,34.186],[-118.1573,34.1863],[-118.1571,34.1862],[-118.1572,34.186]]],[[[-118.1596,34.1892],[-118.1597,34.1894],[-118.1595,34.1893],[-118.1596,34.1892]]],[[[-118.1602,34.1918],[-118.1603,34.192],[-118.1601,34.192],[-118.1602,34.1918]]],[[[-118.1572,34.2007],[-118.1573,34.201],[-118.157,34.2009],[-118.1572,34.2007]]],[[[-118.0997,34.1674],[-118.0999,34.1675],[-118.0997,34.1677],[-118.0997,34.1674]]],[[[-118.1061,34.1831],[-118.1063,34.1833],[-118.1061,34.1835],[-118.1061,34.1831]]],[[[-118.0791,34.1739],[-118.0792,34.1743],[-118.0789,34.1741],[-118.0791,34.1739]]],[[[-118.0955,34.1633],[-118.0958,34.1636],[-118.0954,34.1635],[-118.0955,34.1633]]],[[[-118.0949,34.1646],[-118.0948,34.1647],[-118.0944,34.1645],[-118.0949,34.1646]]],[[[-118.1369,34.1854],[-118.1371,34.1856],[-118.1367,34.1859],[-118.1369,34.1854]]],[[[-118.073,34.1733],[-118.0732,34.1735],[-118.0729,34.1738],[-118.073,34.1733]]],[[[-118.113,34.1841],[-118.1135,34.1839],[-118.1133,34.1842],[-118.113,34.1841]]],[[[-118.1379,34.1849],[-118.1381,34.1851],[-118.1378,34.1854],[-118.1379,34.1849]]],[[[-118.1539,34.1873],[-118.1541,34.1875],[-118.1537,34.1878],[-118.1539,34.1873]]],[[[-118.1582,34.1852],[-118.1587,34.1855],[-118.1584,34.1856],[-118.1582,34.1852]]],[[[-118.1183,34.1792],[-118.1178,34.179],[-118.1183,34.1788],[-118.1183,34.1792]]],[[[-118.0955,34.1641],[-118.0952,34.1638],[-118.0958,34.1637],[-118.0955,34.1641]]],[[[-118.0559,34.1674],[-118.0553,34.1672],[-118.056,34.1671],[-118.0559,34.1674]]],[[[-118.1571,34.1805],[-118.1566,34.1807],[-118.1563,34.1804],[-118.1571,34.1805]]],[[[-118.1565,34.181],[-118.157,34.1811],[-118.1567,34.1817],[-118.1565,34.181]]],[[[-118.1008,34.1666],[-118.1007,34.1662],[-118.1012,34.1662],[-118.1008,34.1666]]],[[[-118.1354,34.1777],[-118.1346,34.1775],[-118.1351,34.1772],[-118.1354,34.1777]]],[[[-118.1601,34.1914],[-118.1595,34.1909],[-118.1606,34.1913],[-118.1603,34.1917],[-118.1601,34.1914]]],[[[-118.1585,34.1872],[-118.1581,34.1872],[-118.158,34.1862],[-118.1586,34.186],[-118.1585,34.1872]]],[[[-118.1604,34.1942],[-118.1598,34.1949],[-118.1598,34.1932],[-118.1604,34.1933],[-118.1604,34.1942]]],[[[-118.1368,34.178],[-118.1357,34.1779],[-118.1358,34.1768],[-118.1367,34.1771],[-118.1368,34.178]]],[[[-118.1362,34.1776],[-118.1363,34.1776],[-118.1362,34.1775],[-118.1362,34.1776]]],[[[-118.1366,34.1777],[-118.1364,34.1777],[-118.1365,34.1778],[-118.1366,34.1777]]],[[[-118.1571,34.1857],[-118.1569,34.1843],[-118.1563,34.1843],[-118.1577,34.1837],[-118.1579,34.1822],[-118.1586,34.1825],[-118.1582,34.1841],[-118.1586,34.1841],[-118.1578,34.1849],[-118.158,34.1856],[-118.1573,34.1856],[-118.1573,34.186],[-118.1571,34.1857]]],[[[-118.1579,34.1847],[-118.158,34.1847],[-118.1579,34.1846],[-118.1579,34.1847]]],[[[-118.1351,34.1842],[-118.1351,34.1835],[-118.1357,34.1832],[-118.136,34.1839],[-118.1363,34.1831],[-118.1369,34.1837],[-118.1379,34.183],[-118.1386,34.1833],[-118.1386,34.1841],[-118.138,34.1842],[-118.1375,34.1855],[-118.1349,34.1846],[-118.1351,34.1842]]],[[[-118.1575,34.2114],[-118.1576,34.2106],[-118.1591,34.2106],[-118.1598,34.2102],[-118.1592,34.209],[-118.1599,34.2084],[-118.1598,34.2079],[-118.1614,34.2075],[-118.1618,34.2092],[-118.1597,34.211],[-118.16,34.2112],[-118.1596,34.2118],[-118.1588,34.2124],[-118.1576,34.2121],[-118.157,34.2132],[-118.1578,34.2132],[-118.158,34.2143],[-118.1565,34.2145],[-118.1567,34.2158],[-118.1544,34.2171],[-118.1558,34.2177],[-118.1565,34.2191],[-118.1552,34.2203],[-118.1532,34.2211],[-118.1522,34.2209],[-118.1506,34.2216],[-118.1488,34.2216],[-118.1456,34.2199],[-118.1447,34.2199],[-118.1438,34.2184],[-118.1415,34.2171],[-118.1359,34.2181],[-118.1337,34.2172],[-118.1328,34.2177],[-118.1344,34.2187],[-118.1352,34.2186],[-118.1349,34.2196],[-118.1319,34.2195],[-118.1288,34.2215],[-118.1282,34.2215],[-118.1275,34.2209],[-118.1272,34.2219],[-118.1249,34.2226],[-118.1236,34.2242],[-118.1218,34.2252],[-118.1206,34.2251],[-118.1215,34.2243],[-118.1208,34.2236],[-118.1193,34.2242],[-118.118,34.2241],[-118.1183,34.2252],[-118.1177,34.225],[-118.1176,34.2258],[-118.1168,34.2258],[-118.1177,34.2273],[-118.1168,34.2291],[-118.1175,34.2295],[-118.1173,34.2302],[-118.116,34.2305],[-118.1159,34.2312],[-118.1205,34.2307],[-118.1197,34.2318],[-118.1201,34.233],[-118.1194,34.2348],[-118.1129,34.2341],[-118.1063,34.2321],[-118.1034,34.2286],[-118.1021,34.2257],[-118.1,34.227],[-118.0987,34.2268],[-118.0992,34.228],[-118.0982,34.2283],[-118.0983,34.2288],[-118.097,34.2286],[-118.0965,34.229],[-118.097,34.2296],[-118.0944,34.2295],[-118.0956,34.2299],[-118.0961,34.2307],[-118.0947,34.2302],[-118.0952,34.2314],[-118.0949,34.2313],[-118.0951,34.2322],[-118.0944,34.2328],[-118.0947,34.2336],[-118.0943,34.2338],[-118.0926,34.2343],[-118.0917,34.2336],[-118.092,34.2328],[-118.0905,34.2325],[-118.0894,34.2333],[-118.089,34.2323],[-118.0887,34.2339],[-118.0878,34.2333],[-118.0865,34.2342],[-118.0858,34.2356],[-118.0863,34.236],[-118.0853,34.2365],[-118.084,34.2361],[-118.0823,34.2366],[-118.0794,34.236],[-118.0755,34.2342],[-118.0743,34.232],[-118.0717,34.2315],[-118.0707,34.2302],[-118.0694,34.2297],[-118.0695,34.2293],[-118.0678,34.2278],[-118.0683,34.2267],[-118.0664,34.2262],[-118.0628,34.2235],[-118.0629,34.2227],[-118.0617,34.2225],[-118.0603,34.2199],[-118.0595,34.2197],[-118.0593,34.2177],[-118.0599,34.2171],[-118.062,34.2167],[-118.0637,34.2169],[-118.0628,34.2157],[-118.0621,34.2133],[-118.0615,34.2133],[-118.0608,34.2141],[-118.0595,34.2136],[-118.0586,34.214],[-118.0589,34.215],[-118.058,34.215],[-118.0569,34.2158],[-118.0546,34.215],[-118.0565,34.2133],[-118.0586,34.213],[-118.059,34.2126],[-118.0583,34.2117],[-118.0553,34.2106],[-118.0537,34.2091],[-118.0519,34.2084],[-118.0504,34.2062],[-118.0474,34.2042],[-118.0461,34.2038],[-118.0457,34.2042],[-118.0455,34.2036],[-118.0437,34.2033],[-118.0427,34.2024],[-118.0374,34.2009],[-118.0386,34.201],[-118.0398,34.1992],[-118.0396,34.1966],[-118.0376,34.1954],[-118.034,34.1913],[-118.0327,34.1905],[-118.0323,34.1892],[-118.031,34.1887],[-118.0295,34.1891],[-118.0288,34.1882],[-118.024,34.1881],[-118.0245,34.187],[-118.0236,34.1861],[-118.0236,34.1852],[-118.0209,34.1846],[-118.0192,34.1837],[-118.0183,34.1841],[-118.0164,34.183],[-118.0141,34.1836],[-118.0131,34.1834],[-118.0153,34.1824],[-118.0158,34.1812],[-118.0178,34.1792],[-118.0177,34.1786],[-118.02,34.1766],[-118.0199,34.1775],[-118.0206,34.1777],[-118.022,34.1769],[-118.0226,34.1774],[-118.0247,34.1772],[-118.0264,34.1761],[-118.0282,34.1745],[-118.0285,34.1716],[-118.0295,34.1719],[-118.0303,34.1707],[-118.0319,34.171],[-118.0328,34.1724],[-118.0338,34.1724],[-118.0341,34.1712],[-118.0361,34.1713],[-118.0365,34.1709],[-118.037,34.1712],[-118.0363,34.1718],[-118.0373,34.1724],[-118.0387,34.171],[-118.0393,34.1715],[-118.0407,34.1716],[-118.043,34.1743],[-118.0427,34.1762],[-118.0431,34.1762],[-118.0439,34.1745],[-118.0444,34.1742],[-118.0451,34.1747],[-118.0462,34.1739],[-118.0458,34.1725],[-118.0475,34.1718],[-118.0463,34.1721],[-118.0462,34.1702],[-118.0473,34.1698],[-118.0503,34.1705],[-118.0509,34.171],[-118.0504,34.172],[-118.0513,34.1723],[-118.0516,34.1713],[-118.0533,34.1712],[-118.0541,34.1719],[-118.0542,34.1741],[-118.0575,34.175],[-118.0586,34.1746],[-118.0592,34.173],[-118.0595,34.1732],[-118.0594,34.1739],[-118.0606,34.1739],[-118.0611,34.172],[-118.062,34.171],[-118.0631,34.1712],[-118.0636,34.1723],[-118.0651,34.1733],[-118.0659,34.1733],[-118.0659,34.1725],[-118.0682,34.1735],[-118.0685,34.172],[-118.0705,34.1721],[-118.0701,34.17],[-118.0709,34.1695],[-118.0719,34.1703],[-118.0713,34.1709],[-118.0711,34.1726],[-118.07,34.1745],[-118.0715,34.1739],[-118.0712,34.1736],[-118.0717,34.174],[-118.0726,34.1737],[-118.0735,34.174],[-118.074,34.1747],[-118.0748,34.1741],[-118.0755,34.1724],[-118.0748,34.1722],[-118.075,34.1713],[-118.0758,34.1719],[-118.0779,34.1688],[-118.0792,34.168],[-118.0803,34.1666],[-118.0807,34.1669],[-118.0796,34.1704],[-118.0773,34.1713],[-118.0762,34.1725],[-118.0778,34.1738],[-118.0765,34.1779],[-118.0796,34.1817],[-118.0798,34.1831],[-118.081,34.1834],[-118.0824,34.1829],[-118.0841,34.1835],[-118.0846,34.1823],[-118.0859,34.1828],[-118.0879,34.1801],[-118.0924,34.178],[-118.0922,34.1777],[-118.0935,34.1761],[-118.0933,34.1754],[-118.0924,34.1752],[-118.0932,34.1743],[-118.0921,34.1725],[-118.0912,34.172],[-118.089,34.1732],[-118.0856,34.1731],[-118.0863,34.1718],[-118.0874,34.1712],[-118.0861,34.1689],[-118.0841,34.1671],[-118.0819,34.1638],[-118.0815,34.1621],[-118.0853,34.1619],[-118.0853,34.1629],[-118.0822,34.1628],[-118.0841,34.1654],[-118.0879,34.1683],[-118.0886,34.1698],[-118.0923,34.1685],[-118.0943,34.1687],[-118.0959,34.1677],[-118.0968,34.168],[-118.0971,34.1673],[-118.0958,34.1674],[-118.0954,34.167],[-118.0963,34.1669],[-118.0962,34.1662],[-118.0967,34.1658],[-118.0979,34.1669],[-118.0978,34.1677],[-118.0963,34.1692],[-118.0963,34.1698],[-118.0969,34.1703],[-118.0972,34.1693],[-118.0983,34.1697],[-118.0982,34.1721],[-118.0975,34.1738],[-118.0984,34.1763],[-118.098,34.1796],[-118.0968,34.181],[-118.1005,34.1842],[-118.1014,34.1836],[-118.1021,34.1844],[-118.1028,34.1835],[-118.1029,34.1847],[-118.1038,34.1849],[-118.103,34.1857],[-118.1029,34.1876],[-118.1035,34.1883],[-118.1039,34.1879],[-118.1047,34.1882],[-118.1053,34.189],[-118.1048,34.1895],[-118.1055,34.1896],[-118.1055,34.1905],[-118.1074,34.1892],[-118.1082,34.1905],[-118.1095,34.1911],[-118.1105,34.1905],[-118.1103,34.1897],[-118.1109,34.1895],[-118.1129,34.1901],[-118.1123,34.1896],[-118.1119,34.1878],[-118.1124,34.187],[-118.1137,34.187],[-118.1131,34.1857],[-118.1138,34.1852],[-118.1143,34.1854],[-118.1138,34.1837],[-118.1143,34.1819],[-118.1147,34.1812],[-118.1163,34.1818],[-118.1175,34.1807],[-118.1179,34.1796],[-118.1185,34.1802],[-118.1176,34.1816],[-118.1177,34.1835],[-118.1174,34.1835],[-118.1172,34.1817],[-118.1164,34.1824],[-118.117,34.1829],[-118.1166,34.1833],[-118.1185,34.1852],[-118.1212,34.1854],[-118.1219,34.1829],[-118.1229,34.1826],[-118.1249,34.1833],[-118.1253,34.183],[-118.1246,34.1846],[-118.1262,34.1854],[-118.1269,34.1853],[-118.126,34.185],[-118.1265,34.1836],[-118.128,34.1832],[-118.125,34.1823],[-118.1259,34.1821],[-118.1253,34.1814],[-118.1265,34.1812],[-118.1273,34.1824],[-118.1279,34.1804],[-118.129,34.1796],[-118.1284,34.1786],[-118.1304,34.1783],[-118.1304,34.179],[-118.1316,34.1797],[-118.1299,34.18],[-118.1305,34.1803],[-118.1329,34.1798],[-118.1332,34.1803],[-118.1334,34.179],[-118.1338,34.1785],[-118.1343,34.1786],[-118.1349,34.1793],[-118.1348,34.1802],[-118.1358,34.1794],[-118.136,34.1806],[-118.137,34.1813],[-118.1369,34.1823],[-118.1357,34.1829],[-118.1351,34.1818],[-118.1328,34.1824],[-118.1326,34.1836],[-118.132,34.1837],[-118.1332,34.1841],[-118.134,34.1837],[-118.1343,34.1854],[-118.1353,34.1863],[-118.1353,34.1875],[-118.1357,34.1873],[-118.137,34.1891],[-118.1377,34.1893],[-118.138,34.189],[-118.1373,34.1886],[-118.1374,34.1883],[-118.1393,34.1886],[-118.1405,34.1862],[-118.1427,34.1867],[-118.1436,34.1856],[-118.144,34.1858],[-118.1438,34.1871],[-118.1461,34.1878],[-118.1488,34.187],[-118.1492,34.1874],[-118.1497,34.1871],[-118.1497,34.1877],[-118.1504,34.1876],[-118.1512,34.1867],[-118.1512,34.1847],[-118.1523,34.1845],[-118.1525,34.1828],[-118.1539,34.183],[-118.1545,34.1819],[-118.1544,34.1807],[-118.1554,34.1805],[-118.1562,34.1833],[-118.1558,34.1834],[-118.1554,34.1826],[-118.1551,34.1828],[-118.1549,34.1858],[-118.1539,34.1853],[-118.1527,34.1856],[-118.153,34.1865],[-118.1532,34.1859],[-118.1538,34.186],[-118.154,34.187],[-118.1531,34.1878],[-118.1525,34.1873],[-118.1522,34.1884],[-118.1543,34.1884],[-118.1545,34.1873],[-118.1564,34.1874],[-118.1567,34.1865],[-118.1573,34.1873],[-118.1585,34.1876],[-118.1594,34.1867],[-118.1597,34.188],[-118.1581,34.1909],[-118.1585,34.1911],[-118.1581,34.1927],[-118.1588,34.1934],[-118.1582,34.1945],[-118.1588,34.196],[-118.158,34.1965],[-118.1581,34.197],[-118.1588,34.1972],[-118.1588,34.1984],[-118.1596,34.2007],[-118.1589,34.2017],[-118.158,34.2018],[-118.157,34.199],[-118.1561,34.1987],[-118.1564,34.2016],[-118.157,34.2022],[-118.1558,34.2027],[-118.1576,34.203],[-118.1584,34.2022],[-118.1589,34.2035],[-118.1593,34.2035],[-118.1594,34.2022],[-118.1602,34.2023],[-118.1606,34.2031],[-118.1611,34.2021],[-118.1609,34.2013],[-118.1614,34.2012],[-118.162,34.2018],[-118.1621,34.203],[-118.161,34.2031],[-118.1609,34.2047],[-118.1581,34.205],[-118.1585,34.2057],[-118.1592,34.2058],[-118.1593,34.2065],[-118.1589,34.2071],[-118.1568,34.208],[-118.1575,34.2107],[-118.1567,34.2107],[-118.1575,34.2114]]]]},"properties":{"name":"Eaton","year":2025,"acres":14021,"agency":"WFIGS"}}]}