{"type":"FeatureCollection","features":[{"type":"Feature","geometry":{"type":"Polygon","coordinates":[[[-118.16059,34.15507],[-118.16092,34.15508],[-118.16091,34.15535],[-118.16124,34.15535],[-118.16123,34.15562],[-118.16156,34.15563],[-118.16155,34.1559],[-118.1622,34.15591],[-118.16219,34.15618],[-118.16285,34.15619],[-118.16284,34.15646],[-118.16349,34.15647],[-118.16348,34.15674],[-118.16381,34.15675],[-118.16381,34.15648],[-118.16447,34.15649],[-118.16447,34.15622],[-118.1648,34.15622],[-118.16477,34.1573],[-118.1651,34.15731],[-118.16509,34.15758],[-118.16639,34.1576],[-118.16639,34.15787],[-118.16671,34.15787],[-118.16669,34.15896],[-118.16701,34.15896],[-118.167,34.15923],[-118.16668,34.15923],[-118.16667,34.15977],[-118.16634,34.15976],[-118.16632,34.16057],[-118.16665,34.16058],[-118.16664,34.16085],[-118.16697,34.16085],[-118.16694,34.16193],[-118.16662,34.16193],[-118.1666,34.16274],[-118.16627,34.16274],[-118.16627,34.16301],[-118.16594,34.163],[-118.16592,34.16381],[-118.1656,34.16381],[-118.16556,34.16543],[-118.16588,34.16543],[-118.16588,34.1657],[-118.16653,34.16571],[-118.16652,34.16598],[-118.16717,34.166],[-118.16714,34.16735],[-118.16747,34.16735],[-118.16745,34.16789],[-118.16778,34.1679],[-118.16777,34.16844],[-118.16809,34.16844],[-118.16808,34.16898],[-118.16841,34.16899],[-118.16839,34.16953],[-118.16872,34.16954],[-118.16871,34.17008],[-118.16903,34.17008],[-118.169,34.17116],[-118.16933,34.17117],[-118.16932,34.17171],[-118.16867,34.1717],[-118.16867,34.17143],[-118.16835,34.17142],[-118.16835,34.17115],[-118.1677,34.17114],[-118.16771,34.17087],[-118.16738,34.17087],[-118.16738,34.17114],[-118.16705,34.17113],[-118.16705,34.1714],[-118.16641,34.17139],[-118.16559,34.16981],[-118.16507,34.16843],[-118.16421,34.16698],[-118.16347,34.16537],[-118.16291,34.16371],[-118.16277,34.16318],[-118.16274,34.16308],[-118.16245,34.16201],[-118.16178,34.15953],[-118.1605,34.1548],[-118.1606,34.1548],[-118.16059,34.15507]]]},"properties":{"FHSZ":-3,"FHSZ_Description":"NonWildland"}},{"type":"Feature","geometry":{"type":"Polygon","coordinates":[[[-118.27349,34.24527],[-118.27284,34.24526],[-118.27285,34.24499],[-118.27219,34.24498],[-118.2722,34.24471],[-118.27187,34.24471],[-118.27188,34.24444],[-118.27123,34.24443],[-118.27124,34.24416],[-118.27091,34.24415],[-118.2709,34.24442],[-118.27058,34.24442],[-118.27058,34.24415],[-118.27026,34.24414],[-118.27026,34.24387],[-118.26929,34.24386],[-118.26929,34.24359],[-118.26832,34.24357],[-118.26831,34.24384],[-118.26766,34.24383],[-118.26766,34.24356],[-118.26734,34.24356],[-118.26735,34.24329],[-118.26539,34.24326],[-118.2654,34.24298],[-118.26475,34.24298],[-118.26475,34.24271],[-118.26443,34.2427],[-118.26442,34.24297],[-118.26344,34.24296],[-118.26345,34.24269],[-118.2628,34.24268],[-118.2628,34.24267],[-118.2628,34.2424],[-118.26117,34.24238],[-118.26118,34.24211],[-118.26053,34.2421],[-118.26054,34.24183],[-118.26021,34.24182],[-118.26023,34.24101],[-118.25958,34.241],[-118.25958,34.24073],[-118.25959,34.24046],[-118.25894,34.24045],[-118.25894,34.24018],[-118.25829,34.24017],[-118.2583,34.2399],[-118.25797,34.2399],[-118.25798,34.23963],[-118.25765,34.23962],[-118.25766,34.23935],[-118.25733,34.23935],[-118.25734,34.23908],[-118.25636,34.23906],[-118.25637,34.23879],[-118.25637,34.23852],[-118.25605,34.23852],[-118.25606,34.23797],[-118.25638,34.23798],[-118.2564,34.23744],[-118.25607,34.23743],[-118.25608,34.23689],[-118.25576,34.23689],[-118.25576,34.23662],[-118.25544,34.23661],[-118.25544,34.23634],[-118.25512,34.23634],[-118.25513,34.2358],[-118.25481,34.23579],[-118.25482,34.23525],[-118.25449,34.23525],[-118.2545,34.23471],[-118.25418,34.2347],[-118.25418,34.23443],[-118.25386,34.23443],[-118.25387,34.23389],[-118.25355,34.23388],[-118.25355,34.23361],[-118.2516,34.23358],[-118.2516,34.23331],[-118.25095,34.2333],[-118.25096,34.23303],[-118.25063,34.23302],[-118.25064,34.23275],[-118.24999,34.23274],[-118.24999,34.23247],[-118.24869,34.23245],[-118.2487,34.23191],[-118.24805,34.2319],[-118.24806,34.23163],[-118.24773,34.23163],[-118.24774,34.23136],[-118.24741,34.23135],[-118.24744,34.23],[-118.24712,34.23],[-118.24713,34.22946],[-118.2468,34.22945],[-118.24681,34.22891],[-118.24649,34.2289],[-118.2465,34.22836],[-118.24617,34.22836],[-118.24621,34.22701],[-118.24588,34.227],[-118.24589,34.22646],[-118.24557,34.22646],[-118.24557,34.22619],[-118.24525,34.22618],[-118.24526,34.22564],[-118.24493,34.22563],[-118.24494,34.22536],[-118.24527,34.22537],[-118.24528,34.22483],[-118.24495,34.22482],[-118.24496,34.22428],[-118.24334,34.22426],[-118.24334,34.22399],[-118.24237,34.22397],[-118.24238,34.22343],[-118.24173,34.22342],[-118.24173,34.22315],[-118.24043,34.22313],[-118.24044,34.22286],[-118.24011,34.22286],[-118.24013,34.22178],[-118.23981,34.22177],[-118.23983,34.22096],[-118.2395,34.22095],[-118.23952,34.22014],[-118.23919,34.22014],[-118.2392,34.21987],[-118.23822,34.21985],[-118.23823,34.21958],[-118.2379,34.21958],[-118.23791,34.21931],[-118.23758,34.2193],[-118.23759,34.21903],[-118.23792,34.21904],[-118.23793,34.2185],[-118.2376,34.21849],[-118.23762,34.21768],[-118.23729,34.21767],[-118.23731,34.21686],[-118.23699,34.21686],[-118.237,34.21605],[-118.23668,34.21604],[-118.23669,34.21577],[-118.23636,34.21577],[-118.23638,34.21496],[-118.23605,34.21495],[-118.23606,34.21468],[-118.23573,34.21468],[-118.23574,34.2144],[-118.23541,34.2144],[-118.23542,34.21413],[-118.23444,34.21411],[-118.23445,34.21384],[-118.23412,34.21384],[-118.23413,34.21357],[-118.23315,34.21355],[-118.23316,34.21328],[-118.23283,34.21328],[-118.23284,34.21301],[-118.23186,34.21299],[-118.23187,34.21272],[-118.23154,34.21272],[-118.23155,34.21245],[-118.23122,34.21244],[-118.23124,34.21163],[-118.23092,34.21163],[-118.23092,34.21136],[-118.23125,34.21136],[-118.23125,34.21109],[-118.23158,34.2111],[-118.23159,34.21082],[-118.23126,34.21082],[-118.23129,34.20947],[-118.23096,34.20946],[-118.23097,34.20919],[-118.23065,34.20919],[-118.23065,34.20892],[-118.23033,34.20891],[-118.23033,34.20864],[-118.22968,34.20863],[-118.22969,34.20836],[-118.22936,34.20836],[-118.22937,34.20809],[-118.22969,34.20809],[-118.22971,34.20755],[-118.22938,34.20755],[-118.22939,34.20701],[-118.22907,34.207],[-118.22908,34.20646],[-118.22875,34.20645],[-118.22876,34.20618],[-118.22843,34.20618],[-118.22845,34.20537],[-118.22878,34.20537],[-118.22878,34.2051],[-118.23009,34.20512],[-118.2301,34.20431],[-118.23076,34.20432],[-118.23077,34.20378],[-118.23142,34.20379],[-118.23142,34.20352],[-118.23175,34.20353],[-118.23176,34.20326],[-118.23208,34.20326],[-118.23209,34.20299],[-118.23241,34.203],[-118.23242,34.20273],[-118.23209,34.20272],[-118.23211,34.20218],[-118.23243,34.20218],[-118.23247,34.20056],[-118.23279,34.20057],[-118.23279,34.20084],[-118.23311,34.20084],[-118.23311,34.20111],[-118.23343,34.20112],[-118.23343,34.20139],[-118.2331,34.20138],[-118.23308,34.20219],[-118.23341,34.2022],[-118.2334,34.20274],[-118.23372,34.20275],[-118.23372,34.20302],[-118.23404,34.20302],[-118.23403,34.20356],[-118.23435,34.20357],[-118.23435,34.20384],[-118.23402,34.20383],[-118.234,34.20464],[-118.23368,34.20464],[-118.23366,34.20545],[-118.23333,34.20544],[-118.23333,34.20571],[-118.23365,34.20572],[-118.23363,34.2068],[-118.23396,34.20681],[-118.23394,34.20735],[-118.23427,34.20735],[-118.23426,34.20789],[-118.23458,34.2079],[-118.23457,34.20844],[-118.2349,34.20844],[-118.23489,34.20871],[-118.23587,34.20873],[-118.23585,34.20927],[-118.23618,34.20927],[-118.23616,34.21008],[-118.23649,34.21009],[-118.23648,34.21036],[-118.23616,34.21035],[-118.23614,34.21117],[-118.23646,34.21117],[-118.23645,34.21171],[-118.23678,34.21172],[-118.23677,34.21199],[-118.2371,34.21199],[-118.23708,34.21253],[-118.23741,34.21254],[-118.2374,34.21281],[-118.23773,34.21281],[-118.23772,34.21308],[-118.23837,34.21309],[-118.23837,34.21336],[-118.23869,34.21337],[-118.23902,34.21337],[-118.23934,34.21338],[-118.23933,34.21392],[-118.23966,34.21393],[-118.23965,34.21419],[-118.23998,34.2142],[-118.23997,34.21447],[-118.2403,34.21448],[-118.24029,34.21502],[-118.24094,34.21503],[-118.24093,34.2153],[-118.2406,34.21529],[-118.2406,34.21556],[-118.24092,34.21557],[-118.24092,34.21584],[-118.24124,34.21584],[-118.24124,34.21611],[-118.24156,34.21612],[-118.24156,34.21639],[-118.24221,34.2164],[-118.2422,34.21667],[-118.24253,34.21667],[-118.24252,34.21694],[-118.24285,34.21695],[-118.24284,34.21722],[-118.24317,34.21722],[-118.24316,34.21776],[-118.24348,34.21777],[-118.24347,34.21804],[-118.24412,34.21805],[-118.24412,34.21832],[-118.24444,34.21833],[-118.24445,34.21805],[-118.24478,34.21806],[-118.24477,34.21833],[-118.2451,34.21834],[-118.24508,34.21915],[-118.2454,34.21915],[-118.24538,34.22023],[-118.24571,34.22024],[-118.2457,34.22051],[-118.24602,34.22051],[-118.246,34.2216],[-118.24633,34.2216],[-118.24632,34.22187],[-118.24665,34.22187],[-118.24663,34.22242],[-118.24761,34.22243],[-118.2476,34.2227],[-118.24793,34.22271],[-118.24792,34.22298],[-118.24825,34.22298],[-118.24823,34.22379],[-118.24888,34.2238],[-118.24921,34.22381],[-118.2492,34.22408],[-118.2492,34.22435],[-118.24952,34.22435],[-118.24952,34.22462],[-118.24984,34.22463],[-118.24981,34.22598],[-118.25046,34.22599],[-118.25046,34.22626],[-118.25143,34.22628],[-118.25143,34.22655],[-118.25175,34.22655],[-118.25175,34.22682],[-118.25207,34.22683],[-118.25207,34.2271],[-118.25239,34.2271],[-118.25238,34.22764],[-118.25336,34.22766],[-118.25335,34.22793],[-118.25368,34.22793],[-118.25367,34.2282],[-118.254,34.22821],[-118.25399,34.22848],[-118.25464,34.22849],[-118.25463,34.22876],[-118.25561,34.22877],[-118.25561,34.22904],[-118.25593,34.22905],[-118.25593,34.22932],[-118.25658,34.22933],[-118.25657,34.2296],[-118.2569,34.2296],[-118.25689,34.22987],[-118.25722,34.22988],[-118.2572,34.23069],[-118.25752,34.2307],[-118.25752,34.23097],[-118.25784,34.23097],[-118.25784,34.23124],[-118.25816,34.23125],[-118.25849,34.23125],[-118.25848,34.23152],[-118.25848,34.23179],[-118.25913,34.2318],[-118.25912,34.23234],[-118.25944,34.23235],[-118.25944,34.23262],[-118.26041,34.23263],[-118.26041,34.2329],[-118.26138,34.23292],[-118.26138,34.23319],[-118.2617,34.23319],[-118.2617,34.23346],[-118.26202,34.23347],[-118.26201,34.23401],[-118.26234,34.23401],[-118.26233,34.23456],[-118.26265,34.23456],[-118.26265,34.23483],[-118.26297,34.23484],[-118.26296,34.23511],[-118.26329,34.23511],[-118.26328,34.23538],[-118.26361,34.23539],[-118.2636,34.23566],[-118.26393,34.23566],[-118.26392,34.23593],[-118.26457,34.23594],[-118.26456,34.23648],[-118.26489,34.23649],[-118.26521,34.23649],[-118.26521,34.23676],[-118.26553,34.23677],[-118.26552,34.23731],[-118.26585,34.23731],[-118.26583,34.23812],[-118.26615,34.23813],[-118.26615,34.2384],[-118.26647,34.2384],[-118.26646,34.23922],[-118.26678,34.23922],[-118.26678,34.23949],[-118.26677,34.23976],[-118.26676,34.2403],[-118.26708,34.24031],[-118.26741,34.24031],[-118.2674,34.24058],[-118.26739,34.24112],[-118.26772,34.24113],[-118.26771,34.2414],[-118.26804,34.2414],[-118.26803,34.24167],[-118.26868,34.24168],[-118.26867,34.24222],[-118.269,34.24223],[-118.26932,34.24223],[-118.26932,34.2425],[-118.26997,34.24251],[-118.26996,34.24278],[-118.27029,34.24279],[-118.27028,34.24306],[-118.27061,34.24306],[-118.27061,34.24279],[-118.27159,34.24281],[-118.27158,34.24308],[-118.27256,34.24309],[-118.27256,34.24336],[-118.27288,34.24337],[-118.27287,34.24364],[-118.2732,34.24365],[-118.27321,34.24337],[-118.27353,34.24338],[-118.27352,34.24419],[-118.27384,34.24419],[-118.27384,34.24446],[-118.27381,34.24555],[-118.27348,34.24554],[-118.27349,34.24527]]]},"properties":{"FHSZ":-3,"FHSZ_Description":"NonWildland"}},{"type":"Feature","geometry":{"type":"Polygon","coordinates":[[[-118.28727,34.25576],[-118.28629,34.25574],[-118.28631,34.2552],[-118.28598,34.2552],[-118.286,34.25411],[-118.28568,34.25411],[-118.28569,34.25357],[-118.28536,34.25356],[-118.28537,34.25329],[-118.28504,34.25329],[-118.28506,34.25248],[-118.28474,34.25247],[-118.28474,34.2522],[-118.28442,34.2522],[-118.28442,34.25193],[-118.2841,34.25192],[-118.28411,34.25138],[-118.28378,34.25138],[-118.28379,34.25111],[-118.28346,34.2511],[-118.28347,34.25083],[-118.28314,34.25083],[-118.28315,34.25055],[-118.28282,34.25055],[-118.28284,34.25001],[-118.28316,34.25001],[-118.28317,34.24974],[-118.28545,34.24978],[-118.28545,34.24951],[-118.28611,34.24952],[-118.2861,34.24979],[-118.28642,34.24979],[-118.28642,34.25006],[-118.28674,34.25007],[-118.28675,34.2498],[-118.28708,34.2498],[-118.28707,34.25007],[-118.2874,34.25008],[-118.28741,34.24954],[-118.28806,34.24955],[-118.28805,34.24982],[-118.28845,34.24982],[-118.28845,34.24988],[-118.28845,34.2499],[-118.28844,34.25039],[-118.28842,34.25077],[-118.2884,34.25131],[-118.28824,34.25306],[-118.28786,34.2548],[-118.28744,34.25603],[-118.28727,34.25603],[-118.28727,34.25576]]]},"properties":{"FHSZ":-3,"FHSZ_Description":"NonWildland"}},{"type":"Feature","geometry":{"type":"Polygon","coordinates":[[[-118.30948,34.1928],[-118.30915,34.1928],[-118.30916,34.19226],[-118.30786,34.19224],[-118.30787,34.19197],[-118.30689,34.19195],[-118.3069,34.19141],[-118.30658,34.19141],[-118.3066,34.19033],[-118.30628,34.19032],[-118.30629,34.18978],[-118.30531,34.18977],[-118.30532,34.1895],[-118.30467,34.18949],[-118.30467,34.18922],[-118.30402,34.18921],[-118.30403,34.18894],[-118.30305,34.18892],[-118.30306,34.18865],[-118.3024,34.18864],[-118.30241,34.18837],[-118.30176,34.18836],[-118.30177,34.18809],[-118.30111,34.18808],[-118.30112,34.18781],[-118.30047,34.1878],[-118.30046,34.18807],[-118.30014,34.18807],[-118.30015,34.1878],[-118.29982,34.18779],[-118.29982,34.18752],[-118.29885,34.18751],[-118.29884,34.18778],[-118.29852,34.18777],[-118.29852,34.1875],[-118.29787,34.18749],[-118.29787,34.18776],[-118.29657,34.18774],[-118.29657,34.18747],[-118.29624,34.18747],[-118.29626,34.18693],[-118.29593,34.18692],[-118.29595,34.18611],[-118.29562,34.18611],[-118.29564,34.18557],[-118.29531,34.18556],[-118.29532,34.18529],[-118.29466,34.18528],[-118.29467,34.18501],[-118.29435,34.18501],[-118.29434,34.18528],[-118.29401,34.18527],[-118.29402,34.185],[-118.29369,34.185],[-118.2937,34.18473],[-118.29272,34.18471],[-118.29273,34.18444],[-118.29143,34.18442],[-118.29143,34.18415],[-118.29111,34.18415],[-118.29111,34.18388],[-118.29079,34.18387],[-118.29079,34.1836],[-118.28982,34.18359],[-118.28982,34.18332],[-118.2895,34.18331],[-118.28949,34.18358],[-118.28884,34.18357],[-118.28884,34.18384],[-118.28753,34.18382],[-118.28754,34.18355],[-118.28722,34.18355],[-118.28723,34.18274],[-118.28691,34.18273],[-118.28691,34.18246],[-118.28659,34.18246],[-118.28659,34.18219],[-118.28627,34.18218],[-118.28628,34.18164],[-118.28595,34.18163],[-118.28597,34.18109],[-118.28531,34.18109],[-118.28532,34.18081],[-118.285,34.18081],[-118.285,34.18054],[-118.28435,34.18053],[-118.28436,34.17999],[-118.28404,34.17998],[-118.28404,34.17971],[-118.28437,34.17972],[-118.28439,34.17891],[-118.28406,34.1789],[-118.28408,34.17809],[-118.28375,34.17809],[-118.28377,34.17755],[-118.28344,34.17754],[-118.28346,34.17673],[-118.28313,34.17672],[-118.28314,34.17618],[-118.28282,34.17618],[-118.28282,34.17591],[-118.2825,34.1759],[-118.2825,34.17563],[-118.28251,34.17536],[-118.28252,34.17482],[-118.28187,34.17481],[-118.28188,34.17454],[-118.28155,34.17454],[-118.28156,34.17427],[-118.28123,34.17426],[-118.28124,34.17399],[-118.28026,34.17398],[-118.28027,34.17371],[-118.27994,34.1737],[-118.27995,34.17343],[-118.2793,34.17342],[-118.2793,34.17315],[-118.27833,34.17314],[-118.27833,34.17287],[-118.27768,34.17286],[-118.27769,34.17259],[-118.27736,34.17258],[-118.27738,34.17204],[-118.27705,34.17204],[-118.27706,34.17177],[-118.2764,34.17175],[-118.27641,34.17148],[-118.27511,34.17146],[-118.27511,34.17119],[-118.27446,34.17119],[-118.27447,34.17091],[-118.27415,34.17091],[-118.27415,34.17064],[-118.27252,34.17061],[-118.27252,34.17088],[-118.27154,34.17087],[-118.27155,34.1706],[-118.27122,34.17059],[-118.27123,34.17032],[-118.2709,34.17032],[-118.2709,34.17059],[-118.27025,34.17058],[-118.27025,34.17031],[-118.26928,34.1703],[-118.26927,34.17057],[-118.26797,34.17054],[-118.26797,34.17027],[-118.26765,34.17027],[-118.26766,34.16973],[-118.26734,34.16972],[-118.26734,34.16945],[-118.26702,34.16945],[-118.26703,34.16864],[-118.26671,34.16863],[-118.26672,34.16809],[-118.2664,34.16809],[-118.26641,34.16755],[-118.26608,34.16754],[-118.26609,34.16727],[-118.26576,34.16727],[-118.26577,34.16673],[-118.26545,34.16672],[-118.26546,34.16645],[-118.26513,34.16645],[-118.26514,34.16591],[-118.26482,34.1659],[-118.26482,34.16563],[-118.2645,34.16562],[-118.2645,34.16535],[-118.26385,34.16534],[-118.26386,34.16507],[-118.26288,34.16506],[-118.26289,34.16479],[-118.26094,34.16476],[-118.26095,34.16395],[-118.26063,34.16394],[-118.26063,34.16367],[-118.25998,34.16366],[-118.25999,34.16339],[-118.25966,34.16339],[-118.25968,34.16285],[-118.25902,34.16284],[-118.25903,34.16257],[-118.25871,34.16256],[-118.2587,34.16283],[-118.25805,34.16282],[-118.25805,34.16255],[-118.25675,34.16253],[-118.25675,34.1628],[-118.25642,34.1628],[-118.25642,34.16307],[-118.25479,34.16304],[-118.2548,34.16277],[-118.25414,34.16276],[-118.25415,34.16249],[-118.2535,34.16248],[-118.25351,34.16221],[-118.25286,34.1622],[-118.25286,34.16193],[-118.25254,34.16193],[-118.25253,34.1622],[-118.25221,34.16219],[-118.2522,34.16246],[-118.25187,34.16246],[-118.25188,34.16219],[-118.25155,34.16218],[-118.25156,34.16191],[-118.25091,34.1619],[-118.25092,34.16163],[-118.25026,34.16162],[-118.25027,34.16135],[-118.2493,34.16134],[-118.2493,34.16107],[-118.24898,34.16106],[-118.24899,34.16052],[-118.24834,34.16051],[-118.24834,34.16024],[-118.24769,34.16023],[-118.2477,34.15996],[-118.24737,34.15995],[-118.24738,34.15968],[-118.24673,34.15967],[-118.24672,34.15994],[-118.24542,34.15992],[-118.24543,34.15965],[-118.2451,34.15965],[-118.24511,34.15938],[-118.24478,34.15937],[-118.24478,34.15964],[-118.24348,34.15962],[-118.24347,34.15989],[-118.24184,34.15987],[-118.24185,34.1596],[-118.24217,34.1596],[-118.24221,34.15798],[-118.24188,34.15798],[-118.24191,34.15689],[-118.24158,34.15689],[-118.2416,34.15635],[-118.24127,34.15634],[-118.24128,34.1558],[-118.24096,34.1558],[-118.24096,34.15553],[-118.24064,34.15552],[-118.24064,34.15525],[-118.24032,34.15525],[-118.24035,34.15389],[-118.2397,34.15389],[-118.2397,34.15362],[-118.23938,34.15361],[-118.23938,34.15334],[-118.23906,34.15333],[-118.23906,34.15306],[-118.23874,34.15306],[-118.23875,34.15279],[-118.2381,34.15278],[-118.2381,34.15251],[-118.23713,34.15249],[-118.23713,34.15222],[-118.23616,34.15221],[-118.23615,34.15248],[-118.23582,34.15247],[-118.23584,34.15193],[-118.23551,34.15193],[-118.23552,34.15166],[-118.23487,34.15165],[-118.23488,34.15111],[-118.23455,34.1511],[-118.23456,34.15083],[-118.23391,34.15082],[-118.23391,34.15055],[-118.23294,34.15053],[-118.23296,34.14972],[-118.23263,34.14972],[-118.23266,34.14837],[-118.23234,34.14836],[-118.23234,34.14809],[-118.23267,34.1481],[-118.23269,34.14729],[-118.23301,34.14729],[-118.23303,34.14648],[-118.23336,34.14648],[-118.23336,34.14621],[-118.23369,34.14622],[-118.23369,34.14595],[-118.23337,34.14594],[-118.23337,34.14567],[-118.2337,34.14568],[-118.23373,34.14406],[-118.23341,34.14405],[-118.23342,34.14378],[-118.23374,34.14379],[-118.23375,34.14352],[-118.23342,34.14351],[-118.23343,34.14324],[-118.23375,34.14325],[-118.23377,34.1427],[-118.23409,34.14271],[-118.2341,34.14244],[-118.23377,34.14243],[-118.23378,34.14216],[-118.2341,34.14217],[-118.23411,34.1419],[-118.23443,34.1419],[-118.23445,34.14109],[-118.23478,34.1411],[-118.2348,34.14002],[-118.23448,34.14001],[-118.23448,34.13974],[-118.23546,34.13976],[-118.23546,34.13949],[-118.23611,34.13949],[-118.23612,34.13923],[-118.23677,34.13923],[-118.23678,34.13896],[-118.2371,34.13897],[-118.23711,34.1387],[-118.23776,34.13871],[-118.23776,34.13844],[-118.23874,34.13845],[-118.23875,34.13818],[-118.23907,34.13819],[-118.23908,34.13765],[-118.23973,34.13766],[-118.23974,34.13739],[-118.24007,34.13739],[-118.24007,34.13712],[-118.24105,34.13714],[-118.24106,34.1366],[-118.24138,34.1366],[-118.24139,34.13633],[-118.24172,34.13634],[-118.24173,34.1358],[-118.2414,34.13579],[-118.24141,34.13552],[-118.24174,34.13553],[-118.24174,34.13526],[-118.24207,34.13526],[-118.24208,34.13472],[-118.24175,34.13471],[-118.24176,34.13444],[-118.24208,34.13445],[-118.24209,34.13418],[-118.24241,34.13418],[-118.24242,34.13391],[-118.24275,34.13392],[-118.24275,34.13365],[-118.24243,34.13364],[-118.24246,34.13202],[-118.24279,34.13202],[-118.2428,34.13175],[-118.24442,34.13178],[-118.24443,34.13151],[-118.24703,34.13155],[-118.24703,34.13128],[-118.24736,34.13128],[-118.24737,34.13101],[-118.24802,34.13102],[-118.24802,34.13075],[-118.24932,34.13077],[-118.24933,34.1305],[-118.24965,34.13051],[-118.24965,34.13078],[-118.24997,34.13078],[-118.24998,34.13051],[-118.2503,34.13052],[-118.25031,34.13025],[-118.25129,34.13026],[-118.2513,34.12945],[-118.25228,34.12947],[-118.25229,34.1292],[-118.25261,34.1292],[-118.25261,34.12947],[-118.25293,34.12948],[-118.25295,34.12866],[-118.2536,34.12868],[-118.2536,34.12841],[-118.25393,34.12841],[-118.25394,34.12814],[-118.25426,34.12815],[-118.25427,34.12787],[-118.25459,34.12788],[-118.2546,34.12734],[-118.25526,34.12735],[-118.25527,34.12681],[-118.25559,34.12681],[-118.2556,34.12654],[-118.25527,34.12654],[-118.25529,34.126],[-118.25496,34.12599],[-118.25496,34.12572],[-118.25529,34.12573],[-118.25531,34.12492],[-118.25563,34.12492],[-118.25564,34.12465],[-118.25531,34.12465],[-118.25533,34.1241],[-118.25565,34.12411],[-118.25566,34.12357],[-118.25534,34.12356],[-118.25536,34.12275],[-118.25471,34.12274],[-118.25471,34.12247],[-118.25439,34.12247],[-118.25442,34.12112],[-118.25377,34.12111],[-118.25378,34.12056],[-118.25345,34.12056],[-118.25346,34.12029],[-118.25313,34.12028],[-118.25314,34.12001],[-118.25217,34.12],[-118.25218,34.11919],[-118.25186,34.11918],[-118.25186,34.11891],[-118.25121,34.1189],[-118.25122,34.11863],[-118.25057,34.11862],[-118.25059,34.11754],[-118.24994,34.11753],[-118.24995,34.11726],[-118.2493,34.11725],[-118.2493,34.11698],[-118.24898,34.11697],[-118.24899,34.1167],[-118.24866,34.1167],[-118.24867,34.11643],[-118.24834,34.11642],[-118.24835,34.11615],[-118.24802,34.11615],[-118.24802,34.11642],[-118.24769,34.11641],[-118.2477,34.11614],[-118.24607,34.11612],[-118.24608,34.11585],[-118.2451,34.11583],[-118.2451,34.1161],[-118.24444,34.11609],[-118.24444,34.11636],[-118.24346,34.11635],[-118.24346,34.11662],[-118.24281,34.11661],[-118.2428,34.11715],[-118.24247,34.11715],[-118.24246,34.11742],[-118.24214,34.11741],[-118.24214,34.11714],[-118.24182,34.11713],[-118.24183,34.11686],[-118.24117,34.11685],[-118.24118,34.11658],[-118.24086,34.11658],[-118.24086,34.11631],[-118.24021,34.1163],[-118.24022,34.11603],[-118.23957,34.11602],[-118.23957,34.11575],[-118.23892,34.11574],[-118.23894,34.11493],[-118.23927,34.11493],[-118.23929,34.11385],[-118.23897,34.11384],[-118.23898,34.1133],[-118.23865,34.1133],[-118.23866,34.11303],[-118.23898,34.11303],[-118.239,34.11249],[-118.23965,34.1125],[-118.23966,34.11196],[-118.23998,34.11197],[-118.23999,34.1117],[-118.24031,34.1117],[-118.24033,34.11089],[-118.24098,34.1109],[-118.24099,34.11036],[-118.24132,34.11037],[-118.24136,34.10874],[-118.24168,34.10875],[-118.2417,34.10767],[-118.24203,34.10767],[-118.24204,34.1074],[-118.24171,34.1074],[-118.24174,34.10604],[-118.24142,34.10604],[-118.24143,34.10523],[-118.24111,34.10522],[-118.24112,34.10468],[-118.2408,34.10468],[-118.24225,34.10379],[-118.24409,34.10289],[-118.24442,34.10276],[-118.2444,34.10338],[-118.24473,34.10339],[-118.24472,34.10366],[-118.24505,34.10366],[-118.24504,34.10393],[-118.24537,34.10394],[-118.24536,34.10421],[-118.24568,34.10421],[-118.24568,34.10448],[-118.246,34.10449],[-118.24599,34.10503],[-118.24664,34.10504],[-118.24663,34.10558],[-118.24695,34.10558],[-118.24695,34.10585],[-118.2476,34.10586],[-118.24758,34.10668],[-118.24791,34.10668],[-118.2479,34.10695],[-118.24823,34.10695],[-118.24822,34.10723],[-118.24854,34.10723],[-118.24854,34.1075],[-118.24919,34.10751],[-118.24918,34.10778],[-118.24951,34.10779],[-118.2495,34.10806],[-118.2508,34.10808],[-118.2508,34.10835],[-118.25112,34.10835],[-118.25112,34.10862],[-118.25144,34.10863],[-118.25144,34.1089],[-118.25176,34.1089],[-118.25175,34.10917],[-118.25273,34.10919],[-118.25272,34.10946],[-118.25337,34.10947],[-118.25337,34.10974],[-118.25369,34.10974],[-118.25369,34.11001],[-118.25401,34.11002],[-118.25401,34.11029],[-118.25433,34.1103],[-118.25432,34.11084],[-118.25464,34.11084],[-118.25464,34.11111],[-118.25496,34.11112],[-118.25496,34.11139],[-118.25593,34.1114],[-118.25592,34.11221],[-118.25689,34.11223],[-118.25688,34.11277],[-118.25753,34.11278],[-118.25752,34.11305],[-118.2585,34.11306],[-118.25849,34.11333],[-118.25882,34.11334],[-118.25882,34.11307],[-118.25915,34.11307],[-118.25912,34.11442],[-118.25944,34.11443],[-118.25944,34.1147],[-118.25976,34.11471],[-118.25976,34.11498],[-118.26203,34.11501],[-118.26203,34.11528],[-118.26235,34.11529],[-118.26235,34.11556],[-118.26267,34.11556],[-118.26265,34.11637],[-118.26298,34.11638],[-118.26296,34.11719],[-118.26329,34.11719],[-118.26327,34.11773],[-118.26295,34.11773],[-118.26294,34.118],[-118.26327,34.118],[-118.26326,34.11854],[-118.26358,34.11855],[-118.26357,34.11909],[-118.26422,34.1191],[-118.26421,34.11964],[-118.26453,34.11965],[-118.26451,34.12073],[-118.26483,34.12073],[-118.26483,34.121],[-118.26515,34.12101],[-118.26514,34.12182],[-118.26579,34.12183],[-118.26576,34.12291],[-118.26609,34.12292],[-118.26608,34.12319],[-118.26641,34.12319],[-118.26637,34.12481],[-118.26605,34.12481],[-118.26603,34.12535],[-118.26571,34.12534],[-118.2657,34.12588],[-118.26602,34.12589],[-118.266,34.1267],[-118.26633,34.12671],[-118.26631,34.12752],[-118.26664,34.12752],[-118.26663,34.12779],[-118.26696,34.1278],[-118.26694,34.12834],[-118.26662,34.12833],[-118.26661,34.1286],[-118.26629,34.1286],[-118.26627,34.12941],[-118.26659,34.12942],[-118.26658,34.12996],[-118.26723,34.12996],[-118.26721,34.13105],[-118.26753,34.13105],[-118.26752,34.13159],[-118.26785,34.1316],[-118.26783,34.13241],[-118.26816,34.13241],[-118.26813,34.1335],[-118.26846,34.1335],[-118.26845,34.13377],[-118.26878,34.13377],[-118.26877,34.13405],[-118.2691,34.13405],[-118.26908,34.13459],[-118.26941,34.1346],[-118.2694,34.13487],[-118.26973,34.13487],[-118.26971,34.13568],[-118.27004,34.13569],[-118.27003,34.13596],[-118.27101,34.13597],[-118.271,34.13624],[-118.27133,34.13625],[-118.27131,34.13679],[-118.27164,34.13679],[-118.27163,34.13706],[-118.27196,34.13707],[-118.27195,34.13734],[-118.27228,34.13734],[-118.27226,34.13815],[-118.27258,34.13816],[-118.27258,34.13843],[-118.27225,34.13843],[-118.27225,34.1387],[-118.27192,34.13869],[-118.27192,34.13896],[-118.27159,34.13896],[-118.27157,34.13977],[-118.2719,34.13977],[-118.27187,34.14085],[-118.27155,34.14085],[-118.27151,34.14247],[-118.27184,34.14248],[-118.27183,34.14275],[-118.27216,34.14275],[-118.27215,34.14329],[-118.2728,34.1433],[-118.27279,34.14357],[-118.27312,34.14358],[-118.27312,34.14331],[-118.27345,34.14331],[-118.27344,34.14385],[-118.27376,34.14386],[-118.27374,34.14467],[-118.27407,34.14467],[-118.27406,34.14494],[-118.27439,34.14495],[-118.27437,34.14576],[-118.27469,34.14576],[-118.27468,34.14658],[-118.275,34.14658],[-118.27499,34.14712],[-118.27532,34.14713],[-118.27527,34.14902],[-118.2756,34.14903],[-118.27559,34.1493],[-118.27592,34.1493],[-118.27584,34.15308],[-118.27551,34.15308],[-118.2755,34.15335],[-118.27583,34.15335],[-118.27581,34.15417],[-118.27549,34.15416],[-118.27548,34.1547],[-118.2758,34.15471],[-118.27578,34.15552],[-118.27676,34.15553],[-118.27675,34.1558],[-118.27708,34.15581],[-118.27707,34.15635],[-118.27739,34.15635],[-118.27738,34.15689],[-118.27771,34.1569],[-118.2777,34.15717],[-118.27802,34.15718],[-118.27802,34.15745],[-118.27835,34.15745],[-118.27834,34.15772],[-118.27899,34.15773],[-118.27898,34.158],[-118.27963,34.15801],[-118.27963,34.15828],[-118.2806,34.1583],[-118.28059,34.15884],[-118.28157,34.15885],[-118.28156,34.15912],[-118.28254,34.15914],[-118.28254,34.15887],[-118.28287,34.15887],[-118.28286,34.15914],[-118.28482,34.15917],[-118.28481,34.15944],[-118.28579,34.15946],[-118.28578,34.15973],[-118.28611,34.15973],[-118.28611,34.15946],[-118.28676,34.15947],[-118.28676,34.15974],[-118.28806,34.15976],[-118.28806,34.15949],[-118.28839,34.15949],[-118.28839,34.15922],[-118.28937,34.15924],[-118.28935,34.16032],[-118.28967,34.16033],[-118.28966,34.16087],[-118.28999,34.16087],[-118.28998,34.16114],[-118.29063,34.16115],[-118.29063,34.16142],[-118.29095,34.16143],[-118.29094,34.1617],[-118.2916,34.16171],[-118.29159,34.16198],[-118.29191,34.16198],[-118.29192,34.16171],[-118.29225,34.16172],[-118.29224,34.16199],[-118.29289,34.162],[-118.29288,34.16254],[-118.29353,34.16255],[-118.29352,34.16282],[-118.29385,34.16282],[-118.29384,34.16309],[-118.29482,34.16311],[-118.29481,34.16338],[-118.29579,34.16339],[-118.29579,34.16312],[-118.29612,34.16313],[-118.29612,34.1634],[-118.29644,34.1634],[-118.29645,34.16313],[-118.29775,34.16315],[-118.29774,34.16342],[-118.29839,34.16343],[-118.2984,34.16316],[-118.29872,34.16316],[-118.29873,34.16289],[-118.29938,34.1629],[-118.29939,34.16263],[-118.30004,34.16264],[-118.30004,34.16237],[-118.30069,34.16238],[-118.3007,34.16211],[-118.30135,34.16212],[-118.30136,34.16185],[-118.30168,34.16186],[-118.30168,34.16213],[-118.302,34.16213],[-118.30201,34.16186],[-118.30233,34.16187],[-118.30232,34.16214],[-118.30265,34.16214],[-118.30266,34.16187],[-118.30331,34.16188],[-118.30331,34.16161],[-118.30364,34.16162],[-118.30364,34.16134],[-118.30429,34.16136],[-118.30431,34.16081],[-118.30463,34.16082],[-118.30463,34.16109],[-118.30495,34.16109],[-118.30496,34.16082],[-118.30561,34.16083],[-118.30561,34.16056],[-118.30594,34.16057],[-118.30595,34.16003],[-118.30628,34.16003],[-118.30629,34.15949],[-118.30694,34.1595],[-118.30693,34.15977],[-118.30726,34.15978],[-118.30726,34.15951],[-118.30824,34.15952],[-118.30823,34.15979],[-118.30856,34.1598],[-118.30857,34.15953],[-118.30889,34.15953],[-118.30889,34.1598],[-118.30953,34.15981],[-118.30955,34.15927],[-118.30987,34.15927],[-118.30988,34.159],[-118.3102,34.15901],[-118.3102,34.15928],[-118.31085,34.15929],[-118.31084,34.15956],[-118.31214,34.15958],[-118.31215,34.15931],[-118.3128,34.15932],[-118.31281,34.15905],[-118.31443,34.15907],[-118.31444,34.1588],[-118.31476,34.15881],[-118.31477,34.15854],[-118.31509,34.15854],[-118.31509,34.15881],[-118.31574,34.15882],[-118.31575,34.15855],[-118.31607,34.15855],[-118.31608,34.15828],[-118.3164,34.15829],[-118.31642,34.15748],[-118.31674,34.15748],[-118.31675,34.15721],[-118.31708,34.15722],[-118.31709,34.15641],[-118.31742,34.15641],[-118.31745,34.15479],[-118.31778,34.15479],[-118.31779,34.15425],[-118.31844,34.15426],[-118.31845,34.15399],[-118.3191,34.154],[-118.3191,34.15373],[-118.31943,34.15374],[-118.31943,34.15346],[-118.31976,34.15347],[-118.31977,34.1532],[-118.32074,34.15321],[-118.32075,34.15294],[-118.32237,34.15297],[-118.32237,34.15324],[-118.32334,34.15325],[-118.32334,34.15352],[-118.32366,34.15353],[-118.32366,34.1538],[-118.32398,34.1538],[-118.32398,34.15407],[-118.32495,34.15409],[-118.32495,34.15436],[-118.3256,34.15437],[-118.32559,34.15464],[-118.32592,34.15464],[-118.32591,34.15491],[-118.32656,34.15492],[-118.32656,34.15519],[-118.32688,34.1552],[-118.32687,34.15574],[-118.32752,34.15575],[-118.32752,34.15602],[-118.32868,34.15604],[-118.32893,34.15671],[-118.32935,34.15841],[-118.32957,34.16014],[-118.32959,34.16187],[-118.3294,34.1636],[-118.32902,34.16531],[-118.32843,34.16698],[-118.32766,34.1686],[-118.3267,34.17014],[-118.32556,34.1716],[-118.32426,34.17297],[-118.32421,34.17301],[-118.32411,34.17311],[-118.32394,34.17327],[-118.32389,34.17332],[-118.3236,34.17359],[-118.32322,34.17394],[-118.32318,34.17398],[-118.3229,34.17424],[-118.32259,34.17453],[-118.32226,34.17484],[-118.32216,34.17493],[-118.32192,34.17516],[-118.32168,34.17539],[-118.32127,34.17577],[-118.32124,34.17579],[-118.32082,34.17622],[-118.32077,34.17627],[-118.32053,34.17738],[-118.31995,34.17908],[-118.31916,34.18072],[-118.31907,34.18086],[-118.31902,34.18113],[-118.31844,34.18283],[-118.31767,34.18448],[-118.3167,34.18606],[-118.31555,34.18755],[-118.31423,34.18894],[-118.31414,34.18903],[-118.3141,34.18906],[-118.31359,34.18955],[-118.31338,34.18974],[-118.31307,34.19004],[-118.31286,34.19024],[-118.31275,34.19034],[-118.31264,34.19044],[-118.31233,34.19074],[-118.31223,34.19083],[-118.31221,34.19085],[-118.31187,34.19118],[-118.31171,34.19133],[-118.31168,34.19136],[-118.31142,34.19159],[-118.31141,34.1916],[-118.31139,34.19162],[-118.31121,34.19179],[-118.31106,34.19193],[-118.31096,34.19203],[-118.31074,34.19223],[-118.31058,34.19238],[-118.31032,34.19263],[-118.3101,34.19285],[-118.30984,34.19309],[-118.30978,34.19315],[-118.30967,34.19325],[-118.30957,34.19335],[-118.30947,34.19335],[-118.30948,34.1928]]]},"properties":{"FHSZ":-3,"FHSZ_Description":"NonWildland"}},{"type":"Feature","geometry":{"type":"Polygon","coordinates":[[[-118.21616,34.12972],[-118.21584,34.12971],[-118.21585,34.12944],[-118.21586,34.12863],[-118.21554,34.12863],[-118.21554,34.12836],[-118.21522,34.12835],[-118.21523,34.12781],[-118.21491,34.12781],[-118.21491,34.12754],[-118.21394,34.12752],[-118.21394,34.12725],[-118.21362,34.12725],[-118.21362,34.12697],[-118.21395,34.12698],[-118.21397,34.1259],[-118.21365,34.12589],[-118.21366,34.12535],[-118.21398,34.12536],[-118.21399,34.12509],[-118.21367,34.12508],[-118.21367,34.12481],[-118.21368,34.12427],[-118.21401,34.12428],[-118.21402,34.124],[-118.21467,34.12401],[-118.21468,34.12347],[-118.21533,34.12349],[-118.21532,34.12376],[-118.2163,34.12377],[-118.21629,34.12404],[-118.21694,34.12405],[-118.21694,34.12432],[-118.21726,34.12433],[-118.21726,34.1246],[-118.21758,34.1246],[-118.21757,34.12487],[-118.21823,34.12488],[-118.21822,34.12515],[-118.21789,34.12515],[-118.21789,34.12542],[-118.21756,34.12541],[-118.21753,34.12703],[-118.21785,34.12704],[-118.21784,34.12731],[-118.21752,34.12731],[-118.2175,34.12812],[-118.21685,34.12811],[-118.21685,34.12838],[-118.21652,34.12837],[-118.21651,34.12864],[-118.21684,34.12865],[-118.21683,34.12919],[-118.2165,34.12918],[-118.21648,34.12999],[-118.21616,34.12999],[-118.21616,34.12972]]]},"properties":{"FHSZ":1,"FHSZ_Description":"Moderate"}},{"type":"Feature","geometry":{"type":"Polygon","coordinates":[[[-118.20458,34.13819],[-118.20296,34.13817],[-118.20297,34.1379],[-118.20264,34.13789],[-118.20265,34.13762],[-118.20232,34.13761],[-118.20233,34.13735],[-118.20265,34.13735],[-118.20266,34.13708],[-118.20331,34.13709],[-118.2033,34.13736],[-118.20363,34.13737],[-118.20362,34.13764],[-118.20622,34.13768],[-118.20623,34.13741],[-118.20688,34.13742],[-118.20689,34.13715],[-118.20721,34.13715],[-118.20721,34.13742],[-118.20916,34.13745],[-118.20916,34.13718],[-118.20949,34.13719],[-118.20948,34.13746],[-118.21013,34.13747],[-118.21014,34.1372],[-118.21079,34.13721],[-118.2108,34.13694],[-118.21112,34.13694],[-118.21113,34.13667],[-118.21145,34.13668],[-118.21146,34.13641],[-118.21243,34.13642],[-118.21244,34.13615],[-118.21277,34.13616],[-118.21277,34.13589],[-118.2131,34.13589],[-118.2131,34.13562],[-118.21375,34.13563],[-118.21376,34.13536],[-118.21441,34.13537],[-118.21442,34.1351],[-118.21474,34.13511],[-118.21475,34.13457],[-118.2154,34.13457],[-118.21542,34.13403],[-118.21574,34.13404],[-118.21577,34.13296],[-118.21609,34.13296],[-118.21612,34.13188],[-118.21644,34.13189],[-118.21643,34.13243],[-118.21675,34.13243],[-118.21674,34.13297],[-118.21707,34.13298],[-118.21705,34.13352],[-118.21738,34.13352],[-118.21737,34.13379],[-118.21705,34.13379],[-118.21704,34.13406],[-118.21672,34.13405],[-118.21671,34.13432],[-118.21639,34.13432],[-118.21638,34.13459],[-118.21573,34.13458],[-118.21572,34.13485],[-118.21507,34.13484],[-118.21505,34.13565],[-118.2144,34.13564],[-118.2144,34.13591],[-118.21407,34.13591],[-118.21402,34.13807],[-118.21305,34.13805],[-118.21304,34.13833],[-118.21206,34.13831],[-118.21207,34.13804],[-118.2111,34.13802],[-118.2111,34.13775],[-118.21013,34.13774],[-118.21012,34.13801],[-118.20914,34.13799],[-118.20915,34.13772],[-118.20883,34.13772],[-118.20882,34.13799],[-118.20817,34.13798],[-118.20817,34.13771],[-118.20785,34.1377],[-118.20784,34.13797],[-118.20687,34.13796],[-118.20686,34.13823],[-118.20654,34.13822],[-118.20653,34.13849],[-118.2062,34.13849],[-118.20621,34.13822],[-118.20491,34.1382],[-118.2049,34.13847],[-118.20458,34.13846],[-118.20458,34.13819]]]},"properties":{"FHSZ":1,"FHSZ_Description":"Moderate"}},{"type":"Feature","geometry":{"type":"Polygon","coordinates":[[[-118.27863,34.24887],[-118.27732,34.24885],[-118.27733,34.24858],[-118.27668,34.24856],[-118.27668,34.24829],[-118.27571,34.24828],[-118.27571,34.24801],[-118.27572,34.24774],[-118.27507,34.24773],[-118.27507,34.24746],[-118.27442,34.24745],[-118.27443,34.24718],[-118.2741,34.24717],[-118.27411,34.2469],[-118.27345,34.24689],[-118.27345,34.24716],[-118.2728,34.24715],[-118.2728,34.24688],[-118.27248,34.24688],[-118.27248,34.24661],[-118.27216,34.2466],[-118.27217,34.24633],[-118.27184,34.24633],[-118.27183,34.2466],[-118.27151,34.24659],[-118.27151,34.24632],[-118.27152,34.24605],[-118.27054,34.24604],[-118.27055,34.24577],[-118.2699,34.24576],[-118.2699,34.24549],[-118.26958,34.24548],[-118.26958,34.24521],[-118.26926,34.24521],[-118.26925,34.24548],[-118.2673,34.24545],[-118.2673,34.24518],[-118.26698,34.24517],[-118.26698,34.2449],[-118.26535,34.24488],[-118.26536,34.24461],[-118.26308,34.24457],[-118.26309,34.2443],[-118.26244,34.24429],[-118.26244,34.24402],[-118.26147,34.24401],[-118.26147,34.24374],[-118.26114,34.24373],[-118.26114,34.244],[-118.26081,34.244],[-118.26082,34.24373],[-118.26017,34.24372],[-118.26017,34.24345],[-118.25952,34.24344],[-118.25953,34.24317],[-118.2592,34.24316],[-118.25921,34.24289],[-118.25888,34.24289],[-118.25889,34.24235],[-118.25824,34.24234],[-118.25825,34.24206],[-118.25792,34.24206],[-118.25793,34.24179],[-118.2576,34.24179],[-118.25761,34.24151],[-118.25728,34.24151],[-118.25729,34.24124],[-118.25696,34.24123],[-118.25697,34.24096],[-118.25665,34.24096],[-118.25665,34.24069],[-118.25567,34.24067],[-118.25568,34.2404],[-118.25503,34.24039],[-118.25504,34.24012],[-118.25471,34.24012],[-118.25472,34.23958],[-118.2544,34.23957],[-118.2544,34.2393],[-118.25408,34.2393],[-118.25408,34.23903],[-118.25441,34.23903],[-118.25441,34.23876],[-118.25409,34.23876],[-118.25409,34.23849],[-118.2541,34.23822],[-118.25411,34.23795],[-118.25443,34.23795],[-118.25444,34.23768],[-118.25411,34.23768],[-118.25412,34.23741],[-118.25379,34.2374],[-118.25381,34.23659],[-118.25348,34.23658],[-118.25349,34.23631],[-118.25316,34.23631],[-118.25319,34.23523],[-118.25286,34.23522],[-118.25287,34.23495],[-118.25222,34.23494],[-118.25222,34.23467],[-118.25125,34.23466],[-118.25125,34.23439],[-118.25028,34.23437],[-118.25028,34.2341],[-118.24996,34.2341],[-118.24997,34.23356],[-118.24899,34.23354],[-118.249,34.23327],[-118.24802,34.23325],[-118.24803,34.23298],[-118.24705,34.23297],[-118.24706,34.2327],[-118.24673,34.23269],[-118.24674,34.23242],[-118.24641,34.23242],[-118.24644,34.23134],[-118.24611,34.23133],[-118.24612,34.23079],[-118.2458,34.23079],[-118.2458,34.23052],[-118.24613,34.23052],[-118.24614,34.22971],[-118.24582,34.22971],[-118.24583,34.22917],[-118.24551,34.22916],[-118.24552,34.22835],[-118.2452,34.22834],[-118.24522,34.22726],[-118.2449,34.22726],[-118.24491,34.22672],[-118.24426,34.22671],[-118.24427,34.22617],[-118.24394,34.22616],[-118.24395,34.22589],[-118.24428,34.2259],[-118.24428,34.22563],[-118.24396,34.22562],[-118.24396,34.22535],[-118.24299,34.22534],[-118.24299,34.22507],[-118.24201,34.22505],[-118.24202,34.22478],[-118.2417,34.22477],[-118.2417,34.2245],[-118.24138,34.2245],[-118.24138,34.22423],[-118.24073,34.22422],[-118.24074,34.22395],[-118.24008,34.22394],[-118.24009,34.22367],[-118.23944,34.22366],[-118.23945,34.22339],[-118.23912,34.22338],[-118.23913,34.22284],[-118.23881,34.22284],[-118.23881,34.22257],[-118.23849,34.22256],[-118.23851,34.22175],[-118.23818,34.22174],[-118.2382,34.22093],[-118.23787,34.22093],[-118.23788,34.22066],[-118.23755,34.22065],[-118.23756,34.22038],[-118.23658,34.22037],[-118.23659,34.2201],[-118.23594,34.22009],[-118.23596,34.21901],[-118.23629,34.21901],[-118.23631,34.21793],[-118.23599,34.21793],[-118.23601,34.21684],[-118.23569,34.21684],[-118.23569,34.21657],[-118.23537,34.21656],[-118.23538,34.21602],[-118.23505,34.21602],[-118.23506,34.21548],[-118.23441,34.21547],[-118.23442,34.2152],[-118.23409,34.21519],[-118.2341,34.21492],[-118.23345,34.21491],[-118.23345,34.21464],[-118.23313,34.21464],[-118.23314,34.21437],[-118.23216,34.21435],[-118.23216,34.21408],[-118.23184,34.21408],[-118.23185,34.2138],[-118.23152,34.2138],[-118.23153,34.21353],[-118.23087,34.21352],[-118.23088,34.21325],[-118.23023,34.21324],[-118.23023,34.21297],[-118.22991,34.21296],[-118.22996,34.21053],[-118.22964,34.21052],[-118.22965,34.20998],[-118.22933,34.20998],[-118.22933,34.20971],[-118.22868,34.2097],[-118.22869,34.20943],[-118.22804,34.20942],[-118.22804,34.20915],[-118.22772,34.20914],[-118.22773,34.20833],[-118.22806,34.20834],[-118.22808,34.20753],[-118.22775,34.20752],[-118.22777,34.20671],[-118.22745,34.2067],[-118.22746,34.20616],[-118.22713,34.20616],[-118.22716,34.20508],[-118.22748,34.20508],[-118.22749,34.20481],[-118.22781,34.20482],[-118.22782,34.20455],[-118.22814,34.20455],[-118.22815,34.20428],[-118.22848,34.20429],[-118.22848,34.20402],[-118.22881,34.20402],[-118.22881,34.20375],[-118.22914,34.20376],[-118.22915,34.20349],[-118.2298,34.2035],[-118.2298,34.20323],[-118.23013,34.20323],[-118.23013,34.20296],[-118.23046,34.20296],[-118.23047,34.20242],[-118.2308,34.20243],[-118.2308,34.20216],[-118.23113,34.20216],[-118.23113,34.20189],[-118.23081,34.20189],[-118.23082,34.20162],[-118.23114,34.20162],[-118.23116,34.20081],[-118.23083,34.20081],[-118.23084,34.20054],[-118.23117,34.20054],[-118.23118,34.2],[-118.23085,34.2],[-118.23086,34.19946],[-118.23119,34.19946],[-118.23122,34.19811],[-118.23155,34.19811],[-118.23155,34.19784],[-118.23188,34.19785],[-118.23187,34.19812],[-118.2322,34.19812],[-118.23219,34.19839],[-118.23252,34.1984],[-118.2325,34.19921],[-118.23282,34.19922],[-118.23282,34.19949],[-118.23314,34.19949],[-118.23314,34.19976],[-118.23346,34.19977],[-118.23379,34.19977],[-118.23378,34.20004],[-118.23476,34.20006],[-118.23475,34.2006],[-118.23507,34.2006],[-118.23507,34.20087],[-118.23474,34.20087],[-118.23473,34.20141],[-118.23472,34.20168],[-118.23471,34.20222],[-118.23503,34.20222],[-118.23503,34.20249],[-118.23535,34.2025],[-118.23534,34.20331],[-118.23566,34.20332],[-118.23565,34.20386],[-118.23532,34.20385],[-118.23531,34.20466],[-118.2353,34.20493],[-118.23498,34.20493],[-118.23496,34.20574],[-118.23528,34.20574],[-118.23528,34.20601],[-118.23495,34.20601],[-118.23494,34.20628],[-118.23527,34.20629],[-118.23526,34.20683],[-118.23591,34.20684],[-118.23588,34.20792],[-118.23654,34.20793],[-118.23652,34.20847],[-118.23685,34.20847],[-118.23684,34.20874],[-118.23717,34.20875],[-118.23716,34.20929],[-118.23748,34.20929],[-118.23746,34.21037],[-118.23778,34.21038],[-118.23777,34.21092],[-118.2381,34.21093],[-118.23809,34.2112],[-118.23808,34.21147],[-118.23841,34.21147],[-118.2384,34.21174],[-118.2384,34.21201],[-118.23905,34.21202],[-118.23904,34.21229],[-118.23969,34.2123],[-118.23968,34.21284],[-118.24033,34.21285],[-118.24033,34.21312],[-118.24065,34.21313],[-118.24065,34.2134],[-118.24097,34.2134],[-118.24097,34.21368],[-118.24129,34.21368],[-118.24128,34.21422],[-118.24161,34.21422],[-118.2416,34.2145],[-118.24192,34.2145],[-118.24191,34.21504],[-118.24289,34.21506],[-118.24287,34.21587],[-118.2432,34.21587],[-118.24319,34.21614],[-118.24352,34.21615],[-118.24351,34.21642],[-118.24416,34.21643],[-118.24415,34.21697],[-118.24447,34.21697],[-118.24447,34.21724],[-118.24577,34.21726],[-118.24577,34.21753],[-118.24609,34.21754],[-118.24608,34.21781],[-118.24606,34.21889],[-118.24639,34.2189],[-118.24637,34.21944],[-118.2467,34.21944],[-118.24669,34.21971],[-118.24702,34.21972],[-118.24701,34.22026],[-118.24733,34.22026],[-118.24732,34.22107],[-118.24764,34.22108],[-118.24763,34.22135],[-118.24829,34.22136],[-118.24828,34.22163],[-118.2486,34.22163],[-118.24859,34.22218],[-118.24892,34.22218],[-118.24891,34.22272],[-118.24923,34.22273],[-118.24923,34.223],[-118.24988,34.22301],[-118.24986,34.22355],[-118.25019,34.22355],[-118.25018,34.22409],[-118.25051,34.2241],[-118.2505,34.22437],[-118.25082,34.22437],[-118.25082,34.22464],[-118.25114,34.22465],[-118.25113,34.22519],[-118.25146,34.22519],[-118.25145,34.22546],[-118.25275,34.22548],[-118.25274,34.22602],[-118.25307,34.22603],[-118.25306,34.2263],[-118.25339,34.22631],[-118.25338,34.22658],[-118.25371,34.22658],[-118.2537,34.22685],[-118.25468,34.22687],[-118.25467,34.22714],[-118.255,34.22714],[-118.25499,34.22741],[-118.25597,34.22743],[-118.25596,34.2277],[-118.25629,34.2277],[-118.25628,34.22797],[-118.25661,34.22798],[-118.2566,34.22825],[-118.25725,34.22826],[-118.25725,34.22853],[-118.25757,34.22853],[-118.25757,34.2288],[-118.25822,34.22881],[-118.25821,34.22908],[-118.25854,34.22909],[-118.25853,34.22936],[-118.25886,34.22936],[-118.25884,34.23018],[-118.25916,34.23018],[-118.25915,34.23072],[-118.25948,34.23073],[-118.25947,34.231],[-118.26012,34.23101],[-118.26012,34.23128],[-118.26077,34.23129],[-118.26076,34.23156],[-118.26141,34.23157],[-118.26141,34.23184],[-118.26238,34.23185],[-118.26238,34.23212],[-118.26303,34.23213],[-118.26302,34.2324],[-118.26335,34.23241],[-118.26334,34.23268],[-118.26333,34.23322],[-118.26366,34.23322],[-118.26364,34.23376],[-118.26397,34.23377],[-118.26396,34.23404],[-118.26429,34.23404],[-118.26429,34.23432],[-118.26461,34.23432],[-118.26494,34.23432],[-118.26493,34.23459],[-118.26526,34.2346],[-118.26524,34.23514],[-118.26557,34.23515],[-118.26556,34.23542],[-118.26622,34.23543],[-118.26621,34.2357],[-118.26686,34.23571],[-118.26685,34.23598],[-118.26718,34.23598],[-118.26717,34.23625],[-118.26685,34.23625],[-118.26684,34.23679],[-118.26716,34.23679],[-118.26716,34.23706],[-118.26715,34.23733],[-118.26748,34.23734],[-118.26747,34.23761],[-118.2678,34.23761],[-118.26777,34.23869],[-118.26842,34.2387],[-118.26839,34.24033],[-118.26871,34.24033],[-118.26871,34.2406],[-118.26903,34.24061],[-118.26904,34.24034],[-118.26936,34.24034],[-118.26936,34.24061],[-118.26968,34.24062],[-118.26967,34.24116],[-118.27,34.24116],[-118.26999,34.24143],[-118.27064,34.24144],[-118.27064,34.24171],[-118.27161,34.24173],[-118.27162,34.24146],[-118.27195,34.24146],[-118.27194,34.24173],[-118.27227,34.24174],[-118.27227,34.24147],[-118.2726,34.24147],[-118.27259,34.24174],[-118.27292,34.24175],[-118.27291,34.24202],[-118.27356,34.24203],[-118.27356,34.2423],[-118.27453,34.24231],[-118.27453,34.24258],[-118.27485,34.24259],[-118.27485,34.24286],[-118.27484,34.24313],[-118.27479,34.24529],[-118.27512,34.2453],[-118.27511,34.24557],[-118.27544,34.24557],[-118.27543,34.24584],[-118.27543,34.24611],[-118.27608,34.24612],[-118.27607,34.24639],[-118.2764,34.2464],[-118.27639,34.24667],[-118.27672,34.24667],[-118.27671,34.24721],[-118.27736,34.24722],[-118.27735,34.24749],[-118.27768,34.2475],[-118.27767,34.24777],[-118.27767,34.24804],[-118.27799,34.24804],[-118.27799,34.24831],[-118.27831,34.24832],[-118.27831,34.24859],[-118.27896,34.2486],[-118.27894,34.24914],[-118.27862,34.24914],[-118.27863,34.24887]],[[-118.27381,34.24555],[-118.27384,34.24446],[-118.27384,34.24419],[-118.27352,34.24419],[-118.27353,34.24338],[-118.27321,34.24337],[-118.2732,34.24365],[-118.27287,34.24364],[-118.27288,34.24337],[-118.27256,34.24336],[-118.27256,34.24309],[-118.27158,34.24308],[-118.27159,34.24281],[-118.27061,34.24279],[-118.27061,34.24306],[-118.27028,34.24306],[-118.27029,34.24279],[-118.26996,34.24278],[-118.26997,34.24251],[-118.26932,34.2425],[-118.26932,34.24223],[-118.269,34.24223],[-118.26867,34.24222],[-118.26868,34.24168],[-118.26803,34.24167],[-118.26804,34.2414],[-118.26771,34.2414],[-118.26772,34.24113],[-118.26739,34.24112],[-118.2674,34.24058],[-118.26741,34.24031],[-118.26708,34.24031],[-118.26676,34.2403],[-118.26677,34.23976],[-118.26678,34.23949],[-118.26678,34.23922],[-118.26646,34.23922],[-118.26647,34.2384],[-118.26615,34.2384],[-118.26615,34.23813],[-118.26583,34.23812],[-118.26585,34.23731],[-118.26552,34.23731],[-118.26553,34.23677],[-118.26521,34.23676],[-118.26521,34.23649],[-118.26489,34.23649],[-118.26456,34.23648],[-118.26457,34.23594],[-118.26392,34.23593],[-118.26393,34.23566],[-118.2636,34.23566],[-118.26361,34.23539],[-118.26328,34.23538],[-118.26329,34.23511],[-118.26296,34.23511],[-118.26297,34.23484],[-118.26265,34.23483],[-118.26265,34.23456],[-118.26233,34.23456],[-118.26234,34.23401],[-118.26201,34.23401],[-118.26202,34.23347],[-118.2617,34.23346],[-118.2617,34.23319],[-118.26138,34.23319],[-118.26138,34.23292],[-118.26041,34.2329],[-118.26041,34.23263],[-118.25944,34.23262],[-118.25944,34.23235],[-118.25912,34.23234],[-118.25913,34.2318],[-118.25848,34.23179],[-118.25848,34.23152],[-118.25849,34.23125],[-118.25816,34.23125],[-118.25784,34.23124],[-118.25784,34.23097],[-118.25752,34.23097],[-118.25752,34.2307],[-118.2572,34.23069],[-118.25722,34.22988],[-118.25689,34.22987],[-118.2569,34.2296],[-118.25657,34.2296],[-118.25658,34.22933],[-118.25593,34.22932],[-118.25593,34.22905],[-118.25561,34.22904],[-118.25561,34.22877],[-118.25463,34.22876],[-118.25464,34.22849],[-118.25399,34.22848],[-118.254,34.22821],[-118.25367,34.2282],[-118.25368,34.22793],[-118.25335,34.22793],[-118.25336,34.22766],[-118.25238,34.22764],[-118.25239,34.2271],[-118.25207,34.2271],[-118.25207,34.22683],[-118.25175,34.22682],[-118.25175,34.22655],[-118.25143,34.22655],[-118.25143,34.22628],[-118.25046,34.22626],[-118.25046,34.22599],[-118.24981,34.22598],[-118.24984,34.22463],[-118.24952,34.22462],[-118.24952,34.22435],[-118.2492,34.22435],[-118.2492,34.22408],[-118.24921,34.22381],[-118.24888,34.2238],[-118.24823,34.22379],[-118.24825,34.22298],[-118.24792,34.22298],[-118.24793,34.22271],[-118.2476,34.2227],[-118.24761,34.22243],[-118.24663,34.22242],[-118.24665,34.22187],[-118.24632,34.22187],[-118.24633,34.2216],[-118.246,34.2216],[-118.24602,34.22051],[-118.2457,34.22051],[-118.24571,34.22024],[-118.24538,34.22023],[-118.2454,34.21915],[-118.24508,34.21915],[-118.2451,34.21834],[-118.24477,34.21833],[-118.24478,34.21806],[-118.24445,34.21805],[-118.24444,34.21833],[-118.24412,34.21832],[-118.24412,34.21805],[-118.24347,34.21804],[-118.24348,34.21777],[-118.24316,34.21776],[-118.24317,34.21722],[-118.24284,34.21722],[-118.24285,34.21695],[-118.24252,34.21694],[-118.24253,34.21667],[-118.2422,34.21667],[-118.24221,34.2164],[-118.24156,34.21639],[-118.24156,34.21612],[-118.24124,34.21611],[-118.24124,34.21584],[-118.24092,34.21584],[-118.24092,34.21557],[-118.2406,34.21556],[-118.2406,34.21529],[-118.24093,34.2153],[-118.24094,34.21503],[-118.24029,34.21502],[-118.2403,34.21448],[-118.23997,34.21447],[-118.23998,34.2142],[-118.23965,34.21419],[-118.23966,34.21393],[-118.23933,34.21392],[-118.23934,34.21338],[-118.23902,34.21337],[-118.23869,34.21337],[-118.23837,34.21336],[-118.23837,34.21309],[-118.23772,34.21308],[-118.23773,34.21281],[-118.2374,34.21281],[-118.23741,34.21254],[-118.23708,34.21253],[-118.2371,34.21199],[-118.23677,34.21199],[-118.23678,34.21172],[-118.23645,34.21171],[-118.23646,34.21117],[-118.23614,34.21117],[-118.23616,34.21035],[-118.23648,34.21036],[-118.23649,34.21009],[-118.23616,34.21008],[-118.23618,34.20927],[-118.23585,34.20927],[-118.23587,34.20873],[-118.23489,34.20871],[-118.2349,34.20844],[-118.23457,34.20844],[-118.23458,34.2079],[-118.23426,34.20789],[-118.23427,34.20735],[-118.23394,34.20735],[-118.23396,34.20681],[-118.23363,34.2068],[-118.23365,34.20572],[-118.23333,34.20571],[-118.23333,34.20544],[-118.23366,34.20545],[-118.23368,34.20464],[-118.234,34.20464],[-118.23402,34.20383],[-118.23435,34.20384],[-118.23435,34.20357],[-118.23403,34.20356],[-118.23404,34.20302],[-118.23372,34.20302],[-118.23372,34.20275],[-118.2334,34.20274],[-118.23341,34.2022],[-118.23308,34.20219],[-118.2331,34.20138],[-118.23343,34.20139],[-118.23343,34.20112],[-118.23311,34.20111],[-118.23311,34.20084],[-118.23279,34.20084],[-118.23279,34.20057],[-118.23247,34.20056],[-118.23243,34.20218],[-118.23211,34.20218],[-118.23209,34.20272],[-118.23242,34.20273],[-118.23241,34.203],[-118.23209,34.20299],[-118.23208,34.20326],[-118.23176,34.20326],[-118.23175,34.20353],[-118.23142,34.20352],[-118.23142,34.20379],[-118.23077,34.20378],[-118.23076,34.20432],[-118.2301,34.20431],[-118.23009,34.20512],[-118.22878,34.2051],[-118.22878,34.20537],[-118.22845,34.20537],[-118.22843,34.20618],[-118.22876,34.20618],[-118.22875,34.20645],[-118.22908,34.20646],[-118.22907,34.207],[-118.22939,34.20701],[-118.22938,34.20755],[-118.22971,34.20755],[-118.22969,34.20809],[-118.22937,34.20809],[-118.22936,34.20836],[-118.22969,34.20836],[-118.22968,34.20863],[-118.23033,34.20864],[-118.23033,34.20891],[-118.23065,34.20892],[-118.23065,34.20919],[-118.23097,34.20919],[-118.23096,34.20946],[-118.23129,34.20947],[-118.23126,34.21082],[-118.23159,34.21082],[-118.23158,34.2111],[-118.23125,34.21109],[-118.23125,34.21136],[-118.23092,34.21136],[-118.23092,34.21163],[-118.23124,34.21163],[-118.23122,34.21244],[-118.23155,34.21245],[-118.23154,34.21272],[-118.23187,34.21272],[-118.23186,34.21299],[-118.23284,34.21301],[-118.23283,34.21328],[-118.23316,34.21328],[-118.23315,34.21355],[-118.23413,34.21357],[-118.23412,34.21384],[-118.23445,34.21384],[-118.23444,34.21411],[-118.23542,34.21413],[-118.23541,34.2144],[-118.23574,34.2144],[-118.23573,34.21468],[-118.23606,34.21468],[-118.23605,34.21495],[-118.23638,34.21496],[-118.23636,34.21577],[-118.23669,34.21577],[-118.23668,34.21604],[-118.237,34.21605],[-118.23699,34.21686],[-118.23731,34.21686],[-118.23729,34.21767],[-118.23762,34.21768],[-118.2376,34.21849],[-118.23793,34.2185],[-118.23792,34.21904],[-118.23759,34.21903],[-118.23758,34.2193],[-118.23791,34.21931],[-118.2379,34.21958],[-118.23823,34.21958],[-118.23822,34.21985],[-118.2392,34.21987],[-118.23919,34.22014],[-118.23952,34.22014],[-118.2395,34.22095],[-118.23983,34.22096],[-118.23981,34.22177],[-118.24013,34.22178],[-118.24011,34.22286],[-118.24044,34.22286],[-118.24043,34.22313],[-118.24173,34.22315],[-118.24173,34.22342],[-118.24238,34.22343],[-118.24237,34.22397],[-118.24334,34.22399],[-118.24334,34.22426],[-118.24496,34.22428],[-118.24495,34.22482],[-118.24528,34.22483],[-118.24527,34.22537],[-118.24494,34.22536],[-118.24493,34.22563],[-118.24526,34.22564],[-118.24525,34.22618],[-118.24557,34.22619],[-118.24557,34.22646],[-118.24589,34.22646],[-118.24588,34.227],[-118.24621,34.22701],[-118.24617,34.22836],[-118.2465,34.22836],[-118.24649,34.2289],[-118.24681,34.22891],[-118.2468,34.22945],[-118.24713,34.22946],[-118.24712,34.23],[-118.24744,34.23],[-118.24741,34.23135],[-118.24774,34.23136],[-118.24773,34.23163],[-118.24806,34.23163],[-118.24805,34.2319],[-118.2487,34.23191],[-118.24869,34.23245],[-118.24999,34.23247],[-118.24999,34.23274],[-118.25064,34.23275],[-118.25063,34.23302],[-118.25096,34.23303],[-118.25095,34.2333],[-118.2516,34.23331],[-118.2516,34.23358],[-118.25355,34.23361],[-118.25355,34.23388],[-118.25387,34.23389],[-118.25386,34.23443],[-118.25418,34.23443],[-118.25418,34.2347],[-118.2545,34.23471],[-118.25449,34.23525],[-118.25482,34.23525],[-118.25481,34.23579],[-118.25513,34.2358],[-118.25512,34.23634],[-118.25544,34.23634],[-118.25544,34.23661],[-118.25576,34.23662],[-118.25576,34.23689],[-118.25608,34.23689],[-118.25607,34.23743],[-118.2564,34.23744],[-118.25638,34.23798],[-118.25606,34.23797],[-118.25605,34.23852],[-118.25637,34.23852],[-118.25637,34.23879],[-118.25636,34.23906],[-118.25734,34.23908],[-118.25733,34.23935],[-118.25766,34.23935],[-118.25765,34.23962],[-118.25798,34.23963],[-118.25797,34.2399],[-118.2583,34.2399],[-118.25829,34.24017],[-118.25894,34.24018],[-118.25894,34.24045],[-118.25959,34.24046],[-118.25958,34.24073],[-118.25958,34.241],[-118.26023,34.24101],[-118.26021,34.24182],[-118.26054,34.24183],[-118.26053,34.2421],[-118.26118,34.24211],[-118.26117,34.24238],[-118.2628,34.2424],[-118.2628,34.24267],[-118.2628,34.24268],[-118.26345,34.24269],[-118.26344,34.24296],[-118.26442,34.24297],[-118.26443,34.2427],[-118.26475,34.24271],[-118.26475,34.24298],[-118.2654,34.24298],[-118.26539,34.24326],[-118.26735,34.24329],[-118.26734,34.24356],[-118.26766,34.24356],[-118.26766,34.24383],[-118.26831,34.24384],[-118.26832,34.24357],[-118.26929,34.24359],[-118.26929,34.24386],[-118.27026,34.24387],[-118.27026,34.24414],[-118.27058,34.24415],[-118.27058,34.24442],[-118.2709,34.24442],[-118.27091,34.24415],[-118.27124,34.24416],[-118.27123,34.24443],[-118.27188,34.24444],[-118.27187,34.24471],[-118.2722,34.24471],[-118.27219,34.24498],[-118.27285,34.24499],[-118.27284,34.24526],[-118.27349,34.24527],[-118.27348,34.24554],[-118.27381,34.24555]]]},"properties":{"FHSZ":1,"FHSZ_Description":"Moderate"}},{"type":"Feature","geometry":{"type":"Polygon","coordinates":[[[-118.28659,34.2571],[-118.28627,34.25709],[-118.28627,34.25682],[-118.28497,34.2568],[-118.28498,34.25626],[-118.28465,34.25626],[-118.28467,34.25572],[-118.28434,34.25571],[-118.28436,34.25463],[-118.28404,34.25462],[-118.28404,34.25435],[-118.28372,34.25435],[-118.28374,34.25354],[-118.28341,34.25353],[-118.28342,34.25326],[-118.28309,34.25326],[-118.2831,34.25299],[-118.28277,34.25298],[-118.28278,34.25271],[-118.28245,34.25271],[-118.28247,34.2519],[-118.28214,34.25189],[-118.28215,34.25162],[-118.28182,34.25162],[-118.28183,34.25135],[-118.28118,34.25134],[-118.28119,34.2508],[-118.28151,34.2508],[-118.28153,34.24999],[-118.28186,34.24999],[-118.28188,34.24918],[-118.2822,34.24919],[-118.28253,34.24919],[-118.28253,34.24892],[-118.28514,34.24896],[-118.28514,34.24869],[-118.28612,34.24871],[-118.28612,34.24898],[-118.28644,34.24898],[-118.28645,34.24871],[-118.2871,34.24872],[-118.2871,34.24845],[-118.28845,34.24847],[-118.28845,34.24852],[-118.28845,34.24917],[-118.28845,34.24919],[-118.28845,34.24947],[-118.28845,34.24964],[-118.28845,34.24982],[-118.28805,34.24982],[-118.28806,34.24955],[-118.28741,34.24954],[-118.2874,34.25008],[-118.28707,34.25007],[-118.28708,34.2498],[-118.28675,34.2498],[-118.28674,34.25007],[-118.28642,34.25006],[-118.28642,34.24979],[-118.2861,34.24979],[-118.28611,34.24952],[-118.28545,34.24951],[-118.28545,34.24978],[-118.28317,34.24974],[-118.28316,34.25001],[-118.28284,34.25001],[-118.28282,34.25055],[-118.28315,34.25055],[-118.28314,34.25083],[-118.28347,34.25083],[-118.28346,34.2511],[-118.28379,34.25111],[-118.28378,34.25138],[-118.28411,34.25138],[-118.2841,34.25192],[-118.28442,34.25193],[-118.28442,34.2522],[-118.28474,34.2522],[-118.28474,34.25247],[-118.28506,34.25248],[-118.28504,34.25329],[-118.28537,34.25329],[-118.28536,34.25356],[-118.28569,34.25357],[-118.28568,34.25411],[-118.286,34.25411],[-118.28598,34.2552],[-118.28631,34.2552],[-118.28629,34.25574],[-118.28727,34.25576],[-118.28727,34.25603],[-118.28744,34.25603],[-118.28728,34.2565],[-118.28687,34.25737],[-118.28659,34.25737],[-118.28659,34.2571]]]},"properties":{"FHSZ":1,"FHSZ_Description":"Moderate"}},{"type":"Feature","geometry":{"type":"MultiPolygon","coordinates":[[[[-118.24636,34.10314],[-118.24635,34.10341],[-118.24668,34.10341],[-118.24667,34.10396],[-118.24699,34.10396],[-118.24698,34.1045],[-118.2473,34.10451],[-118.2473,34.10478],[-118.24795,34.10479],[-118.24794,34.10506],[-118.24859,34.10507],[-118.24857,34.10615],[-118.24889,34.10615],[-118.24889,34.10643],[-118.24921,34.10643],[-118.24921,34.1067],[-118.24953,34.1067],[-118.24954,34.10643],[-118.24986,34.10644],[-118.24985,34.10698],[-118.25148,34.10701],[-118.25146,34.10755],[-118.25179,34.10755],[-118.25178,34.10782],[-118.25211,34.10783],[-118.2521,34.10837],[-118.25307,34.10838],[-118.25307,34.10865],[-118.25372,34.10866],[-118.25371,34.10893],[-118.25404,34.10894],[-118.25403,34.10921],[-118.25436,34.10921],[-118.25435,34.10948],[-118.255,34.10949],[-118.25499,34.10976],[-118.25532,34.10977],[-118.25531,34.11031],[-118.25563,34.11031],[-118.25564,34.11004],[-118.25596,34.11005],[-118.25596,34.11032],[-118.25628,34.11033],[-118.25628,34.1106],[-118.25693,34.1106],[-118.25691,34.11115],[-118.25724,34.11115],[-118.25723,34.11142],[-118.25756,34.11143],[-118.25755,34.1117],[-118.25788,34.1117],[-118.25787,34.11197],[-118.25982,34.112],[-118.25981,34.11254],[-118.26014,34.11255],[-118.26013,34.11282],[-118.26045,34.11282],[-118.26043,34.1139],[-118.26206,34.11393],[-118.26205,34.1142],[-118.26335,34.11422],[-118.26334,34.11476],[-118.26367,34.11476],[-118.26366,34.11503],[-118.26398,34.11504],[-118.26395,34.11639],[-118.26428,34.1164],[-118.26427,34.11667],[-118.2646,34.11667],[-118.26457,34.11802],[-118.26489,34.11803],[-118.26489,34.1183],[-118.26554,34.11831],[-118.26553,34.11858],[-118.26586,34.11859],[-118.26584,34.1194],[-118.26617,34.1194],[-118.26614,34.12048],[-118.26647,34.12049],[-118.26645,34.12103],[-118.26678,34.12103],[-118.26677,34.1213],[-118.26742,34.12131],[-118.2674,34.12239],[-118.26772,34.1224],[-118.26772,34.12267],[-118.26739,34.12266],[-118.26739,34.12293],[-118.26771,34.12294],[-118.2677,34.12375],[-118.26737,34.12375],[-118.26734,34.1251],[-118.26734,34.12537],[-118.26733,34.12564],[-118.267,34.12563],[-118.26699,34.12618],[-118.26732,34.12618],[-118.2673,34.12672],[-118.26763,34.12673],[-118.26762,34.127],[-118.26762,34.12727],[-118.26794,34.12727],[-118.26794,34.12754],[-118.26793,34.12808],[-118.26825,34.12809],[-118.26824,34.12836],[-118.26792,34.12835],[-118.26791,34.12889],[-118.26758,34.12889],[-118.26758,34.12916],[-118.26823,34.12917],[-118.26821,34.12998],[-118.2682,34.13025],[-118.26853,34.13025],[-118.26852,34.13053],[-118.26885,34.13053],[-118.26882,34.13161],[-118.26882,34.13188],[-118.26914,34.13189],[-118.26913,34.13243],[-118.26946,34.13243],[-118.26945,34.1327],[-118.26978,34.13271],[-118.26977,34.13298],[-118.26976,34.13352],[-118.27008,34.13352],[-118.27008,34.13379],[-118.2704,34.1338],[-118.27039,34.13434],[-118.27072,34.13435],[-118.2707,34.13489],[-118.27103,34.13489],[-118.27102,34.13516],[-118.272,34.13518],[-118.27199,34.13545],[-118.27232,34.13545],[-118.27231,34.13599],[-118.27263,34.136],[-118.27262,34.13654],[-118.27295,34.13654],[-118.27293,34.13735],[-118.27325,34.13736],[-118.27323,34.13817],[-118.27356,34.13817],[-118.27355,34.13872],[-118.27322,34.13871],[-118.27322,34.13898],[-118.27289,34.13898],[-118.27289,34.13925],[-118.27256,34.13924],[-118.27255,34.13978],[-118.27287,34.13979],[-118.27287,34.14006],[-118.27352,34.14007],[-118.27351,34.14061],[-118.27286,34.1406],[-118.27284,34.14141],[-118.27251,34.1414],[-118.27251,34.14167],[-118.27316,34.14169],[-118.27315,34.14196],[-118.27348,34.14196],[-118.27347,34.14223],[-118.27412,34.14224],[-118.27412,34.14251],[-118.27444,34.14252],[-118.27441,34.14387],[-118.27474,34.14387],[-118.27473,34.14441],[-118.27505,34.14442],[-118.27504,34.14469],[-118.27537,34.14469],[-118.27535,34.14578],[-118.27567,34.14578],[-118.27565,34.14659],[-118.27598,34.1466],[-118.27597,34.14714],[-118.27629,34.14714],[-118.27627,34.14795],[-118.2766,34.14796],[-118.27659,34.14823],[-118.27627,34.14822],[-118.27626,34.14849],[-118.27659,34.1485],[-118.27657,34.14931],[-118.27689,34.14932],[-118.27681,34.1531],[-118.27714,34.1531],[-118.27713,34.15364],[-118.2768,34.15364],[-118.27679,34.15418],[-118.27646,34.15418],[-118.27645,34.15472],[-118.27678,34.15472],[-118.27677,34.15499],[-118.27742,34.155],[-118.27742,34.15527],[-118.27774,34.15528],[-118.27773,34.15582],[-118.27805,34.15582],[-118.27804,34.15636],[-118.27837,34.15637],[-118.27836,34.15664],[-118.27869,34.15664],[-118.27868,34.15691],[-118.27901,34.15692],[-118.279,34.15719],[-118.27965,34.1572],[-118.27965,34.15747],[-118.28062,34.15749],[-118.28062,34.15776],[-118.28127,34.15776],[-118.28126,34.15803],[-118.28224,34.15805],[-118.28223,34.15832],[-118.28256,34.15832],[-118.28256,34.15805],[-118.28321,34.15807],[-118.28321,34.15834],[-118.28483,34.15836],[-118.28483,34.15863],[-118.2858,34.15864],[-118.28581,34.15837],[-118.28678,34.15839],[-118.28678,34.15866],[-118.2871,34.15866],[-118.2871,34.15893],[-118.28742,34.15894],[-118.28743,34.15867],[-118.28808,34.15868],[-118.28809,34.15841],[-118.29004,34.15844],[-118.29003,34.15898],[-118.29035,34.15898],[-118.29035,34.15925],[-118.29067,34.15926],[-118.29067,34.15953],[-118.29099,34.15953],[-118.29097,34.16034],[-118.29162,34.16035],[-118.29163,34.16008],[-118.29196,34.16009],[-118.29194,34.1609],[-118.29291,34.16092],[-118.29291,34.16119],[-118.29323,34.16119],[-118.29323,34.16146],[-118.29388,34.16147],[-118.29387,34.16201],[-118.29419,34.16202],[-118.29419,34.16229],[-118.29549,34.16231],[-118.29549,34.16204],[-118.29582,34.16204],[-118.29581,34.16231],[-118.29614,34.16231],[-118.29614,34.16204],[-118.29744,34.16206],[-118.29744,34.16233],[-118.29809,34.16234],[-118.2981,34.16207],[-118.29907,34.16209],[-118.29908,34.16182],[-118.2994,34.16182],[-118.29941,34.16155],[-118.29973,34.16156],[-118.29975,34.16102],[-118.30007,34.16102],[-118.30008,34.16075],[-118.3004,34.16076],[-118.3004,34.16103],[-118.30137,34.16104],[-118.30138,34.16077],[-118.303,34.1608],[-118.30301,34.16052],[-118.30366,34.16053],[-118.30367,34.16026],[-118.30399,34.16027],[-118.304,34.16],[-118.30432,34.16],[-118.30433,34.15973],[-118.30498,34.15974],[-118.30499,34.1592],[-118.30564,34.15921],[-118.30565,34.15894],[-118.3063,34.15895],[-118.3063,34.15868],[-118.30793,34.1587],[-118.30794,34.15843],[-118.30826,34.15844],[-118.30826,34.15871],[-118.30891,34.15872],[-118.30891,34.15845],[-118.30924,34.15845],[-118.30925,34.15818],[-118.30957,34.15819],[-118.30958,34.15792],[-118.3099,34.15792],[-118.30989,34.15819],[-118.31055,34.1582],[-118.31055,34.15793],[-118.31088,34.15794],[-118.31087,34.15821],[-118.3112,34.15821],[-118.31119,34.15848],[-118.31217,34.1585],[-118.31217,34.15823],[-118.31282,34.15824],[-118.31283,34.15796],[-118.31413,34.15798],[-118.31414,34.15771],[-118.31446,34.15772],[-118.31447,34.15745],[-118.31479,34.15745],[-118.3148,34.15691],[-118.31546,34.15692],[-118.31547,34.15638],[-118.31514,34.15638],[-118.31515,34.15611],[-118.3158,34.15612],[-118.31582,34.15503],[-118.31647,34.15504],[-118.31648,34.1545],[-118.31681,34.15451],[-118.31681,34.15424],[-118.31714,34.15424],[-118.31715,34.1537],[-118.3178,34.15371],[-118.31781,34.15344],[-118.31846,34.15345],[-118.31846,34.15318],[-118.31879,34.15319],[-118.31879,34.15292],[-118.31912,34.15292],[-118.31913,34.15238],[-118.31978,34.15239],[-118.31981,34.15131],[-118.31948,34.1513],[-118.31949,34.15076],[-118.31982,34.15077],[-118.31981,34.15104],[-118.32046,34.15105],[-118.32046,34.15132],[-118.32078,34.15132],[-118.32077,34.15186],[-118.32175,34.15188],[-118.32174,34.15215],[-118.32206,34.15215],[-118.32207,34.15188],[-118.32272,34.15189],[-118.32272,34.15216],[-118.32369,34.15218],[-118.32369,34.15245],[-118.32401,34.15245],[-118.324,34.15299],[-118.32465,34.153],[-118.32465,34.15327],[-118.32529,34.15328],[-118.32529,34.15355],[-118.32627,34.15357],[-118.32626,34.15384],[-118.32658,34.15384],[-118.32658,34.15411],[-118.32723,34.15412],[-118.32722,34.15439],[-118.32755,34.1544],[-118.32754,34.15467],[-118.32787,34.15467],[-118.32786,34.15494],[-118.32826,34.15495],[-118.32831,34.15505],[-118.32868,34.15604],[-118.32752,34.15602],[-118.32752,34.15575],[-118.32687,34.15574],[-118.32688,34.1552],[-118.32656,34.15519],[-118.32656,34.15492],[-118.32591,34.15491],[-118.32592,34.15464],[-118.32559,34.15464],[-118.3256,34.15437],[-118.32495,34.15436],[-118.32495,34.15409],[-118.32398,34.15407],[-118.32398,34.1538],[-118.32366,34.1538],[-118.32366,34.15353],[-118.32334,34.15352],[-118.32334,34.15325],[-118.32237,34.15324],[-118.32237,34.15297],[-118.32075,34.15294],[-118.32074,34.15321],[-118.31977,34.1532],[-118.31976,34.15347],[-118.31943,34.15346],[-118.31943,34.15374],[-118.3191,34.15373],[-118.3191,34.154],[-118.31845,34.15399],[-118.31844,34.15426],[-118.31779,34.15425],[-118.31778,34.15479],[-118.31745,34.15479],[-118.31742,34.15641],[-118.31709,34.15641],[-118.31708,34.15722],[-118.31675,34.15721],[-118.31674,34.15748],[-118.31642,34.15748],[-118.3164,34.15829],[-118.31608,34.15828],[-118.31607,34.15855],[-118.31575,34.15855],[-118.31574,34.15882],[-118.31509,34.15881],[-118.31509,34.15854],[-118.31477,34.15854],[-118.31476,34.15881],[-118.31444,34.1588],[-118.31443,34.15907],[-118.31281,34.15905],[-118.3128,34.15932],[-118.31215,34.15931],[-118.31214,34.15958],[-118.31084,34.15956],[-118.31085,34.15929],[-118.3102,34.15928],[-118.3102,34.15901],[-118.30988,34.159],[-118.30987,34.15927],[-118.30955,34.15927],[-118.30953,34.15981],[-118.30889,34.1598],[-118.30889,34.15953],[-118.30857,34.15953],[-118.30856,34.1598],[-118.30823,34.15979],[-118.30824,34.15952],[-118.30726,34.15951],[-118.30726,34.15978],[-118.30693,34.15977],[-118.30694,34.1595],[-118.30629,34.15949],[-118.30628,34.16003],[-118.30595,34.16003],[-118.30594,34.16057],[-118.30561,34.16056],[-118.30561,34.16083],[-118.30496,34.16082],[-118.30495,34.16109],[-118.30463,34.16109],[-118.30463,34.16082],[-118.30431,34.16081],[-118.30429,34.16136],[-118.30364,34.16134],[-118.30364,34.16162],[-118.30331,34.16161],[-118.30331,34.16188],[-118.30266,34.16187],[-118.30265,34.16214],[-118.30232,34.16214],[-118.30233,34.16187],[-118.30201,34.16186],[-118.302,34.16213],[-118.30168,34.16213],[-118.30168,34.16186],[-118.30136,34.16185],[-118.30135,34.16212],[-118.3007,34.16211],[-118.30069,34.16238],[-118.30004,34.16237],[-118.30004,34.16264],[-118.29939,34.16263],[-118.29938,34.1629],[-118.29873,34.16289],[-118.29872,34.16316],[-118.2984,34.16316],[-118.29839,34.16343],[-118.29774,34.16342],[-118.29775,34.16315],[-118.29645,34.16313],[-118.29644,34.1634],[-118.29612,34.1634],[-118.29612,34.16313],[-118.29579,34.16312],[-118.29579,34.16339],[-118.29481,34.16338],[-118.29482,34.16311],[-118.29384,34.16309],[-118.29385,34.16282],[-118.29352,34.16282],[-118.29353,34.16255],[-118.29288,34.16254],[-118.29289,34.162],[-118.29224,34.16199],[-118.29225,34.16172],[-118.29192,34.16171],[-118.29191,34.16198],[-118.29159,34.16198],[-118.2916,34.16171],[-118.29094,34.1617],[-118.29095,34.16143],[-118.29063,34.16142],[-118.29063,34.16115],[-118.28998,34.16114],[-118.28999,34.16087],[-118.28966,34.16087],[-118.28967,34.16033],[-118.28935,34.16032],[-118.28937,34.15924],[-118.28839,34.15922],[-118.28839,34.15949],[-118.28806,34.15949],[-118.28806,34.15976],[-118.28676,34.15974],[-118.28676,34.15947],[-118.28611,34.15946],[-118.28611,34.15973],[-118.28578,34.15973],[-118.28579,34.15946],[-118.28481,34.15944],[-118.28482,34.15917],[-118.28286,34.15914],[-118.28287,34.15887],[-118.28254,34.15887],[-118.28254,34.15914],[-118.28156,34.15912],[-118.28157,34.15885],[-118.28059,34.15884],[-118.2806,34.1583],[-118.27963,34.15828],[-118.27963,34.15801],[-118.27898,34.158],[-118.27899,34.15773],[-118.27834,34.15772],[-118.27835,34.15745],[-118.27802,34.15745],[-118.27802,34.15718],[-118.2777,34.15717],[-118.27771,34.1569],[-118.27738,34.15689],[-118.27739,34.15635],[-118.27707,34.15635],[-118.27708,34.15581],[-118.27675,34.1558],[-118.27676,34.15553],[-118.27578,34.15552],[-118.2758,34.15471],[-118.27548,34.1547],[-118.27549,34.15416],[-118.27581,34.15417],[-118.27583,34.15335],[-118.2755,34.15335],[-118.27551,34.15308],[-118.27584,34.15308],[-118.27592,34.1493],[-118.27559,34.1493],[-118.2756,34.14903],[-118.27527,34.14902],[-118.27532,34.14713],[-118.27499,34.14712],[-118.275,34.14658],[-118.27468,34.14658],[-118.27469,34.14576],[-118.27437,34.14576],[-118.27439,34.14495],[-118.27406,34.14494],[-118.27407,34.14467],[-118.27374,34.14467],[-118.27376,34.14386],[-118.27344,34.14385],[-118.27345,34.14331],[-118.27312,34.14331],[-118.27312,34.14358],[-118.27279,34.14357],[-118.2728,34.1433],[-118.27215,34.14329],[-118.27216,34.14275],[-118.27183,34.14275],[-118.27184,34.14248],[-118.27151,34.14247],[-118.27155,34.14085],[-118.27187,34.14085],[-118.2719,34.13977],[-118.27157,34.13977],[-118.27159,34.13896],[-118.27192,34.13896],[-118.27192,34.13869],[-118.27225,34.1387],[-118.27225,34.13843],[-118.27258,34.13843],[-118.27258,34.13816],[-118.27226,34.13815],[-118.27228,34.13734],[-118.27195,34.13734],[-118.27196,34.13707],[-118.27163,34.13706],[-118.27164,34.13679],[-118.27131,34.13679],[-118.27133,34.13625],[-118.271,34.13624],[-118.27101,34.13597],[-118.27003,34.13596],[-118.27004,34.13569],[-118.26971,34.13568],[-118.26973,34.13487],[-118.2694,34.13487],[-118.26941,34.1346],[-118.26908,34.13459],[-118.2691,34.13405],[-118.26877,34.13405],[-118.26878,34.13377],[-118.26845,34.13377],[-118.26846,34.1335],[-118.26813,34.1335],[-118.26816,34.13241],[-118.26783,34.13241],[-118.26785,34.1316],[-118.26752,34.13159],[-118.26753,34.13105],[-118.26721,34.13105],[-118.26723,34.12996],[-118.26658,34.12996],[-118.26659,34.12942],[-118.26627,34.12941],[-118.26629,34.1286],[-118.26661,34.1286],[-118.26662,34.12833],[-118.26694,34.12834],[-118.26696,34.1278],[-118.26663,34.12779],[-118.26664,34.12752],[-118.26631,34.12752],[-118.26633,34.12671],[-118.266,34.1267],[-118.26602,34.12589],[-118.2657,34.12588],[-118.26571,34.12534],[-118.26603,34.12535],[-118.26605,34.12481],[-118.26637,34.12481],[-118.26641,34.12319],[-118.26608,34.12319],[-118.26609,34.12292],[-118.26576,34.12291],[-118.26579,34.12183],[-118.26514,34.12182],[-118.26515,34.12101],[-118.26483,34.121],[-118.26483,34.12073],[-118.26451,34.12073],[-118.26453,34.11965],[-118.26421,34.11964],[-118.26422,34.1191],[-118.26357,34.11909],[-118.26358,34.11855],[-118.26326,34.11854],[-118.26327,34.118],[-118.26294,34.118],[-118.26295,34.11773],[-118.26327,34.11773],[-118.26329,34.11719],[-118.26296,34.11719],[-118.26298,34.11638],[-118.26265,34.11637],[-118.26267,34.11556],[-118.26235,34.11556],[-118.26235,34.11529],[-118.26203,34.11528],[-118.26203,34.11501],[-118.25976,34.11498],[-118.25976,34.11471],[-118.25944,34.1147],[-118.25944,34.11443],[-118.25912,34.11442],[-118.25915,34.11307],[-118.25882,34.11307],[-118.25882,34.11334],[-118.25849,34.11333],[-118.2585,34.11306],[-118.25752,34.11305],[-118.25753,34.11278],[-118.25688,34.11277],[-118.25689,34.11223],[-118.25592,34.11221],[-118.25593,34.1114],[-118.25496,34.11139],[-118.25496,34.11112],[-118.25464,34.11111],[-118.25464,34.11084],[-118.25432,34.11084],[-118.25433,34.1103],[-118.25401,34.11029],[-118.25401,34.11002],[-118.25369,34.11001],[-118.25369,34.10974],[-118.25337,34.10974],[-118.25337,34.10947],[-118.25272,34.10946],[-118.25273,34.10919],[-118.25175,34.10917],[-118.25176,34.1089],[-118.25144,34.1089],[-118.25144,34.10863],[-118.25112,34.10862],[-118.25112,34.10835],[-118.2508,34.10835],[-118.2508,34.10808],[-118.2495,34.10806],[-118.24951,34.10779],[-118.24918,34.10778],[-118.24919,34.10751],[-118.24854,34.1075],[-118.24854,34.10723],[-118.24822,34.10723],[-118.24823,34.10695],[-118.2479,34.10695],[-118.24791,34.10668],[-118.24758,34.10668],[-118.2476,34.10586],[-118.24695,34.10585],[-118.24695,34.10558],[-118.24663,34.10558],[-118.24664,34.10504],[-118.24599,34.10503],[-118.246,34.10449],[-118.24568,34.10448],[-118.24568,34.10421],[-118.24536,34.10421],[-118.24537,34.10394],[-118.24504,34.10393],[-118.24505,34.10366],[-118.24472,34.10366],[-118.24473,34.10339],[-118.2444,34.10338],[-118.24442,34.10276],[-118.2454,34.10238],[-118.2454,34.10258],[-118.24572,34.10259],[-118.24571,34.10313],[-118.24636,34.10314]]],[[[-118.30784,34.19332],[-118.30621,34.1933],[-118.30622,34.19303],[-118.30557,34.19302],[-118.30558,34.19248],[-118.30525,34.19247],[-118.30526,34.19193],[-118.30494,34.19192],[-118.30496,34.19111],[-118.30398,34.1911],[-118.30399,34.19056],[-118.30334,34.19055],[-118.30335,34.19028],[-118.3027,34.19027],[-118.3027,34.19],[-118.30205,34.18999],[-118.30206,34.18972],[-118.3001,34.18969],[-118.30011,34.18942],[-118.29978,34.18941],[-118.29979,34.18914],[-118.29849,34.18912],[-118.29849,34.18885],[-118.29784,34.18885],[-118.29784,34.18912],[-118.29621,34.18909],[-118.2962,34.18936],[-118.29555,34.18935],[-118.29557,34.18854],[-118.29492,34.18853],[-118.29494,34.18772],[-118.29461,34.18771],[-118.29462,34.18744],[-118.29397,34.18744],[-118.29398,34.18689],[-118.2943,34.1869],[-118.29431,34.18663],[-118.29398,34.18662],[-118.29399,34.18635],[-118.29367,34.18635],[-118.29366,34.18662],[-118.29333,34.18661],[-118.29334,34.18634],[-118.29335,34.18607],[-118.29204,34.18605],[-118.29205,34.18578],[-118.29075,34.18576],[-118.29075,34.18549],[-118.2901,34.18548],[-118.29011,34.18521],[-118.28946,34.1852],[-118.28946,34.18493],[-118.28914,34.18493],[-118.28913,34.1852],[-118.28881,34.18519],[-118.28881,34.18492],[-118.28849,34.18492],[-118.28848,34.18519],[-118.28783,34.18518],[-118.28782,34.18545],[-118.2875,34.18545],[-118.2875,34.18517],[-118.28653,34.18516],[-118.28653,34.18489],[-118.28621,34.18488],[-118.28621,34.18461],[-118.28556,34.1846],[-118.28557,34.18433],[-118.28589,34.18434],[-118.28591,34.18353],[-118.28559,34.18352],[-118.28559,34.18325],[-118.28527,34.18325],[-118.28527,34.18298],[-118.28495,34.18297],[-118.28496,34.18243],[-118.28463,34.18243],[-118.28464,34.18216],[-118.28432,34.18215],[-118.28432,34.18188],[-118.284,34.18188],[-118.28401,34.18133],[-118.28303,34.18132],[-118.28307,34.1797],[-118.28274,34.17969],[-118.28275,34.17915],[-118.28243,34.17915],[-118.28243,34.17888],[-118.28244,34.17834],[-118.28212,34.17833],[-118.28213,34.17806],[-118.2818,34.17806],[-118.28182,34.17725],[-118.28149,34.17724],[-118.2815,34.17697],[-118.28117,34.17697],[-118.28118,34.17643],[-118.28086,34.17642],[-118.28087,34.17588],[-118.28055,34.17587],[-118.28055,34.1756],[-118.28023,34.1756],[-118.28023,34.17533],[-118.27926,34.17531],[-118.27926,34.17504],[-118.27894,34.17504],[-118.27894,34.17477],[-118.27829,34.17476],[-118.2783,34.17449],[-118.27765,34.17448],[-118.27765,34.17421],[-118.27733,34.1742],[-118.27733,34.17393],[-118.27701,34.17393],[-118.27701,34.17366],[-118.27636,34.17365],[-118.27638,34.17311],[-118.27572,34.1731],[-118.27573,34.17283],[-118.27443,34.17281],[-118.27443,34.17254],[-118.27378,34.17253],[-118.27379,34.17226],[-118.27346,34.17225],[-118.27347,34.17198],[-118.27282,34.17197],[-118.27281,34.17224],[-118.27119,34.17222],[-118.27119,34.17195],[-118.26892,34.17191],[-118.26891,34.17218],[-118.26858,34.17218],[-118.26859,34.17191],[-118.26761,34.17189],[-118.26761,34.17216],[-118.26696,34.17215],[-118.26697,34.17134],[-118.26665,34.17134],[-118.26666,34.17107],[-118.26633,34.17106],[-118.26633,34.17079],[-118.26601,34.17079],[-118.26603,34.16998],[-118.2657,34.16997],[-118.26571,34.1697],[-118.26603,34.16971],[-118.26604,34.16943],[-118.26571,34.16943],[-118.26573,34.16889],[-118.2654,34.16888],[-118.26541,34.16861],[-118.26508,34.16861],[-118.2651,34.1678],[-118.26477,34.16779],[-118.26478,34.16752],[-118.26445,34.16752],[-118.26447,34.16698],[-118.26414,34.16697],[-118.26415,34.1667],[-118.2635,34.16669],[-118.2635,34.16642],[-118.26285,34.16641],[-118.26286,34.16614],[-118.26253,34.16614],[-118.26254,34.16586],[-118.26221,34.16586],[-118.26221,34.16613],[-118.26188,34.16613],[-118.26189,34.16586],[-118.26124,34.16584],[-118.26124,34.16557],[-118.26027,34.16556],[-118.26026,34.16583],[-118.25993,34.16583],[-118.25995,34.16528],[-118.25962,34.16528],[-118.25963,34.16501],[-118.2593,34.165],[-118.25931,34.16473],[-118.25963,34.16474],[-118.25964,34.16447],[-118.25932,34.16446],[-118.25932,34.16419],[-118.25899,34.16419],[-118.259,34.16392],[-118.25835,34.16391],[-118.25836,34.16364],[-118.25705,34.16362],[-118.25705,34.16389],[-118.25607,34.16387],[-118.25607,34.16414],[-118.25542,34.16413],[-118.25542,34.16386],[-118.25445,34.16385],[-118.25445,34.16358],[-118.25413,34.16357],[-118.25413,34.1633],[-118.25283,34.16328],[-118.25284,34.16301],[-118.25251,34.16301],[-118.25251,34.16328],[-118.25186,34.16327],[-118.25185,34.16354],[-118.25152,34.16353],[-118.25153,34.16326],[-118.2512,34.16326],[-118.25121,34.16299],[-118.25088,34.16298],[-118.25088,34.16325],[-118.25055,34.16325],[-118.25057,34.16271],[-118.24992,34.1627],[-118.24992,34.16243],[-118.2496,34.16242],[-118.24959,34.16269],[-118.24926,34.16269],[-118.24927,34.16242],[-118.24895,34.16241],[-118.24895,34.16214],[-118.24863,34.16214],[-118.24863,34.16187],[-118.24798,34.16186],[-118.24799,34.16159],[-118.24734,34.16158],[-118.24735,34.16103],[-118.24572,34.16101],[-118.24572,34.16128],[-118.24539,34.16128],[-118.2454,34.16101],[-118.24507,34.161],[-118.24508,34.16073],[-118.2441,34.16072],[-118.2441,34.16098],[-118.24279,34.16096],[-118.24279,34.16123],[-118.24084,34.16121],[-118.24083,34.16148],[-118.2405,34.16147],[-118.24051,34.1612],[-118.24018,34.16119],[-118.24021,34.16011],[-118.24053,34.16012],[-118.24058,34.15823],[-118.2409,34.15823],[-118.24091,34.15796],[-118.24058,34.15796],[-118.2406,34.15714],[-118.24028,34.15714],[-118.24029,34.1566],[-118.23996,34.15659],[-118.23998,34.15605],[-118.23965,34.15605],[-118.23965,34.15578],[-118.23901,34.15577],[-118.23902,34.15523],[-118.23934,34.15523],[-118.23935,34.15469],[-118.2387,34.15468],[-118.23872,34.15414],[-118.23807,34.15413],[-118.23808,34.15359],[-118.2371,34.15357],[-118.23709,34.15384],[-118.23677,34.15384],[-118.23678,34.15357],[-118.23645,34.15357],[-118.23646,34.15329],[-118.23613,34.15329],[-118.23613,34.15356],[-118.2358,34.15355],[-118.23581,34.15328],[-118.23516,34.15327],[-118.23516,34.153],[-118.23484,34.153],[-118.23484,34.15273],[-118.23452,34.15272],[-118.23452,34.15245],[-118.2342,34.15245],[-118.2342,34.15218],[-118.23388,34.15217],[-118.23389,34.1519],[-118.23356,34.1519],[-118.23356,34.15163],[-118.23292,34.15162],[-118.23292,34.15135],[-118.23194,34.15133],[-118.23195,34.15106],[-118.23163,34.15106],[-118.23163,34.15078],[-118.23098,34.15078],[-118.23099,34.15051],[-118.23131,34.15051],[-118.23132,34.15024],[-118.23132,34.14997],[-118.23165,34.14997],[-118.23166,34.14943],[-118.23167,34.14889],[-118.23135,34.14889],[-118.23135,34.14862],[-118.23103,34.14861],[-118.23104,34.14834],[-118.23104,34.14807],[-118.23137,34.14808],[-118.23139,34.14699],[-118.23172,34.147],[-118.23174,34.14619],[-118.23206,34.14619],[-118.23207,34.14592],[-118.23239,34.14593],[-118.2324,34.14566],[-118.23272,34.14566],[-118.23274,34.14512],[-118.23241,34.14512],[-118.23242,34.14485],[-118.23274,34.14485],[-118.23276,34.14404],[-118.23243,34.14404],[-118.23244,34.14377],[-118.23277,34.14377],[-118.23277,34.1435],[-118.23245,34.1435],[-118.23246,34.14296],[-118.23278,34.14296],[-118.23279,34.14269],[-118.23246,34.14268],[-118.23248,34.14214],[-118.23215,34.14214],[-118.23216,34.14187],[-118.23248,34.14187],[-118.2325,34.14133],[-118.23282,34.14134],[-118.23283,34.14107],[-118.23348,34.14108],[-118.23348,34.14081],[-118.23381,34.14081],[-118.23383,34.14],[-118.2335,34.14],[-118.23351,34.13972],[-118.23318,34.13972],[-118.23319,34.13918],[-118.23352,34.13918],[-118.23353,34.13891],[-118.23483,34.13893],[-118.23484,34.13839],[-118.23581,34.13841],[-118.23582,34.13814],[-118.23614,34.13814],[-118.23615,34.13787],[-118.2368,34.13788],[-118.23681,34.13761],[-118.23778,34.13763],[-118.23779,34.13736],[-118.23844,34.13737],[-118.23845,34.1371],[-118.23812,34.13709],[-118.23813,34.13682],[-118.23878,34.13683],[-118.23878,34.13656],[-118.23911,34.13657],[-118.23911,34.1363],[-118.24009,34.13631],[-118.2401,34.13604],[-118.24042,34.13605],[-118.24044,34.13524],[-118.24076,34.13524],[-118.2408,34.13389],[-118.24112,34.13389],[-118.24113,34.13362],[-118.24145,34.13363],[-118.24146,34.13309],[-118.24114,34.13308],[-118.24116,34.13227],[-118.24083,34.13227],[-118.24084,34.132],[-118.24116,34.132],[-118.24117,34.13173],[-118.24149,34.13173],[-118.2415,34.13146],[-118.24117,34.13146],[-118.24118,34.13119],[-118.24085,34.13118],[-118.24086,34.13091],[-118.24119,34.13092],[-118.2412,34.13038],[-118.2425,34.1304],[-118.24249,34.13067],[-118.24444,34.1307],[-118.24445,34.13043],[-118.24478,34.13043],[-118.24478,34.13016],[-118.24511,34.13017],[-118.24512,34.12963],[-118.24479,34.12962],[-118.24481,34.12908],[-118.24578,34.1291],[-118.24576,34.12991],[-118.24837,34.12995],[-118.24837,34.12968],[-118.24967,34.1297],[-118.24968,34.12943],[-118.25,34.12943],[-118.25002,34.12889],[-118.25034,34.1289],[-118.25035,34.12863],[-118.25165,34.12864],[-118.25165,34.12837],[-118.25198,34.12838],[-118.25199,34.12811],[-118.25231,34.12812],[-118.25232,34.12784],[-118.25297,34.12785],[-118.25297,34.12758],[-118.2533,34.12759],[-118.2533,34.12732],[-118.25363,34.12732],[-118.25364,34.12678],[-118.25397,34.12679],[-118.25399,34.12571],[-118.25432,34.12571],[-118.25435,34.12409],[-118.25468,34.12409],[-118.25468,34.12382],[-118.25436,34.12382],[-118.25437,34.12328],[-118.25404,34.12327],[-118.25405,34.123],[-118.25373,34.123],[-118.25374,34.12246],[-118.25341,34.12245],[-118.25342,34.12218],[-118.25309,34.12218],[-118.2531,34.12191],[-118.25277,34.1219],[-118.25279,34.12109],[-118.25247,34.12109],[-118.25247,34.12082],[-118.25182,34.1208],[-118.25183,34.12053],[-118.2515,34.12053],[-118.25151,34.11999],[-118.25119,34.11998],[-118.2512,34.11944],[-118.25055,34.11943],[-118.25056,34.11916],[-118.24991,34.11915],[-118.24991,34.11888],[-118.24959,34.11888],[-118.2496,34.11834],[-118.24927,34.11833],[-118.24928,34.11806],[-118.24895,34.11806],[-118.24896,34.11778],[-118.24864,34.11778],[-118.24864,34.11751],[-118.24799,34.1175],[-118.248,34.11723],[-118.24735,34.11722],[-118.24735,34.11695],[-118.24573,34.11692],[-118.24573,34.11665],[-118.24541,34.11665],[-118.2454,34.11692],[-118.24443,34.1169],[-118.24442,34.11718],[-118.24344,34.11716],[-118.24343,34.1177],[-118.24311,34.11769],[-118.2431,34.11797],[-118.24278,34.11796],[-118.24277,34.11823],[-118.24212,34.11822],[-118.24213,34.11795],[-118.24148,34.11794],[-118.24148,34.11767],[-118.24051,34.11765],[-118.24051,34.11738],[-118.23986,34.11738],[-118.23987,34.11711],[-118.23954,34.1171],[-118.23955,34.11683],[-118.23922,34.11682],[-118.23923,34.11655],[-118.23858,34.11654],[-118.23859,34.11627],[-118.23826,34.11627],[-118.23827,34.116],[-118.23762,34.11599],[-118.23763,34.11545],[-118.23795,34.11545],[-118.23797,34.11491],[-118.23829,34.11492],[-118.23831,34.11411],[-118.23798,34.1141],[-118.23799,34.11383],[-118.23767,34.11382],[-118.23768,34.11328],[-118.23735,34.11328],[-118.23736,34.11301],[-118.23768,34.11301],[-118.2377,34.11247],[-118.23802,34.11248],[-118.23803,34.11221],[-118.23835,34.11221],[-118.23836,34.11194],[-118.23868,34.11195],[-118.23869,34.11168],[-118.23901,34.11168],[-118.23902,34.11141],[-118.23935,34.11142],[-118.23936,34.1106],[-118.23969,34.11061],[-118.2397,34.11007],[-118.24003,34.11008],[-118.24004,34.10953],[-118.24036,34.10954],[-118.24038,34.10873],[-118.24071,34.10873],[-118.24073,34.10765],[-118.24106,34.10766],[-118.24106,34.10739],[-118.24074,34.10738],[-118.24077,34.10603],[-118.24044,34.10602],[-118.24046,34.10521],[-118.24013,34.10521],[-118.24014,34.10511],[-118.24027,34.10502],[-118.24052,34.10485],[-118.2408,34.10468],[-118.24112,34.10468],[-118.24111,34.10522],[-118.24143,34.10523],[-118.24142,34.10604],[-118.24174,34.10604],[-118.24171,34.1074],[-118.24204,34.1074],[-118.24203,34.10767],[-118.2417,34.10767],[-118.24168,34.10875],[-118.24136,34.10874],[-118.24132,34.11037],[-118.24099,34.11036],[-118.24098,34.1109],[-118.24033,34.11089],[-118.24031,34.1117],[-118.23999,34.1117],[-118.23998,34.11197],[-118.23966,34.11196],[-118.23965,34.1125],[-118.239,34.11249],[-118.23898,34.11303],[-118.23866,34.11303],[-118.23865,34.1133],[-118.23898,34.1133],[-118.23897,34.11384],[-118.23929,34.11385],[-118.23927,34.11493],[-118.23894,34.11493],[-118.23892,34.11574],[-118.23957,34.11575],[-118.23957,34.11602],[-118.24022,34.11603],[-118.24021,34.1163],[-118.24086,34.11631],[-118.24086,34.11658],[-118.24118,34.11658],[-118.24117,34.11685],[-118.24183,34.11686],[-118.24182,34.11713],[-118.24214,34.11714],[-118.24214,34.11741],[-118.24246,34.11742],[-118.24247,34.11715],[-118.2428,34.11715],[-118.24281,34.11661],[-118.24346,34.11662],[-118.24346,34.11635],[-118.24444,34.11636],[-118.24444,34.11609],[-118.2451,34.1161],[-118.2451,34.11583],[-118.24608,34.11585],[-118.24607,34.11612],[-118.2477,34.11614],[-118.24769,34.11641],[-118.24802,34.11642],[-118.24802,34.11615],[-118.24835,34.11615],[-118.24834,34.11642],[-118.24867,34.11643],[-118.24866,34.1167],[-118.24899,34.1167],[-118.24898,34.11697],[-118.2493,34.11698],[-118.2493,34.11725],[-118.24995,34.11726],[-118.24994,34.11753],[-118.25059,34.11754],[-118.25057,34.11862],[-118.25122,34.11863],[-118.25121,34.1189],[-118.25186,34.11891],[-118.25186,34.11918],[-118.25218,34.11919],[-118.25217,34.12],[-118.25314,34.12001],[-118.25313,34.12028],[-118.25346,34.12029],[-118.25345,34.12056],[-118.25378,34.12056],[-118.25377,34.12111],[-118.25442,34.12112],[-118.25439,34.12247],[-118.25471,34.12247],[-118.25471,34.12274],[-118.25536,34.12275],[-118.25534,34.12356],[-118.25566,34.12357],[-118.25565,34.12411],[-118.25533,34.1241],[-118.25531,34.12465],[-118.25564,34.12465],[-118.25563,34.12492],[-118.25531,34.12492],[-118.25529,34.12573],[-118.25496,34.12572],[-118.25496,34.12599],[-118.25529,34.126],[-118.25527,34.12654],[-118.2556,34.12654],[-118.25559,34.12681],[-118.25527,34.12681],[-118.25526,34.12735],[-118.2546,34.12734],[-118.25459,34.12788],[-118.25427,34.12787],[-118.25426,34.12815],[-118.25394,34.12814],[-118.25393,34.12841],[-118.2536,34.12841],[-118.2536,34.12868],[-118.25295,34.12866],[-118.25293,34.12948],[-118.25261,34.12947],[-118.25261,34.1292],[-118.25229,34.1292],[-118.25228,34.12947],[-118.2513,34.12945],[-118.25129,34.13026],[-118.25031,34.13025],[-118.2503,34.13052],[-118.24998,34.13051],[-118.24997,34.13078],[-118.24965,34.13078],[-118.24965,34.13051],[-118.24933,34.1305],[-118.24932,34.13077],[-118.24802,34.13075],[-118.24802,34.13102],[-118.24737,34.13101],[-118.24736,34.13128],[-118.24703,34.13128],[-118.24703,34.13155],[-118.24443,34.13151],[-118.24442,34.13178],[-118.2428,34.13175],[-118.24279,34.13202],[-118.24246,34.13202],[-118.24243,34.13364],[-118.24275,34.13365],[-118.24275,34.13392],[-118.24242,34.13391],[-118.24241,34.13418],[-118.24209,34.13418],[-118.24208,34.13445],[-118.24176,34.13444],[-118.24175,34.13471],[-118.24208,34.13472],[-118.24207,34.13526],[-118.24174,34.13526],[-118.24174,34.13553],[-118.24141,34.13552],[-118.2414,34.13579],[-118.24173,34.1358],[-118.24172,34.13634],[-118.24139,34.13633],[-118.24138,34.1366],[-118.24106,34.1366],[-118.24105,34.13714],[-118.24007,34.13712],[-118.24007,34.13739],[-118.23974,34.13739],[-118.23973,34.13766],[-118.23908,34.13765],[-118.23907,34.13819],[-118.23875,34.13818],[-118.23874,34.13845],[-118.23776,34.13844],[-118.23776,34.13871],[-118.23711,34.1387],[-118.2371,34.13897],[-118.23678,34.13896],[-118.23677,34.13923],[-118.23612,34.13923],[-118.23611,34.13949],[-118.23546,34.13949],[-118.23546,34.13976],[-118.23448,34.13974],[-118.23448,34.14001],[-118.2348,34.14002],[-118.23478,34.1411],[-118.23445,34.14109],[-118.23443,34.1419],[-118.23411,34.1419],[-118.2341,34.14217],[-118.23378,34.14216],[-118.23377,34.14243],[-118.2341,34.14244],[-118.23409,34.14271],[-118.23377,34.1427],[-118.23375,34.14325],[-118.23343,34.14324],[-118.23342,34.14351],[-118.23375,34.14352],[-118.23374,34.14379],[-118.23342,34.14378],[-118.23341,34.14405],[-118.23373,34.14406],[-118.2337,34.14568],[-118.23337,34.14567],[-118.23337,34.14594],[-118.23369,34.14595],[-118.23369,34.14622],[-118.23336,34.14621],[-118.23336,34.14648],[-118.23303,34.14648],[-118.23301,34.14729],[-118.23269,34.14729],[-118.23267,34.1481],[-118.23234,34.14809],[-118.23234,34.14836],[-118.23266,34.14837],[-118.23263,34.14972],[-118.23296,34.14972],[-118.23294,34.15053],[-118.23391,34.15055],[-118.23391,34.15082],[-118.23456,34.15083],[-118.23455,34.1511],[-118.23488,34.15111],[-118.23487,34.15165],[-118.23552,34.15166],[-118.23551,34.15193],[-118.23584,34.15193],[-118.23582,34.15247],[-118.23615,34.15248],[-118.23616,34.15221],[-118.23713,34.15222],[-118.23713,34.15249],[-118.2381,34.15251],[-118.2381,34.15278],[-118.23875,34.15279],[-118.23874,34.15306],[-118.23906,34.15306],[-118.23906,34.15333],[-118.23938,34.15334],[-118.23938,34.15361],[-118.2397,34.15362],[-118.2397,34.15389],[-118.24035,34.15389],[-118.24032,34.15525],[-118.24064,34.15525],[-118.24064,34.15552],[-118.24096,34.15553],[-118.24096,34.1558],[-118.24128,34.1558],[-118.24127,34.15634],[-118.2416,34.15635],[-118.24158,34.15689],[-118.24191,34.15689],[-118.24188,34.15798],[-118.24221,34.15798],[-118.24217,34.1596],[-118.24185,34.1596],[-118.24184,34.15987],[-118.24347,34.15989],[-118.24348,34.15962],[-118.24478,34.15964],[-118.24478,34.15937],[-118.24511,34.15938],[-118.2451,34.15965],[-118.24543,34.15965],[-118.24542,34.15992],[-118.24672,34.15994],[-118.24673,34.15967],[-118.24738,34.15968],[-118.24737,34.15995],[-118.2477,34.15996],[-118.24769,34.16023],[-118.24834,34.16024],[-118.24834,34.16051],[-118.24899,34.16052],[-118.24898,34.16106],[-118.2493,34.16107],[-118.2493,34.16134],[-118.25027,34.16135],[-118.25026,34.16162],[-118.25092,34.16163],[-118.25091,34.1619],[-118.25156,34.16191],[-118.25155,34.16218],[-118.25188,34.16219],[-118.25187,34.16246],[-118.2522,34.16246],[-118.25221,34.16219],[-118.25253,34.1622],[-118.25254,34.16193],[-118.25286,34.16193],[-118.25286,34.1622],[-118.25351,34.16221],[-118.2535,34.16248],[-118.25415,34.16249],[-118.25414,34.16276],[-118.2548,34.16277],[-118.25479,34.16304],[-118.25642,34.16307],[-118.25642,34.1628],[-118.25675,34.1628],[-118.25675,34.16253],[-118.25805,34.16255],[-118.25805,34.16282],[-118.2587,34.16283],[-118.25871,34.16256],[-118.25903,34.16257],[-118.25902,34.16284],[-118.25968,34.16285],[-118.25966,34.16339],[-118.25999,34.16339],[-118.25998,34.16366],[-118.26063,34.16367],[-118.26063,34.16394],[-118.26095,34.16395],[-118.26094,34.16476],[-118.26289,34.16479],[-118.26288,34.16506],[-118.26386,34.16507],[-118.26385,34.16534],[-118.2645,34.16535],[-118.2645,34.16562],[-118.26482,34.16563],[-118.26482,34.1659],[-118.26514,34.16591],[-118.26513,34.16645],[-118.26546,34.16645],[-118.26545,34.16672],[-118.26577,34.16673],[-118.26576,34.16727],[-118.26609,34.16727],[-118.26608,34.16754],[-118.26641,34.16755],[-118.2664,34.16809],[-118.26672,34.16809],[-118.26671,34.16863],[-118.26703,34.16864],[-118.26702,34.16945],[-118.26734,34.16945],[-118.26734,34.16972],[-118.26766,34.16973],[-118.26765,34.17027],[-118.26797,34.17027],[-118.26797,34.17054],[-118.26927,34.17057],[-118.26928,34.1703],[-118.27025,34.17031],[-118.27025,34.17058],[-118.2709,34.17059],[-118.2709,34.17032],[-118.27123,34.17032],[-118.27122,34.17059],[-118.27155,34.1706],[-118.27154,34.17087],[-118.27252,34.17088],[-118.27252,34.17061],[-118.27415,34.17064],[-118.27415,34.17091],[-118.27447,34.17091],[-118.27446,34.17119],[-118.27511,34.17119],[-118.27511,34.17146],[-118.27641,34.17148],[-118.2764,34.17175],[-118.27706,34.17177],[-118.27705,34.17204],[-118.27738,34.17204],[-118.27736,34.17258],[-118.27769,34.17259],[-118.27768,34.17286],[-118.27833,34.17287],[-118.27833,34.17314],[-118.2793,34.17315],[-118.2793,34.17342],[-118.27995,34.17343],[-118.27994,34.1737],[-118.28027,34.17371],[-118.28026,34.17398],[-118.28124,34.17399],[-118.28123,34.17426],[-118.28156,34.17427],[-118.28155,34.17454],[-118.28188,34.17454],[-118.28187,34.17481],[-118.28252,34.17482],[-118.28251,34.17536],[-118.2825,34.17563],[-118.2825,34.1759],[-118.28282,34.17591],[-118.28282,34.17618],[-118.28314,34.17618],[-118.28313,34.17672],[-118.28346,34.17673],[-118.28344,34.17754],[-118.28377,34.17755],[-118.28375,34.17809],[-118.28408,34.17809],[-118.28406,34.1789],[-118.28439,34.17891],[-118.28437,34.17972],[-118.28404,34.17971],[-118.28404,34.17998],[-118.28436,34.17999],[-118.28435,34.18053],[-118.285,34.18054],[-118.285,34.18081],[-118.28532,34.18081],[-118.28531,34.18109],[-118.28597,34.18109],[-118.28595,34.18163],[-118.28628,34.18164],[-118.28627,34.18218],[-118.28659,34.18219],[-118.28659,34.18246],[-118.28691,34.18246],[-118.28691,34.18273],[-118.28723,34.18274],[-118.28722,34.18355],[-118.28754,34.18355],[-118.28753,34.18382],[-118.28884,34.18384],[-118.28884,34.18357],[-118.28949,34.18358],[-118.2895,34.18331],[-118.28982,34.18332],[-118.28982,34.18359],[-118.29079,34.1836],[-118.29079,34.18387],[-118.29111,34.18388],[-118.29111,34.18415],[-118.29143,34.18415],[-118.29143,34.18442],[-118.29273,34.18444],[-118.29272,34.18471],[-118.2937,34.18473],[-118.29369,34.185],[-118.29402,34.185],[-118.29401,34.18527],[-118.29434,34.18528],[-118.29435,34.18501],[-118.29467,34.18501],[-118.29466,34.18528],[-118.29532,34.18529],[-118.29531,34.18556],[-118.29564,34.18557],[-118.29562,34.18611],[-118.29595,34.18611],[-118.29593,34.18692],[-118.29626,34.18693],[-118.29624,34.18747],[-118.29657,34.18747],[-118.29657,34.18774],[-118.29787,34.18776],[-118.29787,34.18749],[-118.29852,34.1875],[-118.29852,34.18777],[-118.29884,34.18778],[-118.29885,34.18751],[-118.29982,34.18752],[-118.29982,34.18779],[-118.30015,34.1878],[-118.30014,34.18807],[-118.30046,34.18807],[-118.30047,34.1878],[-118.30112,34.18781],[-118.30111,34.18808],[-118.30177,34.18809],[-118.30176,34.18836],[-118.30241,34.18837],[-118.3024,34.18864],[-118.30306,34.18865],[-118.30305,34.18892],[-118.30403,34.18894],[-118.30402,34.18921],[-118.30467,34.18922],[-118.30467,34.18949],[-118.30532,34.1895],[-118.30531,34.18977],[-118.30629,34.18978],[-118.30628,34.19032],[-118.3066,34.19033],[-118.30658,34.19141],[-118.3069,34.19141],[-118.30689,34.19195],[-118.30787,34.19197],[-118.30786,34.19224],[-118.30916,34.19226],[-118.30915,34.1928],[-118.30948,34.1928],[-118.30947,34.19335],[-118.30957,34.19335],[-118.30946,34.19345],[-118.30931,34.19359],[-118.30911,34.19378],[-118.30896,34.19392],[-118.30883,34.19405],[-118.30872,34.19415],[-118.30839,34.19447],[-118.30837,34.19449],[-118.30835,34.19451],[-118.30825,34.1946],[-118.30817,34.19468],[-118.30814,34.19468],[-118.30815,34.19387],[-118.30783,34.19386],[-118.30784,34.19332]]],[[[-118.16,34.15236],[-118.16,34.15268],[-118.15993,34.15236],[-118.16,34.15236]]],[[[-118.16771,34.17087],[-118.1677,34.17114],[-118.16835,34.17115],[-118.16835,34.17142],[-118.16867,34.17143],[-118.16867,34.1717],[-118.16932,34.17171],[-118.16933,34.17117],[-118.169,34.17116],[-118.16903,34.17008],[-118.16871,34.17008],[-118.16872,34.16954],[-118.16839,34.16953],[-118.16841,34.16899],[-118.16808,34.16898],[-118.16809,34.16844],[-118.16777,34.16844],[-118.16778,34.1679],[-118.16745,34.16789],[-118.16747,34.16735],[-118.16714,34.16735],[-118.16717,34.166],[-118.16652,34.16598],[-118.16653,34.16571],[-118.16588,34.1657],[-118.16588,34.16543],[-118.16556,34.16543],[-118.1656,34.16381],[-118.16592,34.16381],[-118.16594,34.163],[-118.16627,34.16301],[-118.16627,34.16274],[-118.1666,34.16274],[-118.16662,34.16193],[-118.16694,34.16193],[-118.16697,34.16085],[-118.16664,34.16085],[-118.16665,34.16058],[-118.16632,34.16057],[-118.16634,34.15976],[-118.16667,34.15977],[-118.16668,34.15923],[-118.167,34.15923],[-118.16701,34.15896],[-118.16669,34.15896],[-118.16671,34.15787],[-118.16639,34.15787],[-118.16639,34.1576],[-118.16509,34.15758],[-118.1651,34.15731],[-118.16477,34.1573],[-118.1648,34.15622],[-118.16447,34.15622],[-118.16447,34.15649],[-118.16381,34.15648],[-118.16381,34.15675],[-118.16348,34.15674],[-118.16349,34.15647],[-118.16284,34.15646],[-118.16285,34.15619],[-118.16219,34.15618],[-118.1622,34.15591],[-118.16155,34.1559],[-118.16156,34.15563],[-118.16123,34.15562],[-118.16124,34.15535],[-118.16091,34.15535],[-118.16092,34.15508],[-118.16059,34.15507],[-118.1606,34.1548],[-118.1605,34.1548],[-118.16045,34.15463],[-118.1603,34.15406],[-118.16025,34.15387],[-118.1601,34.15317],[-118.16031,34.15317],[-118.1603,34.15344],[-118.16161,34.15346],[-118.1616,34.15373],[-118.16192,34.15374],[-118.16192,34.15401],[-118.16224,34.15402],[-118.16224,34.15429],[-118.16256,34.15429],[-118.16256,34.15456],[-118.16288,34.15457],[-118.16288,34.15484],[-118.16385,34.15485],[-118.16385,34.15512],[-118.16417,34.15513],[-118.16416,34.1554],[-118.16482,34.15541],[-118.16481,34.15568],[-118.16513,34.15568],[-118.16514,34.15541],[-118.16547,34.15542],[-118.16546,34.15569],[-118.16578,34.1557],[-118.16577,34.15624],[-118.1661,34.15624],[-118.16608,34.15678],[-118.16674,34.15679],[-118.16673,34.15706],[-118.16738,34.15707],[-118.16739,34.1568],[-118.16771,34.15681],[-118.16769,34.15789],[-118.16801,34.1579],[-118.168,34.15844],[-118.16767,34.15843],[-118.16767,34.1587],[-118.16799,34.15871],[-118.16798,34.15925],[-118.16765,34.15924],[-118.16762,34.16086],[-118.16794,34.16087],[-118.16791,34.16249],[-118.16758,34.16249],[-118.16757,34.16303],[-118.16724,34.16302],[-118.16724,34.16329],[-118.16756,34.1633],[-118.16754,34.16411],[-118.16722,34.1641],[-118.1672,34.16491],[-118.16785,34.16492],[-118.16784,34.16519],[-118.16817,34.1652],[-118.16813,34.16682],[-118.16845,34.16683],[-118.16845,34.1671],[-118.16877,34.1671],[-118.16876,34.16764],[-118.16941,34.16765],[-118.16939,34.16846],[-118.16972,34.16847],[-118.16971,34.16901],[-118.17003,34.16902],[-118.17001,34.1701],[-118.17033,34.1701],[-118.17032,34.17064],[-118.17064,34.17065],[-118.17064,34.17092],[-118.17129,34.17093],[-118.17127,34.17174],[-118.17095,34.17174],[-118.17094,34.17201],[-118.17029,34.172],[-118.17028,34.17227],[-118.16996,34.17226],[-118.16994,34.1728],[-118.16962,34.1728],[-118.16961,34.17307],[-118.16864,34.17305],[-118.16863,34.17332],[-118.1683,34.17332],[-118.16832,34.17278],[-118.16734,34.17276],[-118.16734,34.1728],[-118.16649,34.17155],[-118.16641,34.17139],[-118.16705,34.1714],[-118.16705,34.17113],[-118.16738,34.17114],[-118.16738,34.17087],[-118.16771,34.17087]]],[[[-118.17252,34.18826],[-118.17252,34.18799],[-118.17317,34.188],[-118.17318,34.18773],[-118.1735,34.18773],[-118.17351,34.18746],[-118.17383,34.18747],[-118.17384,34.1872],[-118.17352,34.18719],[-118.17352,34.18692],[-118.17385,34.18693],[-118.17386,34.18639],[-118.17419,34.18639],[-118.17419,34.18612],[-118.17484,34.18613],[-118.17485,34.18586],[-118.17583,34.18588],[-118.17582,34.18615],[-118.17615,34.18615],[-118.17613,34.18669],[-118.17678,34.1867],[-118.17678,34.18697],[-118.17775,34.18699],[-118.17775,34.18726],[-118.1784,34.18727],[-118.17839,34.18754],[-118.17872,34.18755],[-118.17871,34.18782],[-118.1787,34.18809],[-118.17869,34.1889],[-118.17836,34.18889],[-118.17835,34.18916],[-118.17835,34.18943],[-118.17833,34.19024],[-118.17824,34.1943],[-118.17758,34.19429],[-118.17758,34.19434],[-118.1761,34.19331],[-118.17543,34.19275],[-118.1744,34.192],[-118.17303,34.19079],[-118.1721,34.18982],[-118.17183,34.18955],[-118.17185,34.18879],[-118.17218,34.18879],[-118.17219,34.18825],[-118.17252,34.18826]]]]},"properties":{"FHSZ":1,"FHSZ_Description":"Moderate"}},{"type":"Feature","geometry":{"type":"Polygon","coordinates":[[[-118.20165,34.13842],[-118.20133,34.13841],[-118.20133,34.13814],[-118.20101,34.13814],[-118.20101,34.13786],[-118.20069,34.13786],[-118.20069,34.13759],[-118.20037,34.13759],[-118.20037,34.13731],[-118.19907,34.13729],[-118.19908,34.13702],[-118.19876,34.13702],[-118.19875,34.13729],[-118.19842,34.13728],[-118.19843,34.13701],[-118.19453,34.13695],[-118.19454,34.13641],[-118.19421,34.13641],[-118.19422,34.13614],[-118.19325,34.13612],[-118.19325,34.13585],[-118.19195,34.13583],[-118.19196,34.13556],[-118.19163,34.13555],[-118.19164,34.13528],[-118.19261,34.1353],[-118.19262,34.13503],[-118.19294,34.13503],[-118.19295,34.13476],[-118.19328,34.13477],[-118.19328,34.1345],[-118.19361,34.1345],[-118.19362,34.13396],[-118.19394,34.13397],[-118.19395,34.1337],[-118.19428,34.1337],[-118.19429,34.13316],[-118.19494,34.13317],[-118.19493,34.13344],[-118.19591,34.13346],[-118.1959,34.13373],[-118.19623,34.13373],[-118.19623,34.13346],[-118.19688,34.13347],[-118.19689,34.1332],[-118.19721,34.13321],[-118.19721,34.13348],[-118.19818,34.13349],[-118.19819,34.13322],[-118.20014,34.13325],[-118.20079,34.13326],[-118.20079,34.13353],[-118.20111,34.13354],[-118.20111,34.13381],[-118.2011,34.13408],[-118.20109,34.13435],[-118.20142,34.13435],[-118.20141,34.13463],[-118.20206,34.13464],[-118.20205,34.13518],[-118.20238,34.13518],[-118.20236,34.13572],[-118.20269,34.13573],[-118.20268,34.136],[-118.20366,34.13601],[-118.20365,34.13628],[-118.20398,34.13629],[-118.20397,34.13656],[-118.20462,34.13657],[-118.20463,34.1363],[-118.20495,34.1363],[-118.20495,34.13658],[-118.2056,34.13658],[-118.2056,34.13632],[-118.20625,34.13632],[-118.20627,34.13578],[-118.20659,34.13579],[-118.2066,34.13552],[-118.20725,34.13553],[-118.20724,34.1358],[-118.20789,34.13581],[-118.20789,34.13608],[-118.20854,34.13609],[-118.20854,34.13582],[-118.20887,34.13582],[-118.20886,34.13609],[-118.20951,34.13611],[-118.20952,34.13584],[-118.20984,34.13584],[-118.20984,34.13611],[-118.21016,34.13612],[-118.21017,34.13585],[-118.21082,34.13586],[-118.21083,34.13558],[-118.21083,34.13531],[-118.21148,34.13533],[-118.21149,34.13506],[-118.21181,34.13506],[-118.21182,34.13479],[-118.21215,34.13479],[-118.21215,34.13452],[-118.2128,34.13453],[-118.21345,34.13455],[-118.21346,34.13427],[-118.21378,34.13428],[-118.21379,34.13401],[-118.21412,34.13401],[-118.21413,34.13347],[-118.21445,34.13348],[-118.21446,34.13321],[-118.21446,34.13294],[-118.21479,34.13294],[-118.2148,34.13267],[-118.2148,34.1324],[-118.21513,34.13241],[-118.21515,34.1316],[-118.21482,34.13159],[-118.21483,34.13132],[-118.21515,34.13133],[-118.21516,34.13106],[-118.21518,34.13024],[-118.21485,34.13024],[-118.21486,34.1297],[-118.21454,34.12969],[-118.21454,34.12942],[-118.21456,34.12861],[-118.21424,34.12861],[-118.21359,34.1286],[-118.2136,34.12806],[-118.21327,34.12805],[-118.21328,34.12778],[-118.21263,34.12777],[-118.21264,34.1275],[-118.21231,34.1275],[-118.21232,34.12722],[-118.21235,34.12587],[-118.21202,34.12587],[-118.21203,34.1256],[-118.21235,34.1256],[-118.21237,34.12506],[-118.21237,34.12479],[-118.21238,34.12452],[-118.21205,34.12452],[-118.21207,34.1237],[-118.21272,34.12371],[-118.21273,34.12344],[-118.21305,34.12345],[-118.21306,34.12318],[-118.21371,34.12319],[-118.21372,34.12265],[-118.21405,34.12265],[-118.21405,34.12238],[-118.21503,34.1224],[-118.21502,34.12267],[-118.216,34.12268],[-118.21599,34.12295],[-118.21632,34.12296],[-118.21632,34.12269],[-118.21697,34.1227],[-118.21696,34.12324],[-118.21729,34.12324],[-118.21728,34.12351],[-118.21826,34.12353],[-118.21825,34.1238],[-118.22053,34.12384],[-118.22051,34.12438],[-118.22019,34.12437],[-118.22018,34.12491],[-118.21953,34.1249],[-118.21952,34.12517],[-118.21919,34.12517],[-118.21919,34.12544],[-118.21886,34.12543],[-118.21883,34.12678],[-118.21851,34.12678],[-118.2185,34.12705],[-118.21883,34.12706],[-118.21881,34.1276],[-118.21849,34.12759],[-118.21848,34.12813],[-118.21815,34.12813],[-118.21813,34.12894],[-118.21781,34.12893],[-118.2178,34.1292],[-118.21748,34.1292],[-118.21745,34.13028],[-118.21778,34.13029],[-118.21773,34.13245],[-118.21838,34.13246],[-118.21834,34.13408],[-118.21802,34.13408],[-118.218,34.13489],[-118.21735,34.13488],[-118.21734,34.13515],[-118.21669,34.13514],[-118.21669,34.13541],[-118.21604,34.1354],[-118.21602,34.13594],[-118.2157,34.13593],[-118.21569,34.1362],[-118.21537,34.1362],[-118.21536,34.13647],[-118.21504,34.13646],[-118.21499,34.13863],[-118.21531,34.13863],[-118.21531,34.1389],[-118.21563,34.13891],[-118.21562,34.13918],[-118.21595,34.13918],[-118.21594,34.13945],[-118.21529,34.13944],[-118.2153,34.13917],[-118.21432,34.13916],[-118.21433,34.13889],[-118.21335,34.13887],[-118.21335,34.13914],[-118.21302,34.13914],[-118.21302,34.13941],[-118.21269,34.1394],[-118.21237,34.1394],[-118.21237,34.13913],[-118.21205,34.13912],[-118.2114,34.13911],[-118.2114,34.13884],[-118.20978,34.13881],[-118.20977,34.13909],[-118.20879,34.13907],[-118.20814,34.13906],[-118.20815,34.13879],[-118.2075,34.13878],[-118.20749,34.13905],[-118.20652,34.13903],[-118.20651,34.1393],[-118.20619,34.1393],[-118.20619,34.13903],[-118.20587,34.13902],[-118.20586,34.13929],[-118.20521,34.13928],[-118.2052,34.13955],[-118.20488,34.13955],[-118.20489,34.13928],[-118.20391,34.13926],[-118.20392,34.13899],[-118.20261,34.13897],[-118.2026,34.13951],[-118.20163,34.1395],[-118.20165,34.13842]],[[-118.2049,34.13847],[-118.20491,34.1382],[-118.20621,34.13822],[-118.2062,34.13849],[-118.20653,34.13849],[-118.20654,34.13822],[-118.20686,34.13823],[-118.20687,34.13796],[-118.20784,34.13797],[-118.20785,34.1377],[-118.20817,34.13771],[-118.20817,34.13798],[-118.20882,34.13799],[-118.20883,34.13772],[-118.20915,34.13772],[-118.20914,34.13799],[-118.21012,34.13801],[-118.21013,34.13774],[-118.2111,34.13775],[-118.2111,34.13802],[-118.21207,34.13804],[-118.21206,34.13831],[-118.21304,34.13833],[-118.21305,34.13805],[-118.21402,34.13807],[-118.21407,34.13591],[-118.2144,34.13591],[-118.2144,34.13564],[-118.21505,34.13565],[-118.21507,34.13484],[-118.21572,34.13485],[-118.21573,34.13458],[-118.21638,34.13459],[-118.21639,34.13432],[-118.21671,34.13432],[-118.21672,34.13405],[-118.21704,34.13406],[-118.21705,34.13379],[-118.21737,34.13379],[-118.21738,34.13352],[-118.21705,34.13352],[-118.21707,34.13298],[-118.21674,34.13297],[-118.21675,34.13243],[-118.21643,34.13243],[-118.21644,34.13189],[-118.21612,34.13188],[-118.21609,34.13296],[-118.21577,34.13296],[-118.21574,34.13404],[-118.21542,34.13403],[-118.2154,34.13457],[-118.21475,34.13457],[-118.21474,34.13511],[-118.21442,34.1351],[-118.21441,34.13537],[-118.21376,34.13536],[-118.21375,34.13563],[-118.2131,34.13562],[-118.2131,34.13589],[-118.21277,34.13589],[-118.21277,34.13616],[-118.21244,34.13615],[-118.21243,34.13642],[-118.21146,34.13641],[-118.21145,34.13668],[-118.21113,34.13667],[-118.21112,34.13694],[-118.2108,34.13694],[-118.21079,34.13721],[-118.21014,34.1372],[-118.21013,34.13747],[-118.20948,34.13746],[-118.20949,34.13719],[-118.20916,34.13718],[-118.20916,34.13745],[-118.20721,34.13742],[-118.20721,34.13715],[-118.20689,34.13715],[-118.20688,34.13742],[-118.20623,34.13741],[-118.20622,34.13768],[-118.20362,34.13764],[-118.20363,34.13737],[-118.2033,34.13736],[-118.20331,34.13709],[-118.20266,34.13708],[-118.20265,34.13735],[-118.20233,34.13735],[-118.20232,34.13761],[-118.20265,34.13762],[-118.20264,34.13789],[-118.20297,34.1379],[-118.20296,34.13817],[-118.20458,34.13819],[-118.20458,34.13846],[-118.2049,34.13847]],[[-118.21648,34.12999],[-118.2165,34.12918],[-118.21683,34.12919],[-118.21684,34.12865],[-118.21651,34.12864],[-118.21652,34.12837],[-118.21685,34.12838],[-118.21685,34.12811],[-118.2175,34.12812],[-118.21752,34.12731],[-118.21784,34.12731],[-118.21785,34.12704],[-118.21753,34.12703],[-118.21756,34.12541],[-118.21789,34.12542],[-118.21789,34.12515],[-118.21822,34.12515],[-118.21823,34.12488],[-118.21757,34.12487],[-118.21758,34.1246],[-118.21726,34.1246],[-118.21726,34.12433],[-118.21694,34.12432],[-118.21694,34.12405],[-118.21629,34.12404],[-118.2163,34.12377],[-118.21532,34.12376],[-118.21533,34.12349],[-118.21468,34.12347],[-118.21467,34.12401],[-118.21402,34.124],[-118.21401,34.12428],[-118.21368,34.12427],[-118.21367,34.12481],[-118.21367,34.12508],[-118.21399,34.12509],[-118.21398,34.12536],[-118.21366,34.12535],[-118.21365,34.12589],[-118.21397,34.1259],[-118.21395,34.12698],[-118.21362,34.12697],[-118.21362,34.12725],[-118.21394,34.12725],[-118.21394,34.12752],[-118.21491,34.12754],[-118.21491,34.12781],[-118.21523,34.12781],[-118.21522,34.12835],[-118.21554,34.12836],[-118.21554,34.12863],[-118.21586,34.12863],[-118.21585,34.12944],[-118.21584,34.12971],[-118.21616,34.12972],[-118.21616,34.12999],[-118.21648,34.12999]]]},"properties":{"FHSZ":2,"FHSZ_Description":"High"}},{"type":"Feature","geometry":{"type":"MultiPolygon","coordinates":[[[[-118.32722,34.15439],[-118.32723,34.15412],[-118.32658,34.15411],[-118.32658,34.15384],[-118.32626,34.15384],[-118.32627,34.15357],[-118.32529,34.15355],[-118.32529,34.15328],[-118.32465,34.15327],[-118.32465,34.153],[-118.324,34.15299],[-118.32401,34.15245],[-118.32369,34.15245],[-118.32369,34.15218],[-118.32272,34.15216],[-118.32272,34.15189],[-118.32207,34.15188],[-118.32206,34.15215],[-118.32174,34.15215],[-118.32175,34.15188],[-118.32077,34.15186],[-118.32078,34.15132],[-118.32046,34.15132],[-118.32046,34.15105],[-118.31981,34.15104],[-118.31982,34.15077],[-118.31949,34.15076],[-118.31948,34.1513],[-118.31981,34.15131],[-118.31978,34.15239],[-118.31913,34.15238],[-118.31912,34.15292],[-118.31879,34.15292],[-118.31879,34.15319],[-118.31846,34.15318],[-118.31846,34.15345],[-118.31781,34.15344],[-118.3178,34.15371],[-118.31715,34.1537],[-118.31714,34.15424],[-118.31681,34.15424],[-118.31681,34.15451],[-118.31648,34.1545],[-118.31647,34.15504],[-118.31582,34.15503],[-118.3158,34.15612],[-118.31515,34.15611],[-118.31514,34.15638],[-118.31547,34.15638],[-118.31546,34.15692],[-118.3148,34.15691],[-118.31479,34.15745],[-118.31447,34.15745],[-118.31446,34.15772],[-118.31414,34.15771],[-118.31413,34.15798],[-118.31283,34.15796],[-118.31282,34.15824],[-118.31217,34.15823],[-118.31217,34.1585],[-118.31119,34.15848],[-118.3112,34.15821],[-118.31087,34.15821],[-118.31088,34.15794],[-118.31055,34.15793],[-118.31055,34.1582],[-118.30989,34.15819],[-118.3099,34.15792],[-118.30958,34.15792],[-118.30957,34.15819],[-118.30925,34.15818],[-118.30924,34.15845],[-118.30891,34.15845],[-118.30891,34.15872],[-118.30826,34.15871],[-118.30826,34.15844],[-118.30794,34.15843],[-118.30793,34.1587],[-118.3063,34.15868],[-118.3063,34.15895],[-118.30565,34.15894],[-118.30564,34.15921],[-118.30499,34.1592],[-118.30498,34.15974],[-118.30433,34.15973],[-118.30432,34.16],[-118.304,34.16],[-118.30399,34.16027],[-118.30367,34.16026],[-118.30366,34.16053],[-118.30301,34.16052],[-118.303,34.1608],[-118.30138,34.16077],[-118.30137,34.16104],[-118.3004,34.16103],[-118.3004,34.16076],[-118.30008,34.16075],[-118.30007,34.16102],[-118.29975,34.16102],[-118.29973,34.16156],[-118.29941,34.16155],[-118.2994,34.16182],[-118.29908,34.16182],[-118.29907,34.16209],[-118.2981,34.16207],[-118.29809,34.16234],[-118.29744,34.16233],[-118.29744,34.16206],[-118.29614,34.16204],[-118.29614,34.16231],[-118.29581,34.16231],[-118.29582,34.16204],[-118.29549,34.16204],[-118.29549,34.16231],[-118.29419,34.16229],[-118.29419,34.16202],[-118.29387,34.16201],[-118.29388,34.16147],[-118.29323,34.16146],[-118.29323,34.16119],[-118.29291,34.16119],[-118.29291,34.16092],[-118.29194,34.1609],[-118.29196,34.16009],[-118.29163,34.16008],[-118.29162,34.16035],[-118.29097,34.16034],[-118.29099,34.15953],[-118.29067,34.15953],[-118.29067,34.15926],[-118.29035,34.15925],[-118.29035,34.15898],[-118.29003,34.15898],[-118.29004,34.15844],[-118.28809,34.15841],[-118.28808,34.15868],[-118.28743,34.15867],[-118.28742,34.15894],[-118.2871,34.15893],[-118.2871,34.15866],[-118.28678,34.15866],[-118.28678,34.15839],[-118.28581,34.15837],[-118.2858,34.15864],[-118.28483,34.15863],[-118.28483,34.15836],[-118.28321,34.15834],[-118.28321,34.15807],[-118.28256,34.15805],[-118.28256,34.15832],[-118.28223,34.15832],[-118.28224,34.15805],[-118.28126,34.15803],[-118.28127,34.15776],[-118.28062,34.15776],[-118.28062,34.15749],[-118.27965,34.15747],[-118.27965,34.1572],[-118.279,34.15719],[-118.27901,34.15692],[-118.27868,34.15691],[-118.27869,34.15664],[-118.27836,34.15664],[-118.27837,34.15637],[-118.27804,34.15636],[-118.27805,34.15582],[-118.27773,34.15582],[-118.27774,34.15528],[-118.27742,34.15527],[-118.27742,34.155],[-118.27677,34.15499],[-118.27678,34.15472],[-118.27645,34.15472],[-118.27646,34.15418],[-118.27679,34.15418],[-118.2768,34.15364],[-118.27713,34.15364],[-118.27714,34.1531],[-118.27681,34.1531],[-118.27689,34.14932],[-118.27657,34.14931],[-118.27659,34.1485],[-118.27626,34.14849],[-118.27627,34.14822],[-118.27659,34.14823],[-118.2766,34.14796],[-118.27627,34.14795],[-118.27629,34.14714],[-118.27597,34.14714],[-118.27598,34.1466],[-118.27565,34.14659],[-118.27567,34.14578],[-118.27535,34.14578],[-118.27537,34.14469],[-118.27504,34.14469],[-118.27505,34.14442],[-118.27473,34.14441],[-118.27474,34.14387],[-118.27441,34.14387],[-118.27444,34.14252],[-118.27412,34.14251],[-118.27412,34.14224],[-118.27347,34.14223],[-118.27348,34.14196],[-118.27315,34.14196],[-118.27316,34.14169],[-118.27251,34.14167],[-118.27251,34.1414],[-118.27284,34.14141],[-118.27286,34.1406],[-118.27351,34.14061],[-118.27352,34.14007],[-118.27287,34.14006],[-118.27287,34.13979],[-118.27255,34.13978],[-118.27256,34.13924],[-118.27289,34.13925],[-118.27289,34.13898],[-118.27322,34.13898],[-118.27322,34.13871],[-118.27355,34.13872],[-118.27356,34.13817],[-118.27323,34.13817],[-118.27325,34.13736],[-118.27293,34.13735],[-118.27295,34.13654],[-118.27262,34.13654],[-118.27263,34.136],[-118.27231,34.13599],[-118.27232,34.13545],[-118.27199,34.13545],[-118.272,34.13518],[-118.27102,34.13516],[-118.27103,34.13489],[-118.2707,34.13489],[-118.27072,34.13435],[-118.27039,34.13434],[-118.2704,34.1338],[-118.27008,34.13379],[-118.27008,34.13352],[-118.26976,34.13352],[-118.26977,34.13298],[-118.26978,34.13271],[-118.26945,34.1327],[-118.26946,34.13243],[-118.26913,34.13243],[-118.26914,34.13189],[-118.26882,34.13188],[-118.26882,34.13161],[-118.26885,34.13053],[-118.26852,34.13053],[-118.26853,34.13025],[-118.2682,34.13025],[-118.26821,34.12998],[-118.26823,34.12917],[-118.26758,34.12916],[-118.26758,34.12889],[-118.26791,34.12889],[-118.26792,34.12835],[-118.26824,34.12836],[-118.26825,34.12809],[-118.26793,34.12808],[-118.26794,34.12754],[-118.26794,34.12727],[-118.26762,34.12727],[-118.26762,34.127],[-118.26763,34.12673],[-118.2673,34.12672],[-118.26732,34.12618],[-118.26699,34.12618],[-118.267,34.12563],[-118.26733,34.12564],[-118.26734,34.12537],[-118.26734,34.1251],[-118.26737,34.12375],[-118.2677,34.12375],[-118.26771,34.12294],[-118.26739,34.12293],[-118.26739,34.12266],[-118.26772,34.12267],[-118.26772,34.1224],[-118.2674,34.12239],[-118.26742,34.12131],[-118.26677,34.1213],[-118.26678,34.12103],[-118.26645,34.12103],[-118.26647,34.12049],[-118.26614,34.12048],[-118.26617,34.1194],[-118.26584,34.1194],[-118.26586,34.11859],[-118.26553,34.11858],[-118.26554,34.11831],[-118.26489,34.1183],[-118.26489,34.11803],[-118.26457,34.11802],[-118.2646,34.11667],[-118.26427,34.11667],[-118.26428,34.1164],[-118.26395,34.11639],[-118.26398,34.11504],[-118.26366,34.11503],[-118.26367,34.11476],[-118.26334,34.11476],[-118.26335,34.11422],[-118.26205,34.1142],[-118.26206,34.11393],[-118.26043,34.1139],[-118.26045,34.11282],[-118.26013,34.11282],[-118.26014,34.11255],[-118.25981,34.11254],[-118.25982,34.112],[-118.25787,34.11197],[-118.25788,34.1117],[-118.25755,34.1117],[-118.25756,34.11143],[-118.25723,34.11142],[-118.25724,34.11115],[-118.25691,34.11115],[-118.25693,34.1106],[-118.25628,34.1106],[-118.25628,34.11033],[-118.25596,34.11032],[-118.25596,34.11005],[-118.25564,34.11004],[-118.25563,34.11031],[-118.25531,34.11031],[-118.25532,34.10977],[-118.25499,34.10976],[-118.255,34.10949],[-118.25435,34.10948],[-118.25436,34.10921],[-118.25403,34.10921],[-118.25404,34.10894],[-118.25371,34.10893],[-118.25372,34.10866],[-118.25307,34.10865],[-118.25307,34.10838],[-118.2521,34.10837],[-118.25211,34.10783],[-118.25178,34.10782],[-118.25179,34.10755],[-118.25146,34.10755],[-118.25148,34.10701],[-118.24985,34.10698],[-118.24986,34.10644],[-118.24954,34.10643],[-118.24953,34.1067],[-118.24921,34.1067],[-118.24921,34.10643],[-118.24889,34.10643],[-118.24889,34.10615],[-118.24857,34.10615],[-118.24859,34.10507],[-118.24794,34.10506],[-118.24795,34.10479],[-118.2473,34.10478],[-118.2473,34.10451],[-118.24698,34.1045],[-118.24699,34.10396],[-118.24667,34.10396],[-118.24668,34.10341],[-118.24635,34.10341],[-118.24636,34.10314],[-118.24571,34.10313],[-118.24572,34.10259],[-118.2454,34.10258],[-118.2454,34.10238],[-118.24603,34.10213],[-118.24638,34.10203],[-118.24637,34.1026],[-118.24735,34.10261],[-118.24734,34.10289],[-118.24767,34.10289],[-118.24765,34.10343],[-118.24798,34.10343],[-118.24797,34.10371],[-118.2483,34.10371],[-118.24829,34.10398],[-118.24894,34.10399],[-118.24894,34.10426],[-118.24926,34.10427],[-118.24924,34.10508],[-118.24957,34.10508],[-118.24956,34.10535],[-118.24989,34.10536],[-118.24988,34.10563],[-118.25021,34.10563],[-118.2502,34.1059],[-118.25085,34.10591],[-118.25084,34.10618],[-118.25182,34.1062],[-118.25181,34.10647],[-118.25214,34.10647],[-118.25213,34.10674],[-118.25246,34.10675],[-118.25245,34.10702],[-118.25278,34.10703],[-118.25277,34.1073],[-118.2531,34.1073],[-118.25309,34.10757],[-118.25342,34.10758],[-118.25341,34.10785],[-118.25438,34.10786],[-118.25437,34.1084],[-118.2547,34.10841],[-118.25469,34.10868],[-118.25534,34.10869],[-118.25534,34.10896],[-118.25599,34.10897],[-118.25598,34.10924],[-118.25663,34.10925],[-118.25662,34.10952],[-118.25695,34.10952],[-118.25694,34.10979],[-118.25727,34.1098],[-118.25726,34.11007],[-118.25759,34.11007],[-118.25758,34.11034],[-118.25823,34.11035],[-118.25824,34.11008],[-118.25856,34.11009],[-118.25856,34.11036],[-118.25888,34.11036],[-118.25887,34.11091],[-118.25985,34.11092],[-118.25984,34.11119],[-118.26082,34.1112],[-118.26081,34.11148],[-118.26113,34.11148],[-118.26112,34.11202],[-118.26145,34.11203],[-118.26144,34.11257],[-118.26176,34.11257],[-118.26175,34.11284],[-118.26208,34.11285],[-118.26207,34.11312],[-118.26273,34.11313],[-118.26272,34.1134],[-118.26304,34.1134],[-118.26305,34.11313],[-118.26337,34.11314],[-118.26337,34.11341],[-118.26402,34.11342],[-118.26401,34.11369],[-118.26434,34.11369],[-118.26433,34.11396],[-118.26466,34.11397],[-118.26465,34.11424],[-118.26498,34.11424],[-118.26495,34.1156],[-118.26527,34.1156],[-118.26527,34.11587],[-118.26592,34.11588],[-118.2659,34.11669],[-118.26622,34.1167],[-118.2662,34.11778],[-118.26653,34.11778],[-118.26652,34.11805],[-118.26685,34.11806],[-118.26683,34.1186],[-118.26748,34.11861],[-118.26745,34.11996],[-118.26778,34.11997],[-118.26777,34.12024],[-118.2681,34.12024],[-118.26809,34.12051],[-118.26842,34.12052],[-118.2684,34.12133],[-118.26872,34.12133],[-118.26872,34.1216],[-118.26904,34.12161],[-118.26903,34.12242],[-118.26901,34.12323],[-118.26868,34.12323],[-118.26862,34.12593],[-118.26862,34.1262],[-118.26894,34.1262],[-118.26892,34.12729],[-118.26924,34.12729],[-118.26923,34.12783],[-118.26923,34.1281],[-118.26955,34.12811],[-118.26954,34.12865],[-118.26922,34.12864],[-118.26921,34.12891],[-118.2692,34.12918],[-118.26919,34.12973],[-118.26984,34.12973],[-118.26983,34.13027],[-118.27016,34.13028],[-118.27015,34.13055],[-118.27047,34.13056],[-118.27046,34.1311],[-118.27014,34.13109],[-118.27012,34.13163],[-118.27045,34.13164],[-118.27044,34.13218],[-118.27076,34.13218],[-118.27076,34.13245],[-118.27108,34.13246],[-118.27106,34.13354],[-118.27138,34.13354],[-118.27138,34.13381],[-118.2717,34.13382],[-118.2717,34.13409],[-118.27235,34.1341],[-118.27234,34.13464],[-118.27331,34.13466],[-118.2733,34.1352],[-118.27329,34.13547],[-118.27362,34.13547],[-118.27361,34.13574],[-118.2736,34.13655],[-118.27392,34.13656],[-118.2739,34.13737],[-118.27423,34.13737],[-118.27422,34.13791],[-118.27454,34.13792],[-118.27452,34.139],[-118.27419,34.139],[-118.27418,34.13954],[-118.27451,34.13954],[-118.27448,34.14062],[-118.27416,34.14062],[-118.27415,34.14089],[-118.27448,34.14089],[-118.27447,34.14143],[-118.27479,34.14144],[-118.27478,34.14171],[-118.27511,34.14171],[-118.2751,34.14198],[-118.27543,34.14199],[-118.27542,34.14226],[-118.27575,34.14227],[-118.27574,34.14281],[-118.27541,34.1428],[-118.2754,34.14334],[-118.27572,34.14335],[-118.27572,34.14362],[-118.27604,34.14362],[-118.27602,34.1447],[-118.27635,34.14471],[-118.27632,34.14579],[-118.27665,34.14579],[-118.27663,34.14661],[-118.27696,34.14661],[-118.27694,34.14715],[-118.27727,34.14716],[-118.27725,34.14797],[-118.27758,34.14797],[-118.27757,34.14824],[-118.27724,34.14824],[-118.27724,34.14851],[-118.27756,34.14851],[-118.27755,34.14932],[-118.27787,34.14933],[-118.27779,34.15311],[-118.27811,34.15312],[-118.27808,34.15474],[-118.2784,34.15475],[-118.27839,34.15529],[-118.27872,34.15529],[-118.27871,34.15583],[-118.27903,34.15584],[-118.27903,34.15611],[-118.27935,34.15611],[-118.27934,34.15638],[-118.27999,34.15639],[-118.27999,34.15666],[-118.28064,34.15667],[-118.28063,34.15694],[-118.28128,34.15695],[-118.28128,34.15722],[-118.28323,34.15725],[-118.28322,34.15752],[-118.28518,34.15755],[-118.28518,34.15728],[-118.28551,34.15729],[-118.28583,34.15729],[-118.28583,34.15756],[-118.28648,34.15757],[-118.28648,34.1573],[-118.28681,34.15731],[-118.2868,34.15758],[-118.28745,34.15759],[-118.28746,34.15732],[-118.28941,34.15735],[-118.28941,34.15762],[-118.28973,34.15762],[-118.28974,34.15735],[-118.29039,34.15736],[-118.29038,34.15763],[-118.29071,34.15764],[-118.2907,34.15791],[-118.29103,34.15791],[-118.29102,34.15845],[-118.29134,34.15846],[-118.29133,34.15873],[-118.29198,34.15874],[-118.29197,34.15928],[-118.2923,34.15928],[-118.29229,34.15955],[-118.29262,34.15956],[-118.29261,34.15983],[-118.29294,34.15983],[-118.29293,34.1601],[-118.29326,34.16011],[-118.29325,34.16038],[-118.29423,34.16039],[-118.29422,34.16066],[-118.29455,34.16067],[-118.29454,34.16094],[-118.29649,34.16097],[-118.29649,34.16124],[-118.29779,34.16126],[-118.29779,34.16099],[-118.29845,34.161],[-118.29847,34.15992],[-118.29912,34.15993],[-118.29913,34.15966],[-118.29977,34.15966],[-118.29977,34.15993],[-118.30107,34.15995],[-118.30108,34.15968],[-118.3014,34.15969],[-118.30238,34.1597],[-118.30238,34.15943],[-118.30239,34.15916],[-118.30337,34.15918],[-118.30337,34.15891],[-118.3037,34.15891],[-118.30371,34.15837],[-118.30371,34.1581],[-118.30437,34.15811],[-118.30436,34.15838],[-118.30468,34.15839],[-118.30469,34.15812],[-118.30567,34.15813],[-118.30567,34.15786],[-118.306,34.15786],[-118.30599,34.15814],[-118.30632,34.15814],[-118.30632,34.15787],[-118.30762,34.15789],[-118.30763,34.15762],[-118.30828,34.15763],[-118.30829,34.15736],[-118.30861,34.15736],[-118.30959,34.15738],[-118.30959,34.15711],[-118.3109,34.15713],[-118.3109,34.15686],[-118.31123,34.15686],[-118.31122,34.15713],[-118.31154,34.15713],[-118.31154,34.1574],[-118.31186,34.15741],[-118.31187,34.15714],[-118.3122,34.15714],[-118.3122,34.15687],[-118.3135,34.15689],[-118.31351,34.15662],[-118.31383,34.15663],[-118.31385,34.15609],[-118.31417,34.15609],[-118.31419,34.15501],[-118.31452,34.15501],[-118.31453,34.15474],[-118.31518,34.15476],[-118.31518,34.15448],[-118.31551,34.15449],[-118.31551,34.15422],[-118.31584,34.15422],[-118.31584,34.15395],[-118.31617,34.15396],[-118.31618,34.15369],[-118.31618,34.15342],[-118.31651,34.15342],[-118.31651,34.15315],[-118.31652,34.15288],[-118.31782,34.1529],[-118.31783,34.15236],[-118.31816,34.15237],[-118.31817,34.15182],[-118.31849,34.15183],[-118.3185,34.15156],[-118.31817,34.15155],[-118.31818,34.15128],[-118.31785,34.15128],[-118.31786,34.15101],[-118.31753,34.151],[-118.31754,34.15046],[-118.3169,34.15045],[-118.31691,34.14991],[-118.31723,34.14992],[-118.31724,34.14965],[-118.31756,34.14965],[-118.31757,34.14938],[-118.31757,34.14911],[-118.3179,34.14912],[-118.31792,34.14803],[-118.31825,34.14804],[-118.31824,34.14858],[-118.31856,34.14858],[-118.31856,34.14885],[-118.31888,34.14886],[-118.31888,34.14913],[-118.3192,34.14913],[-118.31919,34.14941],[-118.31985,34.14941],[-118.31984,34.14968],[-118.32017,34.14969],[-118.32016,34.14996],[-118.32049,34.14997],[-118.32048,34.15024],[-118.32113,34.15024],[-118.32112,34.15051],[-118.32145,34.15052],[-118.32144,34.15079],[-118.32177,34.1508],[-118.32176,34.15107],[-118.32241,34.15107],[-118.32306,34.15109],[-118.32306,34.15136],[-118.32338,34.15136],[-118.32371,34.15136],[-118.32403,34.15137],[-118.32403,34.15164],[-118.32435,34.15164],[-118.32435,34.15192],[-118.32467,34.15192],[-118.325,34.15192],[-118.32499,34.15246],[-118.32531,34.15247],[-118.32564,34.15248],[-118.32596,34.15248],[-118.32597,34.15221],[-118.32629,34.15221],[-118.3263,34.15194],[-118.32653,34.15195],[-118.32694,34.15257],[-118.32692,34.15331],[-118.32742,34.15331],[-118.3275,34.15344],[-118.32826,34.15495],[-118.32786,34.15494],[-118.32787,34.15467],[-118.32754,34.15467],[-118.32755,34.1544],[-118.32722,34.15439]]],[[[-118.30521,34.19463],[-118.30521,34.19436],[-118.30424,34.19435],[-118.30425,34.19381],[-118.30392,34.1938],[-118.30393,34.19326],[-118.30361,34.19326],[-118.30362,34.19245],[-118.30265,34.19243],[-118.30267,34.19162],[-118.30137,34.1916],[-118.30138,34.19106],[-118.29975,34.19104],[-118.29976,34.19077],[-118.29878,34.19075],[-118.29878,34.19048],[-118.29716,34.19046],[-118.29715,34.19073],[-118.29683,34.19072],[-118.29682,34.19099],[-118.29454,34.19096],[-118.29454,34.19123],[-118.29421,34.19123],[-118.29423,34.19041],[-118.2939,34.19041],[-118.29391,34.18987],[-118.29359,34.18986],[-118.29359,34.18959],[-118.29327,34.18959],[-118.29329,34.18878],[-118.29296,34.18877],[-118.29297,34.1885],[-118.29264,34.1885],[-118.29265,34.18796],[-118.292,34.18795],[-118.29201,34.18768],[-118.29168,34.18767],[-118.29169,34.1874],[-118.29136,34.1874],[-118.29137,34.18713],[-118.29007,34.18711],[-118.29007,34.18684],[-118.28877,34.18682],[-118.28878,34.18655],[-118.28845,34.18654],[-118.28845,34.18681],[-118.28649,34.18678],[-118.2865,34.18651],[-118.2852,34.18649],[-118.28521,34.18595],[-118.28488,34.18595],[-118.28489,34.18568],[-118.28424,34.18567],[-118.28425,34.18512],[-118.28392,34.18512],[-118.28394,34.18431],[-118.28362,34.18431],[-118.28364,34.18349],[-118.28298,34.18348],[-118.283,34.18294],[-118.28267,34.18294],[-118.28268,34.1824],[-118.28203,34.18239],[-118.28204,34.18212],[-118.28171,34.18211],[-118.28172,34.18184],[-118.28107,34.18183],[-118.28107,34.18156],[-118.2814,34.18157],[-118.28142,34.18048],[-118.2811,34.18048],[-118.28111,34.17967],[-118.28079,34.17966],[-118.28079,34.17939],[-118.28047,34.17939],[-118.28048,34.17885],[-118.28016,34.17884],[-118.28017,34.17803],[-118.27985,34.17803],[-118.27985,34.17776],[-118.27986,34.17749],[-118.27953,34.17748],[-118.27954,34.17721],[-118.27921,34.17721],[-118.27923,34.17667],[-118.27858,34.17666],[-118.27858,34.17639],[-118.27793,34.17638],[-118.27794,34.1761],[-118.27761,34.1761],[-118.27762,34.17583],[-118.27632,34.17581],[-118.27632,34.17554],[-118.276,34.17554],[-118.276,34.17527],[-118.27568,34.17526],[-118.27568,34.17499],[-118.27536,34.17498],[-118.27536,34.17471],[-118.27504,34.17471],[-118.27504,34.17444],[-118.27407,34.17442],[-118.27407,34.17415],[-118.2731,34.17414],[-118.2731,34.17387],[-118.27278,34.17386],[-118.27278,34.17359],[-118.27246,34.17359],[-118.27245,34.17386],[-118.27083,34.17383],[-118.27083,34.17356],[-118.2692,34.17354],[-118.2692,34.17381],[-118.26757,34.17379],[-118.26757,34.17406],[-118.26366,34.174],[-118.26367,34.17373],[-118.26432,34.17374],[-118.26433,34.17319],[-118.26466,34.1732],[-118.26467,34.17266],[-118.26499,34.17266],[-118.26502,34.17131],[-118.2647,34.17131],[-118.2647,34.17104],[-118.26472,34.17023],[-118.26407,34.17022],[-118.26408,34.16994],[-118.2644,34.16995],[-118.26441,34.16968],[-118.26408,34.16967],[-118.26409,34.1694],[-118.26376,34.1694],[-118.26377,34.16886],[-118.2641,34.16886],[-118.26411,34.16859],[-118.26378,34.16859],[-118.26379,34.16832],[-118.26346,34.16831],[-118.26347,34.16804],[-118.26314,34.16804],[-118.26315,34.16777],[-118.2625,34.16776],[-118.26251,34.16722],[-118.26153,34.1672],[-118.26154,34.16693],[-118.26121,34.16693],[-118.26122,34.16666],[-118.25959,34.16663],[-118.2596,34.16636],[-118.25895,34.16635],[-118.25895,34.16608],[-118.25863,34.16608],[-118.25864,34.16553],[-118.25831,34.16553],[-118.25833,34.16499],[-118.258,34.16499],[-118.25801,34.16471],[-118.25606,34.16468],[-118.25605,34.16495],[-118.2554,34.16495],[-118.2554,34.16467],[-118.25475,34.16466],[-118.25475,34.16493],[-118.25442,34.16493],[-118.25443,34.16466],[-118.25378,34.16465],[-118.25378,34.16438],[-118.25313,34.16437],[-118.25314,34.1641],[-118.25281,34.16409],[-118.25281,34.16436],[-118.25053,34.16433],[-118.25054,34.16406],[-118.24989,34.16405],[-118.24989,34.16378],[-118.24957,34.16377],[-118.24957,34.1635],[-118.24925,34.1635],[-118.24924,34.16377],[-118.24891,34.16376],[-118.24893,34.16322],[-118.24795,34.16321],[-118.24796,34.16267],[-118.24699,34.16265],[-118.24699,34.16238],[-118.24634,34.16237],[-118.24634,34.16264],[-118.24536,34.16263],[-118.24537,34.16236],[-118.24472,34.16235],[-118.24472,34.16208],[-118.2444,34.16207],[-118.2444,34.1618],[-118.24408,34.1618],[-118.24407,34.16207],[-118.24309,34.16205],[-118.24309,34.16232],[-118.24211,34.16231],[-118.24211,34.16258],[-118.24113,34.16256],[-118.24112,34.16283],[-118.24047,34.16282],[-118.24047,34.16309],[-118.24014,34.16309],[-118.24013,34.16363],[-118.23981,34.16362],[-118.23981,34.16335],[-118.23949,34.16335],[-118.23949,34.16308],[-118.23852,34.16306],[-118.23853,34.16252],[-118.23885,34.16253],[-118.23888,34.16118],[-118.23856,34.16117],[-118.23856,34.1609],[-118.23889,34.1609],[-118.2389,34.16036],[-118.23923,34.16037],[-118.23924,34.15983],[-118.23956,34.15983],[-118.23958,34.15929],[-118.23925,34.15929],[-118.23926,34.15902],[-118.23958,34.15902],[-118.23959,34.15875],[-118.23926,34.15875],[-118.23927,34.15848],[-118.23959,34.15848],[-118.23962,34.1574],[-118.23929,34.1574],[-118.2393,34.15713],[-118.23897,34.15712],[-118.23899,34.15658],[-118.23866,34.15657],[-118.23867,34.1563],[-118.23834,34.1563],[-118.23835,34.15603],[-118.23802,34.15602],[-118.23803,34.15575],[-118.2377,34.15575],[-118.23771,34.15548],[-118.23803,34.15548],[-118.23804,34.15521],[-118.23772,34.15521],[-118.23772,34.15494],[-118.23707,34.15493],[-118.23708,34.15466],[-118.23675,34.15465],[-118.23675,34.15492],[-118.2361,34.15491],[-118.23611,34.15437],[-118.23546,34.15436],[-118.23546,34.15409],[-118.23514,34.15409],[-118.23513,34.15436],[-118.23448,34.15435],[-118.23448,34.15462],[-118.23415,34.15461],[-118.23416,34.15434],[-118.23383,34.15434],[-118.23384,34.1538],[-118.23352,34.15379],[-118.23353,34.15325],[-118.2332,34.15324],[-118.23322,34.1527],[-118.23289,34.1527],[-118.2329,34.15243],[-118.23225,34.15242],[-118.23225,34.15215],[-118.23128,34.15213],[-118.23129,34.15159],[-118.23064,34.15158],[-118.22934,34.15156],[-118.22934,34.15129],[-118.22935,34.15102],[-118.23,34.15103],[-118.23002,34.15022],[-118.23034,34.15022],[-118.23035,34.14995],[-118.23036,34.14968],[-118.23068,34.14969],[-118.23069,34.14915],[-118.23037,34.14914],[-118.23037,34.14887],[-118.22972,34.14886],[-118.22973,34.14859],[-118.22974,34.14832],[-118.23006,34.14833],[-118.23007,34.14806],[-118.23039,34.14806],[-118.2304,34.14752],[-118.23008,34.14752],[-118.23008,34.14724],[-118.23041,34.14725],[-118.23042,34.14671],[-118.23075,34.14672],[-118.23076,34.14617],[-118.23108,34.14618],[-118.2311,34.14537],[-118.23143,34.14537],[-118.23144,34.14483],[-118.23176,34.14484],[-118.23178,34.14403],[-118.23146,34.14402],[-118.23146,34.14375],[-118.23179,34.14376],[-118.2318,34.14348],[-118.23147,34.14348],[-118.2315,34.14213],[-118.23118,34.14212],[-118.23119,34.14131],[-118.23152,34.14132],[-118.23153,34.14105],[-118.23185,34.14105],[-118.23186,34.14078],[-118.23218,34.14079],[-118.23219,34.14052],[-118.23251,34.14052],[-118.23252,34.14025],[-118.23219,34.14025],[-118.23224,34.13808],[-118.23289,34.13809],[-118.2329,34.13782],[-118.23322,34.13783],[-118.23322,34.1381],[-118.23354,34.1381],[-118.23355,34.13783],[-118.2342,34.13784],[-118.23421,34.13757],[-118.23453,34.13758],[-118.23454,34.13731],[-118.23519,34.13732],[-118.2352,34.13678],[-118.23552,34.13678],[-118.23552,34.13705],[-118.23584,34.13706],[-118.23585,34.13679],[-118.23683,34.1368],[-118.23683,34.13653],[-118.23748,34.13654],[-118.23749,34.13627],[-118.23781,34.13628],[-118.23782,34.13601],[-118.23815,34.13601],[-118.23815,34.13574],[-118.23848,34.13575],[-118.23848,34.13547],[-118.23913,34.13549],[-118.23914,34.13522],[-118.23946,34.13522],[-118.23948,34.13468],[-118.2398,34.13468],[-118.23982,34.1336],[-118.24015,34.13361],[-118.24016,34.13334],[-118.23983,34.13333],[-118.23987,34.13171],[-118.24019,34.13171],[-118.2402,34.13144],[-118.23987,34.13144],[-118.2399,34.13036],[-118.24022,34.13036],[-118.24024,34.12955],[-118.24057,34.12956],[-118.24057,34.12929],[-118.24025,34.12928],[-118.24025,34.12901],[-118.24155,34.12903],[-118.24155,34.1293],[-118.24285,34.12932],[-118.24286,34.12905],[-118.24318,34.12906],[-118.2432,34.12824],[-118.24352,34.12825],[-118.24353,34.12798],[-118.24515,34.12801],[-118.24515,34.12828],[-118.24743,34.12831],[-118.24742,34.12858],[-118.2484,34.1286],[-118.2484,34.12832],[-118.24873,34.12833],[-118.24873,34.12806],[-118.24938,34.12807],[-118.24939,34.1278],[-118.24971,34.1278],[-118.24973,34.12726],[-118.25005,34.12727],[-118.25005,34.12754],[-118.25102,34.12755],[-118.25103,34.12728],[-118.25168,34.12729],[-118.25168,34.12702],[-118.25233,34.12703],[-118.25234,34.12676],[-118.25266,34.12677],[-118.25269,34.12569],[-118.25236,34.12568],[-118.25237,34.12541],[-118.2527,34.12542],[-118.2527,34.12515],[-118.25335,34.12516],[-118.25338,34.12407],[-118.25305,34.12407],[-118.25307,34.12299],[-118.25275,34.12298],[-118.25275,34.12271],[-118.25243,34.12271],[-118.25244,34.12244],[-118.25211,34.12243],[-118.25212,34.12189],[-118.2518,34.12189],[-118.25181,34.12134],[-118.25116,34.12134],[-118.25117,34.12107],[-118.25051,34.12105],[-118.25054,34.11997],[-118.24956,34.11996],[-118.24957,34.11969],[-118.24924,34.11968],[-118.24925,34.11941],[-118.24892,34.11941],[-118.24893,34.11914],[-118.24861,34.11913],[-118.24862,34.11859],[-118.24829,34.11859],[-118.2483,34.11832],[-118.24797,34.11831],[-118.24798,34.11804],[-118.24733,34.11803],[-118.24734,34.11776],[-118.24571,34.11774],[-118.24572,34.11747],[-118.24539,34.11746],[-118.24538,34.11773],[-118.24506,34.11773],[-118.24505,34.118],[-118.2444,34.11799],[-118.2444,34.11826],[-118.24407,34.11825],[-118.24407,34.11852],[-118.24341,34.11851],[-118.2434,34.11905],[-118.24275,34.11904],[-118.24275,34.11931],[-118.24242,34.11931],[-118.24242,34.11958],[-118.24209,34.11957],[-118.2421,34.11903],[-118.24048,34.11901],[-118.24049,34.11847],[-118.24016,34.11846],[-118.24017,34.11819],[-118.23919,34.11818],[-118.2392,34.11791],[-118.23887,34.1179],[-118.23888,34.11763],[-118.23856,34.11762],[-118.23856,34.11736],[-118.23824,34.11735],[-118.23824,34.11708],[-118.23759,34.11707],[-118.2376,34.1168],[-118.2363,34.11678],[-118.23632,34.11597],[-118.23664,34.11597],[-118.23665,34.11543],[-118.23698,34.11544],[-118.23699,34.1149],[-118.23732,34.1149],[-118.23732,34.11463],[-118.237,34.11463],[-118.23701,34.11409],[-118.23668,34.11408],[-118.2367,34.11327],[-118.23638,34.11326],[-118.2364,34.11245],[-118.23607,34.11245],[-118.23608,34.11218],[-118.23705,34.11219],[-118.23706,34.11192],[-118.23738,34.11193],[-118.23739,34.11166],[-118.23771,34.11166],[-118.23773,34.11112],[-118.23805,34.11113],[-118.23806,34.11086],[-118.23838,34.11086],[-118.23839,34.11059],[-118.23871,34.1106],[-118.23873,34.10978],[-118.23906,34.10979],[-118.23906,34.10952],[-118.23939,34.10952],[-118.23941,34.10871],[-118.23973,34.10872],[-118.23976,34.10764],[-118.24008,34.10764],[-118.24009,34.10737],[-118.23976,34.10737],[-118.23979,34.10601],[-118.23947,34.10601],[-118.23948,34.10557],[-118.23961,34.10548],[-118.23996,34.10523],[-118.24014,34.10511],[-118.24013,34.10521],[-118.24046,34.10521],[-118.24044,34.10602],[-118.24077,34.10603],[-118.24074,34.10738],[-118.24106,34.10739],[-118.24106,34.10766],[-118.24073,34.10765],[-118.24071,34.10873],[-118.24038,34.10873],[-118.24036,34.10954],[-118.24004,34.10953],[-118.24003,34.11008],[-118.2397,34.11007],[-118.23969,34.11061],[-118.23936,34.1106],[-118.23935,34.11142],[-118.23902,34.11141],[-118.23901,34.11168],[-118.23869,34.11168],[-118.23868,34.11195],[-118.23836,34.11194],[-118.23835,34.11221],[-118.23803,34.11221],[-118.23802,34.11248],[-118.2377,34.11247],[-118.23768,34.11301],[-118.23736,34.11301],[-118.23735,34.11328],[-118.23768,34.11328],[-118.23767,34.11382],[-118.23799,34.11383],[-118.23798,34.1141],[-118.23831,34.11411],[-118.23829,34.11492],[-118.23797,34.11491],[-118.23795,34.11545],[-118.23763,34.11545],[-118.23762,34.11599],[-118.23827,34.116],[-118.23826,34.11627],[-118.23859,34.11627],[-118.23858,34.11654],[-118.23923,34.11655],[-118.23922,34.11682],[-118.23955,34.11683],[-118.23954,34.1171],[-118.23987,34.11711],[-118.23986,34.11738],[-118.24051,34.11738],[-118.24051,34.11765],[-118.24148,34.11767],[-118.24148,34.11794],[-118.24213,34.11795],[-118.24212,34.11822],[-118.24277,34.11823],[-118.24278,34.11796],[-118.2431,34.11797],[-118.24311,34.11769],[-118.24343,34.1177],[-118.24344,34.11716],[-118.24442,34.11718],[-118.24443,34.1169],[-118.2454,34.11692],[-118.24541,34.11665],[-118.24573,34.11665],[-118.24573,34.11692],[-118.24735,34.11695],[-118.24735,34.11722],[-118.248,34.11723],[-118.24799,34.1175],[-118.24864,34.11751],[-118.24864,34.11778],[-118.24896,34.11778],[-118.24895,34.11806],[-118.24928,34.11806],[-118.24927,34.11833],[-118.2496,34.11834],[-118.24959,34.11888],[-118.24991,34.11888],[-118.24991,34.11915],[-118.25056,34.11916],[-118.25055,34.11943],[-118.2512,34.11944],[-118.25119,34.11998],[-118.25151,34.11999],[-118.2515,34.12053],[-118.25183,34.12053],[-118.25182,34.1208],[-118.25247,34.12082],[-118.25247,34.12109],[-118.25279,34.12109],[-118.25277,34.1219],[-118.2531,34.12191],[-118.25309,34.12218],[-118.25342,34.12218],[-118.25341,34.12245],[-118.25374,34.12246],[-118.25373,34.123],[-118.25405,34.123],[-118.25404,34.12327],[-118.25437,34.12328],[-118.25436,34.12382],[-118.25468,34.12382],[-118.25468,34.12409],[-118.25435,34.12409],[-118.25432,34.12571],[-118.25399,34.12571],[-118.25397,34.12679],[-118.25364,34.12678],[-118.25363,34.12732],[-118.2533,34.12732],[-118.2533,34.12759],[-118.25297,34.12758],[-118.25297,34.12785],[-118.25232,34.12784],[-118.25231,34.12812],[-118.25199,34.12811],[-118.25198,34.12838],[-118.25165,34.12837],[-118.25165,34.12864],[-118.25035,34.12863],[-118.25034,34.1289],[-118.25002,34.12889],[-118.25,34.12943],[-118.24968,34.12943],[-118.24967,34.1297],[-118.24837,34.12968],[-118.24837,34.12995],[-118.24576,34.12991],[-118.24578,34.1291],[-118.24481,34.12908],[-118.24479,34.12962],[-118.24512,34.12963],[-118.24511,34.13017],[-118.24478,34.13016],[-118.24478,34.13043],[-118.24445,34.13043],[-118.24444,34.1307],[-118.24249,34.13067],[-118.2425,34.1304],[-118.2412,34.13038],[-118.24119,34.13092],[-118.24086,34.13091],[-118.24085,34.13118],[-118.24118,34.13119],[-118.24117,34.13146],[-118.2415,34.13146],[-118.24149,34.13173],[-118.24117,34.13173],[-118.24116,34.132],[-118.24084,34.132],[-118.24083,34.13227],[-118.24116,34.13227],[-118.24114,34.13308],[-118.24146,34.13309],[-118.24145,34.13363],[-118.24113,34.13362],[-118.24112,34.13389],[-118.2408,34.13389],[-118.24076,34.13524],[-118.24044,34.13524],[-118.24042,34.13605],[-118.2401,34.13604],[-118.24009,34.13631],[-118.23911,34.1363],[-118.23911,34.13657],[-118.23878,34.13656],[-118.23878,34.13683],[-118.23813,34.13682],[-118.23812,34.13709],[-118.23845,34.1371],[-118.23844,34.13737],[-118.23779,34.13736],[-118.23778,34.13763],[-118.23681,34.13761],[-118.2368,34.13788],[-118.23615,34.13787],[-118.23614,34.13814],[-118.23582,34.13814],[-118.23581,34.13841],[-118.23484,34.13839],[-118.23483,34.13893],[-118.23353,34.13891],[-118.23352,34.13918],[-118.23319,34.13918],[-118.23318,34.13972],[-118.23351,34.13972],[-118.2335,34.14],[-118.23383,34.14],[-118.23381,34.14081],[-118.23348,34.14081],[-118.23348,34.14108],[-118.23283,34.14107],[-118.23282,34.14134],[-118.2325,34.14133],[-118.23248,34.14187],[-118.23216,34.14187],[-118.23215,34.14214],[-118.23248,34.14214],[-118.23246,34.14268],[-118.23279,34.14269],[-118.23278,34.14296],[-118.23246,34.14296],[-118.23245,34.1435],[-118.23277,34.1435],[-118.23277,34.14377],[-118.23244,34.14377],[-118.23243,34.14404],[-118.23276,34.14404],[-118.23274,34.14485],[-118.23242,34.14485],[-118.23241,34.14512],[-118.23274,34.14512],[-118.23272,34.14566],[-118.2324,34.14566],[-118.23239,34.14593],[-118.23207,34.14592],[-118.23206,34.14619],[-118.23174,34.14619],[-118.23172,34.147],[-118.23139,34.14699],[-118.23137,34.14808],[-118.23104,34.14807],[-118.23104,34.14834],[-118.23103,34.14861],[-118.23135,34.14862],[-118.23135,34.14889],[-118.23167,34.14889],[-118.23166,34.14943],[-118.23165,34.14997],[-118.23132,34.14997],[-118.23132,34.15024],[-118.23131,34.15051],[-118.23099,34.15051],[-118.23098,34.15078],[-118.23163,34.15078],[-118.23163,34.15106],[-118.23195,34.15106],[-118.23194,34.15133],[-118.23292,34.15135],[-118.23292,34.15162],[-118.23356,34.15163],[-118.23356,34.1519],[-118.23389,34.1519],[-118.23388,34.15217],[-118.2342,34.15218],[-118.2342,34.15245],[-118.23452,34.15245],[-118.23452,34.15272],[-118.23484,34.15273],[-118.23484,34.153],[-118.23516,34.153],[-118.23516,34.15327],[-118.23581,34.15328],[-118.2358,34.15355],[-118.23613,34.15356],[-118.23613,34.15329],[-118.23646,34.15329],[-118.23645,34.15357],[-118.23678,34.15357],[-118.23677,34.15384],[-118.23709,34.15384],[-118.2371,34.15357],[-118.23808,34.15359],[-118.23807,34.15413],[-118.23872,34.15414],[-118.2387,34.15468],[-118.23935,34.15469],[-118.23934,34.15523],[-118.23902,34.15523],[-118.23901,34.15577],[-118.23965,34.15578],[-118.23965,34.15605],[-118.23998,34.15605],[-118.23996,34.15659],[-118.24029,34.1566],[-118.24028,34.15714],[-118.2406,34.15714],[-118.24058,34.15796],[-118.24091,34.15796],[-118.2409,34.15823],[-118.24058,34.15823],[-118.24053,34.16012],[-118.24021,34.16011],[-118.24018,34.16119],[-118.24051,34.1612],[-118.2405,34.16147],[-118.24083,34.16148],[-118.24084,34.16121],[-118.24279,34.16123],[-118.24279,34.16096],[-118.2441,34.16098],[-118.2441,34.16072],[-118.24508,34.16073],[-118.24507,34.161],[-118.2454,34.16101],[-118.24539,34.16128],[-118.24572,34.16128],[-118.24572,34.16101],[-118.24735,34.16103],[-118.24734,34.16158],[-118.24799,34.16159],[-118.24798,34.16186],[-118.24863,34.16187],[-118.24863,34.16214],[-118.24895,34.16214],[-118.24895,34.16241],[-118.24927,34.16242],[-118.24926,34.16269],[-118.24959,34.16269],[-118.2496,34.16242],[-118.24992,34.16243],[-118.24992,34.1627],[-118.25057,34.16271],[-118.25055,34.16325],[-118.25088,34.16325],[-118.25088,34.16298],[-118.25121,34.16299],[-118.2512,34.16326],[-118.25153,34.16326],[-118.25152,34.16353],[-118.25185,34.16354],[-118.25186,34.16327],[-118.25251,34.16328],[-118.25251,34.16301],[-118.25284,34.16301],[-118.25283,34.16328],[-118.25413,34.1633],[-118.25413,34.16357],[-118.25445,34.16358],[-118.25445,34.16385],[-118.25542,34.16386],[-118.25542,34.16413],[-118.25607,34.16414],[-118.25607,34.16387],[-118.25705,34.16389],[-118.25705,34.16362],[-118.25836,34.16364],[-118.25835,34.16391],[-118.259,34.16392],[-118.25899,34.16419],[-118.25932,34.16419],[-118.25932,34.16446],[-118.25964,34.16447],[-118.25963,34.16474],[-118.25931,34.16473],[-118.2593,34.165],[-118.25963,34.16501],[-118.25962,34.16528],[-118.25995,34.16528],[-118.25993,34.16583],[-118.26026,34.16583],[-118.26027,34.16556],[-118.26124,34.16557],[-118.26124,34.16584],[-118.26189,34.16586],[-118.26188,34.16613],[-118.26221,34.16613],[-118.26221,34.16586],[-118.26254,34.16586],[-118.26253,34.16614],[-118.26286,34.16614],[-118.26285,34.16641],[-118.2635,34.16642],[-118.2635,34.16669],[-118.26415,34.1667],[-118.26414,34.16697],[-118.26447,34.16698],[-118.26445,34.16752],[-118.26478,34.16752],[-118.26477,34.16779],[-118.2651,34.1678],[-118.26508,34.16861],[-118.26541,34.16861],[-118.2654,34.16888],[-118.26573,34.16889],[-118.26571,34.16943],[-118.26604,34.16943],[-118.26603,34.16971],[-118.26571,34.1697],[-118.2657,34.16997],[-118.26603,34.16998],[-118.26601,34.17079],[-118.26633,34.17079],[-118.26633,34.17106],[-118.26666,34.17107],[-118.26665,34.17134],[-118.26697,34.17134],[-118.26696,34.17215],[-118.26761,34.17216],[-118.26761,34.17189],[-118.26859,34.17191],[-118.26858,34.17218],[-118.26891,34.17218],[-118.26892,34.17191],[-118.27119,34.17195],[-118.27119,34.17222],[-118.27281,34.17224],[-118.27282,34.17197],[-118.27347,34.17198],[-118.27346,34.17225],[-118.27379,34.17226],[-118.27378,34.17253],[-118.27443,34.17254],[-118.27443,34.17281],[-118.27573,34.17283],[-118.27572,34.1731],[-118.27638,34.17311],[-118.27636,34.17365],[-118.27701,34.17366],[-118.27701,34.17393],[-118.27733,34.17393],[-118.27733,34.1742],[-118.27765,34.17421],[-118.27765,34.17448],[-118.2783,34.17449],[-118.27829,34.17476],[-118.27894,34.17477],[-118.27894,34.17504],[-118.27926,34.17504],[-118.27926,34.17531],[-118.28023,34.17533],[-118.28023,34.1756],[-118.28055,34.1756],[-118.28055,34.17587],[-118.28087,34.17588],[-118.28086,34.17642],[-118.28118,34.17643],[-118.28117,34.17697],[-118.2815,34.17697],[-118.28149,34.17724],[-118.28182,34.17725],[-118.2818,34.17806],[-118.28213,34.17806],[-118.28212,34.17833],[-118.28244,34.17834],[-118.28243,34.17888],[-118.28243,34.17915],[-118.28275,34.17915],[-118.28274,34.17969],[-118.28307,34.1797],[-118.28303,34.18132],[-118.28401,34.18133],[-118.284,34.18188],[-118.28432,34.18188],[-118.28432,34.18215],[-118.28464,34.18216],[-118.28463,34.18243],[-118.28496,34.18243],[-118.28495,34.18297],[-118.28527,34.18298],[-118.28527,34.18325],[-118.28559,34.18325],[-118.28559,34.18352],[-118.28591,34.18353],[-118.28589,34.18434],[-118.28557,34.18433],[-118.28556,34.1846],[-118.28621,34.18461],[-118.28621,34.18488],[-118.28653,34.18489],[-118.28653,34.18516],[-118.2875,34.18517],[-118.2875,34.18545],[-118.28782,34.18545],[-118.28783,34.18518],[-118.28848,34.18519],[-118.28849,34.18492],[-118.28881,34.18492],[-118.28881,34.18519],[-118.28913,34.1852],[-118.28914,34.18493],[-118.28946,34.18493],[-118.28946,34.1852],[-118.29011,34.18521],[-118.2901,34.18548],[-118.29075,34.18549],[-118.29075,34.18576],[-118.29205,34.18578],[-118.29204,34.18605],[-118.29335,34.18607],[-118.29334,34.18634],[-118.29333,34.18661],[-118.29366,34.18662],[-118.29367,34.18635],[-118.29399,34.18635],[-118.29398,34.18662],[-118.29431,34.18663],[-118.2943,34.1869],[-118.29398,34.18689],[-118.29397,34.18744],[-118.29462,34.18744],[-118.29461,34.18771],[-118.29494,34.18772],[-118.29492,34.18853],[-118.29557,34.18854],[-118.29555,34.18935],[-118.2962,34.18936],[-118.29621,34.18909],[-118.29784,34.18912],[-118.29784,34.18885],[-118.29849,34.18885],[-118.29849,34.18912],[-118.29979,34.18914],[-118.29978,34.18941],[-118.30011,34.18942],[-118.3001,34.18969],[-118.30206,34.18972],[-118.30205,34.18999],[-118.3027,34.19],[-118.3027,34.19027],[-118.30335,34.19028],[-118.30334,34.19055],[-118.30399,34.19056],[-118.30398,34.1911],[-118.30496,34.19111],[-118.30494,34.19192],[-118.30526,34.19193],[-118.30525,34.19247],[-118.30558,34.19248],[-118.30557,34.19302],[-118.30622,34.19303],[-118.30621,34.1933],[-118.30784,34.19332],[-118.30783,34.19386],[-118.30815,34.19387],[-118.30814,34.19468],[-118.30817,34.19468],[-118.30815,34.1947],[-118.30801,34.19489],[-118.30742,34.19568],[-118.30713,34.19609],[-118.30713,34.19602],[-118.3068,34.19601],[-118.30682,34.19547],[-118.30649,34.19546],[-118.30651,34.19465],[-118.30521,34.19463]]],[[[-118.16958,34.18659],[-118.16962,34.18659],[-118.16962,34.18665],[-118.16958,34.18659]]],[[[-118.17051,34.18799],[-118.17013,34.18741],[-118.17091,34.18742],[-118.1709,34.18769],[-118.17057,34.18769],[-118.17057,34.18805],[-118.17051,34.18799]]],[[[-118.17071,34.18823],[-118.17089,34.18823],[-118.17088,34.18843],[-118.17071,34.18823]]],[[[-118.28429,34.25814],[-118.28396,34.25814],[-118.28397,34.25787],[-118.28332,34.25786],[-118.28333,34.25732],[-118.28268,34.25731],[-118.28271,34.25596],[-118.28238,34.25595],[-118.2824,34.25514],[-118.28207,34.25514],[-118.28208,34.2546],[-118.28176,34.25459],[-118.28176,34.25432],[-118.28144,34.25432],[-118.28146,34.2535],[-118.28113,34.2535],[-118.28114,34.25296],[-118.28082,34.25295],[-118.28082,34.25268],[-118.2805,34.25268],[-118.2805,34.25241],[-118.27985,34.2524],[-118.27986,34.25186],[-118.27954,34.25185],[-118.27954,34.25158],[-118.27922,34.25158],[-118.27922,34.25131],[-118.2789,34.2513],[-118.2789,34.25103],[-118.27858,34.25103],[-118.27858,34.25076],[-118.27826,34.25075],[-118.27826,34.25048],[-118.27729,34.25047],[-118.27729,34.2502],[-118.27599,34.25018],[-118.276,34.24991],[-118.27437,34.24988],[-118.27437,34.24961],[-118.27405,34.24961],[-118.27406,34.24907],[-118.27373,34.24906],[-118.27374,34.24879],[-118.27341,34.24879],[-118.27342,34.24852],[-118.27212,34.2485],[-118.27212,34.24823],[-118.27147,34.24822],[-118.27148,34.24795],[-118.27115,34.24794],[-118.27116,34.24767],[-118.27018,34.24766],[-118.27019,34.24739],[-118.26986,34.24738],[-118.26987,34.24711],[-118.26726,34.24707],[-118.26727,34.2468],[-118.26694,34.24679],[-118.26695,34.24652],[-118.26597,34.24651],[-118.26596,34.24678],[-118.26564,34.24677],[-118.26565,34.2465],[-118.26532,34.2465],[-118.26533,34.24623],[-118.265,34.24623],[-118.26499,34.2465],[-118.26402,34.24648],[-118.26402,34.24621],[-118.26337,34.2462],[-118.26336,34.24647],[-118.26304,34.24647],[-118.26305,34.2462],[-118.26272,34.24619],[-118.26273,34.24592],[-118.26175,34.24591],[-118.26175,34.24563],[-118.26143,34.24563],[-118.26144,34.24536],[-118.26013,34.24534],[-118.26014,34.24507],[-118.25916,34.24505],[-118.25917,34.24478],[-118.25754,34.24476],[-118.25755,34.24422],[-118.25723,34.24421],[-118.25724,34.2434],[-118.25692,34.2434],[-118.25692,34.24313],[-118.2566,34.24312],[-118.2566,34.24285],[-118.25628,34.24285],[-118.25629,34.24231],[-118.25596,34.2423],[-118.25597,34.24203],[-118.25467,34.24201],[-118.25467,34.24174],[-118.25402,34.24173],[-118.25403,34.24146],[-118.25305,34.24144],[-118.25306,34.24117],[-118.25273,34.24117],[-118.25241,34.24117],[-118.25241,34.24089],[-118.25274,34.2409],[-118.25277,34.23955],[-118.25212,34.23954],[-118.25215,34.23819],[-118.25247,34.23819],[-118.25248,34.23792],[-118.25215,34.23792],[-118.25216,34.23738],[-118.25184,34.23737],[-118.25184,34.2371],[-118.25152,34.23709],[-118.25154,34.23628],[-118.25121,34.23628],[-118.25122,34.23601],[-118.25057,34.236],[-118.25057,34.23573],[-118.24992,34.23572],[-118.24993,34.23545],[-118.24927,34.23544],[-118.24928,34.23517],[-118.24863,34.23516],[-118.24864,34.23462],[-118.24832,34.23461],[-118.24832,34.23434],[-118.248,34.23434],[-118.248,34.23407],[-118.24638,34.23404],[-118.24638,34.23377],[-118.24605,34.23377],[-118.24606,34.23349],[-118.24541,34.23349],[-118.24542,34.23322],[-118.24509,34.23321],[-118.24513,34.23132],[-118.24481,34.23131],[-118.24484,34.22969],[-118.24452,34.22969],[-118.24453,34.22887],[-118.24421,34.22887],[-118.24423,34.22806],[-118.2439,34.22805],[-118.24391,34.22751],[-118.24359,34.22751],[-118.2436,34.22697],[-118.24327,34.22696],[-118.24329,34.22642],[-118.24296,34.22642],[-118.24297,34.22615],[-118.24264,34.22614],[-118.24265,34.22587],[-118.24167,34.22586],[-118.24168,34.22559],[-118.24103,34.22557],[-118.24103,34.2253],[-118.24071,34.2253],[-118.24071,34.22503],[-118.24006,34.22502],[-118.24007,34.22475],[-118.23974,34.22474],[-118.23975,34.22447],[-118.2391,34.22446],[-118.2391,34.22419],[-118.23813,34.22418],[-118.23813,34.22391],[-118.23781,34.2239],[-118.23782,34.22336],[-118.23749,34.22336],[-118.2375,34.22282],[-118.23718,34.22281],[-118.2372,34.222],[-118.23687,34.22199],[-118.23688,34.22172],[-118.23655,34.22172],[-118.23656,34.22118],[-118.23559,34.22116],[-118.23559,34.22089],[-118.23527,34.22089],[-118.23527,34.22062],[-118.23365,34.22059],[-118.23366,34.22005],[-118.23398,34.22006],[-118.23399,34.21979],[-118.23432,34.21979],[-118.23432,34.21952],[-118.23465,34.21953],[-118.23467,34.21872],[-118.23499,34.21872],[-118.23501,34.21791],[-118.23468,34.21791],[-118.23469,34.21764],[-118.23436,34.21763],[-118.23438,34.21682],[-118.23406,34.21681],[-118.23407,34.21627],[-118.23342,34.21626],[-118.23342,34.21599],[-118.2331,34.21599],[-118.2331,34.21572],[-118.23278,34.21571],[-118.23279,34.21544],[-118.23213,34.21543],[-118.23214,34.21516],[-118.23116,34.21515],[-118.23117,34.21488],[-118.23052,34.21487],[-118.23052,34.2146],[-118.2302,34.21459],[-118.2302,34.21432],[-118.22988,34.21431],[-118.22987,34.21458],[-118.22955,34.21458],[-118.22955,34.21431],[-118.22923,34.21431],[-118.22924,34.21376],[-118.22859,34.21375],[-118.22861,34.21294],[-118.22828,34.21294],[-118.22829,34.21267],[-118.22796,34.21266],[-118.22797,34.21239],[-118.22829,34.2124],[-118.2283,34.21213],[-118.22798,34.21212],[-118.22799,34.21158],[-118.22831,34.21159],[-118.22833,34.21077],[-118.228,34.21077],[-118.22801,34.2105],[-118.22736,34.21049],[-118.22737,34.21022],[-118.22671,34.21021],[-118.22672,34.20994],[-118.2264,34.20993],[-118.22641,34.20912],[-118.22609,34.20912],[-118.2261,34.20858],[-118.22577,34.20857],[-118.22578,34.2083],[-118.22611,34.20831],[-118.22612,34.2075],[-118.2258,34.20749],[-118.22584,34.20587],[-118.22551,34.20586],[-118.22553,34.20505],[-118.22585,34.20506],[-118.22586,34.20479],[-118.22619,34.20479],[-118.22619,34.20452],[-118.22652,34.20453],[-118.22652,34.20426],[-118.22685,34.20426],[-118.22686,34.20399],[-118.22718,34.204],[-118.22719,34.20373],[-118.22784,34.20374],[-118.22784,34.20347],[-118.22817,34.20347],[-118.22818,34.20293],[-118.22851,34.20293],[-118.22851,34.20266],[-118.22884,34.20267],[-118.22885,34.2024],[-118.22917,34.2024],[-118.22918,34.20186],[-118.22951,34.20187],[-118.22954,34.20025],[-118.22987,34.20025],[-118.22994,34.19728],[-118.23026,34.19728],[-118.23027,34.19674],[-118.23028,34.19647],[-118.23061,34.19648],[-118.23061,34.19621],[-118.23029,34.1962],[-118.23029,34.19593],[-118.23062,34.19594],[-118.23062,34.19566],[-118.2303,34.19566],[-118.23031,34.19512],[-118.23064,34.19512],[-118.23066,34.19404],[-118.23099,34.19405],[-118.23098,34.19432],[-118.23163,34.19433],[-118.23162,34.1946],[-118.23195,34.1946],[-118.23194,34.19488],[-118.23227,34.19488],[-118.23226,34.19515],[-118.23259,34.19515],[-118.23258,34.19543],[-118.23291,34.19543],[-118.23289,34.19624],[-118.23288,34.19651],[-118.23256,34.19651],[-118.23255,34.19678],[-118.23288,34.19678],[-118.23287,34.19705],[-118.2332,34.19706],[-118.23319,34.1976],[-118.23318,34.19787],[-118.2335,34.19787],[-118.2335,34.19814],[-118.23349,34.19841],[-118.23382,34.19842],[-118.23414,34.19842],[-118.23414,34.1987],[-118.23446,34.1987],[-118.23446,34.19897],[-118.23478,34.19897],[-118.23511,34.19898],[-118.2351,34.19925],[-118.23543,34.19926],[-118.23543,34.19899],[-118.23576,34.19899],[-118.23575,34.19926],[-118.23608,34.19927],[-118.23607,34.19954],[-118.23604,34.20116],[-118.23636,34.20116],[-118.23636,34.20143],[-118.23603,34.20143],[-118.23602,34.20197],[-118.23667,34.20198],[-118.23664,34.20306],[-118.23697,34.20307],[-118.23696,34.20361],[-118.23663,34.2036],[-118.23663,34.20387],[-118.23695,34.20388],[-118.23695,34.20415],[-118.23662,34.20414],[-118.23661,34.20441],[-118.23694,34.20442],[-118.23693,34.20469],[-118.23661,34.20468],[-118.2366,34.20495],[-118.23628,34.20495],[-118.23627,34.20522],[-118.2366,34.20522],[-118.23659,34.20549],[-118.23692,34.2055],[-118.2369,34.20604],[-118.23658,34.20603],[-118.23657,34.20631],[-118.2369,34.20631],[-118.23689,34.20658],[-118.23722,34.20658],[-118.23721,34.20713],[-118.23753,34.20713],[-118.23752,34.2074],[-118.23785,34.20741],[-118.23784,34.20768],[-118.23817,34.20768],[-118.23816,34.20795],[-118.23849,34.20796],[-118.23848,34.20823],[-118.23881,34.20823],[-118.23877,34.21012],[-118.23909,34.21013],[-118.23909,34.2104],[-118.23941,34.21041],[-118.23941,34.21068],[-118.23973,34.21068],[-118.23972,34.21122],[-118.24004,34.21123],[-118.24004,34.2115],[-118.24036,34.2115],[-118.24036,34.21177],[-118.24068,34.21178],[-118.24068,34.21205],[-118.241,34.21205],[-118.241,34.21232],[-118.24132,34.21233],[-118.24132,34.2126],[-118.24197,34.21261],[-118.24196,34.21288],[-118.24229,34.21288],[-118.24228,34.21315],[-118.24261,34.21316],[-118.2426,34.21343],[-118.24293,34.21343],[-118.24291,34.21397],[-118.24324,34.21398],[-118.24323,34.21452],[-118.24388,34.21453],[-118.24387,34.2148],[-118.2442,34.21481],[-118.24419,34.21508],[-118.24452,34.21508],[-118.24451,34.21562],[-118.24516,34.21563],[-118.24514,34.21617],[-118.24612,34.21619],[-118.24612,34.21646],[-118.24677,34.21647],[-118.24676,34.21674],[-118.24774,34.21675],[-118.24773,34.21702],[-118.24806,34.21703],[-118.24804,34.21757],[-118.24772,34.21757],[-118.24771,34.21811],[-118.2477,34.21838],[-118.24769,34.21892],[-118.24801,34.21892],[-118.24801,34.21919],[-118.24833,34.2192],[-118.24832,34.22001],[-118.24864,34.22001],[-118.24863,34.22055],[-118.24895,34.22056],[-118.24895,34.22083],[-118.24927,34.22083],[-118.24927,34.2211],[-118.24959,34.22111],[-118.24959,34.22138],[-118.24991,34.22138],[-118.2499,34.22192],[-118.25023,34.22193],[-118.25023,34.22166],[-118.25056,34.22167],[-118.25055,34.22221],[-118.2512,34.22222],[-118.25119,34.22249],[-118.25152,34.22249],[-118.25149,34.22357],[-118.25182,34.22358],[-118.25181,34.22412],[-118.25213,34.22412],[-118.25213,34.22439],[-118.25343,34.22441],[-118.25341,34.22522],[-118.25374,34.22523],[-118.25373,34.2255],[-118.25438,34.22551],[-118.25438,34.22578],[-118.25503,34.22579],[-118.25502,34.22606],[-118.25567,34.22607],[-118.25567,34.22634],[-118.25664,34.22636],[-118.25697,34.22636],[-118.25696,34.22663],[-118.25729,34.22664],[-118.25728,34.22691],[-118.25761,34.22691],[-118.2576,34.22718],[-118.25793,34.22719],[-118.25792,34.22746],[-118.25857,34.22747],[-118.25857,34.22774],[-118.25987,34.22776],[-118.25986,34.22803],[-118.26019,34.22803],[-118.26018,34.22857],[-118.25985,34.22857],[-118.25984,34.22884],[-118.26017,34.22884],[-118.26015,34.22965],[-118.26048,34.22966],[-118.26047,34.22993],[-118.26112,34.22994],[-118.26112,34.23021],[-118.26177,34.23022],[-118.26176,34.23049],[-118.26209,34.23049],[-118.26208,34.23076],[-118.26306,34.23078],[-118.26305,34.23105],[-118.26403,34.23107],[-118.26403,34.23134],[-118.26435,34.23134],[-118.26434,34.23161],[-118.26467,34.23162],[-118.26465,34.23243],[-118.26498,34.23243],[-118.26497,34.2327],[-118.2653,34.23271],[-118.26529,34.23298],[-118.26562,34.23298],[-118.2656,34.23352],[-118.26593,34.23353],[-118.26592,34.2338],[-118.26625,34.2338],[-118.26658,34.23381],[-118.26657,34.23408],[-118.26624,34.23407],[-118.26624,34.23434],[-118.26689,34.23435],[-118.26688,34.23463],[-118.26851,34.23465],[-118.2685,34.23519],[-118.26883,34.23519],[-118.26882,34.23546],[-118.26849,34.23546],[-118.26848,34.236],[-118.26816,34.236],[-118.26815,34.23627],[-118.26848,34.23627],[-118.26846,34.23708],[-118.26878,34.23709],[-118.26877,34.23763],[-118.2691,34.23763],[-118.26909,34.2379],[-118.26942,34.23791],[-118.26941,34.23845],[-118.26973,34.23845],[-118.26971,34.23953],[-118.27003,34.23954],[-118.27003,34.23981],[-118.27068,34.23982],[-118.27067,34.24009],[-118.271,34.2401],[-118.27099,34.24037],[-118.27295,34.2404],[-118.27294,34.24067],[-118.27392,34.24068],[-118.27391,34.24095],[-118.27424,34.24096],[-118.27424,34.24069],[-118.27522,34.2407],[-118.27521,34.24097],[-118.27587,34.24098],[-118.27587,34.24071],[-118.2762,34.24072],[-118.27621,34.24017],[-118.27686,34.24018],[-118.27687,34.23991],[-118.27752,34.23992],[-118.27751,34.24019],[-118.27784,34.2402],[-118.27783,34.24047],[-118.27751,34.24046],[-118.2775,34.24074],[-118.27717,34.24073],[-118.27717,34.241],[-118.27716,34.24127],[-118.27684,34.24127],[-118.27683,34.24154],[-118.27651,34.24153],[-118.2765,34.2418],[-118.27649,34.24207],[-118.27617,34.24207],[-118.27611,34.24477],[-118.27643,34.24477],[-118.27642,34.24532],[-118.27675,34.24532],[-118.27674,34.24559],[-118.27772,34.24561],[-118.27771,34.24588],[-118.27739,34.24587],[-118.27738,34.24641],[-118.2777,34.24642],[-118.27769,34.24669],[-118.27802,34.24669],[-118.27801,34.24696],[-118.27834,34.24697],[-118.27833,34.24724],[-118.27899,34.24725],[-118.27898,34.24752],[-118.27931,34.24752],[-118.2793,34.24779],[-118.2806,34.24781],[-118.2806,34.24808],[-118.28223,34.24811],[-118.28255,34.24811],[-118.28385,34.24813],[-118.28386,34.24786],[-118.28419,34.24787],[-118.28418,34.24814],[-118.28451,34.24814],[-118.28451,34.24787],[-118.28679,34.24791],[-118.2868,34.24764],[-118.28745,34.24764],[-118.28745,34.24737],[-118.28811,34.24739],[-118.28811,34.24711],[-118.28841,34.24712],[-118.28845,34.24774],[-118.28845,34.24802],[-118.28845,34.24831],[-118.28845,34.24846],[-118.28845,34.24847],[-118.2871,34.24845],[-118.2871,34.24872],[-118.28645,34.24871],[-118.28644,34.24898],[-118.28612,34.24898],[-118.28612,34.24871],[-118.28514,34.24869],[-118.28514,34.24896],[-118.28253,34.24892],[-118.28253,34.24919],[-118.2822,34.24919],[-118.28188,34.24918],[-118.28186,34.24999],[-118.28153,34.24999],[-118.28151,34.2508],[-118.28119,34.2508],[-118.28118,34.25134],[-118.28183,34.25135],[-118.28182,34.25162],[-118.28215,34.25162],[-118.28214,34.25189],[-118.28247,34.2519],[-118.28245,34.25271],[-118.28278,34.25271],[-118.28277,34.25298],[-118.2831,34.25299],[-118.28309,34.25326],[-118.28342,34.25326],[-118.28341,34.25353],[-118.28374,34.25354],[-118.28372,34.25435],[-118.28404,34.25435],[-118.28404,34.25462],[-118.28436,34.25463],[-118.28434,34.25571],[-118.28467,34.25572],[-118.28465,34.25626],[-118.28498,34.25626],[-118.28497,34.2568],[-118.28627,34.25682],[-118.28627,34.25709],[-118.28659,34.2571],[-118.28659,34.25737],[-118.28687,34.25737],[-118.28651,34.25814],[-118.28582,34.25925],[-118.28557,34.25924],[-118.28557,34.25897],[-118.28525,34.25897],[-118.28526,34.25843],[-118.28428,34.25841],[-118.28429,34.25814]],[[-118.27831,34.24832],[-118.27799,34.24831],[-118.27799,34.24804],[-118.27767,34.24804],[-118.27767,34.24777],[-118.27768,34.2475],[-118.27735,34.24749],[-118.27736,34.24722],[-118.27671,34.24721],[-118.27672,34.24667],[-118.27639,34.24667],[-118.2764,34.2464],[-118.27607,34.24639],[-118.27608,34.24612],[-118.27543,34.24611],[-118.27543,34.24584],[-118.27544,34.24557],[-118.27511,34.24557],[-118.27512,34.2453],[-118.27479,34.24529],[-118.27484,34.24313],[-118.27485,34.24286],[-118.27485,34.24259],[-118.27453,34.24258],[-118.27453,34.24231],[-118.27356,34.2423],[-118.27356,34.24203],[-118.27291,34.24202],[-118.27292,34.24175],[-118.27259,34.24174],[-118.2726,34.24147],[-118.27227,34.24147],[-118.27227,34.24174],[-118.27194,34.24173],[-118.27195,34.24146],[-118.27162,34.24146],[-118.27161,34.24173],[-118.27064,34.24171],[-118.27064,34.24144],[-118.26999,34.24143],[-118.27,34.24116],[-118.26967,34.24116],[-118.26968,34.24062],[-118.26936,34.24061],[-118.26936,34.24034],[-118.26904,34.24034],[-118.26903,34.24061],[-118.26871,34.2406],[-118.26871,34.24033],[-118.26839,34.24033],[-118.26842,34.2387],[-118.26777,34.23869],[-118.2678,34.23761],[-118.26747,34.23761],[-118.26748,34.23734],[-118.26715,34.23733],[-118.26716,34.23706],[-118.26716,34.23679],[-118.26684,34.23679],[-118.26685,34.23625],[-118.26717,34.23625],[-118.26718,34.23598],[-118.26685,34.23598],[-118.26686,34.23571],[-118.26621,34.2357],[-118.26622,34.23543],[-118.26556,34.23542],[-118.26557,34.23515],[-118.26524,34.23514],[-118.26526,34.2346],[-118.26493,34.23459],[-118.26494,34.23432],[-118.26461,34.23432],[-118.26429,34.23432],[-118.26429,34.23404],[-118.26396,34.23404],[-118.26397,34.23377],[-118.26364,34.23376],[-118.26366,34.23322],[-118.26333,34.23322],[-118.26334,34.23268],[-118.26335,34.23241],[-118.26302,34.2324],[-118.26303,34.23213],[-118.26238,34.23212],[-118.26238,34.23185],[-118.26141,34.23184],[-118.26141,34.23157],[-118.26076,34.23156],[-118.26077,34.23129],[-118.26012,34.23128],[-118.26012,34.23101],[-118.25947,34.231],[-118.25948,34.23073],[-118.25915,34.23072],[-118.25916,34.23018],[-118.25884,34.23018],[-118.25886,34.22936],[-118.25853,34.22936],[-118.25854,34.22909],[-118.25821,34.22908],[-118.25822,34.22881],[-118.25757,34.2288],[-118.25757,34.22853],[-118.25725,34.22853],[-118.25725,34.22826],[-118.2566,34.22825],[-118.25661,34.22798],[-118.25628,34.22797],[-118.25629,34.2277],[-118.25596,34.2277],[-118.25597,34.22743],[-118.25499,34.22741],[-118.255,34.22714],[-118.25467,34.22714],[-118.25468,34.22687],[-118.2537,34.22685],[-118.25371,34.22658],[-118.25338,34.22658],[-118.25339,34.22631],[-118.25306,34.2263],[-118.25307,34.22603],[-118.25274,34.22602],[-118.25275,34.22548],[-118.25145,34.22546],[-118.25146,34.22519],[-118.25113,34.22519],[-118.25114,34.22465],[-118.25082,34.22464],[-118.25082,34.22437],[-118.2505,34.22437],[-118.25051,34.2241],[-118.25018,34.22409],[-118.25019,34.22355],[-118.24986,34.22355],[-118.24988,34.22301],[-118.24923,34.223],[-118.24923,34.22273],[-118.24891,34.22272],[-118.24892,34.22218],[-118.24859,34.22218],[-118.2486,34.22163],[-118.24828,34.22163],[-118.24829,34.22136],[-118.24763,34.22135],[-118.24764,34.22108],[-118.24732,34.22107],[-118.24733,34.22026],[-118.24701,34.22026],[-118.24702,34.21972],[-118.24669,34.21971],[-118.2467,34.21944],[-118.24637,34.21944],[-118.24639,34.2189],[-118.24606,34.21889],[-118.24608,34.21781],[-118.24609,34.21754],[-118.24577,34.21753],[-118.24577,34.21726],[-118.24447,34.21724],[-118.24447,34.21697],[-118.24415,34.21697],[-118.24416,34.21643],[-118.24351,34.21642],[-118.24352,34.21615],[-118.24319,34.21614],[-118.2432,34.21587],[-118.24287,34.21587],[-118.24289,34.21506],[-118.24191,34.21504],[-118.24192,34.2145],[-118.2416,34.2145],[-118.24161,34.21422],[-118.24128,34.21422],[-118.24129,34.21368],[-118.24097,34.21368],[-118.24097,34.2134],[-118.24065,34.2134],[-118.24065,34.21313],[-118.24033,34.21312],[-118.24033,34.21285],[-118.23968,34.21284],[-118.23969,34.2123],[-118.23904,34.21229],[-118.23905,34.21202],[-118.2384,34.21201],[-118.2384,34.21174],[-118.23841,34.21147],[-118.23808,34.21147],[-118.23809,34.2112],[-118.2381,34.21093],[-118.23777,34.21092],[-118.23778,34.21038],[-118.23746,34.21037],[-118.23748,34.20929],[-118.23716,34.20929],[-118.23717,34.20875],[-118.23684,34.20874],[-118.23685,34.20847],[-118.23652,34.20847],[-118.23654,34.20793],[-118.23588,34.20792],[-118.23591,34.20684],[-118.23526,34.20683],[-118.23527,34.20629],[-118.23494,34.20628],[-118.23495,34.20601],[-118.23528,34.20601],[-118.23528,34.20574],[-118.23496,34.20574],[-118.23498,34.20493],[-118.2353,34.20493],[-118.23531,34.20466],[-118.23532,34.20385],[-118.23565,34.20386],[-118.23566,34.20332],[-118.23534,34.20331],[-118.23535,34.2025],[-118.23503,34.20249],[-118.23503,34.20222],[-118.23471,34.20222],[-118.23472,34.20168],[-118.23473,34.20141],[-118.23474,34.20087],[-118.23507,34.20087],[-118.23507,34.2006],[-118.23475,34.2006],[-118.23476,34.20006],[-118.23378,34.20004],[-118.23379,34.19977],[-118.23346,34.19977],[-118.23314,34.19976],[-118.23314,34.19949],[-118.23282,34.19949],[-118.23282,34.19922],[-118.2325,34.19921],[-118.23252,34.1984],[-118.23219,34.19839],[-118.2322,34.19812],[-118.23187,34.19812],[-118.23188,34.19785],[-118.23155,34.19784],[-118.23155,34.19811],[-118.23122,34.19811],[-118.23119,34.19946],[-118.23086,34.19946],[-118.23085,34.2],[-118.23118,34.2],[-118.23117,34.20054],[-118.23084,34.20054],[-118.23083,34.20081],[-118.23116,34.20081],[-118.23114,34.20162],[-118.23082,34.20162],[-118.23081,34.20189],[-118.23113,34.20189],[-118.23113,34.20216],[-118.2308,34.20216],[-118.2308,34.20243],[-118.23047,34.20242],[-118.23046,34.20296],[-118.23013,34.20296],[-118.23013,34.20323],[-118.2298,34.20323],[-118.2298,34.2035],[-118.22915,34.20349],[-118.22914,34.20376],[-118.22881,34.20375],[-118.22881,34.20402],[-118.22848,34.20402],[-118.22848,34.20429],[-118.22815,34.20428],[-118.22814,34.20455],[-118.22782,34.20455],[-118.22781,34.20482],[-118.22749,34.20481],[-118.22748,34.20508],[-118.22716,34.20508],[-118.22713,34.20616],[-118.22746,34.20616],[-118.22745,34.2067],[-118.22777,34.20671],[-118.22775,34.20752],[-118.22808,34.20753],[-118.22806,34.20834],[-118.22773,34.20833],[-118.22772,34.20914],[-118.22804,34.20915],[-118.22804,34.20942],[-118.22869,34.20943],[-118.22868,34.2097],[-118.22933,34.20971],[-118.22933,34.20998],[-118.22965,34.20998],[-118.22964,34.21052],[-118.22996,34.21053],[-118.22991,34.21296],[-118.23023,34.21297],[-118.23023,34.21324],[-118.23088,34.21325],[-118.23087,34.21352],[-118.23153,34.21353],[-118.23152,34.2138],[-118.23185,34.2138],[-118.23184,34.21408],[-118.23216,34.21408],[-118.23216,34.21435],[-118.23314,34.21437],[-118.23313,34.21464],[-118.23345,34.21464],[-118.23345,34.21491],[-118.2341,34.21492],[-118.23409,34.21519],[-118.23442,34.2152],[-118.23441,34.21547],[-118.23506,34.21548],[-118.23505,34.21602],[-118.23538,34.21602],[-118.23537,34.21656],[-118.23569,34.21657],[-118.23569,34.21684],[-118.23601,34.21684],[-118.23599,34.21793],[-118.23631,34.21793],[-118.23629,34.21901],[-118.23596,34.21901],[-118.23594,34.22009],[-118.23659,34.2201],[-118.23658,34.22037],[-118.23756,34.22038],[-118.23755,34.22065],[-118.23788,34.22066],[-118.23787,34.22093],[-118.2382,34.22093],[-118.23818,34.22174],[-118.23851,34.22175],[-118.23849,34.22256],[-118.23881,34.22257],[-118.23881,34.22284],[-118.23913,34.22284],[-118.23912,34.22338],[-118.23945,34.22339],[-118.23944,34.22366],[-118.24009,34.22367],[-118.24008,34.22394],[-118.24074,34.22395],[-118.24073,34.22422],[-118.24138,34.22423],[-118.24138,34.2245],[-118.2417,34.2245],[-118.2417,34.22477],[-118.24202,34.22478],[-118.24201,34.22505],[-118.24299,34.22507],[-118.24299,34.22534],[-118.24396,34.22535],[-118.24396,34.22562],[-118.24428,34.22563],[-118.24428,34.2259],[-118.24395,34.22589],[-118.24394,34.22616],[-118.24427,34.22617],[-118.24426,34.22671],[-118.24491,34.22672],[-118.2449,34.22726],[-118.24522,34.22726],[-118.2452,34.22834],[-118.24552,34.22835],[-118.24551,34.22916],[-118.24583,34.22917],[-118.24582,34.22971],[-118.24614,34.22971],[-118.24613,34.23052],[-118.2458,34.23052],[-118.2458,34.23079],[-118.24612,34.23079],[-118.24611,34.23133],[-118.24644,34.23134],[-118.24641,34.23242],[-118.24674,34.23242],[-118.24673,34.23269],[-118.24706,34.2327],[-118.24705,34.23297],[-118.24803,34.23298],[-118.24802,34.23325],[-118.249,34.23327],[-118.24899,34.23354],[-118.24997,34.23356],[-118.24996,34.2341],[-118.25028,34.2341],[-118.25028,34.23437],[-118.25125,34.23439],[-118.25125,34.23466],[-118.25222,34.23467],[-118.25222,34.23494],[-118.25287,34.23495],[-118.25286,34.23522],[-118.25319,34.23523],[-118.25316,34.23631],[-118.25349,34.23631],[-118.25348,34.23658],[-118.25381,34.23659],[-118.25379,34.2374],[-118.25412,34.23741],[-118.25411,34.23768],[-118.25444,34.23768],[-118.25443,34.23795],[-118.25411,34.23795],[-118.2541,34.23822],[-118.25409,34.23849],[-118.25409,34.23876],[-118.25441,34.23876],[-118.25441,34.23903],[-118.25408,34.23903],[-118.25408,34.2393],[-118.2544,34.2393],[-118.2544,34.23957],[-118.25472,34.23958],[-118.25471,34.24012],[-118.25504,34.24012],[-118.25503,34.24039],[-118.25568,34.2404],[-118.25567,34.24067],[-118.25665,34.24069],[-118.25665,34.24096],[-118.25697,34.24096],[-118.25696,34.24123],[-118.25729,34.24124],[-118.25728,34.24151],[-118.25761,34.24151],[-118.2576,34.24179],[-118.25793,34.24179],[-118.25792,34.24206],[-118.25825,34.24206],[-118.25824,34.24234],[-118.25889,34.24235],[-118.25888,34.24289],[-118.25921,34.24289],[-118.2592,34.24316],[-118.25953,34.24317],[-118.25952,34.24344],[-118.26017,34.24345],[-118.26017,34.24372],[-118.26082,34.24373],[-118.26081,34.244],[-118.26114,34.244],[-118.26114,34.24373],[-118.26147,34.24374],[-118.26147,34.24401],[-118.26244,34.24402],[-118.26244,34.24429],[-118.26309,34.2443],[-118.26308,34.24457],[-118.26536,34.24461],[-118.26535,34.24488],[-118.26698,34.2449],[-118.26698,34.24517],[-118.2673,34.24518],[-118.2673,34.24545],[-118.26925,34.24548],[-118.26926,34.24521],[-118.26958,34.24521],[-118.26958,34.24548],[-118.2699,34.24549],[-118.2699,34.24576],[-118.27055,34.24577],[-118.27054,34.24604],[-118.27152,34.24605],[-118.27151,34.24632],[-118.27151,34.24659],[-118.27183,34.2466],[-118.27184,34.24633],[-118.27217,34.24633],[-118.27216,34.2466],[-118.27248,34.24661],[-118.27248,34.24688],[-118.2728,34.24688],[-118.2728,34.24715],[-118.27345,34.24716],[-118.27345,34.24689],[-118.27411,34.2469],[-118.2741,34.24717],[-118.27443,34.24718],[-118.27442,34.24745],[-118.27507,34.24746],[-118.27507,34.24773],[-118.27572,34.24774],[-118.27571,34.24801],[-118.27571,34.24828],[-118.27668,34.24829],[-118.27668,34.24856],[-118.27733,34.24858],[-118.27732,34.24885],[-118.27863,34.24887],[-118.27862,34.24914],[-118.27894,34.24914],[-118.27896,34.2486],[-118.27831,34.24859],[-118.27831,34.24832]]],[[[-118.16172,34.14211],[-118.16188,34.14179],[-118.16187,34.14211],[-118.16172,34.14211]]],[[[-118.16134,34.15103],[-118.16101,34.15102],[-118.16101,34.15129],[-118.16133,34.1513],[-118.16131,34.15211],[-118.16164,34.15211],[-118.16163,34.15238],[-118.16228,34.15239],[-118.16228,34.15266],[-118.16325,34.15268],[-118.16325,34.15295],[-118.1639,34.15296],[-118.16389,34.15323],[-118.16421,34.15324],[-118.16421,34.15351],[-118.16486,34.15352],[-118.16485,34.15379],[-118.16518,34.15379],[-118.16517,34.15406],[-118.1655,34.15407],[-118.16549,34.15461],[-118.16646,34.15463],[-118.16645,34.15516],[-118.16677,34.15517],[-118.16676,34.15571],[-118.16709,34.15572],[-118.16708,34.15599],[-118.16806,34.156],[-118.16805,34.15627],[-118.16837,34.15628],[-118.16837,34.15655],[-118.16869,34.15655],[-118.16867,34.15763],[-118.16899,34.15764],[-118.16896,34.15926],[-118.16863,34.15926],[-118.16859,34.16088],[-118.16892,34.16089],[-118.16887,34.16305],[-118.16854,34.16304],[-118.16854,34.16331],[-118.16886,34.16332],[-118.16884,34.16413],[-118.16852,34.16412],[-118.1685,34.16466],[-118.16916,34.16468],[-118.16912,34.16603],[-118.16945,34.16603],[-118.16944,34.1663],[-118.16977,34.16631],[-118.16976,34.16685],[-118.17008,34.16685],[-118.17008,34.16712],[-118.1704,34.16713],[-118.17038,34.16794],[-118.17071,34.16795],[-118.17069,34.16849],[-118.17102,34.16849],[-118.17101,34.16876],[-118.17134,34.16877],[-118.17131,34.17012],[-118.17163,34.17012],[-118.17163,34.17039],[-118.17195,34.1704],[-118.17195,34.17067],[-118.17227,34.17068],[-118.17226,34.17122],[-118.17258,34.17122],[-118.17258,34.17149],[-118.17225,34.17149],[-118.17224,34.17203],[-118.17191,34.17202],[-118.1719,34.17256],[-118.17158,34.17256],[-118.17157,34.17283],[-118.17124,34.17282],[-118.17124,34.17309],[-118.17091,34.17309],[-118.1709,34.17363],[-118.17058,34.17362],[-118.17057,34.17389],[-118.16959,34.17388],[-118.16959,34.17415],[-118.16894,34.17414],[-118.16893,34.17441],[-118.16828,34.1744],[-118.16828,34.17413],[-118.16796,34.17412],[-118.16795,34.17439],[-118.16763,34.17439],[-118.16762,34.17466],[-118.16752,34.17466],[-118.1678,34.17356],[-118.1678,34.17355],[-118.1677,34.17331],[-118.16761,34.1732],[-118.16734,34.1728],[-118.16734,34.17276],[-118.16832,34.17278],[-118.1683,34.17332],[-118.16863,34.17332],[-118.16864,34.17305],[-118.16961,34.17307],[-118.16962,34.1728],[-118.16994,34.1728],[-118.16996,34.17226],[-118.17028,34.17227],[-118.17029,34.172],[-118.17094,34.17201],[-118.17095,34.17174],[-118.17127,34.17174],[-118.17129,34.17093],[-118.17064,34.17092],[-118.17064,34.17065],[-118.17032,34.17064],[-118.17033,34.1701],[-118.17001,34.1701],[-118.17003,34.16902],[-118.16971,34.16901],[-118.16972,34.16847],[-118.16939,34.16846],[-118.16941,34.16765],[-118.16876,34.16764],[-118.16877,34.1671],[-118.16845,34.1671],[-118.16845,34.16683],[-118.16813,34.16682],[-118.16817,34.1652],[-118.16784,34.16519],[-118.16785,34.16492],[-118.1672,34.16491],[-118.16722,34.1641],[-118.16754,34.16411],[-118.16756,34.1633],[-118.16724,34.16329],[-118.16724,34.16302],[-118.16757,34.16303],[-118.16758,34.16249],[-118.16791,34.16249],[-118.16794,34.16087],[-118.16762,34.16086],[-118.16765,34.15924],[-118.16798,34.15925],[-118.16799,34.15871],[-118.16767,34.1587],[-118.16767,34.15843],[-118.168,34.15844],[-118.16801,34.1579],[-118.16769,34.15789],[-118.16771,34.15681],[-118.16739,34.1568],[-118.16738,34.15707],[-118.16673,34.15706],[-118.16674,34.15679],[-118.16608,34.15678],[-118.1661,34.15624],[-118.16577,34.15624],[-118.16578,34.1557],[-118.16546,34.15569],[-118.16547,34.15542],[-118.16514,34.15541],[-118.16513,34.15568],[-118.16481,34.15568],[-118.16482,34.15541],[-118.16416,34.1554],[-118.16417,34.15513],[-118.16385,34.15512],[-118.16385,34.15485],[-118.16288,34.15484],[-118.16288,34.15457],[-118.16256,34.15456],[-118.16256,34.15429],[-118.16224,34.15429],[-118.16224,34.15402],[-118.16192,34.15401],[-118.16192,34.15374],[-118.1616,34.15373],[-118.16161,34.15346],[-118.1603,34.15344],[-118.16031,34.15317],[-118.1601,34.15317],[-118.16,34.15268],[-118.16,34.15236],[-118.15993,34.15236],[-118.1599,34.15222],[-118.15974,34.15055],[-118.15976,34.14888],[-118.15977,34.14884],[-118.16009,34.14884],[-118.16007,34.14965],[-118.16039,34.14966],[-118.16039,34.14993],[-118.16136,34.14995],[-118.16134,34.15103]]],[[[-118.1675,34.17979],[-118.16748,34.1806],[-118.16742,34.1806],[-118.16734,34.18026],[-118.16729,34.17979],[-118.1675,34.17979]]],[[[-118.16748,34.18092],[-118.16747,34.18088],[-118.16748,34.18088],[-118.16748,34.18092]]],[[[-118.16762,34.18169],[-118.16778,34.18169],[-118.16777,34.18223],[-118.1681,34.18224],[-118.16809,34.18251],[-118.16782,34.1825],[-118.16762,34.18169]]],[[[-118.16807,34.18334],[-118.16797,34.18309],[-118.16789,34.18278],[-118.16808,34.18278],[-118.16807,34.18334]]]]},"properties":{"FHSZ":2,"FHSZ_Description":"High"}},{"type":"Feature","geometry":{"type":"Polygon","coordinates":[[[-118.17824,34.1943],[-118.17833,34.19024],[-118.17835,34.18943],[-118.17835,34.18916],[-118.17836,34.18889],[-118.17869,34.1889],[-118.1787,34.18809],[-118.17871,34.18782],[-118.17872,34.18755],[-118.17839,34.18754],[-118.1784,34.18727],[-118.17775,34.18726],[-118.17775,34.18699],[-118.17678,34.18697],[-118.17678,34.1867],[-118.17613,34.18669],[-118.17615,34.18615],[-118.17582,34.18615],[-118.17583,34.18588],[-118.17485,34.18586],[-118.17484,34.18613],[-118.17419,34.18612],[-118.17419,34.18639],[-118.17386,34.18639],[-118.17385,34.18693],[-118.17352,34.18692],[-118.17352,34.18719],[-118.17384,34.1872],[-118.17383,34.18747],[-118.17351,34.18746],[-118.1735,34.18773],[-118.17318,34.18773],[-118.17317,34.188],[-118.17252,34.18799],[-118.17252,34.18826],[-118.17219,34.18825],[-118.17218,34.18879],[-118.17185,34.18879],[-118.17183,34.18955],[-118.17174,34.18946],[-118.17088,34.18843],[-118.17089,34.18823],[-118.17071,34.18823],[-118.17057,34.18805],[-118.17057,34.18769],[-118.1709,34.18769],[-118.17091,34.18742],[-118.17013,34.18741],[-118.16962,34.18665],[-118.16962,34.18659],[-118.16958,34.18659],[-118.16947,34.18643],[-118.16862,34.18479],[-118.16807,34.18334],[-118.16808,34.18278],[-118.16789,34.18278],[-118.16782,34.1825],[-118.16809,34.18251],[-118.1681,34.18224],[-118.16777,34.18223],[-118.16778,34.18169],[-118.16762,34.18169],[-118.16753,34.18134],[-118.16748,34.18092],[-118.16748,34.18088],[-118.16747,34.18088],[-118.16746,34.18078],[-118.16742,34.1806],[-118.16748,34.1806],[-118.1675,34.17979],[-118.16729,34.17979],[-118.16716,34.17852],[-118.16719,34.17677],[-118.16742,34.17503],[-118.16752,34.17466],[-118.16762,34.17466],[-118.16763,34.17439],[-118.16795,34.17439],[-118.16796,34.17412],[-118.16828,34.17413],[-118.16828,34.1744],[-118.16893,34.17441],[-118.16894,34.17414],[-118.16959,34.17415],[-118.16959,34.17388],[-118.17057,34.17389],[-118.17058,34.17362],[-118.1709,34.17363],[-118.17091,34.17309],[-118.17124,34.17309],[-118.17124,34.17282],[-118.17157,34.17283],[-118.17158,34.17256],[-118.1719,34.17256],[-118.17191,34.17202],[-118.17224,34.17203],[-118.17225,34.17149],[-118.17258,34.17149],[-118.17258,34.17122],[-118.17226,34.17122],[-118.17227,34.17068],[-118.17195,34.17067],[-118.17195,34.1704],[-118.17163,34.17039],[-118.17163,34.17012],[-118.17131,34.17012],[-118.17134,34.16877],[-118.17101,34.16876],[-118.17102,34.16849],[-118.17069,34.16849],[-118.17071,34.16795],[-118.17038,34.16794],[-118.1704,34.16713],[-118.17008,34.16712],[-118.17008,34.16685],[-118.16976,34.16685],[-118.16977,34.16631],[-118.16944,34.1663],[-118.16945,34.16603],[-118.16912,34.16603],[-118.16916,34.16468],[-118.1685,34.16466],[-118.16852,34.16412],[-118.16884,34.16413],[-118.16886,34.16332],[-118.16854,34.16331],[-118.16854,34.16304],[-118.16887,34.16305],[-118.16892,34.16089],[-118.16859,34.16088],[-118.16863,34.15926],[-118.16896,34.15926],[-118.16899,34.15764],[-118.16867,34.15763],[-118.16869,34.15655],[-118.16837,34.15655],[-118.16837,34.15628],[-118.16805,34.15627],[-118.16806,34.156],[-118.16708,34.15599],[-118.16709,34.15572],[-118.16676,34.15571],[-118.16677,34.15517],[-118.16645,34.15516],[-118.16646,34.15463],[-118.16549,34.15461],[-118.1655,34.15407],[-118.16517,34.15406],[-118.16518,34.15379],[-118.16485,34.15379],[-118.16486,34.15352],[-118.16421,34.15351],[-118.16421,34.15324],[-118.16389,34.15323],[-118.1639,34.15296],[-118.16325,34.15295],[-118.16325,34.15268],[-118.16228,34.15266],[-118.16228,34.15239],[-118.16163,34.15238],[-118.16164,34.15211],[-118.16131,34.15211],[-118.16133,34.1513],[-118.16101,34.15129],[-118.16101,34.15102],[-118.16134,34.15103],[-118.16136,34.14995],[-118.16039,34.14993],[-118.16039,34.14966],[-118.16007,34.14965],[-118.16009,34.14884],[-118.15977,34.14884],[-118.15997,34.14722],[-118.16037,34.14558],[-118.16063,34.14473],[-118.16127,34.14298],[-118.16172,34.14211],[-118.16187,34.14211],[-118.16188,34.14179],[-118.16213,34.14129],[-118.16319,34.13969],[-118.16444,34.13818],[-118.16587,34.13678],[-118.16746,34.13551],[-118.1692,34.13439],[-118.17108,34.13341],[-118.17306,34.1326],[-118.17513,34.13195],[-118.17727,34.13149],[-118.17945,34.1312],[-118.18166,34.13111],[-118.18498,34.1311],[-118.18656,34.13109],[-118.18995,34.13109],[-118.19021,34.13108],[-118.19027,34.13108],[-118.19036,34.13108],[-118.19106,34.13108],[-118.19646,34.13107],[-118.19697,34.13087],[-118.19898,34.13026],[-118.20012,34.13002],[-118.20149,34.12956],[-118.20339,34.12908],[-118.20532,34.12875],[-118.20572,34.1287],[-118.20594,34.12867],[-118.20666,34.12857],[-118.20704,34.12852],[-118.2075,34.12846],[-118.20751,34.12846],[-118.208,34.12842],[-118.20889,34.12692],[-118.21,34.12544],[-118.21127,34.12405],[-118.2127,34.12277],[-118.21428,34.12161],[-118.21446,34.1215],[-118.21465,34.12096],[-118.21543,34.1193],[-118.21641,34.11773],[-118.21758,34.11623],[-118.21891,34.11485],[-118.22041,34.11357],[-118.22205,34.11243],[-118.22381,34.11142],[-118.22569,34.11056],[-118.22766,34.10986],[-118.22971,34.10933],[-118.23181,34.10896],[-118.23251,34.10887],[-118.23292,34.10881],[-118.23335,34.10875],[-118.23359,34.10872],[-118.23424,34.10863],[-118.23476,34.10856],[-118.235,34.10853],[-118.23532,34.10848],[-118.23549,34.10846],[-118.2355,34.10845],[-118.23707,34.10723],[-118.23742,34.10698],[-118.23743,34.10698],[-118.23784,34.10668],[-118.23825,34.10641],[-118.23847,34.10626],[-118.23853,34.10622],[-118.23888,34.10597],[-118.23897,34.10591],[-118.23929,34.1057],[-118.23939,34.10563],[-118.23948,34.10557],[-118.23947,34.10601],[-118.23979,34.10601],[-118.23976,34.10737],[-118.24009,34.10737],[-118.24008,34.10764],[-118.23976,34.10764],[-118.23973,34.10872],[-118.23941,34.10871],[-118.23939,34.10952],[-118.23906,34.10952],[-118.23906,34.10979],[-118.23873,34.10978],[-118.23871,34.1106],[-118.23839,34.11059],[-118.23838,34.11086],[-118.23806,34.11086],[-118.23805,34.11113],[-118.23773,34.11112],[-118.23771,34.11166],[-118.23739,34.11166],[-118.23738,34.11193],[-118.23706,34.11192],[-118.23705,34.11219],[-118.23608,34.11218],[-118.23607,34.11245],[-118.2364,34.11245],[-118.23638,34.11326],[-118.2367,34.11327],[-118.23668,34.11408],[-118.23701,34.11409],[-118.237,34.11463],[-118.23732,34.11463],[-118.23732,34.1149],[-118.23699,34.1149],[-118.23698,34.11544],[-118.23665,34.11543],[-118.23664,34.11597],[-118.23632,34.11597],[-118.2363,34.11678],[-118.2376,34.1168],[-118.23759,34.11707],[-118.23824,34.11708],[-118.23824,34.11735],[-118.23856,34.11736],[-118.23856,34.11762],[-118.23888,34.11763],[-118.23887,34.1179],[-118.2392,34.11791],[-118.23919,34.11818],[-118.24017,34.11819],[-118.24016,34.11846],[-118.24049,34.11847],[-118.24048,34.11901],[-118.2421,34.11903],[-118.24209,34.11957],[-118.24242,34.11958],[-118.24242,34.11931],[-118.24275,34.11931],[-118.24275,34.11904],[-118.2434,34.11905],[-118.24341,34.11851],[-118.24407,34.11852],[-118.24407,34.11825],[-118.2444,34.11826],[-118.2444,34.11799],[-118.24505,34.118],[-118.24506,34.11773],[-118.24538,34.11773],[-118.24539,34.11746],[-118.24572,34.11747],[-118.24571,34.11774],[-118.24734,34.11776],[-118.24733,34.11803],[-118.24798,34.11804],[-118.24797,34.11831],[-118.2483,34.11832],[-118.24829,34.11859],[-118.24862,34.11859],[-118.24861,34.11913],[-118.24893,34.11914],[-118.24892,34.11941],[-118.24925,34.11941],[-118.24924,34.11968],[-118.24957,34.11969],[-118.24956,34.11996],[-118.25054,34.11997],[-118.25051,34.12105],[-118.25117,34.12107],[-118.25116,34.12134],[-118.25181,34.12134],[-118.2518,34.12189],[-118.25212,34.12189],[-118.25211,34.12243],[-118.25244,34.12244],[-118.25243,34.12271],[-118.25275,34.12271],[-118.25275,34.12298],[-118.25307,34.12299],[-118.25305,34.12407],[-118.25338,34.12407],[-118.25335,34.12516],[-118.2527,34.12515],[-118.2527,34.12542],[-118.25237,34.12541],[-118.25236,34.12568],[-118.25269,34.12569],[-118.25266,34.12677],[-118.25234,34.12676],[-118.25233,34.12703],[-118.25168,34.12702],[-118.25168,34.12729],[-118.25103,34.12728],[-118.25102,34.12755],[-118.25005,34.12754],[-118.25005,34.12727],[-118.24973,34.12726],[-118.24971,34.1278],[-118.24939,34.1278],[-118.24938,34.12807],[-118.24873,34.12806],[-118.24873,34.12833],[-118.2484,34.12832],[-118.2484,34.1286],[-118.24742,34.12858],[-118.24743,34.12831],[-118.24515,34.12828],[-118.24515,34.12801],[-118.24353,34.12798],[-118.24352,34.12825],[-118.2432,34.12824],[-118.24318,34.12906],[-118.24286,34.12905],[-118.24285,34.12932],[-118.24155,34.1293],[-118.24155,34.12903],[-118.24025,34.12901],[-118.24025,34.12928],[-118.24057,34.12929],[-118.24057,34.12956],[-118.24024,34.12955],[-118.24022,34.13036],[-118.2399,34.13036],[-118.23987,34.13144],[-118.2402,34.13144],[-118.24019,34.13171],[-118.23987,34.13171],[-118.23983,34.13333],[-118.24016,34.13334],[-118.24015,34.13361],[-118.23982,34.1336],[-118.2398,34.13468],[-118.23948,34.13468],[-118.23946,34.13522],[-118.23914,34.13522],[-118.23913,34.13549],[-118.23848,34.13547],[-118.23848,34.13575],[-118.23815,34.13574],[-118.23815,34.13601],[-118.23782,34.13601],[-118.23781,34.13628],[-118.23749,34.13627],[-118.23748,34.13654],[-118.23683,34.13653],[-118.23683,34.1368],[-118.23585,34.13679],[-118.23584,34.13706],[-118.23552,34.13705],[-118.23552,34.13678],[-118.2352,34.13678],[-118.23519,34.13732],[-118.23454,34.13731],[-118.23453,34.13758],[-118.23421,34.13757],[-118.2342,34.13784],[-118.23355,34.13783],[-118.23354,34.1381],[-118.23322,34.1381],[-118.23322,34.13783],[-118.2329,34.13782],[-118.23289,34.13809],[-118.23224,34.13808],[-118.23219,34.14025],[-118.23252,34.14025],[-118.23251,34.14052],[-118.23219,34.14052],[-118.23218,34.14079],[-118.23186,34.14078],[-118.23185,34.14105],[-118.23153,34.14105],[-118.23152,34.14132],[-118.23119,34.14131],[-118.23118,34.14212],[-118.2315,34.14213],[-118.23147,34.14348],[-118.2318,34.14348],[-118.23179,34.14376],[-118.23146,34.14375],[-118.23146,34.14402],[-118.23178,34.14403],[-118.23176,34.14484],[-118.23144,34.14483],[-118.23143,34.14537],[-118.2311,34.14537],[-118.23108,34.14618],[-118.23076,34.14617],[-118.23075,34.14672],[-118.23042,34.14671],[-118.23041,34.14725],[-118.23008,34.14724],[-118.23008,34.14752],[-118.2304,34.14752],[-118.23039,34.14806],[-118.23007,34.14806],[-118.23006,34.14833],[-118.22974,34.14832],[-118.22973,34.14859],[-118.22972,34.14886],[-118.23037,34.14887],[-118.23037,34.14914],[-118.23069,34.14915],[-118.23068,34.14969],[-118.23036,34.14968],[-118.23035,34.14995],[-118.23034,34.15022],[-118.23002,34.15022],[-118.23,34.15103],[-118.22935,34.15102],[-118.22934,34.15129],[-118.22934,34.15156],[-118.23064,34.15158],[-118.23129,34.15159],[-118.23128,34.15213],[-118.23225,34.15215],[-118.23225,34.15242],[-118.2329,34.15243],[-118.23289,34.1527],[-118.23322,34.1527],[-118.2332,34.15324],[-118.23353,34.15325],[-118.23352,34.15379],[-118.23384,34.1538],[-118.23383,34.15434],[-118.23416,34.15434],[-118.23415,34.15461],[-118.23448,34.15462],[-118.23448,34.15435],[-118.23513,34.15436],[-118.23514,34.15409],[-118.23546,34.15409],[-118.23546,34.15436],[-118.23611,34.15437],[-118.2361,34.15491],[-118.23675,34.15492],[-118.23675,34.15465],[-118.23708,34.15466],[-118.23707,34.15493],[-118.23772,34.15494],[-118.23772,34.15521],[-118.23804,34.15521],[-118.23803,34.15548],[-118.23771,34.15548],[-118.2377,34.15575],[-118.23803,34.15575],[-118.23802,34.15602],[-118.23835,34.15603],[-118.23834,34.1563],[-118.23867,34.1563],[-118.23866,34.15657],[-118.23899,34.15658],[-118.23897,34.15712],[-118.2393,34.15713],[-118.23929,34.1574],[-118.23962,34.1574],[-118.23959,34.15848],[-118.23927,34.15848],[-118.23926,34.15875],[-118.23959,34.15875],[-118.23958,34.15902],[-118.23926,34.15902],[-118.23925,34.15929],[-118.23958,34.15929],[-118.23956,34.15983],[-118.23924,34.15983],[-118.23923,34.16037],[-118.2389,34.16036],[-118.23889,34.1609],[-118.23856,34.1609],[-118.23856,34.16117],[-118.23888,34.16118],[-118.23885,34.16253],[-118.23853,34.16252],[-118.23852,34.16306],[-118.23949,34.16308],[-118.23949,34.16335],[-118.23981,34.16335],[-118.23981,34.16362],[-118.24013,34.16363],[-118.24014,34.16309],[-118.24047,34.16309],[-118.24047,34.16282],[-118.24112,34.16283],[-118.24113,34.16256],[-118.24211,34.16258],[-118.24211,34.16231],[-118.24309,34.16232],[-118.24309,34.16205],[-118.24407,34.16207],[-118.24408,34.1618],[-118.2444,34.1618],[-118.2444,34.16207],[-118.24472,34.16208],[-118.24472,34.16235],[-118.24537,34.16236],[-118.24536,34.16263],[-118.24634,34.16264],[-118.24634,34.16237],[-118.24699,34.16238],[-118.24699,34.16265],[-118.24796,34.16267],[-118.24795,34.16321],[-118.24893,34.16322],[-118.24891,34.16376],[-118.24924,34.16377],[-118.24925,34.1635],[-118.24957,34.1635],[-118.24957,34.16377],[-118.24989,34.16378],[-118.24989,34.16405],[-118.25054,34.16406],[-118.25053,34.16433],[-118.25281,34.16436],[-118.25281,34.16409],[-118.25314,34.1641],[-118.25313,34.16437],[-118.25378,34.16438],[-118.25378,34.16465],[-118.25443,34.16466],[-118.25442,34.16493],[-118.25475,34.16493],[-118.25475,34.16466],[-118.2554,34.16467],[-118.2554,34.16495],[-118.25605,34.16495],[-118.25606,34.16468],[-118.25801,34.16471],[-118.258,34.16499],[-118.25833,34.16499],[-118.25831,34.16553],[-118.25864,34.16553],[-118.25863,34.16608],[-118.25895,34.16608],[-118.25895,34.16635],[-118.2596,34.16636],[-118.25959,34.16663],[-118.26122,34.16666],[-118.26121,34.16693],[-118.26154,34.16693],[-118.26153,34.1672],[-118.26251,34.16722],[-118.2625,34.16776],[-118.26315,34.16777],[-118.26314,34.16804],[-118.26347,34.16804],[-118.26346,34.16831],[-118.26379,34.16832],[-118.26378,34.16859],[-118.26411,34.16859],[-118.2641,34.16886],[-118.26377,34.16886],[-118.26376,34.1694],[-118.26409,34.1694],[-118.26408,34.16967],[-118.26441,34.16968],[-118.2644,34.16995],[-118.26408,34.16994],[-118.26407,34.17022],[-118.26472,34.17023],[-118.2647,34.17104],[-118.2647,34.17131],[-118.26502,34.17131],[-118.26499,34.17266],[-118.26467,34.17266],[-118.26466,34.1732],[-118.26433,34.17319],[-118.26432,34.17374],[-118.26367,34.17373],[-118.26366,34.174],[-118.26757,34.17406],[-118.26757,34.17379],[-118.2692,34.17381],[-118.2692,34.17354],[-118.27083,34.17356],[-118.27083,34.17383],[-118.27245,34.17386],[-118.27246,34.17359],[-118.27278,34.17359],[-118.27278,34.17386],[-118.2731,34.17387],[-118.2731,34.17414],[-118.27407,34.17415],[-118.27407,34.17442],[-118.27504,34.17444],[-118.27504,34.17471],[-118.27536,34.17471],[-118.27536,34.17498],[-118.27568,34.17499],[-118.27568,34.17526],[-118.276,34.17527],[-118.276,34.17554],[-118.27632,34.17554],[-118.27632,34.17581],[-118.27762,34.17583],[-118.27761,34.1761],[-118.27794,34.1761],[-118.27793,34.17638],[-118.27858,34.17639],[-118.27858,34.17666],[-118.27923,34.17667],[-118.27921,34.17721],[-118.27954,34.17721],[-118.27953,34.17748],[-118.27986,34.17749],[-118.27985,34.17776],[-118.27985,34.17803],[-118.28017,34.17803],[-118.28016,34.17884],[-118.28048,34.17885],[-118.28047,34.17939],[-118.28079,34.17939],[-118.28079,34.17966],[-118.28111,34.17967],[-118.2811,34.18048],[-118.28142,34.18048],[-118.2814,34.18157],[-118.28107,34.18156],[-118.28107,34.18183],[-118.28172,34.18184],[-118.28171,34.18211],[-118.28204,34.18212],[-118.28203,34.18239],[-118.28268,34.1824],[-118.28267,34.18294],[-118.283,34.18294],[-118.28298,34.18348],[-118.28364,34.18349],[-118.28362,34.18431],[-118.28394,34.18431],[-118.28392,34.18512],[-118.28425,34.18512],[-118.28424,34.18567],[-118.28489,34.18568],[-118.28488,34.18595],[-118.28521,34.18595],[-118.2852,34.18649],[-118.2865,34.18651],[-118.28649,34.18678],[-118.28845,34.18681],[-118.28845,34.18654],[-118.28878,34.18655],[-118.28877,34.18682],[-118.29007,34.18684],[-118.29007,34.18711],[-118.29137,34.18713],[-118.29136,34.1874],[-118.29169,34.1874],[-118.29168,34.18767],[-118.29201,34.18768],[-118.292,34.18795],[-118.29265,34.18796],[-118.29264,34.1885],[-118.29297,34.1885],[-118.29296,34.18877],[-118.29329,34.18878],[-118.29327,34.18959],[-118.29359,34.18959],[-118.29359,34.18986],[-118.29391,34.18987],[-118.2939,34.19041],[-118.29423,34.19041],[-118.29421,34.19123],[-118.29454,34.19123],[-118.29454,34.19096],[-118.29682,34.19099],[-118.29683,34.19072],[-118.29715,34.19073],[-118.29716,34.19046],[-118.29878,34.19048],[-118.29878,34.19075],[-118.29976,34.19077],[-118.29975,34.19104],[-118.30138,34.19106],[-118.30137,34.1916],[-118.30267,34.19162],[-118.30265,34.19243],[-118.30362,34.19245],[-118.30361,34.19326],[-118.30393,34.19326],[-118.30392,34.1938],[-118.30425,34.19381],[-118.30424,34.19435],[-118.30521,34.19436],[-118.30521,34.19463],[-118.30651,34.19465],[-118.30649,34.19546],[-118.30682,34.19547],[-118.3068,34.19601],[-118.30713,34.19602],[-118.30713,34.19609],[-118.30679,34.19655],[-118.30646,34.197],[-118.30525,34.19848],[-118.30387,34.19985],[-118.30233,34.2011],[-118.30181,34.20145],[-118.30181,34.20147],[-118.30397,34.20387],[-118.30404,34.20395],[-118.31031,34.21101],[-118.31151,34.21251],[-118.31252,34.2141],[-118.31333,34.21576],[-118.31394,34.21748],[-118.31434,34.21925],[-118.31452,34.22103],[-118.31449,34.22283],[-118.31424,34.22461],[-118.31378,34.22636],[-118.31311,34.22807],[-118.31224,34.22971],[-118.31117,34.23127],[-118.30992,34.23274],[-118.3085,34.2341],[-118.30692,34.23533],[-118.30521,34.23642],[-118.30337,34.23738],[-118.30142,34.23817],[-118.29939,34.2388],[-118.29729,34.23926],[-118.29515,34.23954],[-118.29299,34.23965],[-118.29193,34.23965],[-118.29056,34.23966],[-118.28849,34.23968],[-118.28849,34.24013],[-118.28848,34.24039],[-118.28848,34.24062],[-118.28848,34.24095],[-118.28835,34.24275],[-118.28804,34.24434],[-118.28834,34.24598],[-118.28841,34.24712],[-118.28811,34.24711],[-118.28811,34.24739],[-118.28745,34.24737],[-118.28745,34.24764],[-118.2868,34.24764],[-118.28679,34.24791],[-118.28451,34.24787],[-118.28451,34.24814],[-118.28418,34.24814],[-118.28419,34.24787],[-118.28386,34.24786],[-118.28385,34.24813],[-118.28255,34.24811],[-118.28223,34.24811],[-118.2806,34.24808],[-118.2806,34.24781],[-118.2793,34.24779],[-118.27931,34.24752],[-118.27898,34.24752],[-118.27899,34.24725],[-118.27833,34.24724],[-118.27834,34.24697],[-118.27801,34.24696],[-118.27802,34.24669],[-118.27769,34.24669],[-118.2777,34.24642],[-118.27738,34.24641],[-118.27739,34.24587],[-118.27771,34.24588],[-118.27772,34.24561],[-118.27674,34.24559],[-118.27675,34.24532],[-118.27642,34.24532],[-118.27643,34.24477],[-118.27611,34.24477],[-118.27617,34.24207],[-118.27649,34.24207],[-118.2765,34.2418],[-118.27651,34.24153],[-118.27683,34.24154],[-118.27684,34.24127],[-118.27716,34.24127],[-118.27717,34.241],[-118.27717,34.24073],[-118.2775,34.24074],[-118.27751,34.24046],[-118.27783,34.24047],[-118.27784,34.2402],[-118.27751,34.24019],[-118.27752,34.23992],[-118.27687,34.23991],[-118.27686,34.24018],[-118.27621,34.24017],[-118.2762,34.24072],[-118.27587,34.24071],[-118.27587,34.24098],[-118.27521,34.24097],[-118.27522,34.2407],[-118.27424,34.24069],[-118.27424,34.24096],[-118.27391,34.24095],[-118.27392,34.24068],[-118.27294,34.24067],[-118.27295,34.2404],[-118.27099,34.24037],[-118.271,34.2401],[-118.27067,34.24009],[-118.27068,34.23982],[-118.27003,34.23981],[-118.27003,34.23954],[-118.26971,34.23953],[-118.26973,34.23845],[-118.26941,34.23845],[-118.26942,34.23791],[-118.26909,34.2379],[-118.2691,34.23763],[-118.26877,34.23763],[-118.26878,34.23709],[-118.26846,34.23708],[-118.26848,34.23627],[-118.26815,34.23627],[-118.26816,34.236],[-118.26848,34.236],[-118.26849,34.23546],[-118.26882,34.23546],[-118.26883,34.23519],[-118.2685,34.23519],[-118.26851,34.23465],[-118.26688,34.23463],[-118.26689,34.23435],[-118.26624,34.23434],[-118.26624,34.23407],[-118.26657,34.23408],[-118.26658,34.23381],[-118.26625,34.2338],[-118.26592,34.2338],[-118.26593,34.23353],[-118.2656,34.23352],[-118.26562,34.23298],[-118.26529,34.23298],[-118.2653,34.23271],[-118.26497,34.2327],[-118.26498,34.23243],[-118.26465,34.23243],[-118.26467,34.23162],[-118.26434,34.23161],[-118.26435,34.23134],[-118.26403,34.23134],[-118.26403,34.23107],[-118.26305,34.23105],[-118.26306,34.23078],[-118.26208,34.23076],[-118.26209,34.23049],[-118.26176,34.23049],[-118.26177,34.23022],[-118.26112,34.23021],[-118.26112,34.22994],[-118.26047,34.22993],[-118.26048,34.22966],[-118.26015,34.22965],[-118.26017,34.22884],[-118.25984,34.22884],[-118.25985,34.22857],[-118.26018,34.22857],[-118.26019,34.22803],[-118.25986,34.22803],[-118.25987,34.22776],[-118.25857,34.22774],[-118.25857,34.22747],[-118.25792,34.22746],[-118.25793,34.22719],[-118.2576,34.22718],[-118.25761,34.22691],[-118.25728,34.22691],[-118.25729,34.22664],[-118.25696,34.22663],[-118.25697,34.22636],[-118.25664,34.22636],[-118.25567,34.22634],[-118.25567,34.22607],[-118.25502,34.22606],[-118.25503,34.22579],[-118.25438,34.22578],[-118.25438,34.22551],[-118.25373,34.2255],[-118.25374,34.22523],[-118.25341,34.22522],[-118.25343,34.22441],[-118.25213,34.22439],[-118.25213,34.22412],[-118.25181,34.22412],[-118.25182,34.22358],[-118.25149,34.22357],[-118.25152,34.22249],[-118.25119,34.22249],[-118.2512,34.22222],[-118.25055,34.22221],[-118.25056,34.22167],[-118.25023,34.22166],[-118.25023,34.22193],[-118.2499,34.22192],[-118.24991,34.22138],[-118.24959,34.22138],[-118.24959,34.22111],[-118.24927,34.2211],[-118.24927,34.22083],[-118.24895,34.22083],[-118.24895,34.22056],[-118.24863,34.22055],[-118.24864,34.22001],[-118.24832,34.22001],[-118.24833,34.2192],[-118.24801,34.21919],[-118.24801,34.21892],[-118.24769,34.21892],[-118.2477,34.21838],[-118.24771,34.21811],[-118.24772,34.21757],[-118.24804,34.21757],[-118.24806,34.21703],[-118.24773,34.21702],[-118.24774,34.21675],[-118.24676,34.21674],[-118.24677,34.21647],[-118.24612,34.21646],[-118.24612,34.21619],[-118.24514,34.21617],[-118.24516,34.21563],[-118.24451,34.21562],[-118.24452,34.21508],[-118.24419,34.21508],[-118.2442,34.21481],[-118.24387,34.2148],[-118.24388,34.21453],[-118.24323,34.21452],[-118.24324,34.21398],[-118.24291,34.21397],[-118.24293,34.21343],[-118.2426,34.21343],[-118.24261,34.21316],[-118.24228,34.21315],[-118.24229,34.21288],[-118.24196,34.21288],[-118.24197,34.21261],[-118.24132,34.2126],[-118.24132,34.21233],[-118.241,34.21232],[-118.241,34.21205],[-118.24068,34.21205],[-118.24068,34.21178],[-118.24036,34.21177],[-118.24036,34.2115],[-118.24004,34.2115],[-118.24004,34.21123],[-118.23972,34.21122],[-118.23973,34.21068],[-118.23941,34.21068],[-118.23941,34.21041],[-118.23909,34.2104],[-118.23909,34.21013],[-118.23877,34.21012],[-118.23881,34.20823],[-118.23848,34.20823],[-118.23849,34.20796],[-118.23816,34.20795],[-118.23817,34.20768],[-118.23784,34.20768],[-118.23785,34.20741],[-118.23752,34.2074],[-118.23753,34.20713],[-118.23721,34.20713],[-118.23722,34.20658],[-118.23689,34.20658],[-118.2369,34.20631],[-118.23657,34.20631],[-118.23658,34.20603],[-118.2369,34.20604],[-118.23692,34.2055],[-118.23659,34.20549],[-118.2366,34.20522],[-118.23627,34.20522],[-118.23628,34.20495],[-118.2366,34.20495],[-118.23661,34.20468],[-118.23693,34.20469],[-118.23694,34.20442],[-118.23661,34.20441],[-118.23662,34.20414],[-118.23695,34.20415],[-118.23695,34.20388],[-118.23663,34.20387],[-118.23663,34.2036],[-118.23696,34.20361],[-118.23697,34.20307],[-118.23664,34.20306],[-118.23667,34.20198],[-118.23602,34.20197],[-118.23603,34.20143],[-118.23636,34.20143],[-118.23636,34.20116],[-118.23604,34.20116],[-118.23607,34.19954],[-118.23608,34.19927],[-118.23575,34.19926],[-118.23576,34.19899],[-118.23543,34.19899],[-118.23543,34.19926],[-118.2351,34.19925],[-118.23511,34.19898],[-118.23478,34.19897],[-118.23446,34.19897],[-118.23446,34.1987],[-118.23414,34.1987],[-118.23414,34.19842],[-118.23382,34.19842],[-118.23349,34.19841],[-118.2335,34.19814],[-118.2335,34.19787],[-118.23318,34.19787],[-118.23319,34.1976],[-118.2332,34.19706],[-118.23287,34.19705],[-118.23288,34.19678],[-118.23255,34.19678],[-118.23256,34.19651],[-118.23288,34.19651],[-118.23289,34.19624],[-118.23291,34.19543],[-118.23258,34.19543],[-118.23259,34.19515],[-118.23226,34.19515],[-118.23227,34.19488],[-118.23194,34.19488],[-118.23195,34.1946],[-118.23162,34.1946],[-118.23163,34.19433],[-118.23098,34.19432],[-118.23099,34.19405],[-118.23066,34.19404],[-118.23064,34.19512],[-118.23031,34.19512],[-118.2303,34.19566],[-118.23062,34.19566],[-118.23062,34.19594],[-118.23029,34.19593],[-118.23029,34.1962],[-118.23061,34.19621],[-118.23061,34.19648],[-118.23028,34.19647],[-118.23027,34.19674],[-118.23026,34.19728],[-118.22994,34.19728],[-118.22987,34.20025],[-118.22954,34.20025],[-118.22951,34.20187],[-118.22918,34.20186],[-118.22917,34.2024],[-118.22885,34.2024],[-118.22884,34.20267],[-118.22851,34.20266],[-118.22851,34.20293],[-118.22818,34.20293],[-118.22817,34.20347],[-118.22784,34.20347],[-118.22784,34.20374],[-118.22719,34.20373],[-118.22718,34.204],[-118.22686,34.20399],[-118.22685,34.20426],[-118.22652,34.20426],[-118.22652,34.20453],[-118.22619,34.20452],[-118.22619,34.20479],[-118.22586,34.20479],[-118.22585,34.20506],[-118.22553,34.20505],[-118.22551,34.20586],[-118.22584,34.20587],[-118.2258,34.20749],[-118.22612,34.2075],[-118.22611,34.20831],[-118.22578,34.2083],[-118.22577,34.20857],[-118.2261,34.20858],[-118.22609,34.20912],[-118.22641,34.20912],[-118.2264,34.20993],[-118.22672,34.20994],[-118.22671,34.21021],[-118.22737,34.21022],[-118.22736,34.21049],[-118.22801,34.2105],[-118.228,34.21077],[-118.22833,34.21077],[-118.22831,34.21159],[-118.22799,34.21158],[-118.22798,34.21212],[-118.2283,34.21213],[-118.22829,34.2124],[-118.22797,34.21239],[-118.22796,34.21266],[-118.22829,34.21267],[-118.22828,34.21294],[-118.22861,34.21294],[-118.22859,34.21375],[-118.22924,34.21376],[-118.22923,34.21431],[-118.22955,34.21431],[-118.22955,34.21458],[-118.22987,34.21458],[-118.22988,34.21431],[-118.2302,34.21432],[-118.2302,34.21459],[-118.23052,34.2146],[-118.23052,34.21487],[-118.23117,34.21488],[-118.23116,34.21515],[-118.23214,34.21516],[-118.23213,34.21543],[-118.23279,34.21544],[-118.23278,34.21571],[-118.2331,34.21572],[-118.2331,34.21599],[-118.23342,34.21599],[-118.23342,34.21626],[-118.23407,34.21627],[-118.23406,34.21681],[-118.23438,34.21682],[-118.23436,34.21763],[-118.23469,34.21764],[-118.23468,34.21791],[-118.23501,34.21791],[-118.23499,34.21872],[-118.23467,34.21872],[-118.23465,34.21953],[-118.23432,34.21952],[-118.23432,34.21979],[-118.23399,34.21979],[-118.23398,34.22006],[-118.23366,34.22005],[-118.23365,34.22059],[-118.23527,34.22062],[-118.23527,34.22089],[-118.23559,34.22089],[-118.23559,34.22116],[-118.23656,34.22118],[-118.23655,34.22172],[-118.23688,34.22172],[-118.23687,34.22199],[-118.2372,34.222],[-118.23718,34.22281],[-118.2375,34.22282],[-118.23749,34.22336],[-118.23782,34.22336],[-118.23781,34.2239],[-118.23813,34.22391],[-118.23813,34.22418],[-118.2391,34.22419],[-118.2391,34.22446],[-118.23975,34.22447],[-118.23974,34.22474],[-118.24007,34.22475],[-118.24006,34.22502],[-118.24071,34.22503],[-118.24071,34.2253],[-118.24103,34.2253],[-118.24103,34.22557],[-118.24168,34.22559],[-118.24167,34.22586],[-118.24265,34.22587],[-118.24264,34.22614],[-118.24297,34.22615],[-118.24296,34.22642],[-118.24329,34.22642],[-118.24327,34.22696],[-118.2436,34.22697],[-118.24359,34.22751],[-118.24391,34.22751],[-118.2439,34.22805],[-118.24423,34.22806],[-118.24421,34.22887],[-118.24453,34.22887],[-118.24452,34.22969],[-118.24484,34.22969],[-118.24481,34.23131],[-118.24513,34.23132],[-118.24509,34.23321],[-118.24542,34.23322],[-118.24541,34.23349],[-118.24606,34.23349],[-118.24605,34.23377],[-118.24638,34.23377],[-118.24638,34.23404],[-118.248,34.23407],[-118.248,34.23434],[-118.24832,34.23434],[-118.24832,34.23461],[-118.24864,34.23462],[-118.24863,34.23516],[-118.24928,34.23517],[-118.24927,34.23544],[-118.24993,34.23545],[-118.24992,34.23572],[-118.25057,34.23573],[-118.25057,34.236],[-118.25122,34.23601],[-118.25121,34.23628],[-118.25154,34.23628],[-118.25152,34.23709],[-118.25184,34.2371],[-118.25184,34.23737],[-118.25216,34.23738],[-118.25215,34.23792],[-118.25248,34.23792],[-118.25247,34.23819],[-118.25215,34.23819],[-118.25212,34.23954],[-118.25277,34.23955],[-118.25274,34.2409],[-118.25241,34.24089],[-118.25241,34.24117],[-118.25273,34.24117],[-118.25306,34.24117],[-118.25305,34.24144],[-118.25403,34.24146],[-118.25402,34.24173],[-118.25467,34.24174],[-118.25467,34.24201],[-118.25597,34.24203],[-118.25596,34.2423],[-118.25629,34.24231],[-118.25628,34.24285],[-118.2566,34.24285],[-118.2566,34.24312],[-118.25692,34.24313],[-118.25692,34.2434],[-118.25724,34.2434],[-118.25723,34.24421],[-118.25755,34.24422],[-118.25754,34.24476],[-118.25917,34.24478],[-118.25916,34.24505],[-118.26014,34.24507],[-118.26013,34.24534],[-118.26144,34.24536],[-118.26143,34.24563],[-118.26175,34.24563],[-118.26175,34.24591],[-118.26273,34.24592],[-118.26272,34.24619],[-118.26305,34.2462],[-118.26304,34.24647],[-118.26336,34.24647],[-118.26337,34.2462],[-118.26402,34.24621],[-118.26402,34.24648],[-118.26499,34.2465],[-118.265,34.24623],[-118.26533,34.24623],[-118.26532,34.2465],[-118.26565,34.2465],[-118.26564,34.24677],[-118.26596,34.24678],[-118.26597,34.24651],[-118.26695,34.24652],[-118.26694,34.24679],[-118.26727,34.2468],[-118.26726,34.24707],[-118.26987,34.24711],[-118.26986,34.24738],[-118.27019,34.24739],[-118.27018,34.24766],[-118.27116,34.24767],[-118.27115,34.24794],[-118.27148,34.24795],[-118.27147,34.24822],[-118.27212,34.24823],[-118.27212,34.2485],[-118.27342,34.24852],[-118.27341,34.24879],[-118.27374,34.24879],[-118.27373,34.24906],[-118.27406,34.24907],[-118.27405,34.24961],[-118.27437,34.24961],[-118.27437,34.24988],[-118.276,34.24991],[-118.27599,34.25018],[-118.27729,34.2502],[-118.27729,34.25047],[-118.27826,34.25048],[-118.27826,34.25075],[-118.27858,34.25076],[-118.27858,34.25103],[-118.2789,34.25103],[-118.2789,34.2513],[-118.27922,34.25131],[-118.27922,34.25158],[-118.27954,34.25158],[-118.27954,34.25185],[-118.27986,34.25186],[-118.27985,34.2524],[-118.2805,34.25241],[-118.2805,34.25268],[-118.28082,34.25268],[-118.28082,34.25295],[-118.28114,34.25296],[-118.28113,34.2535],[-118.28146,34.2535],[-118.28144,34.25432],[-118.28176,34.25432],[-118.28176,34.25459],[-118.28208,34.2546],[-118.28207,34.25514],[-118.2824,34.25514],[-118.28238,34.25595],[-118.28271,34.25596],[-118.28268,34.25731],[-118.28333,34.25732],[-118.28332,34.25786],[-118.28397,34.25787],[-118.28396,34.25814],[-118.28429,34.25814],[-118.28428,34.25841],[-118.28526,34.25843],[-118.28525,34.25897],[-118.28557,34.25897],[-118.28557,34.25924],[-118.28582,34.25925],[-118.28554,34.25971],[-118.28439,34.2612],[-118.28356,34.26207],[-118.2832,34.26255],[-118.28191,34.26395],[-118.28064,34.26508],[-118.28064,34.2647],[-118.28063,34.26416],[-118.28063,34.26373],[-118.28063,34.2637],[-118.28041,34.2637],[-118.27847,34.26371],[-118.27846,34.26371],[-118.27846,34.2636],[-118.27846,34.26328],[-118.27846,34.2628],[-118.27845,34.2618],[-118.27845,34.26172],[-118.27845,34.26138],[-118.27845,34.26119],[-118.27845,34.26114],[-118.27845,34.26088],[-118.27845,34.26066],[-118.27845,34.26044],[-118.27845,34.26021],[-118.27845,34.26014],[-118.27844,34.25994],[-118.27822,34.25994],[-118.27765,34.25993],[-118.2776,34.25993],[-118.27756,34.25993],[-118.27745,34.25993],[-118.27734,34.25993],[-118.27732,34.25993],[-118.27708,34.25992],[-118.27664,34.25992],[-118.27531,34.2599],[-118.27488,34.2599],[-118.27418,34.25989],[-118.27409,34.25989],[-118.27408,34.25989],[-118.27409,34.26111],[-118.27409,34.26171],[-118.27409,34.26174],[-118.27409,34.26177],[-118.27409,34.26212],[-118.2741,34.2634],[-118.27412,34.26729],[-118.27391,34.26728],[-118.27366,34.26728],[-118.2735,34.26728],[-118.27008,34.26724],[-118.26969,34.26723],[-118.26543,34.26717],[-118.26543,34.26731],[-118.26543,34.26732],[-118.2631,34.26729],[-118.26266,34.26729],[-118.26224,34.26729],[-118.26205,34.26728],[-118.26106,34.26727],[-118.26106,34.26694],[-118.26106,34.26691],[-118.26106,34.26657],[-118.26105,34.26632],[-118.26105,34.26579],[-118.26105,34.26568],[-118.26103,34.26357],[-118.26398,34.2636],[-118.26537,34.26361],[-118.26537,34.26354],[-118.26537,34.26349],[-118.26538,34.26349],[-118.26748,34.26352],[-118.26748,34.2626],[-118.26749,34.25984],[-118.26748,34.25984],[-118.26705,34.25983],[-118.26531,34.25981],[-118.26531,34.25925],[-118.2653,34.25817],[-118.2653,34.25771],[-118.2653,34.25741],[-118.2653,34.25729],[-118.2653,34.25709],[-118.26529,34.25692],[-118.26529,34.2558],[-118.26529,34.25558],[-118.26529,34.25544],[-118.26529,34.25539],[-118.26529,34.25538],[-118.26529,34.25519],[-118.26528,34.25492],[-118.26528,34.25484],[-118.26528,34.25436],[-118.26528,34.25429],[-118.26528,34.25411],[-118.26528,34.25403],[-118.26528,34.25394],[-118.26528,34.2539],[-118.26528,34.25386],[-118.26528,34.25378],[-118.26528,34.2537],[-118.26528,34.25361],[-118.26528,34.25353],[-118.26528,34.25349],[-118.26528,34.25345],[-118.26528,34.25337],[-118.26528,34.25321],[-118.26528,34.25314],[-118.26528,34.25304],[-118.26528,34.25288],[-118.26528,34.25271],[-118.26528,34.25256],[-118.26528,34.25255],[-118.26528,34.25251],[-118.26528,34.25238],[-118.26527,34.25238],[-118.26397,34.25236],[-118.2618,34.25234],[-118.26178,34.25234],[-118.26176,34.25234],[-118.26172,34.25234],[-118.26089,34.25233],[-118.26085,34.25233],[-118.26042,34.25231],[-118.2599,34.25231],[-118.25984,34.25231],[-118.25973,34.2523],[-118.25855,34.25229],[-118.25853,34.25229],[-118.2584,34.25229],[-118.25836,34.25229],[-118.25727,34.25227],[-118.25697,34.25227],[-118.25695,34.25227],[-118.25693,34.25227],[-118.2569,34.25227],[-118.25651,34.25227],[-118.25651,34.25232],[-118.25651,34.25236],[-118.25651,34.25243],[-118.25651,34.25263],[-118.25651,34.25289],[-118.25652,34.25324],[-118.2566,34.25969],[-118.2566,34.25974],[-118.25661,34.26072],[-118.25669,34.26723],[-118.25662,34.26723],[-118.25311,34.2672],[-118.25049,34.26718],[-118.2476,34.26715],[-118.24488,34.26712],[-118.24331,34.26711],[-118.2385,34.26706],[-118.2385,34.26702],[-118.23855,34.26393],[-118.23863,34.25966],[-118.23875,34.25234],[-118.23875,34.25227],[-118.23875,34.25226],[-118.23969,34.25226],[-118.24333,34.25231],[-118.24334,34.25231],[-118.24338,34.25231],[-118.24342,34.24873],[-118.24343,34.24807],[-118.24344,34.24678],[-118.24344,34.24667],[-118.24331,34.24664],[-118.2433,34.24664],[-118.24329,34.24664],[-118.24328,34.24664],[-118.24327,34.24664],[-118.24326,34.24664],[-118.24325,34.24664],[-118.24324,34.24664],[-118.24323,34.24664],[-118.24322,34.24664],[-118.24322,34.24663],[-118.24321,34.24663],[-118.2432,34.24663],[-118.24319,34.24663],[-118.24319,34.24662],[-118.24318,34.24662],[-118.24273,34.24635],[-118.24221,34.24676],[-118.24218,34.24675],[-118.24216,34.24675],[-118.24216,34.24676],[-118.24216,34.24677],[-118.24215,34.24677],[-118.24215,34.24678],[-118.24215,34.24679],[-118.24214,34.2468],[-118.24214,34.24681],[-118.24213,34.24681],[-118.24213,34.24682],[-118.24212,34.24682],[-118.24212,34.24683],[-118.24211,34.24683],[-118.2421,34.24683],[-118.2421,34.24684],[-118.24209,34.24684],[-118.24197,34.24714],[-118.24159,34.24704],[-118.24148,34.24699],[-118.24131,34.24691],[-118.2413,34.24691],[-118.24113,34.24676],[-118.24098,34.24661],[-118.24096,34.24659],[-118.24082,34.24647],[-118.24081,34.24647],[-118.24059,34.24632],[-118.2402,34.24608],[-118.23964,34.24668],[-118.2396,34.24668],[-118.23959,34.2467],[-118.23958,34.24672],[-118.23957,34.24674],[-118.23956,34.24676],[-118.23956,34.24678],[-118.23955,34.2468],[-118.23954,34.24682],[-118.23953,34.24683],[-118.23951,34.24685],[-118.2395,34.24687],[-118.23949,34.24689],[-118.23948,34.24691],[-118.23947,34.24692],[-118.23946,34.24694],[-118.23944,34.24696],[-118.23943,34.24698],[-118.23942,34.24699],[-118.2394,34.24701],[-118.23939,34.24703],[-118.23937,34.24704],[-118.23936,34.24706],[-118.23934,34.24707],[-118.23933,34.24709],[-118.23931,34.2471],[-118.23929,34.24712],[-118.23928,34.24714],[-118.23926,34.24715],[-118.23924,34.24716],[-118.23923,34.24718],[-118.23921,34.24719],[-118.23919,34.24721],[-118.23917,34.24722],[-118.23915,34.24723],[-118.23913,34.24724],[-118.23911,34.24726],[-118.2391,34.24727],[-118.23908,34.24728],[-118.23907,34.24728],[-118.23906,34.24729],[-118.23904,34.2473],[-118.23901,34.24732],[-118.23899,34.24733],[-118.23897,34.24734],[-118.23895,34.24735],[-118.23893,34.24736],[-118.23891,34.24737],[-118.23889,34.24738],[-118.23887,34.24739],[-118.23886,34.24739],[-118.23885,34.24739],[-118.23884,34.24739],[-118.23883,34.2474],[-118.23882,34.2474],[-118.23881,34.2474],[-118.23881,34.24741],[-118.2388,34.24741],[-118.23879,34.24741],[-118.23878,34.24741],[-118.23877,34.24741],[-118.23876,34.24741],[-118.23875,34.24742],[-118.23874,34.24742],[-118.23873,34.24742],[-118.23872,34.24742],[-118.23871,34.24742],[-118.2387,34.24742],[-118.23869,34.24742],[-118.23868,34.24742],[-118.23867,34.24742],[-118.23866,34.24742],[-118.23865,34.24742],[-118.23864,34.24742],[-118.23863,34.24742],[-118.23862,34.24742],[-118.23861,34.24742],[-118.2386,34.24742],[-118.23859,34.24742],[-118.23859,34.24741],[-118.23859,34.2474],[-118.2386,34.2474],[-118.2386,34.24739],[-118.2386,34.24738],[-118.2386,34.24737],[-118.2386,34.24736],[-118.23861,34.24735],[-118.23861,34.24734],[-118.23861,34.24733],[-118.23862,34.24732],[-118.23862,34.24731],[-118.23863,34.2473],[-118.23863,34.24729],[-118.23864,34.24728],[-118.23865,34.24727],[-118.23865,34.24726],[-118.23855,34.2472],[-118.23849,34.24716],[-118.23831,34.24705],[-118.23833,34.24698],[-118.23835,34.2469],[-118.23827,34.24687],[-118.23758,34.24656],[-118.23761,34.24645],[-118.23722,34.24638],[-118.23714,34.24636],[-118.23702,34.24634],[-118.23685,34.2463],[-118.23682,34.24568],[-118.23648,34.24554],[-118.23663,34.24527],[-118.23679,34.24527],[-118.23701,34.24529],[-118.23702,34.24512],[-118.23701,34.24507],[-118.23684,34.24489],[-118.2367,34.24479],[-118.23651,34.24464],[-118.23629,34.24454],[-118.23585,34.24438],[-118.23536,34.24412],[-118.23509,34.24402],[-118.23499,34.24393],[-118.23485,34.24382],[-118.23478,34.24368],[-118.23477,34.24347],[-118.23478,34.24311],[-118.23484,34.24283],[-118.23503,34.24238],[-118.23536,34.24188],[-118.23549,34.24164],[-118.2355,34.24148],[-118.23545,34.24138],[-118.23531,34.24117],[-118.2352,34.24092],[-118.23519,34.24075],[-118.23521,34.24044],[-118.23521,34.24031],[-118.23529,34.24007],[-118.23525,34.24007],[-118.23528,34.23997],[-118.23511,34.23987],[-118.23488,34.23982],[-118.23488,34.2398],[-118.23466,34.23975],[-118.23483,34.23961],[-118.23475,34.23962],[-118.23474,34.23954],[-118.23478,34.23945],[-118.23468,34.23939],[-118.23483,34.23922],[-118.23486,34.23921],[-118.23488,34.2392],[-118.23487,34.23918],[-118.23486,34.23915],[-118.23492,34.23911],[-118.23496,34.23911],[-118.23503,34.23914],[-118.23509,34.23916],[-118.23509,34.23889],[-118.23514,34.23889],[-118.23515,34.23889],[-118.23523,34.23889],[-118.23527,34.23881],[-118.23542,34.23881],[-118.23537,34.23889],[-118.23544,34.23885],[-118.23557,34.23878],[-118.23562,34.23879],[-118.23563,34.23879],[-118.23561,34.23863],[-118.23555,34.23833],[-118.23547,34.23813],[-118.23534,34.23784],[-118.23518,34.23755],[-118.23504,34.23722],[-118.23478,34.23722],[-118.23475,34.23725],[-118.23469,34.23729],[-118.23469,34.23758],[-118.23458,34.23758],[-118.23446,34.23758],[-118.23435,34.23758],[-118.23426,34.23758],[-118.23421,34.2376],[-118.23388,34.2376],[-118.23388,34.23773],[-118.2333,34.23801],[-118.2332,34.23806],[-118.23317,34.23807],[-118.23306,34.23811],[-118.23267,34.23829],[-118.23266,34.23829],[-118.23263,34.23831],[-118.23238,34.23842],[-118.23217,34.23851],[-118.2321,34.23854],[-118.23188,34.23854],[-118.23145,34.23854],[-118.23123,34.23854],[-118.23121,34.23853],[-118.23122,34.23769],[-118.23054,34.23771],[-118.23054,34.23761],[-118.23011,34.2376],[-118.23011,34.23854],[-118.23007,34.23854],[-118.23002,34.23854],[-118.22998,34.23855],[-118.22998,34.23865],[-118.22998,34.23866],[-118.22998,34.23874],[-118.22998,34.2388],[-118.22998,34.23884],[-118.22998,34.23894],[-118.22998,34.23895],[-118.22998,34.23903],[-118.22998,34.23911],[-118.22998,34.23913],[-118.22998,34.23922],[-118.22998,34.23926],[-118.22998,34.23932],[-118.22998,34.23942],[-118.22998,34.23951],[-118.22998,34.23953],[-118.22983,34.23962],[-118.22948,34.23951],[-118.22931,34.23945],[-118.22888,34.23932],[-118.22884,34.23942],[-118.22867,34.23981],[-118.22869,34.24013],[-118.22871,34.24036],[-118.22866,34.24075],[-118.22864,34.24077],[-118.22855,34.24091],[-118.22849,34.24108],[-118.22844,34.24112],[-118.22835,34.2412],[-118.22834,34.24121],[-118.22822,34.24156],[-118.22821,34.24158],[-118.22795,34.24187],[-118.22809,34.24201],[-118.22816,34.24208],[-118.22808,34.24224],[-118.22799,34.24242],[-118.22795,34.24251],[-118.2281,34.24263],[-118.22826,34.24277],[-118.22727,34.24284],[-118.22715,34.24275],[-118.22716,34.24293],[-118.22708,34.243],[-118.22704,34.24303],[-118.22698,34.24332],[-118.22697,34.24341],[-118.22695,34.24349],[-118.22691,34.24367],[-118.2268,34.24376],[-118.22668,34.24385],[-118.22656,34.24395],[-118.22644,34.24404],[-118.22632,34.24414],[-118.22614,34.24429],[-118.22599,34.24429],[-118.22588,34.24429],[-118.22572,34.24429],[-118.22554,34.24429],[-118.22538,34.24428],[-118.22522,34.24428],[-118.22505,34.24428],[-118.22489,34.24428],[-118.22428,34.24466],[-118.2244,34.24479],[-118.2245,34.2449],[-118.22458,34.24498],[-118.2246,34.24501],[-118.22469,34.24511],[-118.22472,34.24513],[-118.22476,34.24527],[-118.22481,34.24542],[-118.22499,34.246],[-118.22491,34.24609],[-118.2249,34.24609],[-118.22488,34.24608],[-118.22487,34.24608],[-118.22486,34.24607],[-118.22485,34.24607],[-118.22483,34.24606],[-118.22482,34.24606],[-118.22481,34.24606],[-118.22481,34.24605],[-118.2248,34.24605],[-118.22479,34.24605],[-118.22478,34.24604],[-118.22477,34.24604],[-118.22476,34.24603],[-118.22475,34.24603],[-118.22474,34.24602],[-118.22473,34.24602],[-118.22472,34.24601],[-118.22471,34.24601],[-118.2247,34.246],[-118.22469,34.246],[-118.22468,34.24599],[-118.22458,34.24595],[-118.22451,34.24592],[-118.2245,34.24592],[-118.22449,34.24592],[-118.22448,34.24592],[-118.22447,34.24593],[-118.22446,34.24592],[-118.22445,34.24592],[-118.22444,34.24592],[-118.22443,34.24592],[-118.22442,34.24592],[-118.22441,34.24592],[-118.2244,34.24592],[-118.22439,34.24592],[-118.22438,34.24591],[-118.22437,34.24591],[-118.22436,34.24591],[-118.22435,34.24591],[-118.22435,34.2459],[-118.22434,34.2459],[-118.22433,34.2459],[-118.22432,34.24589],[-118.22431,34.24589],[-118.2243,34.24588],[-118.22429,34.24588],[-118.22429,34.24587],[-118.22428,34.24587],[-118.22427,34.24586],[-118.22426,34.24586],[-118.22426,34.24585],[-118.22425,34.24585],[-118.22424,34.24584],[-118.22424,34.24583],[-118.22423,34.24583],[-118.22422,34.24582],[-118.22422,34.24581],[-118.22421,34.24581],[-118.22421,34.2458],[-118.2242,34.2458],[-118.2242,34.24579],[-118.2242,34.24578],[-118.22419,34.24578],[-118.22419,34.24577],[-118.22419,34.24576],[-118.22418,34.24576],[-118.22418,34.24575],[-118.22418,34.24574],[-118.22418,34.24573],[-118.22417,34.24573],[-118.22417,34.24572],[-118.22417,34.24571],[-118.22417,34.2457],[-118.22417,34.24569],[-118.22417,34.24568],[-118.22416,34.24568],[-118.22416,34.24567],[-118.22417,34.24566],[-118.22417,34.24565],[-118.22417,34.24564],[-118.22417,34.24563],[-118.22417,34.24562],[-118.22418,34.24561],[-118.22418,34.2456],[-118.22418,34.24559],[-118.22419,34.24559],[-118.22419,34.24558],[-118.22419,34.24557],[-118.2242,34.24556],[-118.22416,34.24545],[-118.22414,34.2454],[-118.22413,34.24534],[-118.22412,34.24533],[-118.22409,34.24523],[-118.22407,34.24518],[-118.22404,34.24508],[-118.22402,34.24504],[-118.22402,34.24502],[-118.22401,34.245],[-118.22397,34.24487],[-118.22396,34.24486],[-118.22394,34.2448],[-118.22393,34.24477],[-118.22392,34.24473],[-118.22387,34.24468],[-118.22382,34.24464],[-118.22375,34.24459],[-118.22361,34.24446],[-118.22359,34.24445],[-118.22339,34.24428],[-118.22332,34.24423],[-118.22329,34.24415],[-118.22326,34.24409],[-118.22323,34.24401],[-118.2232,34.24394],[-118.22316,34.24387],[-118.22313,34.24379],[-118.2231,34.24373],[-118.22309,34.2437],[-118.22307,34.24367],[-118.22308,34.24367],[-118.22312,34.2436],[-118.22321,34.24347],[-118.2233,34.24333],[-118.2233,34.24332],[-118.22352,34.24297],[-118.22352,34.24296],[-118.22395,34.24194],[-118.22323,34.24195],[-118.22275,34.24274],[-118.22274,34.24274],[-118.22231,34.24274],[-118.22227,34.24274],[-118.2217,34.24274],[-118.22169,34.24274],[-118.22172,34.24194],[-118.22172,34.2418],[-118.22174,34.24128],[-118.22174,34.24122],[-118.22174,34.24117],[-118.22175,34.24108],[-118.22212,34.24068],[-118.22357,34.23939],[-118.22362,34.23935],[-118.22435,34.2381],[-118.22543,34.23662],[-118.22669,34.23522],[-118.22675,34.23516],[-118.22689,34.235],[-118.2269,34.23398],[-118.22691,34.2322],[-118.22691,34.23214],[-118.22654,34.23192],[-118.22607,34.23161],[-118.2245,34.23049],[-118.22307,34.22926],[-118.22179,34.22791],[-118.22139,34.2274],[-118.22119,34.22722],[-118.2198,34.22576],[-118.21971,34.22564],[-118.21828,34.22432],[-118.21818,34.2242],[-118.21816,34.2242],[-118.21776,34.22426],[-118.2156,34.2244],[-118.21344,34.22436],[-118.21129,34.22414],[-118.20918,34.22375],[-118.20713,34.22318],[-118.20515,34.22245],[-118.20327,34.22156],[-118.20151,34.22053],[-118.19988,34.21935],[-118.1984,34.21804],[-118.19709,34.21662],[-118.19595,34.2151],[-118.195,34.21349],[-118.19425,34.21181],[-118.19371,34.21008],[-118.19338,34.20831],[-118.19325,34.20652],[-118.19325,34.20586],[-118.19323,34.20557],[-118.19324,34.20541],[-118.19324,34.20538],[-118.19324,34.20475],[-118.19325,34.20383],[-118.19226,34.20304],[-118.19088,34.20172],[-118.18967,34.20029],[-118.18863,34.19876],[-118.18826,34.19808],[-118.18749,34.19797],[-118.18633,34.1977],[-118.18603,34.19763],[-118.18581,34.19759],[-118.18545,34.19751],[-118.1834,34.19699],[-118.18142,34.1963],[-118.17953,34.19545],[-118.17775,34.19445],[-118.17758,34.19434],[-118.17758,34.19429],[-118.17824,34.1943]],[[-118.20392,34.13899],[-118.20391,34.13926],[-118.20489,34.13928],[-118.20488,34.13955],[-118.2052,34.13955],[-118.20521,34.13928],[-118.20586,34.13929],[-118.20587,34.13902],[-118.20619,34.13903],[-118.20619,34.1393],[-118.20651,34.1393],[-118.20652,34.13903],[-118.20749,34.13905],[-118.2075,34.13878],[-118.20815,34.13879],[-118.20814,34.13906],[-118.20879,34.13907],[-118.20977,34.13909],[-118.20978,34.13881],[-118.2114,34.13884],[-118.2114,34.13911],[-118.21205,34.13912],[-118.21237,34.13913],[-118.21237,34.1394],[-118.21269,34.1394],[-118.21302,34.13941],[-118.21302,34.13914],[-118.21335,34.13914],[-118.21335,34.13887],[-118.21433,34.13889],[-118.21432,34.13916],[-118.2153,34.13917],[-118.21529,34.13944],[-118.21594,34.13945],[-118.21595,34.13918],[-118.21562,34.13918],[-118.21563,34.13891],[-118.21531,34.1389],[-118.21531,34.13863],[-118.21499,34.13863],[-118.21504,34.13646],[-118.21536,34.13647],[-118.21537,34.1362],[-118.21569,34.1362],[-118.2157,34.13593],[-118.21602,34.13594],[-118.21604,34.1354],[-118.21669,34.13541],[-118.21669,34.13514],[-118.21734,34.13515],[-118.21735,34.13488],[-118.218,34.13489],[-118.21802,34.13408],[-118.21834,34.13408],[-118.21838,34.13246],[-118.21773,34.13245],[-118.21778,34.13029],[-118.21745,34.13028],[-118.21748,34.1292],[-118.2178,34.1292],[-118.21781,34.12893],[-118.21813,34.12894],[-118.21815,34.12813],[-118.21848,34.12813],[-118.21849,34.12759],[-118.21881,34.1276],[-118.21883,34.12706],[-118.2185,34.12705],[-118.21851,34.12678],[-118.21883,34.12678],[-118.21886,34.12543],[-118.21919,34.12544],[-118.21919,34.12517],[-118.21952,34.12517],[-118.21953,34.1249],[-118.22018,34.12491],[-118.22019,34.12437],[-118.22051,34.12438],[-118.22053,34.12384],[-118.21825,34.1238],[-118.21826,34.12353],[-118.21728,34.12351],[-118.21729,34.12324],[-118.21696,34.12324],[-118.21697,34.1227],[-118.21632,34.12269],[-118.21632,34.12296],[-118.21599,34.12295],[-118.216,34.12268],[-118.21502,34.12267],[-118.21503,34.1224],[-118.21405,34.12238],[-118.21405,34.12265],[-118.21372,34.12265],[-118.21371,34.12319],[-118.21306,34.12318],[-118.21305,34.12345],[-118.21273,34.12344],[-118.21272,34.12371],[-118.21207,34.1237],[-118.21205,34.12452],[-118.21238,34.12452],[-118.21237,34.12479],[-118.21237,34.12506],[-118.21235,34.1256],[-118.21203,34.1256],[-118.21202,34.12587],[-118.21235,34.12587],[-118.21232,34.12722],[-118.21231,34.1275],[-118.21264,34.1275],[-118.21263,34.12777],[-118.21328,34.12778],[-118.21327,34.12805],[-118.2136,34.12806],[-118.21359,34.1286],[-118.21424,34.12861],[-118.21456,34.12861],[-118.21454,34.12942],[-118.21454,34.12969],[-118.21486,34.1297],[-118.21485,34.13024],[-118.21518,34.13024],[-118.21516,34.13106],[-118.21515,34.13133],[-118.21483,34.13132],[-118.21482,34.13159],[-118.21515,34.1316],[-118.21513,34.13241],[-118.2148,34.1324],[-118.2148,34.13267],[-118.21479,34.13294],[-118.21446,34.13294],[-118.21446,34.13321],[-118.21445,34.13348],[-118.21413,34.13347],[-118.21412,34.13401],[-118.21379,34.13401],[-118.21378,34.13428],[-118.21346,34.13427],[-118.21345,34.13455],[-118.2128,34.13453],[-118.21215,34.13452],[-118.21215,34.13479],[-118.21182,34.13479],[-118.21181,34.13506],[-118.21149,34.13506],[-118.21148,34.13533],[-118.21083,34.13531],[-118.21083,34.13558],[-118.21082,34.13586],[-118.21017,34.13585],[-118.21016,34.13612],[-118.20984,34.13611],[-118.20984,34.13584],[-118.20952,34.13584],[-118.20951,34.13611],[-118.20886,34.13609],[-118.20887,34.13582],[-118.20854,34.13582],[-118.20854,34.13609],[-118.20789,34.13608],[-118.20789,34.13581],[-118.20724,34.1358],[-118.20725,34.13553],[-118.2066,34.13552],[-118.20659,34.13579],[-118.20627,34.13578],[-118.20625,34.13632],[-118.2056,34.13632],[-118.2056,34.13658],[-118.20495,34.13658],[-118.20495,34.1363],[-118.20463,34.1363],[-118.20462,34.13657],[-118.20397,34.13656],[-118.20398,34.13629],[-118.20365,34.13628],[-118.20366,34.13601],[-118.20268,34.136],[-118.20269,34.13573],[-118.20236,34.13572],[-118.20238,34.13518],[-118.20205,34.13518],[-118.20206,34.13464],[-118.20141,34.13463],[-118.20142,34.13435],[-118.20109,34.13435],[-118.2011,34.13408],[-118.20111,34.13381],[-118.20111,34.13354],[-118.20079,34.13353],[-118.20079,34.13326],[-118.20014,34.13325],[-118.19819,34.13322],[-118.19818,34.13349],[-118.19721,34.13348],[-118.19721,34.13321],[-118.19689,34.1332],[-118.19688,34.13347],[-118.19623,34.13346],[-118.19623,34.13373],[-118.1959,34.13373],[-118.19591,34.13346],[-118.19493,34.13344],[-118.19494,34.13317],[-118.19429,34.13316],[-118.19428,34.1337],[-118.19395,34.1337],[-118.19394,34.13397],[-118.19362,34.13396],[-118.19361,34.1345],[-118.19328,34.1345],[-118.19328,34.13477],[-118.19295,34.13476],[-118.19294,34.13503],[-118.19262,34.13503],[-118.19261,34.1353],[-118.19164,34.13528],[-118.19163,34.13555],[-118.19196,34.13556],[-118.19195,34.13583],[-118.19325,34.13585],[-118.19325,34.13612],[-118.19422,34.13614],[-118.19421,34.13641],[-118.19454,34.13641],[-118.19453,34.13695],[-118.19843,34.13701],[-118.19842,34.13728],[-118.19875,34.13729],[-118.19876,34.13702],[-118.19908,34.13702],[-118.19907,34.13729],[-118.20037,34.13731],[-118.20037,34.13759],[-118.20069,34.13759],[-118.20069,34.13786],[-118.20101,34.13786],[-118.20101,34.13814],[-118.20133,34.13814],[-118.20133,34.13841],[-118.20165,34.13842],[-118.20163,34.1395],[-118.2026,34.13951],[-118.20261,34.13897],[-118.20392,34.13899]]]},"properties":{"FHSZ":3,"FHSZ_Description":"Very High"}},{"type":"Feature","geometry":{"type":"MultiPolygon","coordinates":[[[[-118.32597,34.15221],[-118.32596,34.15248],[-118.32564,34.15248],[-118.32531,34.15247],[-118.32499,34.15246],[-118.325,34.15192],[-118.32467,34.15192],[-118.32435,34.15192],[-118.32435,34.15164],[-118.32403,34.15164],[-118.32403,34.15137],[-118.32371,34.15136],[-118.32338,34.15136],[-118.32306,34.15136],[-118.32306,34.15109],[-118.32241,34.15107],[-118.32176,34.15107],[-118.32177,34.1508],[-118.32144,34.15079],[-118.32145,34.15052],[-118.32112,34.15051],[-118.32113,34.15024],[-118.32048,34.15024],[-118.32049,34.14997],[-118.32016,34.14996],[-118.32017,34.14969],[-118.31984,34.14968],[-118.31985,34.14941],[-118.31919,34.14941],[-118.3192,34.14913],[-118.31888,34.14913],[-118.31888,34.14886],[-118.31856,34.14885],[-118.31856,34.14858],[-118.31824,34.14858],[-118.31825,34.14804],[-118.31792,34.14803],[-118.3179,34.14912],[-118.31757,34.14911],[-118.31757,34.14938],[-118.31756,34.14965],[-118.31724,34.14965],[-118.31723,34.14992],[-118.31691,34.14991],[-118.3169,34.15045],[-118.31754,34.15046],[-118.31753,34.151],[-118.31786,34.15101],[-118.31785,34.15128],[-118.31818,34.15128],[-118.31817,34.15155],[-118.3185,34.15156],[-118.31849,34.15183],[-118.31817,34.15182],[-118.31816,34.15237],[-118.31783,34.15236],[-118.31782,34.1529],[-118.31652,34.15288],[-118.31651,34.15315],[-118.31651,34.15342],[-118.31618,34.15342],[-118.31618,34.15369],[-118.31617,34.15396],[-118.31584,34.15395],[-118.31584,34.15422],[-118.31551,34.15422],[-118.31551,34.15449],[-118.31518,34.15448],[-118.31518,34.15476],[-118.31453,34.15474],[-118.31452,34.15501],[-118.31419,34.15501],[-118.31417,34.15609],[-118.31385,34.15609],[-118.31383,34.15663],[-118.31351,34.15662],[-118.3135,34.15689],[-118.3122,34.15687],[-118.3122,34.15714],[-118.31187,34.15714],[-118.31186,34.15741],[-118.31154,34.1574],[-118.31154,34.15713],[-118.31122,34.15713],[-118.31123,34.15686],[-118.3109,34.15686],[-118.3109,34.15713],[-118.30959,34.15711],[-118.30959,34.15738],[-118.30861,34.15736],[-118.30829,34.15736],[-118.30828,34.15763],[-118.30763,34.15762],[-118.30762,34.15789],[-118.30632,34.15787],[-118.30632,34.15814],[-118.30599,34.15814],[-118.306,34.15786],[-118.30567,34.15786],[-118.30567,34.15813],[-118.30469,34.15812],[-118.30468,34.15839],[-118.30436,34.15838],[-118.30437,34.15811],[-118.30371,34.1581],[-118.30371,34.15837],[-118.3037,34.15891],[-118.30337,34.15891],[-118.30337,34.15918],[-118.30239,34.15916],[-118.30238,34.15943],[-118.30238,34.1597],[-118.3014,34.15969],[-118.30108,34.15968],[-118.30107,34.15995],[-118.29977,34.15993],[-118.29977,34.15966],[-118.29913,34.15966],[-118.29912,34.15993],[-118.29847,34.15992],[-118.29845,34.161],[-118.29779,34.16099],[-118.29779,34.16126],[-118.29649,34.16124],[-118.29649,34.16097],[-118.29454,34.16094],[-118.29455,34.16067],[-118.29422,34.16066],[-118.29423,34.16039],[-118.29325,34.16038],[-118.29326,34.16011],[-118.29293,34.1601],[-118.29294,34.15983],[-118.29261,34.15983],[-118.29262,34.15956],[-118.29229,34.15955],[-118.2923,34.15928],[-118.29197,34.15928],[-118.29198,34.15874],[-118.29133,34.15873],[-118.29134,34.15846],[-118.29102,34.15845],[-118.29103,34.15791],[-118.2907,34.15791],[-118.29071,34.15764],[-118.29038,34.15763],[-118.29039,34.15736],[-118.28974,34.15735],[-118.28973,34.15762],[-118.28941,34.15762],[-118.28941,34.15735],[-118.28746,34.15732],[-118.28745,34.15759],[-118.2868,34.15758],[-118.28681,34.15731],[-118.28648,34.1573],[-118.28648,34.15757],[-118.28583,34.15756],[-118.28583,34.15729],[-118.28551,34.15729],[-118.28518,34.15728],[-118.28518,34.15755],[-118.28322,34.15752],[-118.28323,34.15725],[-118.28128,34.15722],[-118.28128,34.15695],[-118.28063,34.15694],[-118.28064,34.15667],[-118.27999,34.15666],[-118.27999,34.15639],[-118.27934,34.15638],[-118.27935,34.15611],[-118.27903,34.15611],[-118.27903,34.15584],[-118.27871,34.15583],[-118.27872,34.15529],[-118.27839,34.15529],[-118.2784,34.15475],[-118.27808,34.15474],[-118.27811,34.15312],[-118.27779,34.15311],[-118.27787,34.14933],[-118.27755,34.14932],[-118.27756,34.14851],[-118.27724,34.14851],[-118.27724,34.14824],[-118.27757,34.14824],[-118.27758,34.14797],[-118.27725,34.14797],[-118.27727,34.14716],[-118.27694,34.14715],[-118.27696,34.14661],[-118.27663,34.14661],[-118.27665,34.14579],[-118.27632,34.14579],[-118.27635,34.14471],[-118.27602,34.1447],[-118.27604,34.14362],[-118.27572,34.14362],[-118.27572,34.14335],[-118.2754,34.14334],[-118.27541,34.1428],[-118.27574,34.14281],[-118.27575,34.14227],[-118.27542,34.14226],[-118.27543,34.14199],[-118.2751,34.14198],[-118.27511,34.14171],[-118.27478,34.14171],[-118.27479,34.14144],[-118.27447,34.14143],[-118.27448,34.14089],[-118.27415,34.14089],[-118.27416,34.14062],[-118.27448,34.14062],[-118.27451,34.13954],[-118.27418,34.13954],[-118.27419,34.139],[-118.27452,34.139],[-118.27454,34.13792],[-118.27422,34.13791],[-118.27423,34.13737],[-118.2739,34.13737],[-118.27392,34.13656],[-118.2736,34.13655],[-118.27361,34.13574],[-118.27362,34.13547],[-118.27329,34.13547],[-118.2733,34.1352],[-118.27331,34.13466],[-118.27234,34.13464],[-118.27235,34.1341],[-118.2717,34.13409],[-118.2717,34.13382],[-118.27138,34.13381],[-118.27138,34.13354],[-118.27106,34.13354],[-118.27108,34.13246],[-118.27076,34.13245],[-118.27076,34.13218],[-118.27044,34.13218],[-118.27045,34.13164],[-118.27012,34.13163],[-118.27014,34.13109],[-118.27046,34.1311],[-118.27047,34.13056],[-118.27015,34.13055],[-118.27016,34.13028],[-118.26983,34.13027],[-118.26984,34.12973],[-118.26919,34.12973],[-118.2692,34.12918],[-118.26921,34.12891],[-118.26922,34.12864],[-118.26954,34.12865],[-118.26955,34.12811],[-118.26923,34.1281],[-118.26923,34.12783],[-118.26924,34.12729],[-118.26892,34.12729],[-118.26894,34.1262],[-118.26862,34.1262],[-118.26862,34.12593],[-118.26868,34.12323],[-118.26901,34.12323],[-118.26903,34.12242],[-118.26904,34.12161],[-118.26872,34.1216],[-118.26872,34.12133],[-118.2684,34.12133],[-118.26842,34.12052],[-118.26809,34.12051],[-118.2681,34.12024],[-118.26777,34.12024],[-118.26778,34.11997],[-118.26745,34.11996],[-118.26748,34.11861],[-118.26683,34.1186],[-118.26685,34.11806],[-118.26652,34.11805],[-118.26653,34.11778],[-118.2662,34.11778],[-118.26622,34.1167],[-118.2659,34.11669],[-118.26592,34.11588],[-118.26527,34.11587],[-118.26527,34.1156],[-118.26495,34.1156],[-118.26498,34.11424],[-118.26465,34.11424],[-118.26466,34.11397],[-118.26433,34.11396],[-118.26434,34.11369],[-118.26401,34.11369],[-118.26402,34.11342],[-118.26337,34.11341],[-118.26337,34.11314],[-118.26305,34.11313],[-118.26304,34.1134],[-118.26272,34.1134],[-118.26273,34.11313],[-118.26207,34.11312],[-118.26208,34.11285],[-118.26175,34.11284],[-118.26176,34.11257],[-118.26144,34.11257],[-118.26145,34.11203],[-118.26112,34.11202],[-118.26113,34.11148],[-118.26081,34.11148],[-118.26082,34.1112],[-118.25984,34.11119],[-118.25985,34.11092],[-118.25887,34.11091],[-118.25888,34.11036],[-118.25856,34.11036],[-118.25856,34.11009],[-118.25824,34.11008],[-118.25823,34.11035],[-118.25758,34.11034],[-118.25759,34.11007],[-118.25726,34.11007],[-118.25727,34.1098],[-118.25694,34.10979],[-118.25695,34.10952],[-118.25662,34.10952],[-118.25663,34.10925],[-118.25598,34.10924],[-118.25599,34.10897],[-118.25534,34.10896],[-118.25534,34.10869],[-118.25469,34.10868],[-118.2547,34.10841],[-118.25437,34.1084],[-118.25438,34.10786],[-118.25341,34.10785],[-118.25342,34.10758],[-118.25309,34.10757],[-118.2531,34.1073],[-118.25277,34.1073],[-118.25278,34.10703],[-118.25245,34.10702],[-118.25246,34.10675],[-118.25213,34.10674],[-118.25214,34.10647],[-118.25181,34.10647],[-118.25182,34.1062],[-118.25084,34.10618],[-118.25085,34.10591],[-118.2502,34.1059],[-118.25021,34.10563],[-118.24988,34.10563],[-118.24989,34.10536],[-118.24956,34.10535],[-118.24957,34.10508],[-118.24924,34.10508],[-118.24926,34.10427],[-118.24894,34.10426],[-118.24894,34.10399],[-118.24829,34.10398],[-118.2483,34.10371],[-118.24797,34.10371],[-118.24798,34.10343],[-118.24765,34.10343],[-118.24767,34.10289],[-118.24734,34.10289],[-118.24735,34.10261],[-118.24637,34.1026],[-118.24638,34.10203],[-118.24805,34.10154],[-118.25014,34.10112],[-118.25226,34.10087],[-118.2544,34.10079],[-118.25654,34.10089],[-118.25866,34.10116],[-118.26074,34.1016],[-118.26275,34.10221],[-118.26468,34.10298],[-118.26651,34.1039],[-118.26822,34.10497],[-118.2698,34.10617],[-118.27002,34.10636],[-118.27021,34.10652],[-118.27032,34.10662],[-118.27034,34.10663],[-118.2705,34.10677],[-118.2708,34.10703],[-118.27112,34.10731],[-118.27127,34.10744],[-118.27141,34.10755],[-118.27147,34.10761],[-118.27174,34.10784],[-118.27184,34.10793],[-118.272,34.10807],[-118.27204,34.1081],[-118.27208,34.10814],[-118.27222,34.10827],[-118.27237,34.1084],[-118.2724,34.10842],[-118.27246,34.10848],[-118.27255,34.10856],[-118.27259,34.1086],[-118.27269,34.10869],[-118.27282,34.10881],[-118.27327,34.10922],[-118.27342,34.10936],[-118.27359,34.10952],[-118.2736,34.10953],[-118.27397,34.10989],[-118.27405,34.10996],[-118.27405,34.10997],[-118.27406,34.10997],[-118.27406,34.10998],[-118.27407,34.10998],[-118.27407,34.10999],[-118.27408,34.10999],[-118.27408,34.11],[-118.27409,34.11001],[-118.2741,34.11001],[-118.2741,34.11002],[-118.27411,34.11002],[-118.27411,34.11003],[-118.27412,34.11003],[-118.27412,34.11004],[-118.27413,34.11004],[-118.27414,34.11005],[-118.27415,34.11006],[-118.27416,34.11007],[-118.27416,34.11008],[-118.27417,34.11008],[-118.27418,34.11009],[-118.27419,34.1101],[-118.2742,34.11011],[-118.27421,34.11012],[-118.27422,34.11013],[-118.27423,34.11014],[-118.27424,34.11015],[-118.27425,34.11016],[-118.27426,34.11017],[-118.27427,34.11018],[-118.27428,34.11019],[-118.27429,34.1102],[-118.2743,34.11021],[-118.27431,34.11022],[-118.27432,34.11022],[-118.27432,34.11023],[-118.27433,34.11024],[-118.27434,34.11024],[-118.27434,34.11025],[-118.27435,34.11026],[-118.27436,34.11027],[-118.27437,34.11027],[-118.27437,34.11028],[-118.27438,34.11028],[-118.27438,34.11029],[-118.27439,34.1103],[-118.2744,34.11031],[-118.27441,34.11032],[-118.27442,34.11032],[-118.27442,34.11033],[-118.27443,34.11033],[-118.27443,34.11034],[-118.27444,34.11034],[-118.27444,34.11035],[-118.27445,34.11035],[-118.27445,34.11036],[-118.27446,34.11037],[-118.27447,34.11037],[-118.27447,34.11038],[-118.27448,34.11038],[-118.27448,34.11039],[-118.27449,34.11039],[-118.27449,34.1104],[-118.2745,34.11041],[-118.27451,34.11042],[-118.27452,34.11043],[-118.27453,34.11043],[-118.27453,34.11044],[-118.27454,34.11044],[-118.27454,34.11045],[-118.27455,34.11046],[-118.27456,34.11046],[-118.27457,34.11047],[-118.27457,34.11048],[-118.27458,34.11048],[-118.27458,34.11049],[-118.27459,34.11049],[-118.27459,34.1105],[-118.2746,34.1105],[-118.2746,34.11051],[-118.27461,34.11051],[-118.27462,34.11052],[-118.27462,34.11053],[-118.27463,34.11053],[-118.27463,34.11054],[-118.27464,34.11054],[-118.27464,34.11055],[-118.27465,34.11055],[-118.27465,34.11056],[-118.27466,34.11057],[-118.27467,34.11058],[-118.27468,34.11058],[-118.27468,34.11059],[-118.27469,34.11059],[-118.27469,34.1106],[-118.2747,34.1106],[-118.2747,34.11061],[-118.27471,34.11061],[-118.27471,34.11062],[-118.27472,34.11063],[-118.27473,34.11063],[-118.27473,34.11064],[-118.27474,34.11064],[-118.27474,34.11065],[-118.27475,34.11065],[-118.27475,34.11066],[-118.27476,34.11066],[-118.27476,34.11067],[-118.27477,34.11068],[-118.27478,34.11068],[-118.27478,34.11069],[-118.27479,34.11069],[-118.27479,34.1107],[-118.2748,34.1107],[-118.2748,34.11071],[-118.27481,34.11071],[-118.27481,34.11072],[-118.27482,34.11073],[-118.27483,34.11073],[-118.27483,34.11074],[-118.27484,34.11075],[-118.27485,34.11075],[-118.27485,34.11076],[-118.27486,34.11076],[-118.27486,34.11077],[-118.27487,34.11077],[-118.27487,34.11078],[-118.27488,34.11079],[-118.27489,34.11079],[-118.27489,34.1108],[-118.2749,34.1108],[-118.2749,34.11081],[-118.27491,34.11081],[-118.27491,34.11082],[-118.27492,34.11083],[-118.27493,34.11084],[-118.27494,34.11085],[-118.27495,34.11085],[-118.27495,34.11086],[-118.27496,34.11086],[-118.27497,34.11087],[-118.27497,34.11088],[-118.27498,34.11089],[-118.27499,34.1109],[-118.275,34.11091],[-118.27501,34.11091],[-118.27501,34.11092],[-118.27502,34.11093],[-118.27503,34.11094],[-118.27504,34.11095],[-118.27505,34.11096],[-118.27506,34.11097],[-118.27507,34.11098],[-118.27508,34.11099],[-118.27509,34.111],[-118.2751,34.11101],[-118.2751,34.11102],[-118.27511,34.11102],[-118.27511,34.11103],[-118.27512,34.11103],[-118.27513,34.11104],[-118.27514,34.11105],[-118.27515,34.11106],[-118.27516,34.11107],[-118.27517,34.11108],[-118.27518,34.11109],[-118.27519,34.1111],[-118.2752,34.11111],[-118.27521,34.11112],[-118.27521,34.11113],[-118.27522,34.11113],[-118.27522,34.11114],[-118.27523,34.11114],[-118.27523,34.11115],[-118.27524,34.11115],[-118.27524,34.11116],[-118.27525,34.11117],[-118.27526,34.11117],[-118.27526,34.11118],[-118.27527,34.11118],[-118.27527,34.11119],[-118.27528,34.11119],[-118.27528,34.1112],[-118.27529,34.1112],[-118.27529,34.11121],[-118.2753,34.11122],[-118.27531,34.11122],[-118.27531,34.11123],[-118.27532,34.11123],[-118.27532,34.11124],[-118.27533,34.11124],[-118.27533,34.11125],[-118.27534,34.11125],[-118.27534,34.11126],[-118.27535,34.11127],[-118.27536,34.11128],[-118.27548,34.1114],[-118.27549,34.11141],[-118.2755,34.11142],[-118.27551,34.11143],[-118.27552,34.11144],[-118.27553,34.11145],[-118.27553,34.11146],[-118.27554,34.11147],[-118.27555,34.11148],[-118.27556,34.11149],[-118.27557,34.1115],[-118.27558,34.11151],[-118.27559,34.11152],[-118.27559,34.11153],[-118.2756,34.11154],[-118.27561,34.11154],[-118.27562,34.11155],[-118.27563,34.11156],[-118.27564,34.11157],[-118.27565,34.11158],[-118.27566,34.11159],[-118.27567,34.1116],[-118.27567,34.11161],[-118.27568,34.11162],[-118.27569,34.11163],[-118.2757,34.11164],[-118.27571,34.11165],[-118.27572,34.11165],[-118.27572,34.11167],[-118.27573,34.11167],[-118.27574,34.11168],[-118.27575,34.11169],[-118.27576,34.1117],[-118.27577,34.11171],[-118.27578,34.11172],[-118.27578,34.11173],[-118.27579,34.11174],[-118.2758,34.11175],[-118.27581,34.11176],[-118.27582,34.11177],[-118.27583,34.11178],[-118.27584,34.11179],[-118.27585,34.1118],[-118.27586,34.11181],[-118.27587,34.11182],[-118.27588,34.11183],[-118.27589,34.11184],[-118.2759,34.11185],[-118.27591,34.11186],[-118.27591,34.11187],[-118.27592,34.11188],[-118.27593,34.11189],[-118.27594,34.1119],[-118.27595,34.11191],[-118.27596,34.11192],[-118.27597,34.11193],[-118.27598,34.11194],[-118.27599,34.11195],[-118.276,34.11196],[-118.27601,34.11197],[-118.27602,34.11198],[-118.27603,34.11199],[-118.27603,34.112],[-118.27604,34.11201],[-118.27605,34.11202],[-118.27606,34.11203],[-118.27607,34.11204],[-118.27608,34.11205],[-118.27609,34.11206],[-118.27609,34.11207],[-118.2761,34.11207],[-118.27611,34.11209],[-118.27612,34.11209],[-118.27613,34.1121],[-118.27614,34.11211],[-118.27615,34.11212],[-118.27616,34.11213],[-118.27616,34.11214],[-118.27617,34.11215],[-118.27618,34.11216],[-118.27619,34.11217],[-118.2762,34.11218],[-118.27621,34.11219],[-118.27621,34.1122],[-118.27622,34.11221],[-118.27623,34.11222],[-118.27624,34.11223],[-118.27625,34.11223],[-118.27626,34.11224],[-118.27626,34.11225],[-118.27627,34.11226],[-118.27628,34.11227],[-118.27629,34.11228],[-118.2763,34.11229],[-118.27631,34.1123],[-118.27632,34.11231],[-118.27632,34.11232],[-118.27633,34.11233],[-118.27634,34.11234],[-118.27635,34.11235],[-118.27636,34.11236],[-118.27637,34.11237],[-118.27638,34.11238],[-118.27638,34.11239],[-118.27639,34.11239],[-118.2764,34.1124],[-118.27641,34.11241],[-118.27642,34.11242],[-118.27643,34.11243],[-118.27644,34.11244],[-118.27644,34.11245],[-118.27645,34.11246],[-118.27646,34.11247],[-118.27647,34.11248],[-118.27648,34.11249],[-118.27648,34.1125],[-118.27649,34.11251],[-118.2765,34.11252],[-118.27651,34.11253],[-118.27652,34.11254],[-118.27653,34.11254],[-118.27654,34.11256],[-118.27655,34.11257],[-118.27656,34.11258],[-118.27657,34.11259],[-118.27658,34.1126],[-118.27659,34.11261],[-118.27659,34.11262],[-118.2766,34.11263],[-118.27661,34.11264],[-118.27662,34.11265],[-118.27663,34.11266],[-118.27664,34.11267],[-118.27665,34.11268],[-118.27665,34.11269],[-118.27666,34.1127],[-118.27667,34.11271],[-118.27668,34.11272],[-118.27669,34.11272],[-118.2767,34.11274],[-118.27671,34.11275],[-118.27672,34.11276],[-118.27673,34.11277],[-118.27674,34.11278],[-118.27675,34.11279],[-118.27675,34.1128],[-118.27676,34.11281],[-118.27677,34.11282],[-118.27678,34.11283],[-118.27679,34.11284],[-118.2768,34.11285],[-118.2768,34.11286],[-118.27681,34.11287],[-118.27682,34.11288],[-118.27683,34.11289],[-118.27684,34.1129],[-118.27685,34.11292],[-118.27686,34.11292],[-118.27687,34.11293],[-118.27688,34.11294],[-118.27689,34.11295],[-118.27689,34.11296],[-118.2769,34.11297],[-118.27691,34.11298],[-118.27692,34.11299],[-118.27693,34.113],[-118.27694,34.11301],[-118.27694,34.11302],[-118.27695,34.11303],[-118.27696,34.11304],[-118.27697,34.11305],[-118.27698,34.11306],[-118.27698,34.11307],[-118.27699,34.11308],[-118.277,34.11309],[-118.27701,34.1131],[-118.27702,34.1131],[-118.27703,34.11312],[-118.27704,34.11312],[-118.27704,34.11313],[-118.27705,34.11314],[-118.27706,34.11315],[-118.27707,34.11316],[-118.27708,34.11317],[-118.27708,34.11318],[-118.27709,34.11319],[-118.2771,34.1132],[-118.27711,34.11321],[-118.27712,34.11322],[-118.27713,34.11323],[-118.27713,34.11324],[-118.27714,34.11325],[-118.27715,34.11326],[-118.27716,34.11327],[-118.27717,34.11328],[-118.27717,34.11329],[-118.27718,34.1133],[-118.27719,34.11331],[-118.2772,34.11332],[-118.27721,34.11332],[-118.27722,34.11333],[-118.27722,34.11335],[-118.27723,34.11335],[-118.27724,34.11336],[-118.27725,34.11337],[-118.27726,34.11338],[-118.27726,34.11339],[-118.27727,34.1134],[-118.27728,34.11341],[-118.27729,34.11342],[-118.2773,34.11343],[-118.27731,34.11344],[-118.27731,34.11345],[-118.27732,34.11346],[-118.27733,34.11347],[-118.27734,34.11348],[-118.27735,34.11349],[-118.27736,34.1135],[-118.27736,34.11351],[-118.27737,34.11352],[-118.27738,34.11353],[-118.27739,34.11354],[-118.2774,34.11355],[-118.27741,34.11357],[-118.27742,34.11357],[-118.27743,34.11358],[-118.27744,34.11359],[-118.27744,34.1136],[-118.27745,34.11361],[-118.27746,34.11362],[-118.27747,34.11363],[-118.27748,34.11364],[-118.27748,34.11365],[-118.27749,34.11366],[-118.2775,34.11367],[-118.27751,34.11368],[-118.27752,34.11369],[-118.27752,34.1137],[-118.27753,34.11371],[-118.27754,34.11372],[-118.27755,34.11373],[-118.27756,34.11374],[-118.27757,34.11375],[-118.27757,34.11376],[-118.27758,34.11377],[-118.27759,34.11378],[-118.2776,34.11379],[-118.27761,34.1138],[-118.27761,34.11381],[-118.27762,34.11382],[-118.27763,34.11382],[-118.27764,34.11384],[-118.27765,34.11384],[-118.27765,34.11385],[-118.27766,34.11386],[-118.27767,34.11387],[-118.27768,34.11388],[-118.27769,34.11389],[-118.27769,34.1139],[-118.2777,34.11391],[-118.27771,34.11392],[-118.27772,34.11393],[-118.27773,34.11394],[-118.27773,34.11395],[-118.27774,34.11396],[-118.27775,34.11397],[-118.27776,34.11398],[-118.27777,34.11399],[-118.27777,34.114],[-118.27778,34.11401],[-118.27779,34.11402],[-118.2778,34.11403],[-118.27781,34.11404],[-118.27781,34.11405],[-118.27782,34.11406],[-118.27783,34.11407],[-118.27784,34.11408],[-118.27785,34.11409],[-118.27785,34.1141],[-118.27786,34.11411],[-118.27787,34.11411],[-118.27788,34.11413],[-118.27789,34.11413],[-118.27789,34.11414],[-118.2779,34.11415],[-118.27791,34.11416],[-118.27792,34.11417],[-118.27793,34.11418],[-118.27793,34.11419],[-118.27794,34.1142],[-118.27795,34.11421],[-118.27796,34.11422],[-118.27796,34.11423],[-118.27797,34.11424],[-118.27798,34.11425],[-118.27799,34.11426],[-118.278,34.11427],[-118.278,34.11428],[-118.27801,34.11429],[-118.27802,34.1143],[-118.27803,34.11431],[-118.27804,34.11432],[-118.27804,34.11433],[-118.27805,34.11434],[-118.27806,34.11435],[-118.27807,34.11436],[-118.27808,34.11437],[-118.27808,34.11438],[-118.27809,34.11439],[-118.2781,34.1144],[-118.27811,34.11441],[-118.27811,34.11442],[-118.27812,34.11443],[-118.27813,34.11444],[-118.27814,34.11445],[-118.27815,34.11446],[-118.27815,34.11447],[-118.27816,34.11448],[-118.27817,34.11449],[-118.27818,34.11449],[-118.27819,34.11451],[-118.2782,34.11453],[-118.27821,34.11453],[-118.27822,34.11454],[-118.27823,34.11455],[-118.27823,34.11456],[-118.27824,34.11457],[-118.27825,34.11458],[-118.27826,34.11459],[-118.27826,34.1146],[-118.27827,34.11461],[-118.27828,34.11462],[-118.27829,34.11463],[-118.2783,34.11464],[-118.2783,34.11465],[-118.27831,34.11466],[-118.27832,34.11467],[-118.27833,34.11468],[-118.27833,34.11469],[-118.27834,34.1147],[-118.27835,34.11471],[-118.27836,34.11472],[-118.27837,34.11473],[-118.27837,34.11474],[-118.27838,34.11475],[-118.27839,34.11476],[-118.2784,34.11477],[-118.27841,34.11478],[-118.27841,34.11479],[-118.27842,34.1148],[-118.27843,34.11481],[-118.27844,34.11482],[-118.27844,34.11483],[-118.27845,34.11484],[-118.27846,34.11485],[-118.27847,34.11486],[-118.27848,34.11487],[-118.27848,34.11488],[-118.27849,34.11489],[-118.2785,34.1149],[-118.27851,34.11491],[-118.27851,34.11492],[-118.27852,34.11493],[-118.27853,34.11494],[-118.27854,34.11495],[-118.27854,34.11496],[-118.27855,34.11497],[-118.27856,34.11498],[-118.27857,34.11499],[-118.27858,34.115],[-118.27859,34.11502],[-118.2786,34.11502],[-118.27861,34.11503],[-118.27861,34.11505],[-118.27862,34.11505],[-118.27863,34.11507],[-118.27864,34.11507],[-118.27864,34.11508],[-118.27865,34.11509],[-118.27866,34.1151],[-118.27867,34.11511],[-118.27868,34.11512],[-118.27868,34.11513],[-118.27869,34.11514],[-118.2787,34.11515],[-118.27871,34.11516],[-118.27871,34.11517],[-118.27872,34.11518],[-118.27873,34.11519],[-118.27874,34.1152],[-118.27874,34.11521],[-118.27875,34.11522],[-118.27876,34.11523],[-118.27877,34.11524],[-118.27886,34.11536],[-118.27925,34.11588],[-118.27946,34.11616],[-118.2798,34.11663],[-118.27999,34.1169],[-118.28033,34.11737],[-118.28051,34.11765],[-118.28084,34.11813],[-118.28102,34.11841],[-118.28118,34.11865],[-118.28141,34.11901],[-118.28161,34.11932],[-118.28191,34.11981],[-118.28198,34.11993],[-118.28214,34.12019],[-118.28229,34.12045],[-118.28245,34.12071],[-118.28254,34.12089],[-118.28276,34.12127],[-118.28288,34.12149],[-118.28303,34.12176],[-118.28309,34.12187],[-118.28324,34.12215],[-118.2834,34.12246],[-118.2837,34.12304],[-118.28447,34.12457],[-118.28456,34.12474],[-118.28459,34.12479],[-118.28499,34.12556],[-118.28503,34.12563],[-118.28535,34.12626],[-118.28537,34.1263],[-118.28546,34.12647],[-118.28551,34.12657],[-118.28555,34.12664],[-118.2857,34.12694],[-118.28585,34.12723],[-118.28603,34.12759],[-118.28609,34.12771],[-118.28616,34.12783],[-118.28622,34.12796],[-118.28631,34.12813],[-118.28633,34.12816],[-118.28646,34.12841],[-118.28652,34.12854],[-118.28656,34.12862],[-118.28658,34.12865],[-118.2866,34.1287],[-118.28667,34.12882],[-118.28673,34.12895],[-118.28679,34.12907],[-118.28681,34.1291],[-118.28685,34.12917],[-118.28691,34.12929],[-118.28695,34.12938],[-118.28703,34.12952],[-118.2872,34.12983],[-118.28722,34.12986],[-118.28727,34.12996],[-118.28748,34.13036],[-118.28761,34.13061],[-118.2883,34.13195],[-118.28846,34.13228],[-118.28947,34.13425],[-118.28975,34.13479],[-118.28981,34.13491],[-118.28982,34.13493],[-118.29007,34.13537],[-118.29035,34.1359],[-118.29044,34.13607],[-118.29055,34.13628],[-118.29116,34.13752],[-118.29126,34.13772],[-118.29168,34.13773],[-118.2937,34.13782],[-118.2957,34.13807],[-118.29767,34.13848],[-118.29958,34.13903],[-118.30142,34.13973],[-118.30154,34.13978],[-118.30247,34.13987],[-118.30457,34.14026],[-118.30592,34.14056],[-118.30884,34.14122],[-118.30886,34.14122],[-118.30925,34.14131],[-118.30927,34.14131],[-118.30972,34.14141],[-118.31004,34.14149],[-118.31007,34.14149],[-118.31198,34.142],[-118.31383,34.14266],[-118.3156,34.14345],[-118.31727,34.14437],[-118.31883,34.14542],[-118.31901,34.14555],[-118.31921,34.1457],[-118.31945,34.14588],[-118.31972,34.14608],[-118.31988,34.14619],[-118.32092,34.14678],[-118.32254,34.14789],[-118.32402,34.14912],[-118.32534,34.15046],[-118.32651,34.15191],[-118.32653,34.15195],[-118.3263,34.15194],[-118.32629,34.15221],[-118.32597,34.15221]]],[[[-118.32742,34.15331],[-118.32692,34.15331],[-118.32694,34.15257],[-118.32742,34.15331]]]]},"properties":{"FHSZ":3,"FHSZ_Description":"Very High"}}]}