{"type":"FeatureCollection","features":[{"type":"Feature","geometry":{"type":"Polygon","coordinates":[[[-118.31418,34.18433],[-118.31295,34.18354],[-118.31199,34.18268],[-118.31112,34.18188],[-118.31059,34.18145],[-118.30946,34.1808],[-118.30832,34.18008],[-118.3071,34.17957],[-118.30545,34.17885],[-118.30405,34.17857],[-118.30205,34.17799],[-118.30022,34.17742],[-118.29891,34.17692],[-118.2983,34.1767],[-118.29743,34.17634],[-118.29673,34.17583],[-118.29603,34.17504],[-118.29585,34.17446],[-118.29533,34.17374],[-118.29454,34.17273],[-118.29358,34.17186],[-118.29253,34.17107],[-118.29114,34.17006],[-118.28791,34.16753],[-118.2852,34.16616],[-118.28224,34.16371],[-118.27967,34.16029],[-118.27818,34.15841],[-118.27673,34.15583],[-118.27522,34.1558],[-118.27493,34.15556],[-118.27512,34.15539],[-118.27561,34.1549],[-118.276,34.15408],[-118.276,34.15228],[-118.27501,34.15056],[-118.27432,34.14991],[-118.27402,34.14901],[-118.27243,34.14606],[-118.27241,34.1459],[-118.27253,34.14391],[-118.27286,34.14375],[-118.27305,34.14321],[-118.27292,34.14257],[-118.27247,34.14208],[-118.27215,34.14154],[-118.27228,34.141],[-118.2726,34.14041],[-118.27254,34.13992],[-118.27221,34.13917],[-118.27228,34.13788],[-118.27247,34.13664],[-118.27221,34.13546],[-118.27157,34.13389],[-118.27027,34.13227],[-118.26969,34.13155],[-118.26906,34.13114],[-118.26835,34.13079],[-118.26794,34.13055],[-118.26759,34.13027],[-118.26726,34.12977],[-118.26702,34.12929],[-118.26666,34.12868],[-118.26618,34.12775],[-118.26571,34.12677],[-118.26558,34.12606],[-118.26537,34.12502],[-118.27448,34.12502],[-118.27456,34.12562],[-118.27463,34.12615],[-118.27469,34.12656],[-118.27465,34.12698],[-118.27456,34.12732],[-118.27451,34.12751],[-118.27455,34.1281],[-118.27458,34.12879],[-118.27475,34.12924],[-118.275,34.12966],[-118.27528,34.13],[-118.27529,34.13],[-118.27551,34.13027],[-118.27575,34.13046],[-118.27594,34.13062],[-118.27615,34.13075],[-118.27632,34.13087],[-118.27665,34.13105],[-118.27699,34.1312],[-118.27732,34.13134],[-118.2777,34.13147],[-118.2783,34.13163],[-118.27844,34.13165],[-118.27893,34.13168],[-118.27912,34.13171],[-118.27954,34.13173],[-118.27995,34.13177],[-118.28021,34.13183],[-118.28101,34.13203],[-118.28118,34.13207],[-118.28133,34.13206],[-118.28147,34.13202],[-118.2816,34.13187],[-118.28169,34.1317],[-118.28175,34.13151],[-118.28183,34.13113],[-118.28184,34.13073],[-118.28189,34.13068],[-118.28194,34.13064],[-118.28202,34.13065],[-118.2821,34.13069],[-118.28221,34.13079],[-118.28236,34.13087],[-118.28268,34.13093],[-118.28294,34.13095],[-118.28307,34.13094],[-118.28322,34.13093],[-118.28342,34.13086],[-118.28356,34.13074],[-118.28368,34.1307],[-118.28373,34.1307],[-118.28378,34.13074],[-118.28385,34.13081],[-118.28392,34.13074],[-118.28409,34.13056],[-118.28422,34.13043],[-118.28428,34.13039],[-118.28435,34.13039],[-118.28436,34.13043],[-118.28423,34.13117],[-118.28431,34.13121],[-118.28439,34.13134],[-118.28446,34.13153],[-118.28452,34.13172],[-118.28458,34.13203],[-118.2846,34.13236],[-118.28465,34.13258],[-118.28473,34.13283],[-118.28484,34.13295],[-118.285,34.13314],[-118.28519,34.13324],[-118.28538,34.13332],[-118.2856,34.13339],[-118.28592,34.13342],[-118.28617,34.13341],[-118.28639,34.13334],[-118.28667,34.13329],[-118.28689,34.13329],[-118.28706,34.13332],[-118.28724,34.13331],[-118.28744,34.13331],[-118.28762,34.13321],[-118.28788,34.13297],[-118.28795,34.13293],[-118.28807,34.13294],[-118.28819,34.13301],[-118.28824,34.13311],[-118.28841,34.13342],[-118.28851,34.13347],[-118.28862,34.13347],[-118.28882,34.13347],[-118.28901,34.13354],[-118.28913,34.13359],[-118.28947,34.13425],[-118.28975,34.13479],[-118.28981,34.13491],[-118.28965,34.13491],[-118.28952,34.13487],[-118.28936,34.13484],[-118.28921,34.13484],[-118.2891,34.13486],[-118.2887,34.13493],[-118.28842,34.13499],[-118.28823,34.13501],[-118.28807,34.135],[-118.28788,34.13495],[-118.28775,34.13492],[-118.28706,34.13497],[-118.28698,34.13504],[-118.28693,34.13512],[-118.28693,34.13532],[-118.28698,34.13542],[-118.28715,34.13559],[-118.28727,34.13578],[-118.28751,34.13599],[-118.28784,34.13623],[-118.288,34.13632],[-118.28834,34.13646],[-118.28847,34.13657],[-118.28853,34.13665],[-118.28853,34.1367],[-118.2885,34.13676],[-118.28844,34.13682],[-118.28835,34.13684],[-118.28807,34.13693],[-118.28784,34.13704],[-118.2877,34.13726],[-118.28764,34.13738],[-118.28762,34.13755],[-118.28766,34.13779],[-118.28778,34.13805],[-118.28786,34.13813],[-118.28829,34.1384],[-118.28844,34.13849],[-118.28854,34.13859],[-118.28854,34.1387],[-118.28846,34.13883],[-118.28835,34.13893],[-118.28821,34.13902],[-118.28812,34.13905],[-118.28807,34.13915],[-118.28805,34.13923],[-118.28808,34.13933],[-118.28821,34.13974],[-118.28832,34.13995],[-118.28831,34.14006],[-118.28824,34.14024],[-118.28818,34.14036],[-118.28813,34.14049],[-118.28808,34.14053],[-118.28805,34.14057],[-118.28805,34.14064],[-118.28827,34.14096],[-118.28844,34.14113],[-118.28865,34.14134],[-118.28872,34.14138],[-118.28882,34.1414],[-118.2889,34.14139],[-118.28894,34.14135],[-118.289,34.14134],[-118.28908,34.14134],[-118.2892,34.14139],[-118.28934,34.14148],[-118.28963,34.14164],[-118.28987,34.14175],[-118.28998,34.14192],[-118.29,34.14209],[-118.28998,34.14231],[-118.28987,34.1425],[-118.28971,34.14267],[-118.28954,34.1428],[-118.28948,34.14297],[-118.28946,34.14326],[-118.28962,34.14351],[-118.28989,34.14368],[-118.29025,34.14377],[-118.29111,34.14381],[-118.29136,34.14387],[-118.29165,34.14398],[-118.29211,34.14417],[-118.29279,34.14442],[-118.29326,34.1446],[-118.29352,34.14469],[-118.29377,34.14471],[-118.29429,34.14472],[-118.29443,34.14475],[-118.29448,34.14479],[-118.2945,34.14488],[-118.29445,34.14497],[-118.29437,34.14503],[-118.29424,34.14509],[-118.29407,34.14515],[-118.29403,34.14517],[-118.29399,34.14523],[-118.29399,34.14529],[-118.29401,34.14534],[-118.2941,34.14542],[-118.29429,34.14557],[-118.29448,34.1457],[-118.29515,34.1461],[-118.29529,34.14619],[-118.29541,34.14624],[-118.29575,34.14637],[-118.29619,34.14647],[-118.29642,34.14655],[-118.29663,34.14665],[-118.29681,34.14679],[-118.29685,34.1469],[-118.29683,34.14698],[-118.29679,34.14701],[-118.29668,34.14704],[-118.29653,34.14707],[-118.29643,34.14705],[-118.29618,34.14697],[-118.29612,34.14696],[-118.29601,34.147],[-118.29574,34.14713],[-118.29566,34.14715],[-118.29555,34.14715],[-118.29544,34.14707],[-118.29537,34.147],[-118.29527,34.14685],[-118.29523,34.14681],[-118.29515,34.14679],[-118.29505,34.14679],[-118.29494,34.14682],[-118.29487,34.14685],[-118.29478,34.14691],[-118.29471,34.14692],[-118.29457,34.14693],[-118.2945,34.14691],[-118.29446,34.14686],[-118.29444,34.14677],[-118.29443,34.14648],[-118.29442,34.14639],[-118.29431,34.14619],[-118.29408,34.14588],[-118.29381,34.14561],[-118.29336,34.14535],[-118.29288,34.14512],[-118.29231,34.14499],[-118.29168,34.14493],[-118.29116,34.14493],[-118.29082,34.14497],[-118.29057,34.14505],[-118.29046,34.14514],[-118.29045,34.14538],[-118.2905,34.14558],[-118.29064,34.14573],[-118.29114,34.14615],[-118.29134,34.14625],[-118.29172,34.14642],[-118.292,34.14655],[-118.29245,34.14677],[-118.29291,34.14714],[-118.29295,34.14717],[-118.29311,34.14737],[-118.29317,34.1475],[-118.29309,34.14762],[-118.29281,34.14767],[-118.29231,34.14768],[-118.29202,34.14768],[-118.29172,34.14784],[-118.29147,34.14798],[-118.29139,34.1481],[-118.29143,34.14832],[-118.29154,34.1486],[-118.29175,34.14899],[-118.29229,34.14957],[-118.29245,34.14978],[-118.29252,34.14994],[-118.29245,34.14999],[-118.29229,34.15002],[-118.29209,34.14996],[-118.29161,34.14981],[-118.29132,34.1496],[-118.29102,34.14946],[-118.29055,34.14936],[-118.29037,34.14924],[-118.29023,34.149],[-118.29003,34.14881],[-118.28984,34.14876],[-118.28969,34.14874],[-118.28957,34.14878],[-118.28948,34.14893],[-118.28937,34.14933],[-118.28914,34.14987],[-118.28907,34.14994],[-118.289,34.14995],[-118.28885,34.14987],[-118.28873,34.14955],[-118.28873,34.14883],[-118.28891,34.14826],[-118.28894,34.14789],[-118.28891,34.14768],[-118.28867,34.14734],[-118.28825,34.14698],[-118.28789,34.14689],[-118.28746,34.14689],[-118.2871,34.14697],[-118.28689,34.14707],[-118.28665,34.14728],[-118.28635,34.14786],[-118.28624,34.14804],[-118.28599,34.14816],[-118.28562,34.14821],[-118.28531,34.14819],[-118.28499,34.14807],[-118.28477,34.14807],[-118.28456,34.14807],[-118.28454,34.14811],[-118.28436,34.14818],[-118.28418,34.14844],[-118.28417,34.1487],[-118.28431,34.14909],[-118.28454,34.14949],[-118.28467,34.14986],[-118.28477,34.15007],[-118.28497,34.15039],[-118.28536,34.15092],[-118.28569,34.15126],[-118.28626,34.15181],[-118.28653,34.1521],[-118.28692,34.15265],[-118.28714,34.15286],[-118.28746,34.15311],[-118.2884,34.1536],[-118.28927,34.15389],[-118.28995,34.15419],[-118.29102,34.15422],[-118.29206,34.15435],[-118.29264,34.15468],[-118.29293,34.15478],[-118.29355,34.1547],[-118.29445,34.15478],[-118.29711,34.1547],[-118.29828,34.15481],[-118.29935,34.15508],[-118.30012,34.15516],[-118.30093,34.15513],[-118.30148,34.15494],[-118.30194,34.15468],[-118.30239,34.15449],[-118.30281,34.15454],[-118.30408,34.1546],[-118.30466,34.15473],[-118.30511,34.15481],[-118.30594,34.15486],[-118.30618,34.15478],[-118.30635,34.15465],[-118.30667,34.15445],[-118.30683,34.15434],[-118.30691,34.15421],[-118.30694,34.15406],[-118.30707,34.15397],[-118.30726,34.15394],[-118.30799,34.15388],[-118.30822,34.1538],[-118.30835,34.15375],[-118.30853,34.15364],[-118.30859,34.15351],[-118.30859,34.15335],[-118.30855,34.15314],[-118.30847,34.1529],[-118.30846,34.15274],[-118.30858,34.1525],[-118.3088,34.15216],[-118.30892,34.15183],[-118.30904,34.15139],[-118.30908,34.15109],[-118.30911,34.15073],[-118.30915,34.15058],[-118.30925,34.15047],[-118.30929,34.15047],[-118.30933,34.1505],[-118.30938,34.1506],[-118.3094,34.15083],[-118.30923,34.15164],[-118.30915,34.15195],[-118.30901,34.15232],[-118.30892,34.15252],[-118.3089,34.15267],[-118.30893,34.15293],[-118.30901,34.15311],[-118.30924,34.15332],[-118.30959,34.15349],[-118.30994,34.15358],[-118.31011,34.15366],[-118.31036,34.15382],[-118.31056,34.15395],[-118.31072,34.15398],[-118.31111,34.15398],[-118.31129,34.15396],[-118.3115,34.15387],[-118.31168,34.15395],[-118.31189,34.15347],[-118.31234,34.15258],[-118.31254,34.15237],[-118.31285,34.1521],[-118.31317,34.15189],[-118.3136,34.15173],[-118.31415,34.15172],[-118.31577,34.15167],[-118.31604,34.15177],[-118.31627,34.15183],[-118.3165,34.15191],[-118.31676,34.15189],[-118.31701,34.15178],[-118.31745,34.15154],[-118.31763,34.15137],[-118.31766,34.15119],[-118.31763,34.15112],[-118.31759,34.15107],[-118.31752,34.15099],[-118.31748,34.15091],[-118.31751,34.15077],[-118.31756,34.15069],[-118.31758,34.15069],[-118.31777,34.15056],[-118.31805,34.15046],[-118.31828,34.15044],[-118.31864,34.15052],[-118.31887,34.1506],[-118.31904,34.15059],[-118.31923,34.15051],[-118.31948,34.1505],[-118.32009,34.15064],[-118.3213,34.15105],[-118.32255,34.15156],[-118.32411,34.15212],[-118.32457,34.15225],[-118.32491,34.15228],[-118.3255,34.15226],[-118.32593,34.15216],[-118.32615,34.15202],[-118.32615,34.15197],[-118.32611,34.15175],[-118.32596,34.15158],[-118.32544,34.15139],[-118.32526,34.1513],[-118.32502,34.15103],[-118.32475,34.15075],[-118.32454,34.15061],[-118.32429,34.15053],[-118.32396,34.15049],[-118.32355,34.15037],[-118.32339,34.15021],[-118.32298,34.14982],[-118.32241,34.14953],[-118.32173,34.14918],[-118.3213,34.14901],[-118.32088,34.14878],[-118.32037,34.14872],[-118.32004,34.14875],[-118.31967,34.14887],[-118.31937,34.14893],[-118.31919,34.14889],[-118.31911,34.14877],[-118.3191,34.14862],[-118.31923,34.14845],[-118.31926,34.1482],[-118.31917,34.14798],[-118.31893,34.14783],[-118.31857,34.14764],[-118.31789,34.14755],[-118.31698,34.14745],[-118.31636,34.14745],[-118.31589,34.14755],[-118.31566,34.14763],[-118.3155,34.14769],[-118.31537,34.14773],[-118.3152,34.14775],[-118.31505,34.14773],[-118.31468,34.14767],[-118.31434,34.14763],[-118.31385,34.1476],[-118.3137,34.14758],[-118.31358,34.14753],[-118.31353,34.14746],[-118.31353,34.14737],[-118.31361,34.14727],[-118.31377,34.1472],[-118.31402,34.14712],[-118.3142,34.14709],[-118.31452,34.14708],[-118.31476,34.14708],[-118.31499,34.14706],[-118.3151,34.147],[-118.31529,34.14687],[-118.31539,34.14675],[-118.31543,34.14662],[-118.31546,34.1463],[-118.31543,34.14608],[-118.31541,34.14586],[-118.31534,34.14565],[-118.31523,34.14549],[-118.31518,34.14542],[-118.31517,34.14534],[-118.31519,34.14526],[-118.31526,34.14521],[-118.31538,34.1452],[-118.31546,34.14523],[-118.31549,34.14525],[-118.3157,34.1454],[-118.31595,34.14568],[-118.31603,34.14581],[-118.3162,34.14609],[-118.31637,34.14628],[-118.31663,34.14647],[-118.3169,34.14663],[-118.31718,34.14662],[-118.31743,34.1466],[-118.31769,34.14658],[-118.31792,34.14663],[-118.31809,34.14666],[-118.31839,34.14663],[-118.31877,34.14662],[-118.31918,34.14657],[-118.31946,34.14648],[-118.31971,34.14639],[-118.32014,34.14634],[-118.32092,34.14678],[-118.32254,34.14789],[-118.32402,34.14912],[-118.32534,34.15046],[-118.32651,34.15191],[-118.3275,34.15344],[-118.32831,34.15505],[-118.32893,34.15671],[-118.32935,34.15841],[-118.32957,34.16014],[-118.32959,34.16187],[-118.3294,34.1636],[-118.32902,34.16531],[-118.32843,34.16698],[-118.32766,34.1686],[-118.3267,34.17014],[-118.32556,34.1716],[-118.32426,34.17297],[-118.32421,34.17301],[-118.32411,34.17311],[-118.32394,34.17327],[-118.32389,34.17332],[-118.3236,34.17359],[-118.32322,34.17394],[-118.32318,34.17398],[-118.3229,34.17424],[-118.32259,34.17453],[-118.32226,34.17484],[-118.32216,34.17493],[-118.32192,34.17516],[-118.32168,34.17539],[-118.32127,34.17577],[-118.32124,34.17579],[-118.32082,34.17622],[-118.32077,34.17627],[-118.32053,34.17738],[-118.31995,34.17908],[-118.31916,34.18072],[-118.31907,34.18086],[-118.31902,34.18113],[-118.31844,34.18283],[-118.31767,34.18448],[-118.31674,34.18599],[-118.31487,34.18484],[-118.31418,34.18433]]]},"properties":{"QUAD_NAME":"Burbank"}},{"type":"Feature","geometry":{"type":"Polygon","coordinates":[[[-118.26416,34.22914],[-118.26252,34.22859],[-118.26007,34.22778],[-118.25933,34.22775],[-118.25835,34.22759],[-118.25719,34.22693],[-118.25595,34.22614],[-118.25499,34.22563],[-118.25403,34.22529],[-118.25224,34.22438],[-118.25092,34.22412],[-118.25092,34.22201],[-118.25092,34.22001],[-118.25093,34.21895],[-118.25092,34.21801],[-118.25092,34.21774],[-118.25103,34.21777],[-118.25117,34.21789],[-118.25155,34.21828],[-118.25175,34.2186],[-118.25191,34.21884],[-118.25208,34.21903],[-118.25263,34.21942],[-118.25342,34.21979],[-118.25363,34.21981],[-118.2539,34.21978],[-118.25421,34.21966],[-118.25444,34.21953],[-118.25465,34.21952],[-118.25481,34.21948],[-118.255,34.21932],[-118.25524,34.21921],[-118.25582,34.21919],[-118.25592,34.2192],[-118.25599,34.21925],[-118.25599,34.21936],[-118.25594,34.21948],[-118.2558,34.21965],[-118.25557,34.21995],[-118.25524,34.22029],[-118.25514,34.22049],[-118.25518,34.22064],[-118.25525,34.22074],[-118.2556,34.22097],[-118.25575,34.22109],[-118.25586,34.22122],[-118.25584,34.22136],[-118.25575,34.22142],[-118.25555,34.22142],[-118.25514,34.22129],[-118.25499,34.22128],[-118.25484,34.22129],[-118.25476,34.22144],[-118.2548,34.22196],[-118.25495,34.22233],[-118.25515,34.22272],[-118.25542,34.223],[-118.25567,34.22313],[-118.25588,34.22316],[-118.25634,34.22318],[-118.25643,34.22321],[-118.25674,34.22343],[-118.2571,34.22376],[-118.25741,34.22394],[-118.25773,34.22411],[-118.2579,34.22414],[-118.25809,34.22416],[-118.25821,34.22411],[-118.25849,34.22405],[-118.25876,34.22386],[-118.25903,34.22363],[-118.25914,34.22342],[-118.25924,34.223],[-118.25931,34.22271],[-118.25933,34.22214],[-118.25936,34.2221],[-118.25938,34.22207],[-118.25943,34.22208],[-118.25948,34.22213],[-118.25957,34.22224],[-118.2596,34.22242],[-118.25967,34.2227],[-118.25968,34.2233],[-118.25976,34.22361],[-118.25985,34.22384],[-118.26,34.22403],[-118.26012,34.22413],[-118.26037,34.22427],[-118.26053,34.22437],[-118.2607,34.2245],[-118.26096,34.22453],[-118.26136,34.22476],[-118.26156,34.22494],[-118.26174,34.22514],[-118.2618,34.22537],[-118.26188,34.22562],[-118.26196,34.22585],[-118.2622,34.22601],[-118.26254,34.22606],[-118.26288,34.22608],[-118.26304,34.2261],[-118.2631,34.22616],[-118.2632,34.22631],[-118.26332,34.22661],[-118.2636,34.22682],[-118.2638,34.22687],[-118.2641,34.22672],[-118.26445,34.22642],[-118.26459,34.22609],[-118.26463,34.22577],[-118.26473,34.22562],[-118.26485,34.22539],[-118.265,34.22518],[-118.26541,34.22482],[-118.26648,34.22374],[-118.2667,34.22351],[-118.267,34.22294],[-118.26715,34.22248],[-118.26725,34.22224],[-118.26729,34.22218],[-118.26738,34.22216],[-118.26745,34.22219],[-118.26746,34.2223],[-118.2673,34.22279],[-118.26722,34.22296],[-118.26705,34.2232],[-118.26691,34.22348],[-118.26687,34.22359],[-118.26683,34.22395],[-118.26691,34.22416],[-118.26703,34.22421],[-118.2674,34.22425],[-118.26758,34.22429],[-118.26778,34.22438],[-118.26782,34.22445],[-118.26784,34.22451],[-118.26784,34.22459],[-118.26778,34.22466],[-118.26773,34.22471],[-118.26752,34.22475],[-118.26736,34.22478],[-118.26663,34.22477],[-118.26625,34.22483],[-118.26608,34.22488],[-118.26586,34.22507],[-118.26567,34.22528],[-118.26562,34.22539],[-118.2657,34.22551],[-118.26582,34.22559],[-118.26624,34.22578],[-118.26632,34.22587],[-118.26631,34.22597],[-118.26628,34.22602],[-118.26622,34.22605],[-118.26592,34.22606],[-118.26576,34.22607],[-118.26547,34.22619],[-118.26512,34.22643],[-118.26478,34.22657],[-118.2646,34.22666],[-118.26454,34.22682],[-118.26456,34.2269],[-118.26462,34.22698],[-118.26471,34.22704],[-118.26479,34.2271],[-118.26478,34.22718],[-118.26471,34.22724],[-118.26458,34.22727],[-118.264,34.22729],[-118.26386,34.22734],[-118.26378,34.22746],[-118.26381,34.22769],[-118.26388,34.2278],[-118.26396,34.2279],[-118.2642,34.2281],[-118.26438,34.22817],[-118.26457,34.22828],[-118.26472,34.22851],[-118.26506,34.22902],[-118.26514,34.22939],[-118.26416,34.22914]]]},"properties":{"QUAD_NAME":"Burbank"}},{"type":"Feature","geometry":{"type":"Polygon","coordinates":[[[-118.25981,34.2115],[-118.25989,34.21145],[-118.25992,34.21145],[-118.25997,34.21147],[-118.25998,34.2115],[-118.25995,34.21156],[-118.25991,34.21164],[-118.25989,34.21174],[-118.25992,34.21196],[-118.25999,34.21202],[-118.26016,34.21203],[-118.26024,34.21208],[-118.26027,34.21213],[-118.26013,34.2124],[-118.26004,34.21247],[-118.25988,34.2125],[-118.25944,34.2125],[-118.25931,34.21247],[-118.25903,34.21241],[-118.25862,34.21243],[-118.25851,34.21246],[-118.25827,34.21248],[-118.25794,34.21252],[-118.25776,34.21257],[-118.25741,34.21268],[-118.25667,34.2128],[-118.25647,34.21282],[-118.25573,34.21279],[-118.25565,34.2128],[-118.25508,34.213],[-118.25497,34.21306],[-118.25473,34.21328],[-118.25462,34.21335],[-118.25417,34.21353],[-118.25401,34.21358],[-118.25384,34.2136],[-118.25365,34.2136],[-118.25308,34.21371],[-118.25294,34.2138],[-118.2527,34.21395],[-118.25261,34.21399],[-118.25222,34.21413],[-118.25212,34.21416],[-118.25175,34.21437],[-118.25154,34.21441],[-118.25126,34.21448],[-118.25114,34.21456],[-118.2511,34.21465],[-118.25111,34.21484],[-118.25117,34.21495],[-118.25126,34.21508],[-118.25137,34.21521],[-118.25155,34.21536],[-118.25163,34.21543],[-118.2517,34.21576],[-118.25172,34.21584],[-118.25171,34.21589],[-118.25166,34.21591],[-118.25158,34.21591],[-118.25154,34.21587],[-118.25145,34.21582],[-118.25124,34.21574],[-118.25111,34.21573],[-118.25092,34.21575],[-118.25092,34.21401],[-118.25092,34.21361],[-118.25213,34.21322],[-118.25234,34.21313],[-118.25259,34.21292],[-118.25269,34.21279],[-118.25279,34.21283],[-118.2531,34.21288],[-118.25341,34.21279],[-118.25366,34.21266],[-118.25443,34.21249],[-118.25514,34.21249],[-118.25545,34.21228],[-118.2558,34.21202],[-118.25606,34.21185],[-118.25637,34.21185],[-118.25662,34.21202],[-118.25708,34.21202],[-118.25764,34.21193],[-118.25805,34.21193],[-118.25861,34.2118],[-118.25907,34.21176],[-118.25966,34.21162],[-118.2597,34.21158],[-118.25981,34.2115]]]},"properties":{"QUAD_NAME":"Burbank"}},{"type":"Feature","geometry":{"type":"Polygon","coordinates":[[[-118.27387,34.11041],[-118.27359,34.11068],[-118.273,34.11102],[-118.27278,34.11119],[-118.27257,34.11132],[-118.2725,34.11154],[-118.27239,34.11165],[-118.27211,34.11177],[-118.27174,34.11175],[-118.27102,34.1114],[-118.27057,34.11102],[-118.27023,34.11082],[-118.2701,34.11069],[-118.27004,34.11057],[-118.27002,34.11033],[-118.26997,34.11022],[-118.26998,34.10991],[-118.27002,34.10982],[-118.27001,34.10973],[-118.27027,34.1094],[-118.26984,34.1091],[-118.26968,34.10894],[-118.26886,34.1087],[-118.26869,34.10855],[-118.26858,34.10837],[-118.26856,34.10824],[-118.26869,34.10817],[-118.26889,34.10814],[-118.26932,34.10816],[-118.27001,34.10845],[-118.27044,34.10851],[-118.27075,34.10837],[-118.27095,34.1082],[-118.27123,34.10784],[-118.2713,34.10761],[-118.27131,34.10747],[-118.27141,34.10755],[-118.27147,34.10761],[-118.27174,34.10784],[-118.27184,34.10793],[-118.272,34.10807],[-118.27204,34.1081],[-118.27208,34.10814],[-118.27222,34.10827],[-118.27237,34.1084],[-118.2724,34.10842],[-118.27246,34.10848],[-118.27255,34.10856],[-118.27259,34.1086],[-118.27269,34.10869],[-118.27282,34.10881],[-118.27327,34.10922],[-118.27342,34.10936],[-118.27359,34.10952],[-118.2736,34.10953],[-118.27397,34.10989],[-118.27405,34.10996],[-118.27405,34.10997],[-118.27406,34.10997],[-118.27406,34.10998],[-118.27407,34.10998],[-118.27407,34.10999],[-118.27408,34.10999],[-118.27408,34.11],[-118.27409,34.11001],[-118.2741,34.11001],[-118.2741,34.11002],[-118.27411,34.11002],[-118.27411,34.11003],[-118.27412,34.11003],[-118.27412,34.11004],[-118.27413,34.11004],[-118.27414,34.11005],[-118.27415,34.11006],[-118.27416,34.11007],[-118.27416,34.11008],[-118.27417,34.11008],[-118.27418,34.11009],[-118.27418,34.1101],[-118.27403,34.11019],[-118.27387,34.11041]],[[-118.27142,34.11013],[-118.27082,34.11066],[-118.27082,34.11086],[-118.27165,34.11155],[-118.27204,34.11136],[-118.27244,34.11099],[-118.27241,34.11051],[-118.27178,34.10997],[-118.27142,34.11013]]]},"properties":{"QUAD_NAME":"Hollywood"}},{"type":"Feature","geometry":{"type":"Polygon","coordinates":[[[-118.27451,34.12181],[-118.27444,34.12192],[-118.27446,34.12224],[-118.27444,34.12233],[-118.27422,34.12271],[-118.27411,34.12303],[-118.27411,34.12312],[-118.27402,34.12341],[-118.27397,34.12402],[-118.27403,34.12426],[-118.27402,34.1245],[-118.27425,34.12484],[-118.27448,34.12502],[-118.26537,34.12502],[-118.26456,34.12368],[-118.26446,34.12312],[-118.26451,34.12245],[-118.26451,34.12161],[-118.26436,34.12],[-118.26427,34.11969],[-118.2639,34.11906],[-118.26387,34.11902],[-118.26371,34.11868],[-118.26371,34.1181],[-118.26375,34.11753],[-118.26368,34.11666],[-118.26357,34.11647],[-118.26349,34.11629],[-118.26341,34.11614],[-118.26321,34.11584],[-118.263,34.11551],[-118.26253,34.11497],[-118.26124,34.11391],[-118.26025,34.11374],[-118.25944,34.11348],[-118.25935,34.11345],[-118.25762,34.11318],[-118.25712,34.11306],[-118.25672,34.11286],[-118.25611,34.1124],[-118.2558,34.11211],[-118.25485,34.11165],[-118.25415,34.1117],[-118.25329,34.11189],[-118.25242,34.11181],[-118.25159,34.1115],[-118.25105,34.11113],[-118.25092,34.11085],[-118.25092,34.10105],[-118.25101,34.10114],[-118.25117,34.1012],[-118.25222,34.10121],[-118.25233,34.10124],[-118.25246,34.10135],[-118.2525,34.10142],[-118.25261,34.10177],[-118.25268,34.10323],[-118.25281,34.10357],[-118.25313,34.10405],[-118.25375,34.10461],[-118.25392,34.10472],[-118.25449,34.1049],[-118.25457,34.1049],[-118.25498,34.10503],[-118.25513,34.10505],[-118.25542,34.10518],[-118.25567,34.10525],[-118.25593,34.10536],[-118.25621,34.10564],[-118.25645,34.10555],[-118.25658,34.10553],[-118.2568,34.10542],[-118.25704,34.10537],[-118.25765,34.1048],[-118.2578,34.10471],[-118.25798,34.10451],[-118.25804,34.10436],[-118.25806,34.10405],[-118.25792,34.10369],[-118.25774,34.1034],[-118.25736,34.10345],[-118.25681,34.10341],[-118.25605,34.10315],[-118.25648,34.10291],[-118.25726,34.1027],[-118.25746,34.10254],[-118.25759,34.10234],[-118.2576,34.10168],[-118.25738,34.10142],[-118.25736,34.1012],[-118.25754,34.10101],[-118.25866,34.10116],[-118.25919,34.10127],[-118.25914,34.10141],[-118.25902,34.10181],[-118.25902,34.10212],[-118.259,34.10213],[-118.25902,34.1024],[-118.25899,34.10248],[-118.25906,34.10284],[-118.25905,34.10322],[-118.25907,34.10323],[-118.25905,34.10376],[-118.25909,34.10406],[-118.25943,34.10475],[-118.25953,34.10486],[-118.25988,34.10501],[-118.26055,34.10559],[-118.26096,34.10574],[-118.26128,34.10598],[-118.26156,34.1061],[-118.26163,34.10616],[-118.26206,34.10634],[-118.26221,34.10645],[-118.26253,34.10658],[-118.26264,34.10667],[-118.2632,34.10685],[-118.26337,34.10686],[-118.26363,34.10695],[-118.26413,34.10717],[-118.26543,34.10736],[-118.26595,34.10723],[-118.26621,34.10713],[-118.26634,34.10711],[-118.26654,34.10704],[-118.26669,34.1069],[-118.26671,34.1067],[-118.26648,34.10639],[-118.26624,34.10617],[-118.26613,34.10601],[-118.26594,34.10584],[-118.26566,34.10568],[-118.26551,34.10553],[-118.26529,34.10541],[-118.26508,34.10522],[-118.26502,34.10513],[-118.26413,34.10441],[-118.26392,34.10417],[-118.26386,34.10414],[-118.26375,34.10402],[-118.26365,34.10383],[-118.26349,34.10348],[-118.26333,34.10297],[-118.26316,34.10237],[-118.26412,34.10276],[-118.26474,34.10386],[-118.2648,34.10393],[-118.26493,34.10395],[-118.26596,34.10393],[-118.26611,34.10391],[-118.26618,34.10387],[-118.26622,34.1038],[-118.26622,34.10375],[-118.26651,34.1039],[-118.26689,34.10414],[-118.26697,34.10428],[-118.26708,34.10478],[-118.26722,34.10515],[-118.26731,34.10547],[-118.26733,34.10605],[-118.2673,34.10607],[-118.26735,34.10623],[-118.26739,34.1067],[-118.26749,34.10708],[-118.26751,34.10733],[-118.26766,34.10769],[-118.26791,34.10816],[-118.26793,34.10829],[-118.26791,34.10846],[-118.26765,34.10845],[-118.26689,34.10823],[-118.26646,34.10819],[-118.2659,34.10819],[-118.26566,34.10822],[-118.26494,34.1082],[-118.26364,34.1083],[-118.26323,34.10828],[-118.26278,34.10803],[-118.26226,34.10763],[-118.26162,34.1073],[-118.26129,34.10704],[-118.26118,34.1069],[-118.26084,34.10662],[-118.25972,34.10615],[-118.25927,34.1058],[-118.25894,34.10567],[-118.25871,34.10562],[-118.2584,34.10558],[-118.25812,34.10551],[-118.25786,34.1055],[-118.2576,34.10556],[-118.25725,34.10572],[-118.25714,34.1058],[-118.25699,34.106],[-118.25692,34.10635],[-118.25718,34.10658],[-118.25728,34.1068],[-118.25744,34.10696],[-118.25804,34.10745],[-118.25823,34.10758],[-118.25938,34.10799],[-118.26041,34.10844],[-118.26071,34.10854],[-118.26143,34.10892],[-118.26167,34.10912],[-118.26204,34.10934],[-118.26258,34.10956],[-118.26329,34.10999],[-118.2641,34.11048],[-118.26481,34.11076],[-118.26588,34.11123],[-118.26637,34.1115],[-118.2666,34.11159],[-118.26703,34.11185],[-118.26711,34.11187],[-118.26762,34.11203],[-118.268,34.11234],[-118.26824,34.11249],[-118.26846,34.11267],[-118.26856,34.11281],[-118.26906,34.11321],[-118.26971,34.11361],[-118.27024,34.11421],[-118.27059,34.11441],[-118.2708,34.11455],[-118.27107,34.11467],[-118.27157,34.11469],[-118.27176,34.11474],[-118.272,34.11476],[-118.27227,34.1148],[-118.27303,34.11471],[-118.27333,34.1148],[-118.27355,34.11483],[-118.27421,34.1147],[-118.27499,34.11464],[-118.27519,34.11455],[-118.27565,34.11452],[-118.27585,34.11471],[-118.27593,34.11488],[-118.27593,34.11499],[-118.27582,34.11526],[-118.27519,34.11594],[-118.27446,34.11651],[-118.27388,34.11715],[-118.27329,34.11835],[-118.27334,34.11846],[-118.27357,34.11909],[-118.27384,34.1194],[-118.27413,34.11961],[-118.27389,34.11966],[-118.27395,34.11996],[-118.27409,34.12034],[-118.27441,34.12094],[-118.27446,34.12121],[-118.27452,34.12147],[-118.27451,34.12168],[-118.27448,34.12175],[-118.27451,34.12181]]]},"properties":{"QUAD_NAME":"Hollywood"}},{"type":"Feature","geometry":{"type":"MultiPolygon","coordinates":[[[[-118.25092,34.10891],[-118.25092,34.11085],[-118.25002,34.11057],[-118.24952,34.1106],[-118.24845,34.11057],[-118.24746,34.11052],[-118.24682,34.1105],[-118.24613,34.11033],[-118.24556,34.11025],[-118.24506,34.11017],[-118.24463,34.11014],[-118.2443,34.11022],[-118.24416,34.11042],[-118.2441,34.11083],[-118.24407,34.11125],[-118.24394,34.11183],[-118.24377,34.11216],[-118.243,34.1133],[-118.24332,34.11255],[-118.24336,34.11216],[-118.24352,34.11175],[-118.24353,34.11133],[-118.2433,34.11085],[-118.24313,34.11073],[-118.24298,34.11068],[-118.24263,34.11071],[-118.24246,34.11079],[-118.24214,34.11105],[-118.24171,34.11161],[-118.24143,34.11218],[-118.24122,34.11289],[-118.24117,34.11297],[-118.24106,34.11252],[-118.24108,34.11194],[-118.24113,34.11167],[-118.24166,34.11093],[-118.24181,34.11084],[-118.24235,34.11065],[-118.24249,34.11036],[-118.24251,34.11005],[-118.24178,34.10898],[-118.24144,34.10831],[-118.24112,34.10799],[-118.24061,34.10763],[-118.24029,34.10724],[-118.23982,34.10617],[-118.23968,34.10594],[-118.23942,34.10576],[-118.23925,34.10572],[-118.23929,34.1057],[-118.23939,34.10563],[-118.23961,34.10548],[-118.23996,34.10523],[-118.24027,34.10502],[-118.24052,34.10485],[-118.24225,34.10379],[-118.24409,34.10289],[-118.24603,34.10213],[-118.24805,34.10154],[-118.25014,34.10112],[-118.25091,34.10103],[-118.25092,34.10105],[-118.25092,34.10822],[-118.25092,34.10888],[-118.25092,34.10889],[-118.25092,34.10891]]],[[[-118.23418,34.10953],[-118.2341,34.10957],[-118.23397,34.10958],[-118.23374,34.10954],[-118.23276,34.10905],[-118.23217,34.10892],[-118.23212,34.10892],[-118.23251,34.10887],[-118.23292,34.10881],[-118.23335,34.10875],[-118.23359,34.10872],[-118.23424,34.10863],[-118.23476,34.10856],[-118.2348,34.10855],[-118.23481,34.10856],[-118.23479,34.10866],[-118.23445,34.10927],[-118.23418,34.10953]]],[[[-118.22708,34.11045],[-118.22682,34.11059],[-118.22673,34.1106],[-118.22675,34.11054],[-118.2271,34.11023],[-118.22724,34.11001],[-118.22766,34.10986],[-118.2278,34.10983],[-118.22766,34.10992],[-118.22747,34.11016],[-118.22726,34.11028],[-118.22708,34.11045]]],[[[-118.22279,34.11365],[-118.22293,34.1137],[-118.22319,34.11371],[-118.22325,34.1139],[-118.2232,34.11405],[-118.22335,34.11451],[-118.22256,34.11367],[-118.22219,34.11324],[-118.22181,34.11289],[-118.22168,34.11283],[-118.22144,34.11285],[-118.22195,34.1125],[-118.22211,34.1126],[-118.22217,34.11289],[-118.22231,34.11313],[-118.22267,34.11356],[-118.22279,34.11365]]],[[[-118.23801,34.10923],[-118.23814,34.10962],[-118.23817,34.10986],[-118.23809,34.11007],[-118.23787,34.11022],[-118.23789,34.11107],[-118.23782,34.1112],[-118.2375,34.11156],[-118.23743,34.11209],[-118.23733,34.11241],[-118.23707,34.11263],[-118.23696,34.11276],[-118.23686,34.11315],[-118.23671,34.11333],[-118.23657,34.11339],[-118.23629,34.11342],[-118.23613,34.11347],[-118.2358,34.11368],[-118.23536,34.11436],[-118.23512,34.11458],[-118.23435,34.11518],[-118.23395,34.1157],[-118.23318,34.11654],[-118.23258,34.1173],[-118.23177,34.11814],[-118.2307,34.11894],[-118.23026,34.11952],[-118.23012,34.12002],[-118.23029,34.12057],[-118.23043,34.1207],[-118.23044,34.12084],[-118.23062,34.12111],[-118.2306,34.12117],[-118.23043,34.12129],[-118.23035,34.12182],[-118.23048,34.12206],[-118.23112,34.12285],[-118.23157,34.12319],[-118.23166,34.12322],[-118.23209,34.1232],[-118.23289,34.12303],[-118.23282,34.12346],[-118.23296,34.12372],[-118.23322,34.12398],[-118.23341,34.12412],[-118.23379,34.12428],[-118.234,34.12431],[-118.23427,34.12427],[-118.23468,34.12396],[-118.23476,34.12393],[-118.23504,34.12405],[-118.23532,34.12411],[-118.23568,34.12416],[-118.23588,34.12413],[-118.23602,34.12406],[-118.23631,34.12376],[-118.23645,34.12372],[-118.23659,34.12379],[-118.23703,34.12421],[-118.23774,34.12467],[-118.23793,34.1249],[-118.23803,34.12502],[-118.23661,34.12502],[-118.23654,34.12499],[-118.23649,34.12498],[-118.23626,34.12495],[-118.23605,34.12494],[-118.23574,34.12493],[-118.23548,34.12493],[-118.23522,34.12496],[-118.23513,34.12498],[-118.23502,34.12502],[-118.23286,34.12502],[-118.22747,34.12502],[-118.22704,34.12502],[-118.22701,34.12487],[-118.22701,34.12469],[-118.22681,34.12452],[-118.22673,34.1243],[-118.22657,34.12406],[-118.22621,34.12374],[-118.22598,34.12369],[-118.22582,34.12371],[-118.2253,34.12396],[-118.22455,34.12474],[-118.22449,34.12472],[-118.22432,34.12451],[-118.22411,34.12447],[-118.22371,34.12448],[-118.22343,34.12457],[-118.22323,34.12485],[-118.2232,34.12491],[-118.2231,34.12503],[-118.21257,34.12503],[-118.21251,34.12484],[-118.21288,34.12403],[-118.21298,34.12355],[-118.2129,34.1231],[-118.21276,34.12277],[-118.21274,34.12274],[-118.21393,34.12187],[-118.21429,34.12203],[-118.21464,34.12209],[-118.2153,34.12201],[-118.21559,34.12214],[-118.21586,34.12214],[-118.21647,34.1219],[-118.21704,34.12219],[-118.21754,34.12219],[-118.21839,34.12209],[-118.2185,34.12204],[-118.21855,34.12196],[-118.21855,34.12178],[-118.21914,34.1218],[-118.22022,34.12131],[-118.22113,34.12098],[-118.22141,34.12079],[-118.22143,34.12069],[-118.22138,34.12053],[-118.22099,34.11995],[-118.22072,34.11972],[-118.22039,34.11956],[-118.22005,34.11916],[-118.21913,34.11847],[-118.21901,34.1183],[-118.21839,34.11786],[-118.21801,34.11771],[-118.21772,34.11766],[-118.21751,34.11772],[-118.21735,34.11791],[-118.21726,34.11814],[-118.21721,34.11843],[-118.21716,34.11845],[-118.21709,34.11832],[-118.21706,34.11796],[-118.21688,34.11768],[-118.21674,34.11754],[-118.2166,34.11748],[-118.21696,34.11703],[-118.21726,34.11679],[-118.21731,34.11684],[-118.21735,34.11708],[-118.21746,34.11728],[-118.21765,34.1174],[-118.2178,34.1174],[-118.21805,34.11729],[-118.21825,34.11707],[-118.21878,34.11637],[-118.21935,34.11589],[-118.21947,34.11599],[-118.21918,34.11619],[-118.21897,34.11646],[-118.21877,34.11698],[-118.21866,34.11756],[-118.2187,34.11782],[-118.21879,34.11794],[-118.21932,34.11826],[-118.21953,34.11833],[-118.21974,34.11843],[-118.22017,34.1184],[-118.22001,34.11859],[-118.21999,34.11879],[-118.22082,34.11947],[-118.22099,34.1195],[-118.22109,34.11948],[-118.22126,34.11938],[-118.2216,34.1191],[-118.22166,34.11911],[-118.2217,34.11919],[-118.22169,34.11926],[-118.22147,34.11951],[-118.2214,34.11971],[-118.22141,34.12],[-118.22161,34.12056],[-118.22175,34.12077],[-118.222,34.12093],[-118.22237,34.12106],[-118.2226,34.12104],[-118.22307,34.1208],[-118.22319,34.12065],[-118.2233,34.12034],[-118.22389,34.12057],[-118.22425,34.12048],[-118.22445,34.12031],[-118.22455,34.11988],[-118.22464,34.11982],[-118.22517,34.11974],[-118.22554,34.11963],[-118.22601,34.11959],[-118.2269,34.11942],[-118.22715,34.11928],[-118.2272,34.1192],[-118.22726,34.11896],[-118.22732,34.11887],[-118.22739,34.11888],[-118.22777,34.1191],[-118.2281,34.11911],[-118.22889,34.11883],[-118.22929,34.11858],[-118.22944,34.11842],[-118.22955,34.11812],[-118.22964,34.11808],[-118.23027,34.11799],[-118.23045,34.11794],[-118.23066,34.11781],[-118.23083,34.11762],[-118.23114,34.11731],[-118.23117,34.11717],[-118.23115,34.11707],[-118.23104,34.11697],[-118.23044,34.11661],[-118.23012,34.11646],[-118.23059,34.11644],[-118.23117,34.11653],[-118.23142,34.11652],[-118.2322,34.11637],[-118.23266,34.11614],[-118.23336,34.11541],[-118.2341,34.11455],[-118.23442,34.11402],[-118.23459,34.11382],[-118.23487,34.1136],[-118.235,34.11342],[-118.23508,34.1132],[-118.23516,34.11276],[-118.23538,34.11216],[-118.23568,34.11168],[-118.23624,34.11061],[-118.23626,34.11036],[-118.23613,34.10997],[-118.23614,34.10977],[-118.23629,34.10953],[-118.23645,34.10934],[-118.23682,34.10908],[-118.23715,34.10872],[-118.23748,34.10827],[-118.23768,34.1077],[-118.23775,34.10675],[-118.23784,34.10668],[-118.23825,34.10641],[-118.23847,34.10626],[-118.23853,34.10622],[-118.23864,34.10614],[-118.23856,34.10633],[-118.23842,34.107],[-118.2382,34.10762],[-118.23798,34.10893],[-118.23801,34.10923]]]]},"properties":{"QUAD_NAME":"Los Angeles"}},{"type":"Feature","geometry":{"type":"Polygon","coordinates":[[[-118.24663,34.1229],[-118.24637,34.12368],[-118.24595,34.12478],[-118.24595,34.12493],[-118.24593,34.12502],[-118.24574,34.12502],[-118.24478,34.12502],[-118.24421,34.12501],[-118.24391,34.12502],[-118.2439,34.1249],[-118.24425,34.12447],[-118.24456,34.12377],[-118.24452,34.12346],[-118.24431,34.12326],[-118.24443,34.12304],[-118.24479,34.12282],[-118.24539,34.12259],[-118.24586,34.12246],[-118.24641,34.12244],[-118.24671,34.12247],[-118.24686,34.12257],[-118.24663,34.1229]]]},"properties":{"QUAD_NAME":"Los Angeles"}},{"type":"Feature","geometry":{"type":"Polygon","coordinates":[[[-118.25092,34.21448],[-118.25092,34.21501],[-118.25092,34.21575],[-118.25078,34.2156],[-118.25054,34.21534],[-118.25043,34.21524],[-118.25028,34.21521],[-118.25004,34.21522],[-118.24989,34.21529],[-118.24975,34.21531],[-118.2497,34.21535],[-118.24964,34.21541],[-118.24962,34.21548],[-118.24963,34.21553],[-118.24977,34.2157],[-118.24983,34.21579],[-118.24984,34.21587],[-118.24982,34.21593],[-118.24981,34.216],[-118.24976,34.21603],[-118.24982,34.21609],[-118.24984,34.21614],[-118.24991,34.21619],[-118.25007,34.21628],[-118.2501,34.21629],[-118.25019,34.21635],[-118.25023,34.21644],[-118.25029,34.21652],[-118.25028,34.21655],[-118.25038,34.2167],[-118.25045,34.21677],[-118.25047,34.21685],[-118.25054,34.21714],[-118.25067,34.21735],[-118.25078,34.21757],[-118.25092,34.21774],[-118.25092,34.21896],[-118.25092,34.22412],[-118.25028,34.22398],[-118.24945,34.22382],[-118.2485,34.22404],[-118.24767,34.22353],[-118.24726,34.22228],[-118.24787,34.2212],[-118.24821,34.22034],[-118.24869,34.21926],[-118.24916,34.21721],[-118.24889,34.21641],[-118.24772,34.21607],[-118.24669,34.21545],[-118.24614,34.21493],[-118.24435,34.21408],[-118.24346,34.21369],[-118.24209,34.21323],[-118.24058,34.21198],[-118.24064,34.21028],[-118.2405,34.20931],[-118.23995,34.20806],[-118.23919,34.20663],[-118.23785,34.20529],[-118.23726,34.20522],[-118.2368,34.20556],[-118.23661,34.20545],[-118.23691,34.20506],[-118.2367,34.20483],[-118.23597,34.20434],[-118.23491,34.20373],[-118.23371,34.20335],[-118.23224,34.2032],[-118.23109,34.20317],[-118.22962,34.20367],[-118.22811,34.20439],[-118.22655,34.20543],[-118.22535,34.2062],[-118.22458,34.20708],[-118.22425,34.20773],[-118.2243,34.20868],[-118.22437,34.20914],[-118.22499,34.21011],[-118.22519,34.21079],[-118.2254,34.21142],[-118.2254,34.21239],[-118.22534,34.21279],[-118.22499,34.2133],[-118.22445,34.21359],[-118.22427,34.21357],[-118.22421,34.21349],[-118.22418,34.21345],[-118.22419,34.21338],[-118.22417,34.21331],[-118.22406,34.21324],[-118.22398,34.2132],[-118.22385,34.21319],[-118.22379,34.21316],[-118.22374,34.21316],[-118.22363,34.21312],[-118.22337,34.21295],[-118.22327,34.21292],[-118.22318,34.21283],[-118.2231,34.2128],[-118.22285,34.21273],[-118.22279,34.21273],[-118.22253,34.21278],[-118.22236,34.21283],[-118.22224,34.21283],[-118.22213,34.2128],[-118.22204,34.21273],[-118.22204,34.21253],[-118.22204,34.21251],[-118.22197,34.21239],[-118.22185,34.21228],[-118.22187,34.21222],[-118.22186,34.21207],[-118.22193,34.21195],[-118.22217,34.21173],[-118.22227,34.21157],[-118.2223,34.2114],[-118.22224,34.21128],[-118.2222,34.21124],[-118.22209,34.21112],[-118.22204,34.21102],[-118.22205,34.21099],[-118.22198,34.21069],[-118.22187,34.21062],[-118.22172,34.21059],[-118.22166,34.21059],[-118.22152,34.21049],[-118.22123,34.21043],[-118.22115,34.21035],[-118.2211,34.21027],[-118.22103,34.2101],[-118.22097,34.20987],[-118.22099,34.2098],[-118.22074,34.20968],[-118.22038,34.20949],[-118.21948,34.20888],[-118.21949,34.20885],[-118.2196,34.20869],[-118.21979,34.20859],[-118.21982,34.20856],[-118.22004,34.20847],[-118.22008,34.20841],[-118.22011,34.2084],[-118.22014,34.20832],[-118.22009,34.20813],[-118.21999,34.20797],[-118.21994,34.20786],[-118.21992,34.20785],[-118.21968,34.20743],[-118.21968,34.20738],[-118.21976,34.20737],[-118.22024,34.20749],[-118.22035,34.2075],[-118.22042,34.20748],[-118.22056,34.20738],[-118.22061,34.20738],[-118.22074,34.20747],[-118.22099,34.2075],[-118.22111,34.20755],[-118.22118,34.2076],[-118.22122,34.20767],[-118.22128,34.20771],[-118.22134,34.20772],[-118.22141,34.20771],[-118.22143,34.2077],[-118.2215,34.2077],[-118.22168,34.2076],[-118.22203,34.20734],[-118.2221,34.20726],[-118.22223,34.20709],[-118.22229,34.2069],[-118.22231,34.2069],[-118.22228,34.20681],[-118.22236,34.20665],[-118.22238,34.20665],[-118.22248,34.20654],[-118.2226,34.2065],[-118.22263,34.20647],[-118.22272,34.20643],[-118.22286,34.20629],[-118.22291,34.20614],[-118.22296,34.20607],[-118.22299,34.20597],[-118.22298,34.20573],[-118.22289,34.20559],[-118.22284,34.20547],[-118.22276,34.20539],[-118.22267,34.20533],[-118.22251,34.20527],[-118.22245,34.20528],[-118.22215,34.20547],[-118.22196,34.20557],[-118.22176,34.20558],[-118.22164,34.20555],[-118.22146,34.20556],[-118.22132,34.2056],[-118.22116,34.2056],[-118.2211,34.20562],[-118.22108,34.20562],[-118.22093,34.2057],[-118.22086,34.20569],[-118.22084,34.20558],[-118.22087,34.20547],[-118.22081,34.2054],[-118.22077,34.20538],[-118.22059,34.20535],[-118.22057,34.20536],[-118.22042,34.20535],[-118.22033,34.20537],[-118.22016,34.20537],[-118.21992,34.20553],[-118.21977,34.20565],[-118.21975,34.20574],[-118.21949,34.20589],[-118.21936,34.20568],[-118.21931,34.20566],[-118.21931,34.20564],[-118.21924,34.2056],[-118.21916,34.20559],[-118.21903,34.20559],[-118.21898,34.20563],[-118.21891,34.20564],[-118.21884,34.20567],[-118.21876,34.20569],[-118.21854,34.20579],[-118.21846,34.2058],[-118.21815,34.206],[-118.21809,34.20602],[-118.21801,34.20609],[-118.21798,34.20609],[-118.21776,34.20628],[-118.21759,34.20645],[-118.21748,34.2065],[-118.21748,34.20652],[-118.21737,34.20655],[-118.21733,34.20658],[-118.21729,34.20656],[-118.21729,34.20654],[-118.21723,34.20658],[-118.21738,34.20637],[-118.21749,34.20623],[-118.21752,34.20608],[-118.21752,34.20597],[-118.21747,34.20585],[-118.21729,34.20567],[-118.21717,34.20565],[-118.21663,34.20543],[-118.21604,34.20535],[-118.21571,34.20525],[-118.21562,34.20525],[-118.21559,34.20522],[-118.21532,34.20515],[-118.21532,34.20513],[-118.21521,34.2051],[-118.2151,34.20508],[-118.21502,34.20512],[-118.21502,34.20529],[-118.21499,34.20537],[-118.21499,34.20543],[-118.21497,34.20549],[-118.21487,34.20563],[-118.21487,34.20565],[-118.21471,34.20582],[-118.21445,34.20602],[-118.21441,34.20612],[-118.21439,34.20623],[-118.21443,34.20649],[-118.21441,34.20658],[-118.21432,34.20663],[-118.21424,34.20661],[-118.21421,34.20658],[-118.21417,34.20645],[-118.2142,34.20644],[-118.21417,34.20635],[-118.21417,34.2062],[-118.21436,34.20581],[-118.21451,34.2057],[-118.21467,34.20558],[-118.2147,34.20548],[-118.21476,34.20541],[-118.21481,34.20513],[-118.21472,34.20507],[-118.21471,34.205],[-118.21466,34.20491],[-118.21479,34.20465],[-118.21489,34.20457],[-118.21491,34.20456],[-118.21501,34.20456],[-118.21506,34.20465],[-118.21503,34.20476],[-118.21511,34.20481],[-118.21556,34.20489],[-118.21571,34.20494],[-118.21601,34.20502],[-118.21614,34.20502],[-118.21618,34.205],[-118.21636,34.20509],[-118.21664,34.20514],[-118.21681,34.20519],[-118.21696,34.20522],[-118.21725,34.20523],[-118.21733,34.20526],[-118.21748,34.20527],[-118.21761,34.20531],[-118.21768,34.20534],[-118.21773,34.20538],[-118.2178,34.20555],[-118.21785,34.20562],[-118.21788,34.20565],[-118.21802,34.20569],[-118.2182,34.20569],[-118.21831,34.20565],[-118.21845,34.20557],[-118.2185,34.20556],[-118.21861,34.20546],[-118.21877,34.20539],[-118.21897,34.20534],[-118.21916,34.2053],[-118.21927,34.20529],[-118.21971,34.20517],[-118.21986,34.20512],[-118.21991,34.20512],[-118.22013,34.20505],[-118.22048,34.20497],[-118.22101,34.20488],[-118.22148,34.20484],[-118.22152,34.20484],[-118.22169,34.20479],[-118.22187,34.2047],[-118.222,34.20462],[-118.2221,34.20453],[-118.22216,34.20448],[-118.22218,34.20443],[-118.22222,34.20439],[-118.22231,34.20424],[-118.22233,34.20414],[-118.22238,34.20409],[-118.22243,34.20398],[-118.22246,34.20367],[-118.22251,34.20358],[-118.22251,34.20352],[-118.22254,34.20345],[-118.2226,34.2034],[-118.2226,34.20338],[-118.2227,34.2033],[-118.22269,34.20327],[-118.22277,34.20316],[-118.22293,34.20305],[-118.22299,34.20303],[-118.22337,34.20303],[-118.22352,34.203],[-118.22362,34.20296],[-118.22369,34.20297],[-118.22374,34.20293],[-118.22373,34.20289],[-118.22378,34.20286],[-118.22379,34.20287],[-118.22386,34.20288],[-118.2241,34.20288],[-118.22454,34.20278],[-118.22468,34.20276],[-118.22473,34.20276],[-118.22481,34.20275],[-118.22519,34.20269],[-118.22536,34.20263],[-118.22548,34.20256],[-118.22561,34.20237],[-118.22573,34.20213],[-118.2258,34.20204],[-118.22586,34.20191],[-118.22586,34.20187],[-118.22591,34.20181],[-118.22597,34.20165],[-118.2261,34.20141],[-118.2262,34.20127],[-118.22648,34.201],[-118.22655,34.2009],[-118.22654,34.2009],[-118.22679,34.20079],[-118.22697,34.20065],[-118.22701,34.2006],[-118.22703,34.20051],[-118.227,34.20043],[-118.22697,34.20041],[-118.2268,34.20011],[-118.2267,34.19999],[-118.22664,34.19979],[-118.22665,34.19978],[-118.22662,34.19968],[-118.22662,34.19944],[-118.22663,34.19924],[-118.22647,34.19927],[-118.22633,34.19927],[-118.22625,34.19925],[-118.22612,34.19919],[-118.22608,34.1992],[-118.22598,34.19912],[-118.22596,34.19908],[-118.22597,34.19907],[-118.22588,34.199],[-118.22573,34.19894],[-118.22555,34.19894],[-118.22542,34.19897],[-118.22535,34.199],[-118.22519,34.19913],[-118.22515,34.19913],[-118.22508,34.1992],[-118.22502,34.1994],[-118.22488,34.19956],[-118.22485,34.19975],[-118.22482,34.19981],[-118.22477,34.19986],[-118.22464,34.20008],[-118.22451,34.20024],[-118.22443,34.2003],[-118.22429,34.20034],[-118.22425,34.20034],[-118.2241,34.20038],[-118.22401,34.20039],[-118.22381,34.20039],[-118.22359,34.20041],[-118.22352,34.20039],[-118.22329,34.2004],[-118.22317,34.20043],[-118.22316,34.20046],[-118.22305,34.20053],[-118.22292,34.20056],[-118.22287,34.20056],[-118.22259,34.20049],[-118.22283,34.20039],[-118.22295,34.20036],[-118.22312,34.20023],[-118.22314,34.20013],[-118.22316,34.20008],[-118.22316,34.19995],[-118.22307,34.19982],[-118.22297,34.19972],[-118.22267,34.1995],[-118.22267,34.19946],[-118.22282,34.1995],[-118.22291,34.1995],[-118.22308,34.19951],[-118.22325,34.19949],[-118.22341,34.19943],[-118.22365,34.19929],[-118.22379,34.19918],[-118.22398,34.19899],[-118.22403,34.19897],[-118.22412,34.19885],[-118.22413,34.19879],[-118.22419,34.19874],[-118.22424,34.1986],[-118.2243,34.19849],[-118.22443,34.19837],[-118.22447,34.19835],[-118.22454,34.19826],[-118.22457,34.19813],[-118.22463,34.19806],[-118.22489,34.19794],[-118.22498,34.19786],[-118.22511,34.19779],[-118.2252,34.1977],[-118.22527,34.19745],[-118.2253,34.19742],[-118.22532,34.19717],[-118.22535,34.19712],[-118.22554,34.19706],[-118.22553,34.19705],[-118.22557,34.19704],[-118.22584,34.19696],[-118.22586,34.19693],[-118.22589,34.1969],[-118.22602,34.19676],[-118.22622,34.19665],[-118.22659,34.19653],[-118.22676,34.19649],[-118.22689,34.19643],[-118.22694,34.19643],[-118.227,34.1964],[-118.22703,34.19638],[-118.2271,34.19633],[-118.22721,34.1962],[-118.22725,34.19614],[-118.22729,34.19606],[-118.22736,34.19595],[-118.2274,34.19581],[-118.2274,34.19573],[-118.22743,34.19567],[-118.22742,34.19562],[-118.22746,34.19543],[-118.22745,34.19537],[-118.22743,34.19536],[-118.22741,34.19531],[-118.22737,34.19517],[-118.22731,34.19509],[-118.22728,34.19505],[-118.2272,34.19501],[-118.22692,34.19502],[-118.22687,34.19503],[-118.22683,34.19504],[-118.22676,34.19508],[-118.22667,34.19518],[-118.22659,34.1954],[-118.2265,34.19543],[-118.22634,34.19535],[-118.22626,34.19532],[-118.22625,34.19529],[-118.22606,34.19521],[-118.22598,34.19521],[-118.22598,34.19522],[-118.22589,34.19527],[-118.22576,34.19529],[-118.22557,34.19515],[-118.22539,34.1951],[-118.22526,34.19509],[-118.22515,34.19516],[-118.22506,34.19527],[-118.22506,34.19537],[-118.22491,34.19516],[-118.22489,34.19501],[-118.22486,34.19483],[-118.22476,34.1947],[-118.22468,34.19466],[-118.22459,34.19465],[-118.22455,34.19459],[-118.22455,34.19454],[-118.22462,34.19448],[-118.22469,34.19445],[-118.22482,34.19438],[-118.22487,34.19427],[-118.2249,34.19424],[-118.22528,34.19408],[-118.22545,34.19398],[-118.22553,34.19389],[-118.22557,34.19387],[-118.22554,34.19366],[-118.22546,34.1935],[-118.22541,34.19345],[-118.22538,34.19333],[-118.22534,34.19328],[-118.22533,34.19324],[-118.22536,34.19315],[-118.22543,34.19309],[-118.22549,34.19298],[-118.22553,34.19295],[-118.22562,34.19276],[-118.22567,34.19272],[-118.22575,34.19254],[-118.22549,34.19242],[-118.22544,34.19238],[-118.22541,34.19234],[-118.22535,34.19231],[-118.22546,34.19224],[-118.22567,34.192],[-118.22573,34.1919],[-118.22576,34.19186],[-118.22591,34.19171],[-118.2259,34.1917],[-118.22597,34.19162],[-118.22619,34.19149],[-118.2263,34.19139],[-118.22636,34.19137],[-118.22654,34.19121],[-118.22672,34.191],[-118.22679,34.19088],[-118.22679,34.19084],[-118.22683,34.19079],[-118.22688,34.19062],[-118.22692,34.19042],[-118.22693,34.19015],[-118.22699,34.18985],[-118.22698,34.18973],[-118.22689,34.18949],[-118.22681,34.1894],[-118.22672,34.18937],[-118.22643,34.18934],[-118.22623,34.18929],[-118.22602,34.18922],[-118.22594,34.18914],[-118.22583,34.18894],[-118.22512,34.18879],[-118.22495,34.18873],[-118.22492,34.1887],[-118.22492,34.18865],[-118.22497,34.18843],[-118.22496,34.1883],[-118.2249,34.18822],[-118.22473,34.18817],[-118.22451,34.18817],[-118.22449,34.18818],[-118.22416,34.18819],[-118.22379,34.18823],[-118.22374,34.18826],[-118.2237,34.18826],[-118.22367,34.18823],[-118.22326,34.18829],[-118.22339,34.18824],[-118.22351,34.18815],[-118.22362,34.188],[-118.22367,34.18789],[-118.2237,34.18788],[-118.22374,34.18777],[-118.22385,34.18764],[-118.2239,34.1875],[-118.22397,34.18742],[-118.22408,34.18745],[-118.22424,34.18751],[-118.2245,34.18764],[-118.22461,34.18766],[-118.22476,34.18772],[-118.22494,34.18776],[-118.22513,34.18777],[-118.22521,34.18776],[-118.22526,34.18773],[-118.22533,34.18774],[-118.22547,34.18767],[-118.22554,34.18756],[-118.22556,34.1875],[-118.22562,34.18726],[-118.22562,34.18708],[-118.2256,34.18695],[-118.22554,34.18679],[-118.22548,34.18664],[-118.22554,34.18646],[-118.2256,34.18641],[-118.22577,34.18638],[-118.226,34.18637],[-118.22622,34.18632],[-118.22649,34.18613],[-118.22654,34.1859],[-118.22654,34.18556],[-118.22636,34.18538],[-118.22619,34.18528],[-118.22599,34.18521],[-118.2259,34.18509],[-118.22597,34.18491],[-118.22607,34.18479],[-118.22617,34.18462],[-118.22618,34.18437],[-118.22608,34.18418],[-118.22593,34.18407],[-118.2258,34.18391],[-118.22574,34.18364],[-118.22579,34.18343],[-118.22574,34.18322],[-118.22572,34.18302],[-118.22565,34.18285],[-118.22538,34.18268],[-118.22498,34.18276],[-118.22484,34.18271],[-118.22441,34.18258],[-118.22403,34.18276],[-118.22382,34.18286],[-118.22361,34.18291],[-118.22316,34.18295],[-118.22287,34.18304],[-118.22259,34.1832],[-118.22227,34.18331],[-118.22196,34.18343],[-118.22172,34.18349],[-118.22136,34.18352],[-118.22093,34.18359],[-118.22052,34.18369],[-118.22016,34.18386],[-118.21967,34.18391],[-118.21915,34.18392],[-118.21869,34.18399],[-118.2183,34.18402],[-118.21804,34.1841],[-118.21778,34.18411],[-118.21743,34.18399],[-118.21775,34.18383],[-118.21808,34.18381],[-118.21857,34.18377],[-118.21905,34.18369],[-118.21962,34.18356],[-118.21985,34.18347],[-118.2203,34.18319],[-118.22062,34.18304],[-118.22111,34.18308],[-118.22153,34.18309],[-118.2217,34.18313],[-118.22206,34.18301],[-118.22224,34.1828],[-118.22286,34.18255],[-118.22319,34.18252],[-118.22377,34.18245],[-118.22426,34.18234],[-118.22467,34.1823],[-118.22496,34.18226],[-118.22519,34.18213],[-118.22524,34.18196],[-118.22516,34.18182],[-118.22502,34.18172],[-118.22487,34.18161],[-118.22484,34.18141],[-118.22499,34.18126],[-118.22533,34.18108],[-118.22563,34.18086],[-118.22572,34.18073],[-118.22581,34.18052],[-118.22576,34.18037],[-118.22558,34.18023],[-118.22525,34.18023],[-118.22496,34.1801],[-118.22491,34.1798],[-118.22505,34.17968],[-118.22519,34.17952],[-118.22531,34.1794],[-118.22546,34.17897],[-118.22534,34.1787],[-118.22504,34.17868],[-118.22458,34.17863],[-118.22434,34.17873],[-118.22412,34.1786],[-118.22403,34.17847],[-118.2236,34.17831],[-118.22345,34.17813],[-118.22355,34.17791],[-118.2235,34.17773],[-118.22329,34.17765],[-118.22297,34.17761],[-118.22254,34.17755],[-118.22233,34.17754],[-118.22197,34.1775],[-118.22165,34.17754],[-118.22136,34.17758],[-118.22118,34.17758],[-118.22096,34.1774],[-118.22066,34.17737],[-118.22049,34.17734],[-118.22031,34.17734],[-118.21998,34.17739],[-118.21974,34.1775],[-118.21952,34.17752],[-118.21921,34.17766],[-118.21903,34.17767],[-118.21881,34.17765],[-118.21869,34.17745],[-118.2189,34.17734],[-118.21908,34.17726],[-118.21943,34.17716],[-118.21961,34.1771],[-118.21997,34.17694],[-118.22023,34.17675],[-118.22047,34.17677],[-118.22075,34.17675],[-118.22113,34.17673],[-118.22151,34.17659],[-118.2219,34.17635],[-118.22244,34.17618],[-118.22278,34.17614],[-118.22317,34.17611],[-118.22353,34.17629],[-118.22371,34.17629],[-118.22403,34.1761],[-118.22411,34.17578],[-118.2242,34.17558],[-118.22433,34.17551],[-118.22451,34.17535],[-118.2247,34.17514],[-118.2248,34.17502],[-118.22477,34.17471],[-118.22468,34.17456],[-118.22445,34.17445],[-118.2243,34.17445],[-118.22414,34.17432],[-118.2243,34.17423],[-118.22445,34.17424],[-118.22464,34.17394],[-118.22458,34.17371],[-118.22441,34.17356],[-118.22414,34.17362],[-118.22392,34.1736],[-118.22399,34.17332],[-118.22433,34.17298],[-118.22475,34.17289],[-118.22499,34.17279],[-118.2252,34.17255],[-118.22545,34.1723],[-118.22556,34.17199],[-118.22551,34.17176],[-118.22542,34.17161],[-118.22527,34.17152],[-118.22507,34.17142],[-118.22509,34.17123],[-118.22535,34.17099],[-118.22523,34.17081],[-118.22514,34.17062],[-118.22515,34.17047],[-118.22529,34.17045],[-118.22544,34.17035],[-118.22551,34.17003],[-118.22561,34.16992],[-118.22571,34.1698],[-118.22586,34.16958],[-118.2256,34.1694],[-118.22552,34.1692],[-118.22556,34.16893],[-118.22546,34.16868],[-118.22572,34.16857],[-118.22607,34.16866],[-118.2264,34.16848],[-118.22664,34.16829],[-118.22658,34.16791],[-118.22631,34.16776],[-118.2263,34.16747],[-118.22667,34.16733],[-118.22687,34.16704],[-118.2268,34.16679],[-118.22701,34.16654],[-118.22697,34.16637],[-118.22709,34.16625],[-118.2273,34.16624],[-118.22745,34.16605],[-118.22751,34.16591],[-118.2274,34.16568],[-118.22731,34.16534],[-118.22701,34.16515],[-118.22655,34.1649],[-118.22634,34.16489],[-118.22625,34.16483],[-118.22616,34.16465],[-118.22593,34.16451],[-118.22558,34.16458],[-118.22527,34.16471],[-118.22522,34.16454],[-118.225,34.1645],[-118.22488,34.16429],[-118.22509,34.1642],[-118.22537,34.16422],[-118.2256,34.16434],[-118.22611,34.16438],[-118.22644,34.16427],[-118.2268,34.16436],[-118.22712,34.16449],[-118.22728,34.16454],[-118.22764,34.16453],[-118.2278,34.16469],[-118.22818,34.16512],[-118.22825,34.16523],[-118.22845,34.16538],[-118.22889,34.1655],[-118.22898,34.16544],[-118.22912,34.16528],[-118.22919,34.16497],[-118.22944,34.1648],[-118.22964,34.16477],[-118.22982,34.1648],[-118.23011,34.16468],[-118.23021,34.1645],[-118.23037,34.16445],[-118.23054,34.16419],[-118.23044,34.16405],[-118.23069,34.16393],[-118.23141,34.16396],[-118.23168,34.1639],[-118.23204,34.16374],[-118.2325,34.16366],[-118.23262,34.16362],[-118.23301,34.16338],[-118.23298,34.16321],[-118.23291,34.16293],[-118.23308,34.1627],[-118.2334,34.16281],[-118.23376,34.1627],[-118.23393,34.16259],[-118.2341,34.16233],[-118.23436,34.16222],[-118.2347,34.16211],[-118.23495,34.16189],[-118.23507,34.16165],[-118.23531,34.16155],[-118.23562,34.1614],[-118.23579,34.16127],[-118.23607,34.16086],[-118.23607,34.16065],[-118.23609,34.16048],[-118.23621,34.16032],[-118.2364,34.16004],[-118.23656,34.15955],[-118.23663,34.15922],[-118.23659,34.15886],[-118.23642,34.15843],[-118.23604,34.15829],[-118.23562,34.15816],[-118.23521,34.15831],[-118.23481,34.15821],[-118.23423,34.1582],[-118.23384,34.15829],[-118.2334,34.15817],[-118.23293,34.15819],[-118.23269,34.15834],[-118.23256,34.1587],[-118.23243,34.15884],[-118.23237,34.15869],[-118.23236,34.15838],[-118.23243,34.15817],[-118.23253,34.15802],[-118.23269,34.15778],[-118.23285,34.15774],[-118.23307,34.15762],[-118.23313,34.15742],[-118.2333,34.15722],[-118.23372,34.15707],[-118.23403,34.15717],[-118.23426,34.15721],[-118.23443,34.15714],[-118.2346,34.15707],[-118.23501,34.15715],[-118.23543,34.15709],[-118.23552,34.15691],[-118.23585,34.15655],[-118.23602,34.15648],[-118.23629,34.15634],[-118.23651,34.15629],[-118.23677,34.15631],[-118.23702,34.15609],[-118.23733,34.15563],[-118.23743,34.15517],[-118.23723,34.1548],[-118.23706,34.15464],[-118.23685,34.15436],[-118.23678,34.1541],[-118.23687,34.15376],[-118.23692,34.1535],[-118.23709,34.15286],[-118.24192,34.15622],[-118.2438,34.15836],[-118.24435,34.15892],[-118.24227,34.15987],[-118.24083,34.16114],[-118.2405,34.16179],[-118.24031,34.16243],[-118.24035,34.16266],[-118.24041,34.16284],[-118.24027,34.16306],[-118.24,34.16328],[-118.23974,34.16335],[-118.23937,34.16361],[-118.23918,34.16393],[-118.23902,34.16442],[-118.23869,34.16465],[-118.23846,34.16477],[-118.2383,34.16493],[-118.23806,34.1651],[-118.23785,34.1652],[-118.23738,34.16533],[-118.23726,34.16571],[-118.23732,34.16603],[-118.2375,34.16638],[-118.23772,34.16673],[-118.23808,34.16705],[-118.23835,34.16742],[-118.23838,34.16755],[-118.23837,34.16769],[-118.23812,34.16761],[-118.23793,34.16752],[-118.2378,34.16729],[-118.23762,34.16715],[-118.23738,34.16719],[-118.23717,34.16722],[-118.2368,34.16709],[-118.23649,34.1667],[-118.23623,34.16652],[-118.23584,34.16653],[-118.23555,34.16662],[-118.23534,34.16674],[-118.23513,34.16672],[-118.2348,34.16682],[-118.23474,34.16711],[-118.23482,34.16729],[-118.23517,34.16766],[-118.23539,34.16791],[-118.23587,34.16824],[-118.23616,34.16847],[-118.23635,34.16868],[-118.23645,34.16899],[-118.23646,34.16922],[-118.23632,34.16952],[-118.23612,34.16921],[-118.23602,34.16901],[-118.23584,34.16861],[-118.23534,34.16825],[-118.23516,34.16818],[-118.23473,34.16801],[-118.23452,34.1678],[-118.23447,34.16757],[-118.23436,34.1673],[-118.23391,34.16718],[-118.23338,34.16716],[-118.23307,34.16721],[-118.23272,34.16729],[-118.23234,34.16746],[-118.23211,34.16758],[-118.2317,34.1678],[-118.23146,34.168],[-118.23128,34.16824],[-118.23118,34.1685],[-118.23106,34.16883],[-118.23107,34.16912],[-118.23114,34.16929],[-118.23124,34.16989],[-118.23124,34.17029],[-118.23098,34.17076],[-118.23088,34.17098],[-118.23071,34.17147],[-118.23076,34.17172],[-118.23087,34.17199],[-118.23088,34.17227],[-118.23085,34.17267],[-118.23091,34.17298],[-118.23078,34.17337],[-118.23086,34.1736],[-118.23102,34.1737],[-118.23134,34.17395],[-118.2316,34.17408],[-118.23179,34.1742],[-118.23183,34.17441],[-118.2317,34.17453],[-118.2315,34.17467],[-118.23135,34.17487],[-118.23139,34.17524],[-118.23166,34.17558],[-118.23175,34.17571],[-118.23184,34.17598],[-118.23156,34.17622],[-118.2313,34.17632],[-118.23136,34.17649],[-118.23163,34.17664],[-118.23199,34.17684],[-118.23217,34.17688],[-118.23255,34.17697],[-118.23292,34.17709],[-118.23317,34.17732],[-118.23333,34.1774],[-118.23375,34.1775],[-118.23417,34.17739],[-118.23433,34.17732],[-118.23456,34.17741],[-118.23501,34.17731],[-118.23523,34.17722],[-118.23558,34.1773],[-118.23595,34.17729],[-118.23617,34.17742],[-118.23628,34.17765],[-118.23629,34.17785],[-118.23652,34.17812],[-118.2369,34.1783],[-118.2374,34.17839],[-118.23774,34.17857],[-118.23785,34.17877],[-118.23773,34.17886],[-118.23742,34.17873],[-118.23694,34.17857],[-118.2366,34.17847],[-118.23632,34.17841],[-118.2361,34.17825],[-118.23563,34.17807],[-118.23523,34.1781],[-118.23504,34.17814],[-118.23466,34.17832],[-118.23464,34.17849],[-118.23452,34.17865],[-118.23459,34.17879],[-118.23442,34.1789],[-118.23414,34.17883],[-118.23388,34.17874],[-118.23343,34.17855],[-118.23307,34.17846],[-118.23282,34.17853],[-118.23275,34.17868],[-118.2324,34.17863],[-118.23214,34.17868],[-118.23212,34.17892],[-118.23223,34.17923],[-118.23235,34.17953],[-118.23275,34.17989],[-118.2334,34.18012],[-118.23404,34.1801],[-118.23459,34.18008],[-118.23494,34.18001],[-118.23516,34.17992],[-118.2356,34.17975],[-118.23582,34.17959],[-118.23604,34.17974],[-118.2364,34.17983],[-118.23718,34.17987],[-118.23757,34.17993],[-118.23792,34.17992],[-118.23837,34.18011],[-118.23851,34.18029],[-118.23877,34.18038],[-118.23906,34.18044],[-118.23951,34.18071],[-118.2399,34.18083],[-118.24016,34.181],[-118.24033,34.18126],[-118.24057,34.18144],[-118.24065,34.18167],[-118.24044,34.18182],[-118.24021,34.1818],[-118.24004,34.18164],[-118.23978,34.18157],[-118.23954,34.18133],[-118.23937,34.18113],[-118.239,34.18092],[-118.23875,34.18076],[-118.23826,34.1807],[-118.23797,34.18059],[-118.23777,34.18045],[-118.23753,34.18033],[-118.23732,34.18024],[-118.23707,34.18032],[-118.23684,34.18044],[-118.237,34.18068],[-118.23723,34.18084],[-118.23747,34.18101],[-118.23762,34.18107],[-118.23784,34.18117],[-118.23813,34.18148],[-118.23866,34.18178],[-118.23886,34.1819],[-118.23909,34.18201],[-118.2394,34.18211],[-118.23968,34.18221],[-118.23983,34.18231],[-118.24004,34.18248],[-118.24015,34.18263],[-118.23979,34.18267],[-118.23951,34.18267],[-118.23916,34.1827],[-118.23887,34.1827],[-118.23861,34.18257],[-118.23833,34.1825],[-118.23806,34.18245],[-118.23781,34.1825],[-118.23767,34.18241],[-118.23743,34.18233],[-118.23739,34.18203],[-118.23715,34.18176],[-118.23702,34.18165],[-118.23677,34.18149],[-118.23655,34.18142],[-118.23625,34.18125],[-118.23581,34.18108],[-118.23559,34.18093],[-118.23524,34.18079],[-118.23497,34.18078],[-118.23475,34.18088],[-118.23462,34.18101],[-118.23459,34.18126],[-118.23473,34.18155],[-118.23529,34.18187],[-118.23579,34.18195],[-118.23629,34.18208],[-118.23649,34.18219],[-118.23671,34.18245],[-118.23681,34.18262],[-118.23679,34.18288],[-118.23661,34.18303],[-118.23629,34.18315],[-118.23592,34.18315],[-118.23546,34.18315],[-118.23493,34.18311],[-118.23455,34.18296],[-118.23414,34.18277],[-118.23382,34.18274],[-118.23351,34.18286],[-118.2334,34.18303],[-118.23331,34.18326],[-118.2333,34.18349],[-118.23313,34.18377],[-118.2329,34.18395],[-118.23269,34.18413],[-118.23258,34.18435],[-118.23259,34.18464],[-118.23248,34.18509],[-118.23241,34.18538],[-118.23241,34.18565],[-118.23242,34.1859],[-118.23252,34.18613],[-118.23252,34.18643],[-118.23262,34.18657],[-118.23277,34.18671],[-118.23259,34.1868],[-118.23239,34.18698],[-118.23237,34.18717],[-118.23244,34.1875],[-118.23248,34.18774],[-118.23257,34.18782],[-118.23257,34.18784],[-118.23262,34.18789],[-118.23311,34.18809],[-118.23322,34.18808],[-118.23326,34.18809],[-118.23328,34.18812],[-118.23324,34.18818],[-118.23306,34.18839],[-118.23304,34.18852],[-118.23277,34.1887],[-118.23267,34.18882],[-118.23266,34.18893],[-118.23267,34.18906],[-118.23273,34.18929],[-118.2328,34.18948],[-118.23287,34.18983],[-118.23302,34.18985],[-118.23316,34.18984],[-118.2333,34.18981],[-118.23334,34.18979],[-118.23342,34.1898],[-118.23342,34.18982],[-118.23332,34.18995],[-118.23332,34.19001],[-118.23329,34.19002],[-118.23326,34.1901],[-118.23327,34.19027],[-118.23336,34.19034],[-118.23337,34.19037],[-118.23327,34.19045],[-118.23324,34.19054],[-118.23324,34.19063],[-118.23328,34.19069],[-118.23333,34.19076],[-118.23336,34.19087],[-118.23318,34.1908],[-118.23311,34.19075],[-118.23305,34.19074],[-118.23297,34.19071],[-118.23282,34.1907],[-118.23274,34.19073],[-118.2327,34.1908],[-118.23267,34.19091],[-118.23268,34.19098],[-118.23266,34.19097],[-118.23265,34.19102],[-118.23269,34.19136],[-118.23273,34.19145],[-118.23275,34.1916],[-118.23279,34.19168],[-118.23285,34.19173],[-118.23288,34.19173],[-118.23296,34.1918],[-118.23346,34.192],[-118.23407,34.1923],[-118.23423,34.19239],[-118.23471,34.19259],[-118.23487,34.19267],[-118.23503,34.19272],[-118.23509,34.19279],[-118.23514,34.19278],[-118.23523,34.19282],[-118.23534,34.19284],[-118.23541,34.19289],[-118.23544,34.19289],[-118.2355,34.19291],[-118.23563,34.19289],[-118.23578,34.19284],[-118.23589,34.19278],[-118.23628,34.1927],[-118.23637,34.19271],[-118.23664,34.1927],[-118.23667,34.19269],[-118.2367,34.1926],[-118.23676,34.19261],[-118.23679,34.19265],[-118.23681,34.19284],[-118.23688,34.19292],[-118.23697,34.19296],[-118.23707,34.19294],[-118.23731,34.19281],[-118.23739,34.1928],[-118.23755,34.19287],[-118.23757,34.19296],[-118.23763,34.19305],[-118.23774,34.1931],[-118.23776,34.19309],[-118.23797,34.1932],[-118.23819,34.19324],[-118.2382,34.19326],[-118.23863,34.19343],[-118.23874,34.19344],[-118.23888,34.19343],[-118.2391,34.19336],[-118.23916,34.1933],[-118.23921,34.19329],[-118.23927,34.19324],[-118.2393,34.1932],[-118.23934,34.19317],[-118.23937,34.19311],[-118.23939,34.19307],[-118.23943,34.19298],[-118.23944,34.19292],[-118.23942,34.19266],[-118.23949,34.19276],[-118.23959,34.1929],[-118.23965,34.193],[-118.2397,34.19307],[-118.23974,34.19309],[-118.23982,34.1931],[-118.23991,34.19313],[-118.24009,34.19317],[-118.24021,34.1932],[-118.24028,34.1932],[-118.24039,34.19317],[-118.24068,34.19316],[-118.24087,34.19312],[-118.24117,34.19311],[-118.24136,34.19306],[-118.24146,34.19295],[-118.2415,34.19292],[-118.24177,34.19294],[-118.24177,34.19288],[-118.24184,34.19282],[-118.24189,34.19269],[-118.24196,34.19262],[-118.24214,34.1925],[-118.24217,34.19239],[-118.24234,34.19213],[-118.24239,34.19209],[-118.24256,34.19204],[-118.24279,34.1919],[-118.24285,34.19185],[-118.24294,34.19175],[-118.24322,34.19157],[-118.24325,34.19153],[-118.24336,34.19147],[-118.24357,34.19139],[-118.24375,34.19138],[-118.24382,34.19136],[-118.24389,34.19134],[-118.24399,34.19125],[-118.24401,34.19125],[-118.24408,34.19131],[-118.24423,34.19139],[-118.24436,34.19143],[-118.24445,34.19146],[-118.24452,34.19148],[-118.24461,34.19151],[-118.24474,34.19153],[-118.24478,34.19155],[-118.24482,34.19156],[-118.24491,34.19162],[-118.24495,34.19165],[-118.24502,34.19171],[-118.24484,34.19166],[-118.24459,34.19162],[-118.24435,34.19158],[-118.24424,34.19158],[-118.24395,34.19154],[-118.24386,34.19153],[-118.24371,34.19156],[-118.24358,34.19156],[-118.24347,34.19159],[-118.24338,34.19166],[-118.24332,34.19168],[-118.24301,34.192],[-118.2427,34.19238],[-118.2426,34.19248],[-118.24248,34.19269],[-118.24246,34.19269],[-118.24244,34.19273],[-118.24239,34.19284],[-118.24222,34.19305],[-118.24212,34.19313],[-118.24202,34.19317],[-118.24187,34.19313],[-118.24188,34.19315],[-118.24188,34.19322],[-118.24186,34.19326],[-118.2418,34.19334],[-118.2417,34.19341],[-118.24164,34.19341],[-118.24156,34.19338],[-118.24147,34.1934],[-118.2411,34.19354],[-118.24099,34.19355],[-118.24084,34.1935],[-118.2407,34.1935],[-118.24059,34.19353],[-118.24047,34.19356],[-118.24039,34.1936],[-118.24034,34.1936],[-118.24017,34.19367],[-118.24009,34.19367],[-118.24003,34.19365],[-118.23995,34.19365],[-118.23986,34.19368],[-118.23967,34.19388],[-118.23957,34.19391],[-118.23956,34.19392],[-118.23941,34.19391],[-118.23932,34.19395],[-118.23929,34.19395],[-118.23918,34.19404],[-118.23906,34.19408],[-118.23902,34.19408],[-118.23884,34.19413],[-118.23869,34.19413],[-118.23841,34.19417],[-118.23815,34.19417],[-118.23802,34.19417],[-118.23795,34.19415],[-118.23788,34.19415],[-118.2378,34.19409],[-118.23777,34.19402],[-118.23772,34.19396],[-118.23765,34.19393],[-118.23759,34.19392],[-118.23719,34.19381],[-118.23704,34.19382],[-118.23692,34.19378],[-118.23689,34.19379],[-118.23668,34.19373],[-118.2366,34.19368],[-118.23656,34.19368],[-118.23636,34.19362],[-118.23613,34.19358],[-118.23602,34.19359],[-118.23593,34.19357],[-118.23593,34.19358],[-118.23576,34.19359],[-118.23556,34.19363],[-118.23551,34.19369],[-118.23552,34.19374],[-118.23555,34.19378],[-118.23598,34.19409],[-118.23605,34.19417],[-118.23606,34.19421],[-118.23602,34.19433],[-118.23596,34.19439],[-118.23593,34.19444],[-118.23593,34.1945],[-118.23586,34.19466],[-118.23584,34.19483],[-118.23579,34.19488],[-118.23577,34.19497],[-118.23577,34.19503],[-118.23571,34.19526],[-118.2357,34.19545],[-118.23573,34.19552],[-118.23576,34.19556],[-118.2358,34.19558],[-118.2358,34.1956],[-118.23597,34.19569],[-118.23612,34.19569],[-118.2362,34.19565],[-118.23627,34.19564],[-118.23646,34.19546],[-118.23662,34.19535],[-118.23717,34.19508],[-118.23726,34.19506],[-118.23726,34.19505],[-118.23745,34.19496],[-118.23772,34.19492],[-118.23799,34.19493],[-118.23814,34.19495],[-118.2382,34.19498],[-118.2384,34.19503],[-118.23844,34.1951],[-118.23808,34.19513],[-118.23784,34.19517],[-118.23781,34.19515],[-118.23763,34.1952],[-118.23751,34.19521],[-118.2374,34.19523],[-118.23727,34.19532],[-118.23713,34.1955],[-118.23706,34.1955],[-118.23694,34.19556],[-118.23691,34.19559],[-118.23673,34.19573],[-118.23664,34.19577],[-118.23658,34.19577],[-118.23638,34.19591],[-118.23633,34.196],[-118.2363,34.19602],[-118.2363,34.19614],[-118.23636,34.19647],[-118.23644,34.19663],[-118.2365,34.19668],[-118.23658,34.19672],[-118.23669,34.19673],[-118.23672,34.19676],[-118.23697,34.19678],[-118.237,34.19681],[-118.23713,34.19681],[-118.2373,34.19686],[-118.23734,34.19693],[-118.23734,34.197],[-118.2374,34.19706],[-118.23764,34.19716],[-118.23785,34.19721],[-118.23793,34.19729],[-118.23803,34.19734],[-118.2381,34.19739],[-118.23811,34.19739],[-118.23811,34.19753],[-118.23794,34.19753],[-118.2377,34.19748],[-118.23759,34.19748],[-118.2374,34.1974],[-118.23729,34.19733],[-118.23713,34.1973],[-118.23707,34.1973],[-118.2369,34.19736],[-118.23685,34.19735],[-118.23666,34.19728],[-118.2366,34.19728],[-118.23656,34.19731],[-118.23655,34.19738],[-118.2366,34.19752],[-118.23657,34.19758],[-118.23657,34.19769],[-118.2366,34.19779],[-118.2366,34.19787],[-118.23663,34.19792],[-118.23668,34.19793],[-118.23695,34.19786],[-118.23699,34.19786],[-118.23706,34.19787],[-118.23713,34.1979],[-118.2372,34.1979],[-118.23732,34.19796],[-118.2375,34.19799],[-118.23762,34.19798],[-118.23786,34.19803],[-118.23788,34.19807],[-118.23793,34.1981],[-118.23796,34.19817],[-118.23794,34.19819],[-118.23793,34.1982],[-118.23784,34.1982],[-118.23766,34.19826],[-118.23754,34.19826],[-118.23746,34.19825],[-118.23725,34.19832],[-118.23718,34.19836],[-118.23677,34.19844],[-118.23672,34.19858],[-118.23662,34.19865],[-118.23661,34.19866],[-118.23658,34.19868],[-118.23648,34.19873],[-118.23644,34.19876],[-118.2364,34.19882],[-118.2364,34.19889],[-118.2364,34.19895],[-118.23637,34.19902],[-118.23632,34.19906],[-118.23627,34.1991],[-118.23625,34.19912],[-118.23623,34.19915],[-118.23624,34.1992],[-118.23625,34.19924],[-118.23625,34.19929],[-118.23624,34.19934],[-118.23622,34.19939],[-118.23618,34.19943],[-118.23617,34.19949],[-118.23615,34.19952],[-118.23611,34.19953],[-118.23622,34.19967],[-118.23634,34.19994],[-118.2364,34.20001],[-118.23645,34.20009],[-118.23652,34.20025],[-118.23654,34.20035],[-118.23659,34.20046],[-118.2366,34.20052],[-118.23662,34.20053],[-118.23669,34.20065],[-118.2367,34.20072],[-118.23677,34.20083],[-118.2368,34.20101],[-118.23679,34.20125],[-118.2368,34.20131],[-118.23685,34.20139],[-118.23686,34.20145],[-118.23691,34.20153],[-118.23713,34.20175],[-118.23727,34.20181],[-118.23733,34.20186],[-118.23738,34.2019],[-118.23751,34.20204],[-118.23761,34.20221],[-118.2378,34.20274],[-118.23788,34.20292],[-118.23799,34.20309],[-118.23815,34.20327],[-118.23846,34.20343],[-118.23855,34.2035],[-118.23856,34.20349],[-118.23857,34.20347],[-118.23876,34.20353],[-118.23881,34.20357],[-118.23893,34.20386],[-118.23903,34.20393],[-118.23918,34.20422],[-118.23926,34.20432],[-118.23927,34.20438],[-118.23936,34.20454],[-118.2396,34.20471],[-118.23973,34.20477],[-118.2398,34.20476],[-118.23987,34.20469],[-118.23991,34.20468],[-118.23997,34.20473],[-118.24001,34.20485],[-118.24004,34.20493],[-118.24005,34.20498],[-118.24009,34.2051],[-118.24013,34.20522],[-118.24014,34.20526],[-118.24016,34.20534],[-118.24018,34.20539],[-118.24019,34.20541],[-118.24025,34.20551],[-118.24029,34.2056],[-118.24031,34.20569],[-118.24032,34.20571],[-118.24035,34.20579],[-118.24039,34.20589],[-118.24046,34.20605],[-118.24047,34.20607],[-118.24047,34.20608],[-118.24064,34.20633],[-118.24065,34.20635],[-118.24069,34.20635],[-118.24071,34.20635],[-118.24072,34.20634],[-118.24073,34.20633],[-118.24077,34.20629],[-118.24081,34.20626],[-118.24114,34.20603],[-118.24127,34.20583],[-118.2413,34.20583],[-118.24139,34.20572],[-118.24142,34.20569],[-118.24145,34.20568],[-118.24162,34.20559],[-118.24192,34.20544],[-118.24198,34.20533],[-118.242,34.20532],[-118.24209,34.205],[-118.2421,34.20497],[-118.24216,34.20495],[-118.24222,34.20498],[-118.24229,34.20508],[-118.24252,34.20516],[-118.24263,34.20517],[-118.24272,34.2052],[-118.2425,34.20547],[-118.24236,34.20557],[-118.24223,34.20563],[-118.24225,34.20573],[-118.24226,34.20582],[-118.24233,34.20588],[-118.24253,34.20591],[-118.24278,34.20585],[-118.24303,34.20576],[-118.24318,34.20573],[-118.24327,34.20569],[-118.24341,34.20577],[-118.24362,34.20577],[-118.24358,34.20588],[-118.24347,34.20597],[-118.24339,34.20606],[-118.24336,34.20611],[-118.24336,34.20614],[-118.24343,34.20617],[-118.24356,34.20618],[-118.24362,34.20617],[-118.24367,34.20619],[-118.24389,34.20618],[-118.244,34.20614],[-118.24418,34.20607],[-118.24447,34.20583],[-118.24447,34.20588],[-118.24448,34.20595],[-118.24455,34.20603],[-118.24466,34.20613],[-118.24466,34.20615],[-118.24448,34.20623],[-118.24445,34.20626],[-118.24429,34.20633],[-118.24413,34.20633],[-118.24398,34.20637],[-118.24386,34.20642],[-118.24361,34.20636],[-118.24341,34.20633],[-118.24333,34.20632],[-118.24317,34.20634],[-118.2431,34.20637],[-118.24296,34.20639],[-118.24287,34.20644],[-118.24267,34.20652],[-118.2426,34.20653],[-118.24255,34.20652],[-118.24238,34.20655],[-118.2423,34.20662],[-118.24233,34.20673],[-118.24236,34.20687],[-118.24245,34.207],[-118.24256,34.20711],[-118.24283,34.20723],[-118.24304,34.20727],[-118.24318,34.20727],[-118.24403,34.20712],[-118.24421,34.20713],[-118.24436,34.20719],[-118.24444,34.20719],[-118.24472,34.20712],[-118.2448,34.20705],[-118.24483,34.20695],[-118.24486,34.20693],[-118.24493,34.20678],[-118.24505,34.20662],[-118.24511,34.20644],[-118.24512,34.20638],[-118.24517,34.20631],[-118.2452,34.2063],[-118.24525,34.20631],[-118.24533,34.20646],[-118.24533,34.20659],[-118.24538,34.20672],[-118.24544,34.20678],[-118.24555,34.20685],[-118.24563,34.2069],[-118.24569,34.20692],[-118.24589,34.20698],[-118.24594,34.20698],[-118.24608,34.20687],[-118.24611,34.20679],[-118.24623,34.20674],[-118.24654,34.20656],[-118.24673,34.20653],[-118.24676,34.20655],[-118.24679,34.20653],[-118.24687,34.20645],[-118.24691,34.20644],[-118.24695,34.20644],[-118.24702,34.20645],[-118.24721,34.2066],[-118.24728,34.20661],[-118.24747,34.2066],[-118.24765,34.20656],[-118.2478,34.2065],[-118.24799,34.2063],[-118.24805,34.20621],[-118.24809,34.20603],[-118.24809,34.20575],[-118.24813,34.2057],[-118.24837,34.2056],[-118.24868,34.20525],[-118.24875,34.20518],[-118.24885,34.20512],[-118.24849,34.20558],[-118.24841,34.20571],[-118.24833,34.20577],[-118.24832,34.20576],[-118.24824,34.20589],[-118.24817,34.20612],[-118.24818,34.20622],[-118.24817,34.20639],[-118.24811,34.20646],[-118.24799,34.20653],[-118.24792,34.20654],[-118.24777,34.20663],[-118.24755,34.20671],[-118.24726,34.20676],[-118.24695,34.20679],[-118.24665,34.20687],[-118.24657,34.20691],[-118.24644,34.20705],[-118.24639,34.2071],[-118.24637,34.20725],[-118.24634,34.20732],[-118.24633,34.20734],[-118.24641,34.2074],[-118.24647,34.20742],[-118.24671,34.20742],[-118.24726,34.20726],[-118.24757,34.2073],[-118.24778,34.20728],[-118.24787,34.20726],[-118.24792,34.20726],[-118.24801,34.20728],[-118.24808,34.20732],[-118.24814,34.20734],[-118.24834,34.20758],[-118.24841,34.20764],[-118.24858,34.20774],[-118.24859,34.20777],[-118.24857,34.2078],[-118.24851,34.20781],[-118.24821,34.20786],[-118.24789,34.20762],[-118.24778,34.20764],[-118.2477,34.20763],[-118.2474,34.20766],[-118.24677,34.20778],[-118.2467,34.20778],[-118.24664,34.2078],[-118.24657,34.20779],[-118.2465,34.20782],[-118.24644,34.20787],[-118.24625,34.2078],[-118.24607,34.20776],[-118.24547,34.20769],[-118.24525,34.20768],[-118.24495,34.2077],[-118.24486,34.20773],[-118.24479,34.20776],[-118.24473,34.20785],[-118.24469,34.20787],[-118.24456,34.20784],[-118.24452,34.20779],[-118.24439,34.20779],[-118.24437,34.20781],[-118.24416,34.20783],[-118.24411,34.20785],[-118.24409,34.20788],[-118.24413,34.20794],[-118.24422,34.20801],[-118.24422,34.20803],[-118.24427,34.20808],[-118.24424,34.20819],[-118.24424,34.20828],[-118.24422,34.20846],[-118.24412,34.20839],[-118.24398,34.20815],[-118.2439,34.20808],[-118.24382,34.20804],[-118.24365,34.20802],[-118.24352,34.20803],[-118.24351,34.20802],[-118.24343,34.20801],[-118.2433,34.20802],[-118.24312,34.20801],[-118.24301,34.20802],[-118.24288,34.20808],[-118.24286,34.2081],[-118.24286,34.20817],[-118.24284,34.20819],[-118.24285,34.20844],[-118.24295,34.20883],[-118.24296,34.20906],[-118.24294,34.20911],[-118.24289,34.2091],[-118.24296,34.20923],[-118.24295,34.20941],[-118.24298,34.20947],[-118.24327,34.20982],[-118.24346,34.2102],[-118.24355,34.21024],[-118.24364,34.21023],[-118.24381,34.21027],[-118.24391,34.21031],[-118.24398,34.21032],[-118.24412,34.21039],[-118.24418,34.2105],[-118.24428,34.21058],[-118.24443,34.2106],[-118.2445,34.21062],[-118.24464,34.21071],[-118.24468,34.21072],[-118.24475,34.21078],[-118.24483,34.21081],[-118.24486,34.21086],[-118.24483,34.21103],[-118.24489,34.21115],[-118.24495,34.21124],[-118.24513,34.21138],[-118.2453,34.21159],[-118.24539,34.21166],[-118.24547,34.2117],[-118.24556,34.21188],[-118.24555,34.21191],[-118.24557,34.21195],[-118.24572,34.21211],[-118.24581,34.21216],[-118.24601,34.21233],[-118.24617,34.21254],[-118.24636,34.21271],[-118.24654,34.21291],[-118.24673,34.21315],[-118.24681,34.2133],[-118.24687,34.21349],[-118.24684,34.2137],[-118.24681,34.21376],[-118.24682,34.21378],[-118.24681,34.21387],[-118.24684,34.21395],[-118.24688,34.214],[-118.2469,34.21406],[-118.24701,34.21414],[-118.24711,34.21419],[-118.24748,34.21424],[-118.24768,34.21429],[-118.24793,34.21429],[-118.248,34.21432],[-118.24806,34.21432],[-118.24804,34.21437],[-118.24799,34.21441],[-118.24794,34.21446],[-118.24793,34.21454],[-118.24793,34.2146],[-118.24795,34.21464],[-118.24801,34.21462],[-118.24806,34.21462],[-118.24811,34.21462],[-118.24816,34.21461],[-118.24823,34.2146],[-118.2483,34.21461],[-118.24834,34.21462],[-118.24845,34.21459],[-118.24852,34.21455],[-118.2486,34.21453],[-118.24877,34.21442],[-118.2494,34.2141],[-118.24946,34.21408],[-118.24953,34.21409],[-118.24964,34.21408],[-118.25005,34.21395],[-118.25005,34.21393],[-118.25025,34.21384],[-118.25058,34.21378],[-118.25092,34.21361],[-118.25092,34.21448]]]},"properties":{"QUAD_NAME":"Pasadena"}},{"type":"Feature","geometry":{"type":"Polygon","coordinates":[[[-118.24926,34.24792],[-118.24917,34.24796],[-118.2491,34.24804],[-118.24904,34.24808],[-118.24858,34.24828],[-118.24854,34.24838],[-118.24845,34.2485],[-118.24842,34.24858],[-118.24831,34.24873],[-118.24823,34.24879],[-118.24783,34.24904],[-118.24756,34.24913],[-118.24737,34.24924],[-118.24732,34.24925],[-118.2473,34.24927],[-118.24717,34.24931],[-118.24702,34.24933],[-118.24682,34.2494],[-118.24671,34.24944],[-118.24668,34.24946],[-118.24671,34.24942],[-118.24672,34.24936],[-118.24674,34.24937],[-118.24691,34.24926],[-118.24705,34.24924],[-118.24712,34.24923],[-118.24735,34.24915],[-118.2475,34.24906],[-118.24761,34.24902],[-118.24796,34.24882],[-118.24804,34.24875],[-118.24803,34.24873],[-118.24809,34.24868],[-118.24815,34.24859],[-118.24819,34.24844],[-118.24822,34.24837],[-118.24827,34.24831],[-118.24834,34.24827],[-118.24859,34.24819],[-118.24897,34.24802],[-118.24911,34.24789],[-118.24918,34.24774],[-118.24918,34.24775],[-118.24918,34.24778],[-118.24919,34.24779],[-118.24922,34.24781],[-118.2493,34.2479],[-118.24926,34.24792]]]},"properties":{"QUAD_NAME":"Pasadena"}},{"type":"Feature","geometry":{"type":"Polygon","coordinates":[[[-118.24638,34.24536],[-118.24638,34.24537],[-118.24634,34.24543],[-118.24629,34.24547],[-118.2463,34.24549],[-118.24627,34.2455],[-118.24625,34.24559],[-118.24619,34.24572],[-118.24594,34.24605],[-118.24601,34.2463],[-118.246,34.24634],[-118.24591,34.24642],[-118.24583,34.24661],[-118.24582,34.24667],[-118.24586,34.2469],[-118.24583,34.24696],[-118.24577,34.24703],[-118.24568,34.24713],[-118.24567,34.24714],[-118.24563,34.24717],[-118.24558,34.24717],[-118.24558,34.24715],[-118.24571,34.24692],[-118.24565,34.24675],[-118.24574,34.24661],[-118.24576,34.24642],[-118.24577,34.2464],[-118.24576,34.24637],[-118.24579,34.24629],[-118.24577,34.24626],[-118.24584,34.2461],[-118.24585,34.246],[-118.24585,34.24596],[-118.24597,34.2458],[-118.246,34.24573],[-118.24606,34.24565],[-118.24611,34.24548],[-118.24609,34.24545],[-118.24611,34.24541],[-118.24605,34.24527],[-118.24604,34.24525],[-118.24607,34.24528],[-118.24618,34.24527],[-118.24633,34.24532],[-118.24639,34.24532],[-118.24638,34.24536]]]},"properties":{"QUAD_NAME":"Pasadena"}},{"type":"Feature","geometry":{"type":"Polygon","coordinates":[[[-118.24583,34.12533],[-118.24581,34.12557],[-118.24561,34.12579],[-118.24524,34.12578],[-118.24501,34.12576],[-118.24479,34.1258],[-118.24463,34.12591],[-118.2445,34.12621],[-118.24437,34.12655],[-118.24425,34.12625],[-118.24414,34.12592],[-118.24405,34.12551],[-118.24393,34.12526],[-118.24391,34.12502],[-118.24593,34.12502],[-118.24583,34.12533]]]},"properties":{"QUAD_NAME":"Pasadena"}},{"type":"Feature","geometry":{"type":"Polygon","coordinates":[[[-118.23807,34.12508],[-118.23819,34.12532],[-118.23847,34.12557],[-118.23845,34.12583],[-118.23808,34.12574],[-118.23769,34.12548],[-118.23738,34.12543],[-118.23678,34.12518],[-118.23661,34.12502],[-118.23803,34.12502],[-118.23807,34.12508]]]},"properties":{"QUAD_NAME":"Pasadena"}},{"type":"Feature","geometry":{"type":"Polygon","coordinates":[[[-118.23542,34.1353],[-118.23523,34.13516],[-118.23478,34.1351],[-118.23455,34.13508],[-118.2343,34.13515],[-118.23371,34.13528],[-118.233,34.13571],[-118.23258,34.136],[-118.23216,34.13624],[-118.23166,34.1365],[-118.23137,34.13659],[-118.23158,34.13635],[-118.23179,34.13606],[-118.23188,34.13569],[-118.23204,34.13535],[-118.2322,34.13475],[-118.23225,34.13429],[-118.2324,34.1339],[-118.23242,34.13367],[-118.23239,34.13347],[-118.23248,34.1333],[-118.23266,34.13289],[-118.23275,34.13242],[-118.23278,34.13209],[-118.23268,34.13165],[-118.23249,34.13137],[-118.23212,34.13116],[-118.23167,34.1314],[-118.23152,34.1318],[-118.23127,34.13205],[-118.23094,34.13227],[-118.23044,34.13233],[-118.23009,34.1325],[-118.22974,34.13264],[-118.22956,34.13253],[-118.2297,34.13221],[-118.22979,34.1318],[-118.22985,34.13145],[-118.22995,34.13094],[-118.23002,34.1307],[-118.22998,34.13033],[-118.2301,34.12986],[-118.23022,34.12961],[-118.23031,34.12923],[-118.23027,34.12904],[-118.23021,34.12891],[-118.23019,34.12845],[-118.23028,34.12828],[-118.23046,34.12796],[-118.23053,34.12769],[-118.23047,34.12741],[-118.23042,34.12703],[-118.23032,34.12667],[-118.22998,34.12648],[-118.2296,34.12648],[-118.22906,34.12659],[-118.22854,34.12697],[-118.22847,34.12727],[-118.22813,34.12772],[-118.22782,34.12783],[-118.22757,34.1282],[-118.22741,34.12838],[-118.2272,34.12853],[-118.22719,34.12881],[-118.22693,34.12916],[-118.22665,34.12951],[-118.22637,34.12972],[-118.22629,34.12944],[-118.2265,34.12912],[-118.22661,34.12878],[-118.22673,34.12842],[-118.2267,34.12819],[-118.22669,34.12812],[-118.22664,34.12788],[-118.22638,34.1277],[-118.22623,34.12758],[-118.22585,34.12756],[-118.2255,34.12761],[-118.22508,34.12777],[-118.22488,34.12782],[-118.22483,34.12759],[-118.22502,34.12754],[-118.22528,34.12738],[-118.22568,34.12703],[-118.22589,34.12707],[-118.22611,34.12688],[-118.22612,34.12669],[-118.22628,34.12653],[-118.22648,34.12633],[-118.22681,34.12613],[-118.22703,34.12585],[-118.22699,34.1256],[-118.22697,34.12535],[-118.22707,34.12512],[-118.22704,34.12502],[-118.23502,34.12502],[-118.23481,34.1251],[-118.23465,34.12541],[-118.23414,34.12569],[-118.23391,34.12583],[-118.23359,34.12605],[-118.23343,34.12669],[-118.2333,34.12712],[-118.2333,34.12779],[-118.23349,34.12851],[-118.23381,34.12894],[-118.23391,34.12922],[-118.23404,34.12949],[-118.23448,34.12986],[-118.23466,34.13045],[-118.23479,34.13087],[-118.23478,34.13109],[-118.2347,34.13136],[-118.23475,34.13168],[-118.23489,34.13179],[-118.23492,34.13224],[-118.23496,34.13256],[-118.23512,34.1327],[-118.23518,34.13295],[-118.2352,34.13325],[-118.23497,34.13343],[-118.23468,34.13349],[-118.23428,34.13355],[-118.23404,34.13375],[-118.2339,34.13389],[-118.23388,34.13405],[-118.23402,34.13431],[-118.23419,34.13449],[-118.23454,34.13452],[-118.23489,34.13449],[-118.23513,34.13446],[-118.23534,34.13476],[-118.23537,34.13502],[-118.23548,34.13521],[-118.23569,34.13552],[-118.23542,34.1353]]]},"properties":{"QUAD_NAME":"Pasadena"}},{"type":"Feature","geometry":{"type":"Polygon","coordinates":[[[-118.23301,34.23986],[-118.23299,34.23987],[-118.23296,34.23984],[-118.23293,34.2398],[-118.23291,34.23974],[-118.23284,34.23957],[-118.2328,34.23955],[-118.23278,34.23941],[-118.23265,34.23921],[-118.23257,34.23901],[-118.23285,34.23913],[-118.23288,34.23916],[-118.23288,34.23917],[-118.23291,34.23922],[-118.23304,34.23942],[-118.23304,34.23944],[-118.233,34.23949],[-118.23298,34.23951],[-118.23298,34.23954],[-118.23297,34.23958],[-118.233,34.23967],[-118.23301,34.23975],[-118.23302,34.23982],[-118.23301,34.23986]]]},"properties":{"QUAD_NAME":"Pasadena"}},{"type":"Feature","geometry":{"type":"Polygon","coordinates":[[[-118.23181,34.23918],[-118.23161,34.23926],[-118.23146,34.23931],[-118.23123,34.23943],[-118.23109,34.23956],[-118.23098,34.23972],[-118.23097,34.23979],[-118.23093,34.23984],[-118.23093,34.23994],[-118.23097,34.2401],[-118.2311,34.24023],[-118.23127,34.24033],[-118.23148,34.24042],[-118.23174,34.24044],[-118.23198,34.24046],[-118.23199,34.24047],[-118.23192,34.24053],[-118.23161,34.24055],[-118.23153,34.24053],[-118.23133,34.24053],[-118.23116,34.24054],[-118.23111,34.24057],[-118.23108,34.24068],[-118.23107,34.24095],[-118.23108,34.24123],[-118.23117,34.24131],[-118.23114,34.24134],[-118.23108,34.24133],[-118.23108,34.24129],[-118.23103,34.24121],[-118.23096,34.24114],[-118.23086,34.24092],[-118.23086,34.24075],[-118.2309,34.2406],[-118.23089,34.24047],[-118.23088,34.24042],[-118.23085,34.24039],[-118.23086,34.24037],[-118.23083,34.24014],[-118.23079,34.24004],[-118.23075,34.24001],[-118.23064,34.24003],[-118.2306,34.24006],[-118.23053,34.24014],[-118.23047,34.24025],[-118.23043,34.24027],[-118.23033,34.24037],[-118.23027,34.24042],[-118.23022,34.24044],[-118.23011,34.24061],[-118.23008,34.2407],[-118.23009,34.24073],[-118.23007,34.2408],[-118.22997,34.24094],[-118.22963,34.24116],[-118.22951,34.24127],[-118.22941,34.24139],[-118.22935,34.24152],[-118.22919,34.24165],[-118.22918,34.24169],[-118.22919,34.2417],[-118.22914,34.24177],[-118.22907,34.24181],[-118.22904,34.24184],[-118.22898,34.24187],[-118.22896,34.2419],[-118.22894,34.24195],[-118.22896,34.24196],[-118.22887,34.24207],[-118.2288,34.24223],[-118.22877,34.24236],[-118.22874,34.24248],[-118.22871,34.24252],[-118.22862,34.24277],[-118.22861,34.2429],[-118.22864,34.24304],[-118.22866,34.24308],[-118.22872,34.24314],[-118.22877,34.24316],[-118.22886,34.24319],[-118.229,34.2432],[-118.22912,34.24325],[-118.22918,34.24332],[-118.22918,34.24337],[-118.22921,34.24343],[-118.22941,34.24356],[-118.22945,34.24357],[-118.22961,34.24365],[-118.2297,34.24366],[-118.22976,34.24369],[-118.22988,34.2437],[-118.23006,34.24376],[-118.23023,34.24385],[-118.23029,34.24391],[-118.23036,34.24406],[-118.23037,34.24428],[-118.2304,34.2443],[-118.23059,34.24438],[-118.23068,34.24449],[-118.23069,34.2446],[-118.23077,34.24471],[-118.23081,34.24476],[-118.23081,34.24482],[-118.23076,34.24483],[-118.23072,34.24475],[-118.23068,34.24471],[-118.23065,34.24462],[-118.23062,34.24465],[-118.23061,34.24454],[-118.23056,34.24444],[-118.23051,34.24441],[-118.23032,34.24434],[-118.23026,34.24428],[-118.23025,34.24426],[-118.23027,34.24404],[-118.23023,34.24395],[-118.23018,34.24391],[-118.23,34.24381],[-118.22976,34.24376],[-118.22968,34.24373],[-118.22964,34.24375],[-118.2296,34.24374],[-118.22943,34.24367],[-118.22932,34.24359],[-118.22917,34.24353],[-118.22916,34.2435],[-118.22908,34.24343],[-118.22904,34.24336],[-118.22899,34.24331],[-118.22881,34.24328],[-118.22872,34.24322],[-118.22863,34.24323],[-118.2285,34.24338],[-118.22846,34.24356],[-118.22841,34.24369],[-118.22842,34.24382],[-118.22836,34.24388],[-118.22832,34.24377],[-118.22832,34.24364],[-118.2283,34.24353],[-118.22834,34.24345],[-118.22838,34.24339],[-118.22853,34.24319],[-118.22854,34.24311],[-118.22851,34.24296],[-118.22852,34.24283],[-118.22858,34.24263],[-118.22866,34.24245],[-118.22866,34.24231],[-118.22863,34.2421],[-118.22856,34.24206],[-118.2286,34.24204],[-118.22865,34.24201],[-118.22867,34.24194],[-118.2288,34.24183],[-118.22899,34.2417],[-118.22912,34.24146],[-118.22911,34.24144],[-118.22915,34.24133],[-118.22916,34.24132],[-118.22919,34.2412],[-118.22924,34.24116],[-118.22932,34.24101],[-118.22944,34.24086],[-118.22952,34.2408],[-118.22955,34.24074],[-118.22963,34.24067],[-118.22981,34.24039],[-118.22985,34.24028],[-118.23007,34.24005],[-118.23034,34.23983],[-118.23137,34.23925],[-118.23203,34.23912],[-118.23181,34.23918]]]},"properties":{"QUAD_NAME":"Pasadena"}},{"type":"Feature","geometry":{"type":"Polygon","coordinates":[[[-118.2251,34.2467],[-118.22513,34.24658],[-118.22513,34.2465],[-118.2251,34.24643],[-118.22503,34.24634],[-118.2249,34.24629],[-118.22465,34.24626],[-118.22462,34.24622],[-118.22462,34.2462],[-118.22465,34.24618],[-118.22486,34.24624],[-118.22505,34.24627],[-118.22518,34.24633],[-118.22523,34.24639],[-118.22526,34.24645],[-118.22532,34.24653],[-118.22532,34.24657],[-118.22526,34.24663],[-118.22522,34.24677],[-118.22519,34.24682],[-118.22514,34.24685],[-118.2251,34.2467]]]},"properties":{"QUAD_NAME":"Pasadena"}},{"type":"Feature","geometry":{"type":"Polygon","coordinates":[[[-118.22447,34.24004],[-118.2246,34.23993],[-118.22462,34.2398],[-118.22458,34.23942],[-118.22451,34.23929],[-118.2245,34.23917],[-118.22453,34.23915],[-118.22454,34.23899],[-118.22466,34.23882],[-118.22469,34.2388],[-118.22473,34.23877],[-118.22477,34.23876],[-118.22478,34.23879],[-118.22475,34.23888],[-118.22473,34.23906],[-118.22475,34.23913],[-118.22468,34.23942],[-118.22478,34.23979],[-118.22477,34.23988],[-118.22475,34.23994],[-118.22471,34.23999],[-118.2247,34.23999],[-118.22468,34.24007],[-118.22437,34.24029],[-118.22433,34.2403],[-118.22418,34.24043],[-118.22397,34.24059],[-118.22396,34.24055],[-118.22402,34.24049],[-118.22409,34.24043],[-118.22414,34.24032],[-118.22428,34.24021],[-118.22432,34.2402],[-118.22445,34.24005],[-118.22447,34.24004]]]},"properties":{"QUAD_NAME":"Pasadena"}},{"type":"Feature","geometry":{"type":"Polygon","coordinates":[[[-118.22417,34.24615],[-118.22412,34.24618],[-118.22405,34.2462],[-118.22395,34.24616],[-118.22388,34.2461],[-118.22373,34.24605],[-118.22368,34.246],[-118.22367,34.24588],[-118.22361,34.24563],[-118.22352,34.24554],[-118.22354,34.24536],[-118.22347,34.24506],[-118.22353,34.24502],[-118.22357,34.24503],[-118.22362,34.24509],[-118.22368,34.24531],[-118.2237,34.24543],[-118.22377,34.24564],[-118.22394,34.24598],[-118.22401,34.24604],[-118.22423,34.24602],[-118.2243,34.24602],[-118.22436,34.24605],[-118.22438,34.24609],[-118.22436,34.24612],[-118.22434,34.24614],[-118.22417,34.24615]]]},"properties":{"QUAD_NAME":"Pasadena"}},{"type":"Feature","geometry":{"type":"Polygon","coordinates":[[[-118.22372,34.24206],[-118.22368,34.24211],[-118.22364,34.24221],[-118.22343,34.24238],[-118.22341,34.24244],[-118.22329,34.24256],[-118.22321,34.24273],[-118.22314,34.2428],[-118.2231,34.24291],[-118.22312,34.243],[-118.22308,34.24311],[-118.22308,34.24315],[-118.22289,34.24328],[-118.22279,34.24338],[-118.22273,34.2435],[-118.22274,34.24365],[-118.22277,34.24368],[-118.2228,34.24382],[-118.22276,34.24385],[-118.22271,34.24383],[-118.22267,34.24375],[-118.22266,34.24364],[-118.22261,34.24359],[-118.22257,34.2436],[-118.22254,34.24357],[-118.22261,34.24345],[-118.22265,34.24341],[-118.22268,34.2434],[-118.22273,34.24329],[-118.2229,34.24307],[-118.22301,34.2428],[-118.22305,34.24267],[-118.22311,34.24262],[-118.22323,34.24244],[-118.22329,34.24238],[-118.22331,34.24238],[-118.22335,34.24228],[-118.22345,34.24218],[-118.22355,34.24198],[-118.22342,34.24209],[-118.22341,34.24209],[-118.2234,34.24203],[-118.22336,34.24195],[-118.22337,34.2419],[-118.2233,34.24184],[-118.22331,34.2418],[-118.2233,34.24179],[-118.22328,34.24164],[-118.22324,34.2416],[-118.22323,34.24155],[-118.22326,34.24139],[-118.22327,34.24137],[-118.22334,34.2415],[-118.22343,34.24135],[-118.22349,34.2411],[-118.22356,34.24093],[-118.22364,34.2409],[-118.22364,34.24092],[-118.22361,34.24103],[-118.22361,34.24112],[-118.22352,34.24134],[-118.22351,34.24147],[-118.22357,34.24164],[-118.22367,34.2418],[-118.22377,34.24199],[-118.22372,34.24206]]]},"properties":{"QUAD_NAME":"Pasadena"}},{"type":"Feature","geometry":{"type":"Polygon","coordinates":[[[-118.223,34.12514],[-118.22273,34.12517],[-118.22249,34.12503],[-118.22244,34.12503],[-118.2231,34.12503],[-118.223,34.12514]]]},"properties":{"QUAD_NAME":"Pasadena"}},{"type":"Feature","geometry":{"type":"Polygon","coordinates":[[[-118.22121,34.12554],[-118.2211,34.12575],[-118.22117,34.12606],[-118.22122,34.1265],[-118.22164,34.12681],[-118.22188,34.12699],[-118.22201,34.12709],[-118.22203,34.12737],[-118.2218,34.12755],[-118.22163,34.12808],[-118.22133,34.12821],[-118.221,34.12865],[-118.22085,34.12845],[-118.22084,34.12819],[-118.22076,34.12782],[-118.22064,34.12762],[-118.2203,34.12736],[-118.22001,34.12733],[-118.21973,34.12755],[-118.21953,34.12772],[-118.21937,34.12778],[-118.21934,34.12828],[-118.21953,34.12872],[-118.21958,34.12906],[-118.21961,34.12928],[-118.21956,34.12951],[-118.21934,34.12997],[-118.21939,34.13022],[-118.21984,34.13063],[-118.22024,34.13076],[-118.22072,34.1308],[-118.22107,34.13092],[-118.2211,34.13115],[-118.22112,34.13133],[-118.22113,34.13154],[-118.22104,34.13188],[-118.22099,34.1324],[-118.22104,34.13259],[-118.22105,34.13288],[-118.22075,34.13315],[-118.22052,34.13311],[-118.22031,34.13332],[-118.22018,34.13362],[-118.2201,34.1338],[-118.22017,34.13409],[-118.22032,34.13447],[-118.22043,34.13474],[-118.22038,34.13496],[-118.22017,34.13545],[-118.22015,34.1358],[-118.22027,34.13635],[-118.22012,34.13658],[-118.21996,34.13665],[-118.21989,34.13701],[-118.21988,34.13719],[-118.21981,34.13739],[-118.21936,34.13738],[-118.219,34.13726],[-118.21865,34.13713],[-118.21831,34.13714],[-118.21799,34.13728],[-118.21788,34.13749],[-118.21783,34.13771],[-118.21783,34.13784],[-118.21801,34.13808],[-118.21835,34.13821],[-118.21842,34.13839],[-118.21856,34.13851],[-118.21895,34.13856],[-118.21923,34.13864],[-118.21974,34.13877],[-118.21991,34.13891],[-118.22001,34.13919],[-118.21998,34.1395],[-118.22005,34.13982],[-118.2202,34.13991],[-118.22007,34.14024],[-118.2199,34.14038],[-118.21976,34.14046],[-118.21936,34.14083],[-118.21923,34.14126],[-118.2192,34.14155],[-118.21923,34.14184],[-118.21903,34.14247],[-118.2181,34.14321],[-118.21772,34.14325],[-118.21744,34.14321],[-118.21717,34.14319],[-118.21681,34.14317],[-118.21662,34.14319],[-118.21642,34.14312],[-118.21612,34.14298],[-118.21578,34.14288],[-118.21563,34.14276],[-118.2153,34.14275],[-118.21499,34.1429],[-118.21468,34.14323],[-118.21459,34.14336],[-118.21438,34.14345],[-118.21414,34.14344],[-118.21371,34.14329],[-118.21325,34.14344],[-118.21296,34.14361],[-118.21267,34.14377],[-118.2125,34.14373],[-118.2126,34.1435],[-118.21263,34.14313],[-118.21264,34.14272],[-118.21248,34.14261],[-118.21206,34.14262],[-118.21148,34.14281],[-118.21109,34.14289],[-118.21089,34.14277],[-118.21055,34.1427],[-118.21036,34.14287],[-118.20981,34.14299],[-118.20963,34.14278],[-118.20915,34.14266],[-118.20868,34.14285],[-118.20835,34.1428],[-118.20763,34.14319],[-118.20703,34.14328],[-118.20636,34.14355],[-118.20602,34.14347],[-118.20584,34.14343],[-118.20538,34.14348],[-118.20498,34.14374],[-118.20471,34.14385],[-118.20454,34.14396],[-118.20402,34.14396],[-118.20368,34.14428],[-118.20319,34.1443],[-118.20288,34.14444],[-118.20269,34.14473],[-118.20242,34.1451],[-118.20211,34.14545],[-118.20189,34.14554],[-118.20157,34.14567],[-118.20137,34.14565],[-118.20102,34.14568],[-118.20094,34.14552],[-118.20061,34.14525],[-118.20043,34.14507],[-118.2002,34.14496],[-118.20019,34.14472],[-118.20024,34.14443],[-118.20017,34.14421],[-118.19994,34.14402],[-118.19964,34.14384],[-118.19915,34.14393],[-118.19891,34.14409],[-118.19867,34.14451],[-118.19858,34.14482],[-118.19849,34.14501],[-118.19832,34.14505],[-118.19819,34.14496],[-118.198,34.14477],[-118.19758,34.14469],[-118.19724,34.14488],[-118.19703,34.145],[-118.19692,34.14512],[-118.19688,34.14546],[-118.19689,34.14567],[-118.19675,34.14588],[-118.19656,34.14585],[-118.19631,34.14565],[-118.19601,34.14572],[-118.19583,34.14579],[-118.1958,34.14594],[-118.19569,34.14617],[-118.1954,34.14615],[-118.19536,34.14583],[-118.1951,34.1457],[-118.19496,34.14575],[-118.19483,34.14577],[-118.19459,34.14601],[-118.19429,34.14612],[-118.19405,34.14626],[-118.19389,34.14639],[-118.19363,34.14658],[-118.19339,34.14673],[-118.19319,34.14692],[-118.19294,34.14703],[-118.19288,34.1468],[-118.19315,34.14658],[-118.19341,34.14628],[-118.19358,34.14614],[-118.19378,34.14579],[-118.19388,34.14568],[-118.19412,34.14532],[-118.19433,34.14508],[-118.19466,34.14475],[-118.195,34.14422],[-118.1955,34.14375],[-118.19586,34.14348],[-118.19615,34.14305],[-118.196,34.14267],[-118.19548,34.14248],[-118.19512,34.14269],[-118.19468,34.14263],[-118.19438,34.14259],[-118.19402,34.14277],[-118.19386,34.14314],[-118.19366,34.14343],[-118.19329,34.14388],[-118.19307,34.14419],[-118.19277,34.1443],[-118.19277,34.14386],[-118.19277,34.1436],[-118.19277,34.14331],[-118.19254,34.14326],[-118.19243,34.14298],[-118.19234,34.14267],[-118.19206,34.14245],[-118.19174,34.14221],[-118.19161,34.14179],[-118.1917,34.14151],[-118.19189,34.14138],[-118.19209,34.14135],[-118.19239,34.14129],[-118.19264,34.14101],[-118.19282,34.14076],[-118.193,34.14061],[-118.19317,34.14059],[-118.19375,34.14024],[-118.19391,34.13992],[-118.1942,34.13975],[-118.19452,34.13949],[-118.19478,34.1392],[-118.19483,34.13891],[-118.19527,34.13862],[-118.19579,34.13842],[-118.19598,34.13842],[-118.19641,34.13811],[-118.19673,34.13786],[-118.19707,34.13766],[-118.19749,34.13751],[-118.19792,34.13741],[-118.19837,34.13735],[-118.19861,34.13722],[-118.19872,34.13686],[-118.19917,34.13629],[-118.1993,34.13608],[-118.19938,34.13589],[-118.19985,34.13532],[-118.20003,34.13524],[-118.20028,34.13505],[-118.20049,34.13476],[-118.20072,34.13442],[-118.20077,34.13404],[-118.2005,34.13382],[-118.20033,34.13383],[-118.20009,34.13387],[-118.1998,34.13422],[-118.1997,34.13439],[-118.19956,34.13464],[-118.19935,34.1348],[-118.19925,34.13459],[-118.19927,34.13442],[-118.19937,34.13388],[-118.19922,34.13341],[-118.19895,34.13316],[-118.19863,34.13332],[-118.19837,34.13341],[-118.1983,34.1332],[-118.19826,34.13289],[-118.19801,34.13273],[-118.19769,34.13268],[-118.1975,34.13273],[-118.19734,34.13285],[-118.19701,34.13287],[-118.1968,34.13282],[-118.19651,34.13295],[-118.19637,34.13305],[-118.19631,34.13328],[-118.1962,34.13343],[-118.19584,34.13346],[-118.1957,34.13372],[-118.19552,34.134],[-118.19534,34.13428],[-118.19524,34.13407],[-118.19522,34.13386],[-118.19528,34.13361],[-118.19526,34.13328],[-118.19483,34.13339],[-118.19454,34.13347],[-118.19429,34.13383],[-118.19407,34.13419],[-118.19388,34.13473],[-118.1939,34.13494],[-118.19386,34.13522],[-118.194,34.13563],[-118.19396,34.13579],[-118.1938,34.13582],[-118.19359,34.13575],[-118.19317,34.13593],[-118.19304,34.13607],[-118.19272,34.13613],[-118.19267,34.13582],[-118.19268,34.13548],[-118.19255,34.13533],[-118.19231,34.13506],[-118.19209,34.135],[-118.19174,34.13509],[-118.19148,34.13526],[-118.19108,34.13558],[-118.19088,34.13587],[-118.19073,34.13614],[-118.19033,34.13659],[-118.19013,34.13666],[-118.19003,34.13652],[-118.18987,34.1364],[-118.18966,34.13641],[-118.18945,34.1366],[-118.18932,34.1372],[-118.1891,34.13778],[-118.18885,34.13831],[-118.18878,34.13878],[-118.18876,34.13916],[-118.18878,34.13982],[-118.18889,34.14026],[-118.18899,34.14084],[-118.18906,34.14145],[-118.18894,34.14192],[-118.18878,34.1424],[-118.18864,34.14247],[-118.18847,34.14245],[-118.18838,34.14231],[-118.18818,34.14177],[-118.18801,34.14151],[-118.18775,34.14111],[-118.18762,34.14103],[-118.18739,34.14102],[-118.18715,34.14121],[-118.18701,34.14141],[-118.18694,34.14175],[-118.18696,34.14206],[-118.18691,34.14226],[-118.18675,34.14227],[-118.18666,34.14216],[-118.18646,34.14184],[-118.1864,34.14162],[-118.18624,34.14149],[-118.18598,34.1416],[-118.18572,34.14184],[-118.18558,34.14201],[-118.18547,34.14237],[-118.18543,34.14271],[-118.18543,34.1431],[-118.18537,34.14337],[-118.18518,34.14358],[-118.18502,34.14365],[-118.18477,34.14407],[-118.18484,34.1446],[-118.18494,34.1449],[-118.18502,34.14502],[-118.18509,34.14515],[-118.18494,34.14528],[-118.18474,34.14525],[-118.18453,34.14531],[-118.18427,34.14539],[-118.18414,34.14551],[-118.18402,34.14566],[-118.18387,34.14615],[-118.1839,34.14655],[-118.18394,34.147],[-118.18379,34.14722],[-118.18361,34.14743],[-118.18361,34.14779],[-118.18354,34.14799],[-118.18354,34.14815],[-118.18332,34.14819],[-118.18332,34.14806],[-118.18336,34.14774],[-118.18329,34.14746],[-118.18332,34.14703],[-118.18331,34.14671],[-118.18317,34.14642],[-118.18313,34.14623],[-118.18333,34.14606],[-118.18352,34.14551],[-118.18353,34.14517],[-118.18366,34.1449],[-118.18392,34.14442],[-118.18427,34.14399],[-118.18451,34.14355],[-118.18463,34.14298],[-118.1847,34.14243],[-118.18464,34.14229],[-118.18436,34.14198],[-118.184,34.14192],[-118.18366,34.14192],[-118.18329,34.14185],[-118.18302,34.14182],[-118.18289,34.14156],[-118.18281,34.14138],[-118.18287,34.14112],[-118.18285,34.14098],[-118.18274,34.14076],[-118.18263,34.14068],[-118.18245,34.14058],[-118.18224,34.14046],[-118.18229,34.14027],[-118.18245,34.14019],[-118.18284,34.1399],[-118.18337,34.13973],[-118.18363,34.13971],[-118.18392,34.13975],[-118.18439,34.13962],[-118.18466,34.13958],[-118.18511,34.13936],[-118.18532,34.13918],[-118.18552,34.13891],[-118.18559,34.13864],[-118.18556,34.13829],[-118.18574,34.13809],[-118.18593,34.138],[-118.18609,34.13793],[-118.18635,34.13767],[-118.18639,34.13741],[-118.18631,34.13709],[-118.18609,34.13693],[-118.18564,34.13703],[-118.18536,34.137],[-118.18494,34.13696],[-118.18469,34.13691],[-118.18483,34.13664],[-118.18511,34.13665],[-118.1854,34.13645],[-118.18551,34.1362],[-118.18583,34.13614],[-118.18617,34.13602],[-118.18658,34.13584],[-118.18691,34.13557],[-118.18699,34.13522],[-118.18714,34.13481],[-118.18743,34.13464],[-118.18766,34.13457],[-118.18814,34.13438],[-118.18846,34.13434],[-118.18901,34.13399],[-118.18923,34.13385],[-118.18947,34.13366],[-118.18987,34.13342],[-118.19011,34.13329],[-118.19049,34.13329],[-118.19083,34.13326],[-118.19121,34.13317],[-118.19173,34.133],[-118.1921,34.13271],[-118.19266,34.13232],[-118.19287,34.13228],[-118.19309,34.13209],[-118.19347,34.13171],[-118.19402,34.13137],[-118.1941,34.13122],[-118.19437,34.13107],[-118.19646,34.13107],[-118.19697,34.13087],[-118.1973,34.13077],[-118.19746,34.13084],[-118.19788,34.13086],[-118.19859,34.1307],[-118.19874,34.13056],[-118.19893,34.13048],[-118.19919,34.13045],[-118.19952,34.13045],[-118.19988,34.13065],[-118.20015,34.13068],[-118.20044,34.13067],[-118.20079,34.13065],[-118.2012,34.13065],[-118.20157,34.13055],[-118.20182,34.13043],[-118.20218,34.13053],[-118.20265,34.13061],[-118.20314,34.1305],[-118.20351,34.13045],[-118.20384,34.13049],[-118.20426,34.13035],[-118.20465,34.13021],[-118.20479,34.13054],[-118.20488,34.13078],[-118.205,34.13088],[-118.20529,34.13097],[-118.20546,34.13101],[-118.20574,34.13115],[-118.20623,34.13121],[-118.20643,34.13112],[-118.2068,34.13101],[-118.20721,34.13096],[-118.20749,34.13092],[-118.20767,34.13083],[-118.20784,34.13058],[-118.20796,34.1304],[-118.20813,34.13031],[-118.20823,34.13043],[-118.20822,34.13058],[-118.20799,34.13077],[-118.20792,34.13093],[-118.20784,34.13114],[-118.20791,34.1313],[-118.20815,34.13147],[-118.20829,34.13161],[-118.20836,34.13196],[-118.20846,34.13227],[-118.20862,34.13249],[-118.20871,34.1326],[-118.20933,34.13267],[-118.20985,34.13241],[-118.21016,34.13214],[-118.21035,34.13196],[-118.21063,34.13195],[-118.21099,34.13205],[-118.21154,34.13211],[-118.21194,34.13203],[-118.21237,34.13202],[-118.21268,34.13199],[-118.21297,34.13183],[-118.21326,34.13167],[-118.21367,34.13123],[-118.21376,34.13065],[-118.2138,34.13033],[-118.21362,34.13005],[-118.21346,34.12971],[-118.21355,34.12943],[-118.21368,34.12928],[-118.2139,34.12915],[-118.21406,34.12904],[-118.21429,34.12884],[-118.21453,34.12865],[-118.21468,34.12841],[-118.21478,34.12793],[-118.2147,34.12728],[-118.21452,34.12667],[-118.2142,34.12621],[-118.21382,34.12599],[-118.21347,34.12585],[-118.21302,34.12566],[-118.21279,34.12551],[-118.21265,34.12526],[-118.21257,34.12503],[-118.22175,34.12503],[-118.22144,34.1252],[-118.22121,34.12554]],[[-118.20431,34.13801],[-118.20447,34.13783],[-118.20462,34.13764],[-118.20466,34.13727],[-118.20464,34.13696],[-118.2046,34.13654],[-118.20504,34.13597],[-118.20527,34.13574],[-118.20541,34.13565],[-118.20576,34.13542],[-118.20607,34.13508],[-118.20617,34.13435],[-118.20607,34.1341],[-118.20591,34.1339],[-118.20557,34.13382],[-118.20527,34.13396],[-118.205,34.13406],[-118.20477,34.134],[-118.20474,34.13387],[-118.20483,34.13371],[-118.20483,34.13337],[-118.20473,34.13312],[-118.20448,34.13301],[-118.20395,34.13295],[-118.20372,34.13304],[-118.20336,34.13309],[-118.2032,34.13329],[-118.203,34.13356],[-118.20291,34.13393],[-118.20264,34.13463],[-118.20243,34.13491],[-118.20245,34.1352],[-118.20251,34.13542],[-118.20265,34.13569],[-118.20286,34.13583],[-118.2031,34.13602],[-118.20328,34.1362],[-118.20342,34.13635],[-118.20355,34.1367],[-118.20341,34.13705],[-118.20324,34.13734],[-118.20305,34.13746],[-118.20294,34.13757],[-118.20303,34.13783],[-118.20335,34.13803],[-118.20371,34.1382],[-118.20395,34.13813],[-118.20431,34.13801]],[[-118.2063,34.13735],[-118.2066,34.13731],[-118.20688,34.13724],[-118.20741,34.13726],[-118.20791,34.13737],[-118.2082,34.1374],[-118.20867,34.13735],[-118.20907,34.13729],[-118.20926,34.13722],[-118.20986,34.13724],[-118.21004,34.13727],[-118.21016,34.13719],[-118.21054,34.13718],[-118.21103,34.13718],[-118.21128,34.13706],[-118.21124,34.13681],[-118.21119,34.13647],[-118.211,34.13622],[-118.21079,34.13606],[-118.21053,34.13601],[-118.21035,34.13597],[-118.21001,34.13602],[-118.20977,34.13609],[-118.20925,34.13597],[-118.2091,34.13586],[-118.20905,34.13569],[-118.20888,34.13562],[-118.20852,34.13559],[-118.20825,34.13568],[-118.20775,34.13563],[-118.20758,34.13555],[-118.20699,34.1355],[-118.20676,34.13551],[-118.20647,34.13554],[-118.20617,34.13579],[-118.20612,34.13599],[-118.20591,34.13616],[-118.2057,34.13633],[-118.20555,34.13658],[-118.20543,34.13683],[-118.20546,34.13726],[-118.20571,34.13743],[-118.20601,34.13748],[-118.2063,34.13735]],[[-118.20052,34.13839],[-118.2007,34.13808],[-118.20088,34.13745],[-118.20083,34.13725],[-118.20073,34.13697],[-118.20062,34.13681],[-118.20046,34.13679],[-118.2003,34.13689],[-118.20022,34.13702],[-118.19997,34.13728],[-118.1997,34.13758],[-118.19943,34.13788],[-118.19927,34.13825],[-118.19922,34.13872],[-118.19925,34.13889],[-118.19945,34.13906],[-118.19988,34.13898],[-118.20013,34.13883],[-118.20039,34.13865],[-118.20052,34.13839]]]},"properties":{"QUAD_NAME":"Pasadena"}},{"type":"Feature","geometry":{"type":"Polygon","coordinates":[[[-118.22152,34.24456],[-118.22153,34.24462],[-118.22145,34.24471],[-118.22133,34.24472],[-118.22117,34.2447],[-118.22111,34.24468],[-118.22103,34.24459],[-118.22096,34.24457],[-118.22089,34.24457],[-118.22076,34.24464],[-118.22071,34.24464],[-118.22062,34.24459],[-118.22056,34.24447],[-118.22052,34.24443],[-118.22041,34.24437],[-118.22013,34.24432],[-118.22002,34.24421],[-118.21999,34.24417],[-118.21998,34.24404],[-118.21992,34.24399],[-118.2197,34.24399],[-118.21949,34.24404],[-118.21944,34.24403],[-118.21947,34.24398],[-118.21962,34.24394],[-118.2198,34.2439],[-118.21989,34.2439],[-118.22001,34.24393],[-118.22004,34.24396],[-118.22007,34.24401],[-118.22008,34.24413],[-118.22019,34.24421],[-118.22045,34.24424],[-118.22058,34.24428],[-118.22078,34.24443],[-118.22089,34.24444],[-118.22102,34.24443],[-118.22127,34.24451],[-118.22139,34.24444],[-118.22145,34.24437],[-118.22146,34.24443],[-118.22152,34.24456]]]},"properties":{"QUAD_NAME":"Pasadena"}},{"type":"Feature","geometry":{"type":"Polygon","coordinates":[[[-118.21468,34.20178],[-118.21455,34.20177],[-118.21446,34.20175],[-118.21434,34.20175],[-118.21429,34.20176],[-118.21425,34.20181],[-118.21424,34.20181],[-118.21424,34.20185],[-118.21421,34.20187],[-118.21415,34.20188],[-118.21402,34.20197],[-118.21398,34.20206],[-118.21399,34.20217],[-118.21414,34.20267],[-118.21411,34.20271],[-118.21403,34.2027],[-118.21399,34.20264],[-118.21392,34.20261],[-118.21381,34.20252],[-118.21357,34.20236],[-118.21341,34.20228],[-118.21327,34.20225],[-118.21307,34.20218],[-118.21296,34.20219],[-118.21283,34.20217],[-118.21274,34.20217],[-118.21267,34.2022],[-118.21254,34.20237],[-118.21253,34.20249],[-118.21222,34.20278],[-118.21207,34.20288],[-118.21205,34.20296],[-118.21203,34.20317],[-118.21201,34.20324],[-118.21196,34.20331],[-118.21192,34.20333],[-118.21179,34.20355],[-118.21174,34.20362],[-118.21174,34.20371],[-118.21177,34.2038],[-118.21181,34.20386],[-118.21184,34.20388],[-118.21183,34.20389],[-118.21169,34.20392],[-118.21163,34.20394],[-118.21141,34.20395],[-118.21131,34.20393],[-118.21122,34.20393],[-118.21116,34.20397],[-118.21115,34.20413],[-118.21116,34.2042],[-118.21103,34.20426],[-118.2108,34.20441],[-118.21048,34.20426],[-118.21025,34.20392],[-118.20992,34.20357],[-118.20919,34.20293],[-118.20859,34.20258],[-118.20776,34.20235],[-118.20689,34.2022],[-118.20578,34.20213],[-118.20537,34.20213],[-118.20496,34.20228],[-118.20468,34.20247],[-118.20454,34.20263],[-118.20441,34.20263],[-118.20427,34.20255],[-118.20413,34.20244],[-118.20362,34.20236],[-118.20321,34.20236],[-118.20248,34.20248],[-118.20188,34.20252],[-118.20128,34.20263],[-118.20082,34.20271],[-118.20022,34.20279],[-118.19949,34.20294],[-118.19921,34.20302],[-118.1988,34.20321],[-118.1983,34.2034],[-118.19806,34.20359],[-118.19725,34.20374],[-118.19633,34.20371],[-118.19564,34.20344],[-118.19527,34.20314],[-118.19458,34.20199],[-118.19453,34.2015],[-118.19426,34.20065],[-118.19389,34.20004],[-118.19352,34.19955],[-118.19292,34.19875],[-118.19241,34.19794],[-118.192,34.19787],[-118.19177,34.19787],[-118.19154,34.19814],[-118.19117,34.19833],[-118.19072,34.19862],[-118.19071,34.1984],[-118.19084,34.1981],[-118.19088,34.19771],[-118.1909,34.19771],[-118.19088,34.19765],[-118.19085,34.19762],[-118.19085,34.19759],[-118.19083,34.19738],[-118.19083,34.19729],[-118.19091,34.19678],[-118.1909,34.19665],[-118.1909,34.19655],[-118.19149,34.19691],[-118.19156,34.19694],[-118.19163,34.197],[-118.19183,34.1971],[-118.19189,34.19716],[-118.19193,34.19717],[-118.19212,34.19727],[-118.19232,34.19735],[-118.19254,34.19739],[-118.19277,34.19733],[-118.19286,34.19733],[-118.19311,34.19727],[-118.19321,34.19728],[-118.19341,34.19726],[-118.19355,34.1973],[-118.1938,34.19731],[-118.19412,34.19739],[-118.19421,34.19745],[-118.19433,34.19747],[-118.19444,34.19754],[-118.19451,34.19759],[-118.19456,34.19765],[-118.19475,34.19776],[-118.19481,34.19783],[-118.19486,34.19783],[-118.19512,34.19795],[-118.19544,34.19805],[-118.19553,34.19806],[-118.19564,34.19811],[-118.19569,34.19811],[-118.19574,34.19815],[-118.19578,34.19814],[-118.19589,34.19818],[-118.19596,34.19822],[-118.19613,34.19829],[-118.1962,34.19833],[-118.19621,34.19837],[-118.19628,34.19843],[-118.19634,34.19858],[-118.19638,34.1986],[-118.19636,34.19866],[-118.19642,34.19883],[-118.1964,34.19891],[-118.19644,34.19908],[-118.19648,34.19916],[-118.19653,34.19949],[-118.19664,34.19962],[-118.19669,34.19962],[-118.19686,34.19973],[-118.19697,34.19954],[-118.19697,34.19951],[-118.19703,34.19937],[-118.19705,34.19925],[-118.1971,34.19919],[-118.19713,34.19912],[-118.19712,34.19908],[-118.19697,34.19894],[-118.19697,34.19888],[-118.19705,34.19874],[-118.19739,34.19825],[-118.19744,34.19812],[-118.19746,34.19797],[-118.19742,34.19789],[-118.19734,34.1978],[-118.19705,34.19756],[-118.19685,34.19731],[-118.1968,34.19719],[-118.19675,34.19697],[-118.19668,34.19682],[-118.19666,34.19673],[-118.19664,34.19669],[-118.19659,34.19646],[-118.19639,34.196],[-118.19599,34.19563],[-118.19598,34.19564],[-118.19591,34.19559],[-118.19582,34.19551],[-118.19577,34.1955],[-118.19571,34.19546],[-118.19556,34.19543],[-118.19531,34.19532],[-118.19521,34.19531],[-118.1951,34.19532],[-118.1949,34.19527],[-118.19483,34.19528],[-118.19464,34.19525],[-118.19452,34.19525],[-118.19446,34.19522],[-118.19442,34.19522],[-118.19433,34.19519],[-118.19427,34.19515],[-118.19414,34.19512],[-118.19406,34.19507],[-118.19386,34.19502],[-118.19378,34.19502],[-118.19366,34.19497],[-118.19352,34.19494],[-118.19343,34.19488],[-118.19337,34.1949],[-118.1932,34.19477],[-118.19303,34.19476],[-118.193,34.19473],[-118.19289,34.19471],[-118.19278,34.19471],[-118.19268,34.19473],[-118.1926,34.19472],[-118.19242,34.19465],[-118.19229,34.19454],[-118.19228,34.19451],[-118.19225,34.1945],[-118.19224,34.19443],[-118.19221,34.19438],[-118.19204,34.19418],[-118.19203,34.19415],[-118.19199,34.19412],[-118.19197,34.19405],[-118.19197,34.194],[-118.19208,34.19382],[-118.192,34.19376],[-118.19182,34.19368],[-118.19176,34.1937],[-118.19173,34.19368],[-118.19151,34.19367],[-118.19168,34.19359],[-118.19202,34.1936],[-118.19213,34.1936],[-118.19222,34.19362],[-118.19229,34.19362],[-118.19232,34.19362],[-118.19244,34.19365],[-118.1925,34.19371],[-118.19251,34.1938],[-118.19243,34.19402],[-118.19242,34.19419],[-118.19245,34.19429],[-118.19245,34.1943],[-118.19255,34.19435],[-118.19265,34.19438],[-118.19268,34.19438],[-118.19298,34.19444],[-118.19319,34.19448],[-118.19366,34.19469],[-118.19372,34.19471],[-118.19383,34.19471],[-118.19392,34.19469],[-118.1941,34.1947],[-118.19433,34.19484],[-118.19443,34.19488],[-118.19458,34.19489],[-118.1947,34.19493],[-118.19498,34.19495],[-118.19511,34.195],[-118.19514,34.19503],[-118.19522,34.19506],[-118.19545,34.19511],[-118.19549,34.19515],[-118.19561,34.19518],[-118.19565,34.19517],[-118.19599,34.19526],[-118.19606,34.19533],[-118.19611,34.19535],[-118.19625,34.19545],[-118.19644,34.19567],[-118.19654,34.19576],[-118.19661,34.19583],[-118.19662,34.19584],[-118.19664,34.19585],[-118.19669,34.19589],[-118.19678,34.19601],[-118.1969,34.19618],[-118.19699,34.19627],[-118.19713,34.19649],[-118.19717,34.19651],[-118.1972,34.19663],[-118.19718,34.19685],[-118.1972,34.19696],[-118.1973,34.19718],[-118.19733,34.19722],[-118.19757,34.1974],[-118.19768,34.19742],[-118.19768,34.19743],[-118.19772,34.19745],[-118.19786,34.1975],[-118.19816,34.19754],[-118.19827,34.19752],[-118.19847,34.19749],[-118.19903,34.19745],[-118.19944,34.19738],[-118.19957,34.19738],[-118.19974,34.1974],[-118.19995,34.19747],[-118.20045,34.19775],[-118.20051,34.19776],[-118.20072,34.19794],[-118.20087,34.19799],[-118.20103,34.19808],[-118.20111,34.19812],[-118.20127,34.19817],[-118.20128,34.19822],[-118.20146,34.19829],[-118.20168,34.19838],[-118.20188,34.19844],[-118.20196,34.19849],[-118.20233,34.1986],[-118.20252,34.19869],[-118.20257,34.19866],[-118.20295,34.19884],[-118.20318,34.19886],[-118.20341,34.19881],[-118.20352,34.19877],[-118.20372,34.19861],[-118.20384,34.19854],[-118.20395,34.1985],[-118.20415,34.19846],[-118.20422,34.19845],[-118.20466,34.19864],[-118.2047,34.19864],[-118.20479,34.1987],[-118.20485,34.19871],[-118.20493,34.19872],[-118.20501,34.19871],[-118.20504,34.19871],[-118.20507,34.19867],[-118.20515,34.19866],[-118.2054,34.19868],[-118.20559,34.19868],[-118.20572,34.19863],[-118.20586,34.19854],[-118.206,34.1984],[-118.20612,34.19824],[-118.20621,34.19816],[-118.20649,34.19805],[-118.2066,34.19797],[-118.2069,34.19785],[-118.207,34.19776],[-118.20715,34.19771],[-118.20774,34.19802],[-118.2081,34.19822],[-118.20821,34.19833],[-118.20831,34.19837],[-118.20837,34.19838],[-118.20848,34.19843],[-118.20866,34.1985],[-118.20884,34.19863],[-118.20895,34.19868],[-118.20899,34.19868],[-118.20919,34.19874],[-118.20934,34.19874],[-118.20956,34.19857],[-118.20963,34.19849],[-118.20972,34.19846],[-118.20977,34.19847],[-118.20979,34.19851],[-118.20987,34.19857],[-118.20987,34.19861],[-118.20992,34.19873],[-118.20998,34.19878],[-118.21013,34.19883],[-118.21027,34.19886],[-118.21046,34.19887],[-118.2106,34.19877],[-118.21066,34.19868],[-118.21074,34.19859],[-118.21079,34.1986],[-118.21084,34.19865],[-118.21094,34.19883],[-118.21112,34.19886],[-118.21116,34.19886],[-118.21141,34.19878],[-118.21159,34.19868],[-118.2118,34.1985],[-118.21188,34.19836],[-118.21182,34.19841],[-118.21191,34.19828],[-118.21195,34.19878],[-118.21195,34.19884],[-118.21197,34.19899],[-118.21204,34.19915],[-118.21212,34.19922],[-118.21213,34.19926],[-118.21237,34.19933],[-118.21244,34.1993],[-118.2125,34.19925],[-118.21257,34.19916],[-118.21264,34.19907],[-118.21271,34.19895],[-118.21279,34.19877],[-118.21279,34.19865],[-118.21293,34.19887],[-118.21303,34.19903],[-118.21302,34.19904],[-118.21299,34.19909],[-118.21298,34.19918],[-118.21299,34.19933],[-118.21297,34.19936],[-118.21301,34.19957],[-118.213,34.19958],[-118.21302,34.19968],[-118.21301,34.20002],[-118.21303,34.20009],[-118.21286,34.20037],[-118.21283,34.20039],[-118.21278,34.20048],[-118.21269,34.20058],[-118.21268,34.20068],[-118.21269,34.20071],[-118.21279,34.20085],[-118.21302,34.20098],[-118.21309,34.201],[-118.21313,34.20103],[-118.21311,34.20123],[-118.21307,34.20127],[-118.21307,34.20144],[-118.2131,34.20151],[-118.21317,34.20157],[-118.21328,34.20161],[-118.21355,34.20167],[-118.21373,34.20172],[-118.21381,34.20168],[-118.21406,34.20154],[-118.21413,34.20146],[-118.21415,34.20144],[-118.21418,34.20138],[-118.21418,34.2013],[-118.21412,34.20126],[-118.21397,34.20124],[-118.21407,34.20118],[-118.21427,34.20114],[-118.21452,34.20103],[-118.21464,34.20101],[-118.21465,34.20099],[-118.21474,34.20096],[-118.21495,34.2009],[-118.21493,34.20106],[-118.21501,34.20112],[-118.21487,34.20125],[-118.21476,34.20128],[-118.2146,34.20138],[-118.21445,34.20143],[-118.21432,34.20149],[-118.21425,34.20152],[-118.21421,34.20155],[-118.21419,34.20156],[-118.2142,34.20158],[-118.21456,34.20164],[-118.21469,34.20165],[-118.21479,34.20168],[-118.21481,34.20167],[-118.21491,34.20174],[-118.21505,34.20185],[-118.21468,34.20178]]]},"properties":{"QUAD_NAME":"Pasadena"}},{"type":"Feature","geometry":{"type":"Polygon","coordinates":[[[-118.19085,34.19293],[-118.19078,34.19312],[-118.19077,34.19321],[-118.19079,34.19326],[-118.19079,34.19335],[-118.19084,34.19345],[-118.19082,34.19347],[-118.19074,34.19347],[-118.19072,34.19345],[-118.19051,34.19336],[-118.19034,34.19334],[-118.19013,34.19335],[-118.18994,34.19332],[-118.18978,34.19332],[-118.1896,34.19337],[-118.18949,34.19345],[-118.18937,34.19357],[-118.18934,34.19345],[-118.18931,34.19336],[-118.18919,34.19325],[-118.18912,34.19321],[-118.18905,34.19319],[-118.18896,34.19319],[-118.18886,34.19318],[-118.18881,34.19317],[-118.18872,34.19319],[-118.18867,34.19322],[-118.18859,34.19335],[-118.18855,34.19357],[-118.18857,34.19373],[-118.18873,34.194],[-118.18874,34.19404],[-118.18872,34.19414],[-118.18862,34.19427],[-118.18848,34.19438],[-118.18844,34.19439],[-118.18839,34.19448],[-118.18837,34.19448],[-118.18827,34.19457],[-118.18824,34.19459],[-118.18822,34.19458],[-118.18816,34.19465],[-118.18805,34.1947],[-118.18797,34.19476],[-118.18784,34.19485],[-118.18782,34.19514],[-118.18781,34.19521],[-118.18784,34.19552],[-118.18784,34.19564],[-118.1878,34.19573],[-118.18762,34.19588],[-118.18755,34.19611],[-118.18756,34.19616],[-118.18762,34.19624],[-118.18763,34.1963],[-118.18768,34.19639],[-118.18782,34.19661],[-118.18784,34.19667],[-118.18787,34.19672],[-118.18789,34.19677],[-118.18796,34.19689],[-118.18797,34.19691],[-118.18816,34.19706],[-118.18817,34.19709],[-118.18819,34.19719],[-118.18839,34.19749],[-118.18838,34.19751],[-118.18841,34.19762],[-118.18844,34.19767],[-118.18846,34.19767],[-118.18851,34.19779],[-118.1881,34.19776],[-118.18773,34.19776],[-118.18689,34.19783],[-118.18633,34.1977],[-118.18603,34.19763],[-118.18598,34.19762],[-118.18594,34.19732],[-118.18591,34.19723],[-118.18594,34.19708],[-118.18597,34.19705],[-118.18605,34.19705],[-118.18652,34.19714],[-118.18657,34.1971],[-118.18656,34.19703],[-118.18653,34.197],[-118.18631,34.19694],[-118.18613,34.19687],[-118.186,34.1968],[-118.18595,34.19675],[-118.18591,34.19669],[-118.18567,34.19661],[-118.18583,34.19636],[-118.186,34.19589],[-118.18621,34.19559],[-118.18656,34.19531],[-118.18668,34.19515],[-118.18691,34.19503],[-118.18709,34.19491],[-118.18728,34.19484],[-118.18734,34.19479],[-118.18739,34.1947],[-118.18744,34.19466],[-118.18745,34.19466],[-118.18747,34.19459],[-118.18757,34.19444],[-118.18762,34.19431],[-118.18764,34.19378],[-118.18763,34.19373],[-118.18764,34.19366],[-118.18761,34.1935],[-118.18755,34.19335],[-118.18745,34.19322],[-118.18728,34.1931],[-118.18701,34.19297],[-118.18691,34.19294],[-118.18667,34.19293],[-118.18653,34.19287],[-118.18646,34.19282],[-118.18644,34.19281],[-118.18643,34.19277],[-118.18622,34.19253],[-118.18603,34.19235],[-118.18567,34.19196],[-118.18561,34.19187],[-118.18559,34.19174],[-118.18561,34.19167],[-118.1857,34.19159],[-118.18587,34.19147],[-118.18588,34.19141],[-118.18591,34.19133],[-118.18592,34.19123],[-118.18585,34.19114],[-118.18563,34.19098],[-118.18546,34.19089],[-118.18526,34.1908],[-118.18496,34.19061],[-118.18481,34.19048],[-118.18474,34.19036],[-118.18474,34.19022],[-118.18471,34.19018],[-118.18466,34.19015],[-118.18457,34.19013],[-118.18446,34.19004],[-118.18426,34.19002],[-118.18393,34.18995],[-118.18371,34.18992],[-118.1834,34.18984],[-118.1832,34.18985],[-118.18296,34.1899],[-118.18252,34.19001],[-118.18202,34.19003],[-118.1818,34.18996],[-118.18179,34.18991],[-118.18171,34.18986],[-118.18163,34.18975],[-118.18152,34.18948],[-118.1815,34.18945],[-118.18142,34.18928],[-118.18141,34.18919],[-118.18137,34.18912],[-118.18134,34.18908],[-118.18131,34.189],[-118.18129,34.18898],[-118.18127,34.18891],[-118.18117,34.18879],[-118.18113,34.1887],[-118.18099,34.18853],[-118.18093,34.18843],[-118.1809,34.18842],[-118.18082,34.18828],[-118.18079,34.18827],[-118.18069,34.18806],[-118.18055,34.18784],[-118.18042,34.18753],[-118.18041,34.18744],[-118.18041,34.18718],[-118.1804,34.18708],[-118.18041,34.18701],[-118.18038,34.18691],[-118.18033,34.18688],[-118.18014,34.1868],[-118.17998,34.18669],[-118.17969,34.18656],[-118.17938,34.18647],[-118.17898,34.18622],[-118.17884,34.18616],[-118.17848,34.18612],[-118.17824,34.18606],[-118.17758,34.1858],[-118.17745,34.18577],[-118.17734,34.18576],[-118.17723,34.18577],[-118.1771,34.18581],[-118.17693,34.18591],[-118.17682,34.18601],[-118.17682,34.18606],[-118.17682,34.1861],[-118.17683,34.18611],[-118.17683,34.18612],[-118.17686,34.18614],[-118.1769,34.18615],[-118.17694,34.18615],[-118.17696,34.18615],[-118.17697,34.18619],[-118.17719,34.18627],[-118.17728,34.18636],[-118.17732,34.18657],[-118.17731,34.18664],[-118.17734,34.18672],[-118.17736,34.18682],[-118.17743,34.18695],[-118.1775,34.18713],[-118.17749,34.18733],[-118.17752,34.18747],[-118.17755,34.18753],[-118.17755,34.1876],[-118.17757,34.18767],[-118.17771,34.1879],[-118.17778,34.18803],[-118.17779,34.18806],[-118.17778,34.18806],[-118.17792,34.18827],[-118.17792,34.18828],[-118.17787,34.18832],[-118.17784,34.18837],[-118.17773,34.18844],[-118.17769,34.1885],[-118.17764,34.18866],[-118.17763,34.18879],[-118.17759,34.18912],[-118.17762,34.18926],[-118.17758,34.18926],[-118.17755,34.1893],[-118.17755,34.18939],[-118.17749,34.18962],[-118.17742,34.18971],[-118.17729,34.18994],[-118.17725,34.18999],[-118.17724,34.18999],[-118.17718,34.19012],[-118.17718,34.19019],[-118.17716,34.19025],[-118.17714,34.19026],[-118.17709,34.1905],[-118.17705,34.19055],[-118.17712,34.19056],[-118.1772,34.19065],[-118.17741,34.19096],[-118.17745,34.191],[-118.17753,34.19127],[-118.17756,34.19151],[-118.17756,34.19192],[-118.17754,34.19233],[-118.1775,34.19254],[-118.17734,34.19289],[-118.17735,34.1929],[-118.17731,34.19294],[-118.17704,34.19329],[-118.177,34.19346],[-118.177,34.19359],[-118.17703,34.19367],[-118.17702,34.19378],[-118.17705,34.19383],[-118.17708,34.19387],[-118.17717,34.19405],[-118.1761,34.19331],[-118.17543,34.19275],[-118.1744,34.192],[-118.17303,34.19079],[-118.1721,34.18982],[-118.17194,34.18966],[-118.17197,34.18962],[-118.17212,34.18945],[-118.17222,34.18927],[-118.17228,34.18919],[-118.17236,34.18892],[-118.17236,34.18872],[-118.17238,34.18863],[-118.17238,34.18838],[-118.1724,34.18829],[-118.17239,34.18825],[-118.17243,34.18811],[-118.17252,34.18796],[-118.17264,34.18785],[-118.17275,34.18771],[-118.17283,34.18753],[-118.17287,34.18749],[-118.17295,34.1873],[-118.17294,34.18729],[-118.17302,34.18708],[-118.17303,34.18699],[-118.1731,34.18687],[-118.17319,34.18676],[-118.17325,34.18664],[-118.17337,34.18649],[-118.17347,34.18632],[-118.1735,34.18631],[-118.17361,34.18613],[-118.17375,34.18596],[-118.17383,34.18591],[-118.17393,34.18588],[-118.17397,34.18585],[-118.17409,34.18581],[-118.17424,34.1858],[-118.17431,34.18576],[-118.17431,34.18571],[-118.17449,34.18574],[-118.1746,34.18573],[-118.17484,34.1856],[-118.1749,34.18547],[-118.17494,34.18545],[-118.17519,34.18545],[-118.17522,34.18545],[-118.17526,34.18548],[-118.17527,34.18549],[-118.1753,34.18555],[-118.17531,34.18556],[-118.17533,34.1857],[-118.17534,34.18573],[-118.17538,34.1858],[-118.17548,34.18582],[-118.17551,34.18583],[-118.17589,34.1859],[-118.17591,34.18589],[-118.176,34.18587],[-118.17606,34.18585],[-118.1763,34.18584],[-118.17642,34.18582],[-118.17648,34.18581],[-118.1765,34.1858],[-118.17674,34.18572],[-118.17696,34.18561],[-118.17718,34.18548],[-118.17748,34.18545],[-118.1776,34.18547],[-118.17786,34.18558],[-118.1779,34.18562],[-118.17804,34.18566],[-118.17834,34.1858],[-118.17877,34.18593],[-118.17889,34.18596],[-118.17904,34.18606],[-118.1792,34.18613],[-118.17926,34.18613],[-118.17934,34.18619],[-118.17938,34.1863],[-118.17951,34.1864],[-118.17972,34.18648],[-118.17987,34.18649],[-118.17994,34.18652],[-118.18017,34.18672],[-118.18044,34.18681],[-118.18048,34.18685],[-118.18066,34.18697],[-118.18075,34.187],[-118.18094,34.18711],[-118.18102,34.18711],[-118.18118,34.1872],[-118.18125,34.18722],[-118.18133,34.18727],[-118.18164,34.18736],[-118.18171,34.1874],[-118.18175,34.1874],[-118.18188,34.18745],[-118.18196,34.18745],[-118.18215,34.18755],[-118.18235,34.1876],[-118.18244,34.18764],[-118.18246,34.18769],[-118.18261,34.18769],[-118.18269,34.18772],[-118.18275,34.18777],[-118.18281,34.18779],[-118.18298,34.18783],[-118.18334,34.18787],[-118.1834,34.18789],[-118.18346,34.18793],[-118.18349,34.18792],[-118.18358,34.18793],[-118.18371,34.18799],[-118.1838,34.188],[-118.1841,34.18797],[-118.18421,34.18793],[-118.18436,34.18785],[-118.18466,34.18775],[-118.18461,34.18791],[-118.18461,34.18793],[-118.18455,34.188],[-118.18451,34.18808],[-118.18452,34.18821],[-118.18456,34.1883],[-118.18457,34.18832],[-118.18455,34.18833],[-118.1844,34.18828],[-118.18423,34.18827],[-118.18418,34.18826],[-118.184,34.18824],[-118.18389,34.18824],[-118.18389,34.18826],[-118.18369,34.18822],[-118.18352,34.18823],[-118.18333,34.18817],[-118.18269,34.18805],[-118.18249,34.18792],[-118.1823,34.18788],[-118.1822,34.18787],[-118.18199,34.18785],[-118.18194,34.18785],[-118.18175,34.18785],[-118.18174,34.18794],[-118.1818,34.188],[-118.18192,34.1881],[-118.18211,34.18821],[-118.1822,34.18828],[-118.18228,34.18831],[-118.18249,34.18848],[-118.18263,34.18871],[-118.18273,34.1888],[-118.18285,34.18895],[-118.18288,34.18905],[-118.1829,34.18905],[-118.18293,34.1891],[-118.18302,34.18924],[-118.18304,34.18933],[-118.18309,34.18938],[-118.18309,34.18946],[-118.18313,34.18954],[-118.18321,34.18962],[-118.18325,34.18965],[-118.18334,34.18972],[-118.18337,34.18976],[-118.18355,34.18982],[-118.18368,34.18983],[-118.18384,34.18986],[-118.18412,34.18993],[-118.18455,34.18999],[-118.18467,34.19007],[-118.1848,34.1901],[-118.18486,34.19018],[-118.18484,34.19022],[-118.18487,34.19028],[-118.18486,34.19035],[-118.18488,34.19041],[-118.18492,34.19045],[-118.18516,34.1906],[-118.18526,34.1907],[-118.18534,34.19076],[-118.1854,34.1908],[-118.1856,34.19086],[-118.18575,34.19098],[-118.18594,34.1911],[-118.18599,34.19116],[-118.1866,34.19165],[-118.1868,34.19188],[-118.18727,34.19233],[-118.18752,34.19261],[-118.18771,34.19275],[-118.1878,34.1928],[-118.18797,34.19284],[-118.18825,34.19281],[-118.18843,34.19274],[-118.18867,34.19261],[-118.18886,34.19258],[-118.18908,34.19258],[-118.1894,34.19267],[-118.18973,34.19265],[-118.1898,34.19267],[-118.19004,34.19264],[-118.19055,34.19264],[-118.19083,34.19259],[-118.19093,34.19255],[-118.19101,34.19256],[-118.19093,34.19275],[-118.19085,34.19293]]]},"properties":{"QUAD_NAME":"Pasadena"}},{"type":"Feature","geometry":{"type":"Polygon","coordinates":[[[-118.1893,34.13131],[-118.18906,34.13139],[-118.18885,34.13128],[-118.18852,34.1311],[-118.1885,34.13109],[-118.18942,34.13109],[-118.1894,34.13114],[-118.1893,34.13131]]]},"properties":{"QUAD_NAME":"Pasadena"}},{"type":"Feature","geometry":{"type":"MultiPolygon","coordinates":[[[[-118.18071,34.13174],[-118.18095,34.13175],[-118.18128,34.13166],[-118.1817,34.13168],[-118.18211,34.13185],[-118.18231,34.13199],[-118.18257,34.1324],[-118.18271,34.13265],[-118.18285,34.13289],[-118.18316,34.13296],[-118.18348,34.13306],[-118.1837,34.1332],[-118.18391,34.1334],[-118.18399,34.13364],[-118.18382,34.13383],[-118.18358,34.13393],[-118.18337,34.13384],[-118.18318,34.13394],[-118.18279,34.13383],[-118.18264,34.1338],[-118.18247,34.13389],[-118.18228,34.13392],[-118.18193,34.1341],[-118.18162,34.13407],[-118.18157,34.13387],[-118.18155,34.13365],[-118.18155,34.13338],[-118.18138,34.13322],[-118.18105,34.13305],[-118.1806,34.13306],[-118.17994,34.13287],[-118.17957,34.13289],[-118.17911,34.13305],[-118.17874,34.13305],[-118.17864,34.13284],[-118.17859,34.13255],[-118.17835,34.13227],[-118.17797,34.13209],[-118.17735,34.13204],[-118.17674,34.13196],[-118.17616,34.13199],[-118.1758,34.13195],[-118.17561,34.13185],[-118.17727,34.13149],[-118.17945,34.1312],[-118.18004,34.13118],[-118.18028,34.13133],[-118.18045,34.13155],[-118.18071,34.13174]]],[[[-118.18003,34.14261],[-118.17948,34.14227],[-118.17897,34.14182],[-118.17835,34.14138],[-118.17805,34.14121],[-118.17786,34.14089],[-118.17749,34.14081],[-118.17725,34.14122],[-118.17716,34.14135],[-118.17719,34.14162],[-118.17711,34.14226],[-118.17708,34.14261],[-118.17709,34.14335],[-118.17722,34.14362],[-118.17735,34.14406],[-118.17743,34.14436],[-118.17737,34.14462],[-118.17722,34.14483],[-118.17713,34.14505],[-118.17713,34.14522],[-118.17728,34.14538],[-118.17736,34.14562],[-118.17754,34.14588],[-118.17779,34.14615],[-118.1777,34.14649],[-118.17767,34.14677],[-118.17783,34.1471],[-118.17786,34.14748],[-118.17799,34.14785],[-118.17819,34.14822],[-118.17808,34.14837],[-118.17786,34.14836],[-118.17766,34.14858],[-118.17779,34.14874],[-118.17775,34.14898],[-118.17745,34.14897],[-118.17739,34.14916],[-118.17719,34.14927],[-118.17719,34.14951],[-118.17753,34.14972],[-118.17769,34.14988],[-118.17777,34.15013],[-118.17775,34.15037],[-118.17764,34.15018],[-118.17749,34.15012],[-118.17734,34.15002],[-118.17711,34.15006],[-118.17678,34.15004],[-118.17659,34.15019],[-118.17635,34.15032],[-118.17593,34.15023],[-118.17565,34.15022],[-118.17597,34.15009],[-118.17621,34.14996],[-118.17641,34.14977],[-118.17666,34.14952],[-118.17691,34.14929],[-118.177,34.14899],[-118.17704,34.14852],[-118.17695,34.14834],[-118.1769,34.14806],[-118.17678,34.14777],[-118.1766,34.14746],[-118.17644,34.14724],[-118.17619,34.14738],[-118.17611,34.14756],[-118.17608,34.1479],[-118.17603,34.14814],[-118.17588,34.14834],[-118.17582,34.14847],[-118.17575,34.14844],[-118.17575,34.14827],[-118.17579,34.14803],[-118.17568,34.14774],[-118.17567,34.14742],[-118.17576,34.1471],[-118.17592,34.14666],[-118.17596,34.14651],[-118.1759,34.14607],[-118.17576,34.14581],[-118.17552,34.14544],[-118.17529,34.14505],[-118.17521,34.14471],[-118.17502,34.1444],[-118.17492,34.14402],[-118.17484,34.1437],[-118.17484,34.14338],[-118.17483,34.14313],[-118.17463,34.14264],[-118.17453,34.14206],[-118.17434,34.14137],[-118.1742,34.14118],[-118.17414,34.14095],[-118.17397,34.14061],[-118.17385,34.14045],[-118.1737,34.14018],[-118.17346,34.13978],[-118.17328,34.13952],[-118.17316,34.13944],[-118.17288,34.13934],[-118.17265,34.13937],[-118.17236,34.13949],[-118.17222,34.13966],[-118.17221,34.1399],[-118.17222,34.14017],[-118.17227,34.14052],[-118.17243,34.14097],[-118.1727,34.14131],[-118.17288,34.14178],[-118.17317,34.14238],[-118.17337,34.14271],[-118.17348,34.14298],[-118.17354,34.14329],[-118.17353,34.14379],[-118.17346,34.14421],[-118.17343,34.14458],[-118.17332,34.14482],[-118.17318,34.14528],[-118.17311,34.14558],[-118.17307,34.14588],[-118.17296,34.14606],[-118.17272,34.14612],[-118.17247,34.1463],[-118.17238,34.14655],[-118.17243,34.14669],[-118.17252,34.14705],[-118.17251,34.14728],[-118.17217,34.14721],[-118.17199,34.14738],[-118.17196,34.14763],[-118.17176,34.14798],[-118.17158,34.14822],[-118.17156,34.14793],[-118.17156,34.14767],[-118.17159,34.14727],[-118.17146,34.14711],[-118.17124,34.14651],[-118.17109,34.14617],[-118.17112,34.14589],[-118.17117,34.14554],[-118.17124,34.14515],[-118.17124,34.1447],[-118.17122,34.14448],[-118.17122,34.14411],[-118.17126,34.14381],[-118.1714,34.14356],[-118.17153,34.14333],[-118.17158,34.143],[-118.17156,34.14256],[-118.17146,34.14214],[-118.17133,34.14187],[-118.17098,34.14139],[-118.17068,34.14106],[-118.1704,34.14088],[-118.17013,34.14083],[-118.16966,34.14073],[-118.16946,34.1405],[-118.16934,34.14034],[-118.16929,34.14008],[-118.16926,34.13973],[-118.16933,34.13941],[-118.16934,34.13909],[-118.16934,34.13871],[-118.1695,34.13854],[-118.16966,34.13821],[-118.16971,34.13792],[-118.16958,34.13762],[-118.16977,34.13718],[-118.16984,34.13664],[-118.16979,34.13632],[-118.16963,34.13584],[-118.16956,34.13568],[-118.16958,34.13548],[-118.1695,34.1353],[-118.16907,34.13503],[-118.1687,34.13471],[-118.1692,34.13439],[-118.17094,34.13348],[-118.17117,34.13349],[-118.17158,34.13345],[-118.17207,34.13339],[-118.17241,34.13327],[-118.17275,34.13316],[-118.17311,34.13298],[-118.17331,34.13279],[-118.17345,34.1326],[-118.1735,34.13246],[-118.17414,34.13226],[-118.17412,34.1325],[-118.17404,34.13292],[-118.17399,34.13332],[-118.1742,34.13356],[-118.17489,34.13384],[-118.17513,34.13398],[-118.17552,34.13405],[-118.17576,34.13408],[-118.17596,34.13432],[-118.17623,34.13463],[-118.17644,34.13501],[-118.17658,34.13554],[-118.17671,34.13614],[-118.17687,34.1367],[-118.17691,34.13718],[-118.17702,34.13755],[-118.17704,34.13781],[-118.17708,34.13804],[-118.17719,34.13829],[-118.1775,34.13872],[-118.17776,34.13891],[-118.17798,34.13909],[-118.17854,34.13945],[-118.1788,34.13955],[-118.179,34.13967],[-118.17915,34.13971],[-118.17933,34.13984],[-118.17959,34.13995],[-118.17988,34.14005],[-118.18008,34.14023],[-118.1804,34.14042],[-118.18052,34.14087],[-118.18065,34.14137],[-118.18096,34.1418],[-118.18128,34.14226],[-118.18125,34.14276],[-118.18103,34.1428],[-118.18054,34.14285],[-118.1802,34.14272],[-118.18003,34.14261]]]]},"properties":{"QUAD_NAME":"Pasadena"}},{"type":"Feature","geometry":{"type":"Polygon","coordinates":[[[-118.17385,34.18045],[-118.17381,34.18063],[-118.17354,34.1809],[-118.17336,34.18123],[-118.17335,34.18142],[-118.17329,34.18156],[-118.17323,34.18163],[-118.1732,34.18178],[-118.1732,34.18211],[-118.17323,34.18235],[-118.17328,34.18244],[-118.17337,34.18268],[-118.17344,34.18281],[-118.17348,34.18297],[-118.17349,34.1831],[-118.17361,34.18332],[-118.1736,34.18356],[-118.17361,34.18365],[-118.17369,34.1838],[-118.17383,34.18391],[-118.17401,34.184],[-118.17407,34.18409],[-118.17412,34.18421],[-118.17416,34.18427],[-118.17423,34.18429],[-118.17441,34.18428],[-118.17447,34.18429],[-118.17456,34.18432],[-118.17463,34.18437],[-118.17481,34.18445],[-118.17498,34.18473],[-118.175,34.18491],[-118.17503,34.18499],[-118.17504,34.18506],[-118.17503,34.18511],[-118.17498,34.18516],[-118.17485,34.18513],[-118.17481,34.1851],[-118.17477,34.18488],[-118.1747,34.18473],[-118.17459,34.18461],[-118.17457,34.18452],[-118.1744,34.18445],[-118.17431,34.18438],[-118.17423,34.18438],[-118.17416,34.18441],[-118.17408,34.1844],[-118.17393,34.1844],[-118.17373,34.18429],[-118.17358,34.18431],[-118.17335,34.18432],[-118.17322,34.18429],[-118.173,34.18429],[-118.17286,34.18426],[-118.17262,34.18426],[-118.17257,34.18421],[-118.17257,34.18416],[-118.17264,34.18405],[-118.17291,34.18392],[-118.17298,34.18391],[-118.17305,34.18386],[-118.17314,34.18375],[-118.17318,34.18364],[-118.17318,34.18349],[-118.17316,34.18336],[-118.17311,34.1832],[-118.17302,34.183],[-118.17284,34.1823],[-118.17282,34.18227],[-118.17276,34.18222],[-118.17262,34.18216],[-118.17247,34.18214],[-118.17192,34.18211],[-118.17171,34.18209],[-118.17185,34.18172],[-118.17194,34.18152],[-118.172,34.18125],[-118.17205,34.1812],[-118.17213,34.18117],[-118.17222,34.18109],[-118.17232,34.18097],[-118.17235,34.18088],[-118.17234,34.18066],[-118.1723,34.18059],[-118.1723,34.18041],[-118.17226,34.18031],[-118.17223,34.18028],[-118.17212,34.18019],[-118.17182,34.18011],[-118.17175,34.17996],[-118.17144,34.1797],[-118.17128,34.1796],[-118.1712,34.17957],[-118.17105,34.17952],[-118.17091,34.17946],[-118.17074,34.17942],[-118.17043,34.17923],[-118.17036,34.17909],[-118.17028,34.17896],[-118.1702,34.17877],[-118.17017,34.17867],[-118.17017,34.17853],[-118.17013,34.1783],[-118.17014,34.17818],[-118.1702,34.17808],[-118.17031,34.17787],[-118.17032,34.17775],[-118.17032,34.17759],[-118.17032,34.17738],[-118.1703,34.17724],[-118.17016,34.17701],[-118.17001,34.17688],[-118.16983,34.17662],[-118.16971,34.17645],[-118.16947,34.17624],[-118.16933,34.1761],[-118.16916,34.17593],[-118.16887,34.17571],[-118.16857,34.17544],[-118.16843,34.17529],[-118.16829,34.17511],[-118.16819,34.17497],[-118.16807,34.17482],[-118.16788,34.1746],[-118.16772,34.17425],[-118.16767,34.17406],[-118.1678,34.17356],[-118.1678,34.17355],[-118.1677,34.17331],[-118.16761,34.1732],[-118.1672,34.17259],[-118.16716,34.17246],[-118.16712,34.17219],[-118.16709,34.17195],[-118.16705,34.17176],[-118.16702,34.1714],[-118.167,34.17113],[-118.16695,34.17082],[-118.16695,34.17051],[-118.16707,34.16996],[-118.1671,34.16962],[-118.16712,34.16933],[-118.16712,34.16909],[-118.16715,34.1688],[-118.16715,34.16843],[-118.16714,34.16817],[-118.16708,34.16772],[-118.16704,34.16745],[-118.16688,34.16682],[-118.16671,34.16621],[-118.16657,34.16561],[-118.16642,34.16504],[-118.16613,34.16441],[-118.16595,34.164],[-118.16578,34.16365],[-118.16539,34.16283],[-118.16499,34.1621],[-118.16487,34.16178],[-118.16441,34.16132],[-118.16411,34.16125],[-118.16389,34.16145],[-118.16365,34.16173],[-118.16368,34.16183],[-118.16361,34.16219],[-118.16366,34.16271],[-118.16367,34.16305],[-118.1639,34.1633],[-118.16405,34.16351],[-118.16419,34.16367],[-118.16434,34.1639],[-118.16434,34.16408],[-118.16451,34.16474],[-118.16452,34.16492],[-118.16438,34.16505],[-118.16419,34.16478],[-118.16409,34.16443],[-118.16401,34.16408],[-118.16379,34.16376],[-118.16357,34.16358],[-118.16347,34.16327],[-118.16336,34.16293],[-118.16336,34.16255],[-118.16338,34.16192],[-118.16345,34.16156],[-118.16365,34.16128],[-118.1638,34.16098],[-118.16387,34.16078],[-118.16391,34.16045],[-118.16385,34.16032],[-118.16382,34.16016],[-118.16375,34.15993],[-118.16364,34.15971],[-118.16357,34.15951],[-118.16355,34.15927],[-118.16357,34.15892],[-118.16356,34.15864],[-118.16347,34.15845],[-118.16342,34.15826],[-118.1632,34.15823],[-118.16279,34.15831],[-118.16255,34.15848],[-118.16232,34.15879],[-118.16197,34.15922],[-118.16176,34.15945],[-118.16157,34.15876],[-118.16169,34.15863],[-118.16195,34.15844],[-118.16228,34.15815],[-118.16259,34.15795],[-118.16289,34.15777],[-118.16305,34.15731],[-118.16322,34.15698],[-118.16322,34.1567],[-118.16331,34.15646],[-118.16353,34.15606],[-118.16366,34.15569],[-118.16374,34.15533],[-118.1636,34.15482],[-118.16354,34.15446],[-118.16326,34.15394],[-118.1631,34.15361],[-118.16316,34.15304],[-118.16327,34.15255],[-118.16328,34.15226],[-118.16318,34.15195],[-118.16313,34.15166],[-118.1631,34.15144],[-118.16313,34.15119],[-118.16325,34.15095],[-118.16345,34.15066],[-118.16367,34.15062],[-118.16403,34.15052],[-118.1645,34.1506],[-118.16467,34.1506],[-118.16481,34.15049],[-118.16501,34.15025],[-118.16508,34.15007],[-118.16505,34.14978],[-118.16498,34.14935],[-118.16501,34.14893],[-118.16503,34.14868],[-118.16517,34.14842],[-118.16531,34.14821],[-118.16544,34.14792],[-118.16546,34.14773],[-118.16538,34.14748],[-118.16515,34.14721],[-118.16485,34.147],[-118.16448,34.14677],[-118.16442,34.14644],[-118.16438,34.1462],[-118.16443,34.14589],[-118.16448,34.14573],[-118.16455,34.14556],[-118.1647,34.1453],[-118.16495,34.14511],[-118.16538,34.14476],[-118.16586,34.1445],[-118.16607,34.14432],[-118.16612,34.14409],[-118.16614,34.14379],[-118.16621,34.14348],[-118.16629,34.14324],[-118.16663,34.14293],[-118.16707,34.14254],[-118.1672,34.14228],[-118.16727,34.14206],[-118.16718,34.1417],[-118.16704,34.14154],[-118.16676,34.14129],[-118.16665,34.14111],[-118.16666,34.14089],[-118.16665,34.14051],[-118.1666,34.14018],[-118.16647,34.13988],[-118.16634,34.13955],[-118.16631,34.13923],[-118.16637,34.13888],[-118.16647,34.13867],[-118.16673,34.13849],[-118.16702,34.13822],[-118.16745,34.13798],[-118.1676,34.13782],[-118.16773,34.13767],[-118.16777,34.13715],[-118.16753,34.13694],[-118.16728,34.13678],[-118.16692,34.13655],[-118.16673,34.13643],[-118.16661,34.13619],[-118.16746,34.13551],[-118.16809,34.13511],[-118.16821,34.1352],[-118.16847,34.13558],[-118.16868,34.13591],[-118.16876,34.13624],[-118.16884,34.13652],[-118.16865,34.13701],[-118.16853,34.13731],[-118.1684,34.1374],[-118.16822,34.13764],[-118.16826,34.13805],[-118.16831,34.13833],[-118.16831,34.13878],[-118.16826,34.13902],[-118.16805,34.13933],[-118.1679,34.13952],[-118.16791,34.13989],[-118.16798,34.14022],[-118.16821,34.14053],[-118.16844,34.1408],[-118.16875,34.14123],[-118.16872,34.14142],[-118.16871,34.14169],[-118.1687,34.14187],[-118.16859,34.14216],[-118.16827,34.14245],[-118.16815,34.14264],[-118.16804,34.14282],[-118.16778,34.14298],[-118.16764,34.14319],[-118.16739,34.14334],[-118.16712,34.14367],[-118.16694,34.14374],[-118.16676,34.14388],[-118.16662,34.14402],[-118.16654,34.14423],[-118.16651,34.14448],[-118.16638,34.14472],[-118.16611,34.145],[-118.16569,34.14516],[-118.16541,34.14533],[-118.1653,34.14567],[-118.16531,34.14599],[-118.16538,34.14628],[-118.16554,34.1467],[-118.16592,34.1469],[-118.16607,34.14717],[-118.16606,34.14752],[-118.16602,34.14776],[-118.16586,34.14803],[-118.16564,34.14838],[-118.16547,34.14876],[-118.16541,34.14932],[-118.16551,34.14959],[-118.16567,34.15002],[-118.16589,34.15028],[-118.16615,34.15066],[-118.16654,34.15111],[-118.16663,34.15144],[-118.16681,34.15191],[-118.16696,34.15229],[-118.16712,34.15264],[-118.16718,34.15307],[-118.16733,34.1534],[-118.16752,34.15371],[-118.1679,34.15389],[-118.16844,34.154],[-118.16911,34.1542],[-118.16971,34.15448],[-118.17019,34.15481],[-118.17037,34.15511],[-118.17075,34.15558],[-118.171,34.15606],[-118.1714,34.15681],[-118.17148,34.15739],[-118.17113,34.15694],[-118.17098,34.15669],[-118.17069,34.15594],[-118.17049,34.15561],[-118.17024,34.15532],[-118.16988,34.155],[-118.16938,34.15464],[-118.16908,34.15453],[-118.1688,34.1545],[-118.16865,34.15463],[-118.16878,34.15483],[-118.16911,34.15506],[-118.16921,34.15532],[-118.16934,34.15575],[-118.16947,34.15598],[-118.16971,34.15648],[-118.16991,34.15692],[-118.17031,34.15776],[-118.17056,34.15822],[-118.17076,34.15892],[-118.17085,34.15914],[-118.17109,34.15972],[-118.17138,34.16054],[-118.17159,34.16106],[-118.17183,34.16143],[-118.17209,34.16223],[-118.17208,34.16278],[-118.17217,34.16335],[-118.17241,34.16403],[-118.17257,34.16425],[-118.17277,34.16448],[-118.17328,34.16461],[-118.17367,34.16483],[-118.17381,34.16509],[-118.1741,34.16534],[-118.17436,34.16558],[-118.17449,34.16578],[-118.17449,34.16619],[-118.17427,34.166],[-118.17407,34.16575],[-118.17384,34.16552],[-118.17359,34.1653],[-118.17339,34.16522],[-118.17301,34.16533],[-118.17292,34.16564],[-118.17304,34.16611],[-118.17317,34.16653],[-118.17338,34.16719],[-118.17346,34.16779],[-118.17362,34.16831],[-118.1738,34.16909],[-118.17391,34.16969],[-118.17399,34.17026],[-118.17408,34.17085],[-118.17413,34.17115],[-118.17431,34.17163],[-118.17432,34.17202],[-118.17439,34.17245],[-118.17438,34.17277],[-118.1744,34.17302],[-118.17445,34.1733],[-118.17457,34.17351],[-118.17476,34.17372],[-118.17473,34.17394],[-118.17465,34.17411],[-118.17428,34.17425],[-118.1742,34.17462],[-118.17411,34.17494],[-118.17393,34.17536],[-118.17363,34.17583],[-118.17349,34.176],[-118.17328,34.17615],[-118.17305,34.17633],[-118.17288,34.17648],[-118.17265,34.17683],[-118.17255,34.17704],[-118.17258,34.1773],[-118.17267,34.1776],[-118.17274,34.17776],[-118.1729,34.178],[-118.173,34.17825],[-118.17297,34.17854],[-118.17315,34.17874],[-118.17333,34.17896],[-118.17348,34.17922],[-118.17358,34.1795],[-118.17376,34.17989],[-118.17385,34.18019],[-118.17385,34.18045]]]},"properties":{"QUAD_NAME":"Pasadena"}}]}