{"type":"FeatureCollection","features":[{"type":"Feature","geometry":{"type":"Polygon","coordinates":[[[-118.31523,34.15484],[-118.31632,34.15502],[-118.31611,34.15506],[-118.3121,34.15576],[-118.31225,34.15542],[-118.31381,34.15515],[-118.31434,34.15504],[-118.31476,34.15493],[-118.31523,34.15484]]]},"properties":{"FLD_ZONE":"A","ZONE_SUBTY":null,"SFHA_TF":"T"}},{"type":"Feature","geometry":{"type":"Polygon","coordinates":[[[-118.20215,34.19233],[-118.20185,34.19219],[-118.20049,34.19137],[-118.20034,34.19133],[-118.20019,34.1913],[-118.20003,34.19129],[-118.19995,34.19129],[-118.19983,34.19131],[-118.1997,34.19133],[-118.19947,34.19138],[-118.19923,34.19145],[-118.19901,34.19153],[-118.19885,34.19156],[-118.19869,34.19161],[-118.19862,34.19163],[-118.19847,34.1917],[-118.19833,34.19177],[-118.19827,34.19182],[-118.19815,34.19191],[-118.19804,34.19202],[-118.19799,34.19207],[-118.19791,34.19219],[-118.19784,34.19231],[-118.19781,34.19235],[-118.19777,34.19238],[-118.19769,34.19244],[-118.19761,34.1925],[-118.19756,34.19252],[-118.19746,34.19255],[-118.19736,34.19257],[-118.1973,34.19258],[-118.19723,34.19258],[-118.19715,34.19258],[-118.197,34.19257],[-118.19685,34.19254],[-118.19678,34.19253],[-118.19664,34.19248],[-118.1965,34.19242],[-118.19639,34.19235],[-118.19615,34.19222],[-118.1959,34.1921],[-118.19564,34.19199],[-118.19538,34.19188],[-118.19525,34.19184],[-118.19517,34.19179],[-118.19502,34.19169],[-118.19488,34.19158],[-118.19481,34.19152],[-118.19469,34.19139],[-118.19463,34.19133],[-118.19458,34.19126],[-118.19448,34.19112],[-118.1946,34.19109],[-118.19473,34.19105],[-118.19497,34.19097],[-118.19508,34.19093],[-118.1952,34.19088],[-118.19543,34.19078],[-118.19554,34.19069],[-118.19577,34.19051],[-118.19588,34.19042],[-118.19599,34.19033],[-118.19609,34.19023],[-118.19629,34.19003],[-118.19647,34.18982],[-118.19656,34.18971],[-118.19671,34.18958],[-118.19687,34.18946],[-118.19703,34.18935],[-118.19712,34.1893],[-118.19731,34.18921],[-118.1975,34.18913],[-118.1976,34.1891],[-118.1978,34.18903],[-118.198,34.18898],[-118.19821,34.18895],[-118.19832,34.18894],[-118.19842,34.18892],[-118.19854,34.18892],[-118.19877,34.18891],[-118.19901,34.18888],[-118.19924,34.18885],[-118.19947,34.18879],[-118.19969,34.18873],[-118.1999,34.18865],[-118.20011,34.18856],[-118.20031,34.18845],[-118.2005,34.18834],[-118.20065,34.18824],[-118.20074,34.18816],[-118.20082,34.18807],[-118.20086,34.18802],[-118.20092,34.18792],[-118.20097,34.18782],[-118.201,34.18771],[-118.20101,34.18766],[-118.20102,34.18757],[-118.20105,34.18748],[-118.2011,34.18739],[-118.20113,34.18735],[-118.2012,34.18728],[-118.20124,34.18725],[-118.20129,34.18721],[-118.20138,34.18716],[-118.20148,34.18712],[-118.20154,34.1871],[-118.20168,34.18705],[-118.20175,34.18703],[-118.2019,34.187],[-118.20197,34.18699],[-118.20213,34.18697],[-118.20221,34.18697],[-118.20236,34.18698],[-118.20244,34.18699],[-118.20259,34.18702],[-118.20266,34.18703],[-118.20281,34.18708],[-118.20294,34.18714],[-118.203,34.18721],[-118.20308,34.18726],[-118.20316,34.18731],[-118.20325,34.18735],[-118.20406,34.18819],[-118.20404,34.18822],[-118.20403,34.18823],[-118.204,34.18825],[-118.20396,34.18826],[-118.20392,34.18826],[-118.20389,34.18825],[-118.20387,34.18824],[-118.20285,34.18798],[-118.20234,34.18786],[-118.20228,34.18785],[-118.20221,34.18785],[-118.20209,34.18785],[-118.20203,34.18786],[-118.20191,34.18789],[-118.20179,34.18793],[-118.20168,34.18798],[-118.20161,34.18801],[-118.20158,34.18803],[-118.20152,34.18808],[-118.2015,34.18811],[-118.20146,34.18816],[-118.20144,34.18823],[-118.20144,34.1883],[-118.20163,34.18948],[-118.20164,34.18951],[-118.20167,34.18959],[-118.20169,34.18962],[-118.20175,34.18969],[-118.20181,34.18975],[-118.20197,34.18967],[-118.20205,34.18964],[-118.20222,34.18958],[-118.20239,34.18953],[-118.20248,34.18951],[-118.20257,34.18949],[-118.20275,34.18947],[-118.20289,34.18947],[-118.20318,34.1895],[-118.20346,34.18953],[-118.20374,34.18959],[-118.20402,34.18965],[-118.20415,34.18969],[-118.20442,34.18978],[-118.20455,34.18983],[-118.20468,34.18988],[-118.20481,34.18993],[-118.20493,34.18999],[-118.20506,34.19005],[-118.20518,34.19012],[-118.20529,34.19019],[-118.20541,34.19026],[-118.20563,34.19041],[-118.20565,34.19044],[-118.20565,34.19046],[-118.20565,34.19048],[-118.20563,34.1905],[-118.2052,34.19069],[-118.20523,34.19073],[-118.20524,34.19075],[-118.20524,34.1908],[-118.20573,34.19054],[-118.20575,34.19053],[-118.20577,34.19053],[-118.20579,34.19054],[-118.20581,34.19055],[-118.20583,34.19056],[-118.20583,34.19058],[-118.20583,34.19061],[-118.20579,34.19064],[-118.2057,34.19071],[-118.20567,34.19075],[-118.2056,34.19084],[-118.20557,34.19088],[-118.20554,34.19093],[-118.2055,34.19104],[-118.20549,34.19109],[-118.2055,34.19127],[-118.20554,34.19145],[-118.20558,34.19162],[-118.20565,34.19179],[-118.20554,34.19183],[-118.20542,34.19186],[-118.2053,34.19188],[-118.20518,34.19188],[-118.2052,34.19192],[-118.20521,34.19194],[-118.20521,34.19198],[-118.20519,34.19201],[-118.20516,34.19205],[-118.2054,34.19202],[-118.20565,34.19198],[-118.20568,34.19198],[-118.2057,34.19199],[-118.20571,34.192],[-118.20573,34.19202],[-118.20574,34.19204],[-118.20574,34.19206],[-118.20573,34.19207],[-118.20572,34.19209],[-118.2057,34.1921],[-118.20536,34.19282],[-118.20533,34.19283],[-118.20526,34.19285],[-118.20518,34.19285],[-118.20515,34.19284],[-118.20511,34.19284],[-118.20508,34.19283],[-118.20505,34.19281],[-118.20437,34.19262],[-118.20433,34.19259],[-118.2043,34.19259],[-118.20425,34.19258],[-118.2042,34.19258],[-118.20415,34.1926],[-118.2041,34.19263],[-118.20395,34.19304],[-118.20393,34.19306],[-118.2039,34.19309],[-118.20385,34.19311],[-118.2038,34.19312],[-118.20375,34.19312],[-118.20334,34.19291],[-118.20275,34.19261],[-118.20215,34.19233]]]},"properties":{"FLD_ZONE":"X","ZONE_SUBTY":"0.2 PCT ANNUAL CHANCE FLOOD HAZARD","SFHA_TF":"F"}},{"type":"Feature","geometry":{"type":"Polygon","coordinates":[[[-118.21622,34.15961],[-118.21627,34.15966],[-118.21631,34.15972],[-118.21632,34.15973],[-118.21636,34.15989],[-118.21636,34.16013],[-118.21625,34.16068],[-118.21618,34.16086],[-118.21615,34.16105],[-118.21607,34.16119],[-118.21595,34.16142],[-118.21584,34.16146],[-118.21551,34.16146],[-118.21525,34.16148],[-118.21502,34.16157],[-118.21477,34.16161],[-118.21459,34.16163],[-118.21483,34.16129],[-118.21498,34.16112],[-118.21539,34.16039],[-118.21566,34.16001],[-118.21581,34.15983],[-118.21598,34.15969],[-118.21613,34.15962],[-118.21622,34.15961]]]},"properties":{"FLD_ZONE":"X","ZONE_SUBTY":"AREA OF MINIMAL FLOOD HAZARD","SFHA_TF":"F"}},{"type":"Feature","geometry":{"type":"Polygon","coordinates":[[[-118.22739,34.22668],[-118.22739,34.22669],[-118.22744,34.22681],[-118.22753,34.22707],[-118.2276,34.22733],[-118.22765,34.2276],[-118.22769,34.22786],[-118.2277,34.228],[-118.22771,34.22813],[-118.22771,34.2284],[-118.22749,34.22841],[-118.22752,34.2282],[-118.22753,34.22799],[-118.22752,34.22779],[-118.2275,34.22758],[-118.22746,34.22738],[-118.22741,34.22718],[-118.22738,34.22707],[-118.2273,34.22688],[-118.22721,34.22669],[-118.22726,34.22669],[-118.22739,34.22668]]]},"properties":{"FLD_ZONE":"D","ZONE_SUBTY":null,"SFHA_TF":"F"}},{"type":"Feature","geometry":{"type":"Polygon","coordinates":[[[-118.31063,34.15984],[-118.31063,34.15985],[-118.31077,34.15998],[-118.31087,34.16019],[-118.31102,34.16042],[-118.31143,34.16087],[-118.31201,34.16147],[-118.31224,34.16169],[-118.31268,34.16218],[-118.31282,34.1625],[-118.31287,34.16269],[-118.31294,34.16293],[-118.31304,34.16307],[-118.31319,34.16352],[-118.31161,34.16398],[-118.31159,34.16388],[-118.31164,34.16316],[-118.31163,34.16261],[-118.31153,34.16216],[-118.31143,34.16174],[-118.31119,34.16137],[-118.31105,34.16121],[-118.31064,34.16083],[-118.31036,34.16064],[-118.31033,34.16063],[-118.31063,34.15984]]]},"properties":{"FLD_ZONE":"AO","ZONE_SUBTY":null,"SFHA_TF":"T"}},{"type":"Feature","geometry":{"type":"Polygon","coordinates":[[[-118.16599,34.14932],[-118.16606,34.14933],[-118.16615,34.14935],[-118.16626,34.1494],[-118.16635,34.14945],[-118.16644,34.14951],[-118.16652,34.14959],[-118.16655,34.14963],[-118.16661,34.14971],[-118.16665,34.1498],[-118.16668,34.1499],[-118.1667,34.15],[-118.1667,34.15005],[-118.1667,34.15015],[-118.16669,34.1502],[-118.16666,34.15029],[-118.16664,34.15034],[-118.16661,34.15039],[-118.16656,34.15048],[-118.16648,34.15056],[-118.16643,34.15059],[-118.1664,34.1506],[-118.16637,34.1506],[-118.16631,34.1506],[-118.16625,34.1506],[-118.16619,34.15057],[-118.16617,34.15056],[-118.16611,34.15051],[-118.166,34.15041],[-118.16591,34.15029],[-118.16584,34.15017],[-118.16577,34.15005],[-118.16575,34.14998],[-118.16571,34.14985],[-118.1657,34.14978],[-118.16569,34.14965],[-118.16569,34.14955],[-118.1657,34.14952],[-118.16572,34.14947],[-118.16573,34.14944],[-118.16575,34.14942],[-118.1658,34.14937],[-118.16586,34.14934],[-118.16593,34.14932],[-118.16599,34.14932]]]},"properties":{"FLD_ZONE":"D","ZONE_SUBTY":null,"SFHA_TF":"F"}},{"type":"Feature","geometry":{"type":"Polygon","coordinates":[[[-118.22043,34.22604],[-118.22076,34.22677],[-118.22016,34.22613],[-118.2204,34.22594],[-118.22043,34.22604]]]},"properties":{"FLD_ZONE":"D","ZONE_SUBTY":null,"SFHA_TF":"F"}},{"type":"Feature","geometry":{"type":"Polygon","coordinates":[[[-118.18526,34.18414],[-118.18542,34.18413],[-118.18549,34.18414],[-118.18557,34.18414],[-118.18565,34.18415],[-118.18573,34.18417],[-118.1858,34.18418],[-118.18588,34.1842],[-118.18595,34.18422],[-118.18612,34.18443],[-118.18615,34.18447],[-118.18621,34.18456],[-118.18625,34.18466],[-118.18626,34.18471],[-118.18628,34.18481],[-118.18628,34.18491],[-118.1863,34.18493],[-118.18633,34.18496],[-118.18636,34.18497],[-118.18638,34.18498],[-118.18644,34.18499],[-118.18649,34.18498],[-118.18651,34.18497],[-118.18656,34.18495],[-118.18659,34.18491],[-118.18655,34.18526],[-118.18653,34.18561],[-118.18652,34.18596],[-118.18652,34.18631],[-118.18655,34.18656],[-118.18657,34.18669],[-118.18659,34.18681],[-118.18665,34.18706],[-118.18669,34.18719],[-118.18673,34.18731],[-118.18525,34.18762],[-118.1852,34.18764],[-118.18518,34.18765],[-118.18513,34.18765],[-118.18508,34.18764],[-118.18504,34.18761],[-118.18501,34.18758],[-118.18471,34.18657],[-118.18471,34.1865],[-118.18472,34.18644],[-118.18474,34.18638],[-118.18476,34.18635],[-118.1848,34.1863],[-118.18486,34.18622],[-118.18492,34.18613],[-118.18497,34.18605],[-118.18506,34.18588],[-118.18514,34.1857],[-118.18519,34.18551],[-118.18522,34.18542],[-118.18524,34.18533],[-118.18526,34.18414]]]},"properties":{"FLD_ZONE":"X","ZONE_SUBTY":"0.2 PCT ANNUAL CHANCE FLOOD HAZARD","SFHA_TF":"F"}},{"type":"Feature","geometry":{"type":"Polygon","coordinates":[[[-118.22178,34.15658],[-118.22178,34.15643],[-118.22185,34.15637],[-118.222,34.15651],[-118.22189,34.1566],[-118.2218,34.15666],[-118.22178,34.15658]]]},"properties":{"FLD_ZONE":"X","ZONE_SUBTY":"AREA OF MINIMAL FLOOD HAZARD","SFHA_TF":"F"}},{"type":"Feature","geometry":{"type":"Polygon","coordinates":[[[-118.22981,34.19201],[-118.23038,34.19201],[-118.23085,34.19201],[-118.23129,34.19203],[-118.23165,34.19205],[-118.23208,34.1922],[-118.23267,34.19232],[-118.233,34.19246],[-118.2332,34.19261],[-118.23347,34.19274],[-118.23378,34.19291],[-118.23406,34.19302],[-118.23434,34.19317],[-118.23456,34.1933],[-118.23471,34.19355],[-118.23446,34.19345],[-118.23413,34.19328],[-118.23374,34.19315],[-118.23334,34.193],[-118.23298,34.19287],[-118.23262,34.19277],[-118.23222,34.19266],[-118.23177,34.19257],[-118.23116,34.19243],[-118.23065,34.19234],[-118.22989,34.19225],[-118.22947,34.19217],[-118.2289,34.19211],[-118.22923,34.19204],[-118.22981,34.19201]]]},"properties":{"FLD_ZONE":"D","ZONE_SUBTY":null,"SFHA_TF":"F"}},{"type":"Feature","geometry":{"type":"Polygon","coordinates":[[[-118.18668,34.18514],[-118.1867,34.18503],[-118.18672,34.18491],[-118.18679,34.18493],[-118.18693,34.18498],[-118.18706,34.18504],[-118.18717,34.18512],[-118.18723,34.18516],[-118.18728,34.1852],[-118.18738,34.18529],[-118.18746,34.18536],[-118.1875,34.18537],[-118.18754,34.18538],[-118.18758,34.18537],[-118.18762,34.18536],[-118.18776,34.18528],[-118.18806,34.18512],[-118.18821,34.18504],[-118.1885,34.18487],[-118.18893,34.18562],[-118.189,34.18583],[-118.18905,34.18604],[-118.1891,34.18625],[-118.18911,34.18636],[-118.18911,34.18642],[-118.18911,34.18648],[-118.1891,34.1866],[-118.18909,34.18666],[-118.18906,34.18677],[-118.18687,34.18727],[-118.18678,34.1868],[-118.18668,34.18622],[-118.18667,34.1861],[-118.18664,34.18586],[-118.18664,34.18562],[-118.18665,34.18538],[-118.18668,34.18514]]]},"properties":{"FLD_ZONE":"X","ZONE_SUBTY":"0.2 PCT ANNUAL CHANCE FLOOD HAZARD","SFHA_TF":"F"}},{"type":"Feature","geometry":{"type":"Polygon","coordinates":[[[-118.21094,34.1991],[-118.21176,34.19954],[-118.21188,34.1996],[-118.21188,34.19966],[-118.21186,34.19976],[-118.21183,34.19986],[-118.21178,34.19996],[-118.21175,34.2],[-118.21168,34.20009],[-118.21151,34.20026],[-118.21147,34.2003],[-118.21136,34.20038],[-118.21125,34.20045],[-118.21119,34.20049],[-118.21113,34.20051],[-118.211,34.20056],[-118.20977,34.2002],[-118.20998,34.20005],[-118.21018,34.1999],[-118.21037,34.19974],[-118.21046,34.19966],[-118.21055,34.19957],[-118.21072,34.19939],[-118.21087,34.1992],[-118.21094,34.1991]]]},"properties":{"FLD_ZONE":"X","ZONE_SUBTY":"0.2 PCT ANNUAL CHANCE FLOOD HAZARD","SFHA_TF":"F"}},{"type":"Feature","geometry":{"type":"Polygon","coordinates":[[[-118.21988,34.15813],[-118.21998,34.1582],[-118.21997,34.15828],[-118.21995,34.15837],[-118.21989,34.15841],[-118.21988,34.15841],[-118.21979,34.15834],[-118.21971,34.15823],[-118.21988,34.15813]]]},"properties":{"FLD_ZONE":"D","ZONE_SUBTY":null,"SFHA_TF":"F"}},{"type":"Feature","geometry":{"type":"Polygon","coordinates":[[[-118.26624,34.10389],[-118.26618,34.10391],[-118.26601,34.10392],[-118.2658,34.10393],[-118.26559,34.10393],[-118.26515,34.10394],[-118.26496,34.10389],[-118.26489,34.10381],[-118.26482,34.10369],[-118.26462,34.10337],[-118.26453,34.10319],[-118.26441,34.103],[-118.26432,34.10283],[-118.26468,34.10298],[-118.26631,34.1038],[-118.2663,34.10383],[-118.26624,34.10389]]]},"properties":{"FLD_ZONE":"A","ZONE_SUBTY":"1 PCT ANNUAL CHANCE FLOOD HAZARD CONTAINED IN CHANNEL","SFHA_TF":"T"}},{"type":"Feature","geometry":{"type":"Polygon","coordinates":[[[-118.20948,34.19841],[-118.20952,34.19841],[-118.20956,34.19842],[-118.2096,34.19844],[-118.21008,34.19868],[-118.21009,34.19868],[-118.21013,34.19869],[-118.21014,34.1987],[-118.21016,34.19872],[-118.21018,34.19875],[-118.21018,34.19877],[-118.21017,34.19879],[-118.20995,34.19918],[-118.20987,34.19929],[-118.20978,34.1994],[-118.20961,34.1996],[-118.20942,34.19981],[-118.20933,34.19991],[-118.2093,34.19994],[-118.20928,34.19996],[-118.20924,34.19998],[-118.20919,34.2],[-118.20916,34.2],[-118.20888,34.19991],[-118.20886,34.19989],[-118.20882,34.19985],[-118.20879,34.1998],[-118.20878,34.19977],[-118.2088,34.19966],[-118.20883,34.19955],[-118.20889,34.19935],[-118.20892,34.19924],[-118.20897,34.19914],[-118.20912,34.19887],[-118.2092,34.19874],[-118.20938,34.19848],[-118.20938,34.19847],[-118.20941,34.19844],[-118.20944,34.19842],[-118.20948,34.19841]]]},"properties":{"FLD_ZONE":"X","ZONE_SUBTY":"0.2 PCT ANNUAL CHANCE FLOOD HAZARD","SFHA_TF":"F"}},{"type":"Feature","geometry":{"type":"Polygon","coordinates":[[[-118.1713,34.15706],[-118.17141,34.15707],[-118.17152,34.15709],[-118.17157,34.15711],[-118.17162,34.15713],[-118.17172,34.15718],[-118.17176,34.15721],[-118.1718,34.15725],[-118.17187,34.15732],[-118.1719,34.15736],[-118.17195,34.15742],[-118.17197,34.15747],[-118.17198,34.15752],[-118.17196,34.15757],[-118.17194,34.15762],[-118.17192,34.15764],[-118.17187,34.15768],[-118.17181,34.1577],[-118.17178,34.15771],[-118.17175,34.15771],[-118.17158,34.15771],[-118.1715,34.1577],[-118.17133,34.15769],[-118.17122,34.15769],[-118.17116,34.15768],[-118.17105,34.15766],[-118.17099,34.15764],[-118.17094,34.15762],[-118.17089,34.1576],[-118.17079,34.15754],[-118.17075,34.1575],[-118.17073,34.15747],[-118.17071,34.15745],[-118.1707,34.15739],[-118.1707,34.15736],[-118.1707,34.15733],[-118.17071,34.1573],[-118.17074,34.15725],[-118.17076,34.15722],[-118.17078,34.1572],[-118.17083,34.15716],[-118.17097,34.15711],[-118.17107,34.15708],[-118.17118,34.15706],[-118.1713,34.15706]]]},"properties":{"FLD_ZONE":"D","ZONE_SUBTY":null,"SFHA_TF":"F"}},{"type":"Feature","geometry":{"type":"Polygon","coordinates":[[[-118.21339,34.20032],[-118.21375,34.20087],[-118.21354,34.20094],[-118.21333,34.20099],[-118.21311,34.20102],[-118.21289,34.20104],[-118.21278,34.20105],[-118.21256,34.20105],[-118.21234,34.20103],[-118.21223,34.20102],[-118.21211,34.20101],[-118.21205,34.20101],[-118.21193,34.20098],[-118.21187,34.20097],[-118.21181,34.20094],[-118.2117,34.2009],[-118.21172,34.20088],[-118.21175,34.20084],[-118.21179,34.20082],[-118.21184,34.20081],[-118.21189,34.20081],[-118.21233,34.20068],[-118.21254,34.20062],[-118.21297,34.20047],[-118.21339,34.20032]]]},"properties":{"FLD_ZONE":"X","ZONE_SUBTY":"0.2 PCT ANNUAL CHANCE FLOOD HAZARD","SFHA_TF":"F"}},{"type":"Feature","geometry":{"type":"Polygon","coordinates":[[[-118.2875,34.20333],[-118.28762,34.20329],[-118.28791,34.20331],[-118.28808,34.20335],[-118.28836,34.20339],[-118.28844,34.20332],[-118.28846,34.20317],[-118.28843,34.20296],[-118.28832,34.20281],[-118.28816,34.20272],[-118.28773,34.2025],[-118.28747,34.20242],[-118.28738,34.20232],[-118.28734,34.20217],[-118.28734,34.20191],[-118.28763,34.20161],[-118.28803,34.20128],[-118.28839,34.20103],[-118.28866,34.20079],[-118.28885,34.20062],[-118.28899,34.20054],[-118.28914,34.20047],[-118.28944,34.20042],[-118.28967,34.20041],[-118.28994,34.20046],[-118.29013,34.20059],[-118.29022,34.20073],[-118.29037,34.20088],[-118.29054,34.20093],[-118.29069,34.20095],[-118.29081,34.20083],[-118.29094,34.20062],[-118.29103,34.20039],[-118.29122,34.20018],[-118.29144,34.2],[-118.29171,34.19982],[-118.29219,34.19961],[-118.29242,34.19946],[-118.29264,34.19935],[-118.29283,34.19926],[-118.29309,34.19908],[-118.29329,34.19899],[-118.29358,34.19897],[-118.2938,34.19895],[-118.29409,34.19899],[-118.29422,34.19899],[-118.29441,34.1989],[-118.2946,34.1988],[-118.29466,34.19874],[-118.29494,34.19861],[-118.29506,34.19866],[-118.29508,34.19876],[-118.29508,34.19895],[-118.295,34.19917],[-118.29483,34.19932],[-118.29463,34.19936],[-118.2943,34.19939],[-118.29384,34.19943],[-118.29309,34.19966],[-118.29288,34.19978],[-118.29268,34.19992],[-118.29246,34.20004],[-118.29216,34.20018],[-118.29183,34.20029],[-118.29151,34.20058],[-118.29131,34.20082],[-118.29115,34.20107],[-118.29103,34.20128],[-118.29084,34.20141],[-118.29053,34.20143],[-118.29023,34.20139],[-118.28999,34.20121],[-118.28976,34.20111],[-118.28952,34.20105],[-118.28929,34.20108],[-118.28901,34.20116],[-118.28872,34.20132],[-118.2883,34.20164],[-118.28803,34.20182],[-118.28791,34.20201],[-118.28792,34.20218],[-118.28801,34.20229],[-118.28823,34.20237],[-118.28845,34.20251],[-118.28864,34.20271],[-118.28883,34.20286],[-118.28893,34.20297],[-118.28903,34.20314],[-118.28908,34.2033],[-118.28903,34.20348],[-118.28892,34.20362],[-118.28844,34.2037],[-118.28818,34.2037],[-118.28782,34.20365],[-118.28762,34.20361],[-118.28746,34.20349],[-118.28743,34.20342],[-118.2875,34.20333]]]},"properties":{"FLD_ZONE":"AO","ZONE_SUBTY":null,"SFHA_TF":"T"}},{"type":"Feature","geometry":{"type":"Polygon","coordinates":[[[-118.32622,34.15297],[-118.32591,34.1531],[-118.32599,34.15302],[-118.32673,34.15226],[-118.32694,34.15257],[-118.32665,34.15273],[-118.32622,34.15297]]]},"properties":{"FLD_ZONE":"A","ZONE_SUBTY":null,"SFHA_TF":"T"}},{"type":"Feature","geometry":{"type":"Polygon","coordinates":[[[-118.21037,34.19887],[-118.21066,34.19901],[-118.21068,34.19902],[-118.21071,34.19904],[-118.21072,34.19907],[-118.21071,34.19909],[-118.2107,34.19911],[-118.21029,34.19952],[-118.21016,34.19963],[-118.21003,34.19974],[-118.21001,34.19975],[-118.20996,34.19974],[-118.20992,34.19973],[-118.2099,34.19971],[-118.20988,34.1997],[-118.20986,34.19967],[-118.20989,34.1996],[-118.20995,34.19945],[-118.21011,34.19921],[-118.21028,34.19898],[-118.21037,34.19887]]]},"properties":{"FLD_ZONE":"X","ZONE_SUBTY":"0.2 PCT ANNUAL CHANCE FLOOD HAZARD","SFHA_TF":"F"}},{"type":"Feature","geometry":{"type":"Polygon","coordinates":[[[-118.16561,34.14735],[-118.16569,34.14736],[-118.16576,34.14737],[-118.16582,34.14739],[-118.16587,34.14741],[-118.16593,34.14744],[-118.16598,34.14746],[-118.16602,34.14749],[-118.16611,34.14756],[-118.16618,34.14764],[-118.16624,34.14772],[-118.16627,34.14776],[-118.16631,34.14786],[-118.16633,34.14796],[-118.16633,34.148],[-118.16635,34.14806],[-118.16635,34.14809],[-118.16635,34.14812],[-118.16634,34.14818],[-118.16631,34.14824],[-118.16629,34.14826],[-118.16624,34.1483],[-118.16621,34.14832],[-118.16618,34.14834],[-118.16611,34.14836],[-118.16604,34.14837],[-118.16601,34.14837],[-118.16588,34.14832],[-118.16583,34.14829],[-118.16572,34.14823],[-118.16562,34.14816],[-118.16557,34.14811],[-118.16549,34.14803],[-118.16542,34.14793],[-118.16537,34.14783],[-118.16535,34.14778],[-118.16531,34.14767],[-118.1653,34.14756],[-118.16531,34.14753],[-118.16535,34.14747],[-118.16537,34.14745],[-118.1654,34.14742],[-118.16546,34.14739],[-118.16554,34.14736],[-118.16557,34.14735],[-118.16561,34.14735]]]},"properties":{"FLD_ZONE":"D","ZONE_SUBTY":null,"SFHA_TF":"F"}},{"type":"Feature","geometry":{"type":"Polygon","coordinates":[[[-118.20393,34.1734],[-118.20402,34.17347],[-118.20415,34.17359],[-118.20428,34.17375],[-118.20447,34.17399],[-118.20448,34.17399],[-118.20458,34.17413],[-118.20462,34.17418],[-118.20457,34.17422],[-118.20447,34.17425],[-118.20429,34.17428],[-118.20406,34.17431],[-118.20387,34.17431],[-118.20385,34.1742],[-118.20389,34.17402],[-118.20388,34.17382],[-118.20391,34.17366],[-118.20393,34.1734]]]},"properties":{"FLD_ZONE":"X","ZONE_SUBTY":"0.2 PCT ANNUAL CHANCE FLOOD HAZARD","SFHA_TF":"F"}},{"type":"Feature","geometry":{"type":"Polygon","coordinates":[[[-118.31798,34.18253],[-118.31771,34.18216],[-118.31693,34.18146],[-118.3153,34.18003],[-118.31495,34.17974],[-118.31234,34.17771],[-118.31196,34.1774],[-118.31134,34.17678],[-118.31108,34.17643],[-118.31095,34.1762],[-118.31066,34.17558],[-118.31042,34.17498],[-118.30999,34.17407],[-118.30978,34.1736],[-118.30966,34.17324],[-118.30957,34.17284],[-118.30936,34.17182],[-118.30926,34.17126],[-118.30911,34.17087],[-118.30902,34.1706],[-118.30888,34.17027],[-118.30878,34.17005],[-118.3087,34.16977],[-118.30837,34.16915],[-118.308,34.16864],[-118.30721,34.16775],[-118.30698,34.16754],[-118.30667,34.16728],[-118.30552,34.16641],[-118.30521,34.16618],[-118.305,34.16595],[-118.30486,34.16573],[-118.3047,34.16546],[-118.30463,34.16521],[-118.30459,34.16489],[-118.30457,34.16447],[-118.30459,34.16423],[-118.30459,34.16413],[-118.3048,34.16399],[-118.3048,34.16404],[-118.30478,34.16419],[-118.30473,34.16462],[-118.30477,34.16498],[-118.30484,34.16524],[-118.30496,34.16557],[-118.30514,34.16584],[-118.30531,34.16606],[-118.30555,34.16626],[-118.30625,34.16675],[-118.30656,34.167],[-118.30688,34.16723],[-118.3071,34.16742],[-118.30739,34.1677],[-118.30752,34.16786],[-118.30785,34.16824],[-118.30818,34.1686],[-118.30839,34.16887],[-118.30859,34.1692],[-118.3088,34.16967],[-118.30895,34.16999],[-118.3094,34.1711],[-118.30948,34.17162],[-118.3096,34.17215],[-118.3097,34.17254],[-118.30984,34.17319],[-118.31006,34.17378],[-118.31017,34.17399],[-118.31028,34.17427],[-118.31042,34.17446],[-118.31055,34.17476],[-118.31113,34.17595],[-118.31147,34.1765],[-118.31166,34.17679],[-118.31204,34.17714],[-118.31235,34.17742],[-118.3126,34.17767],[-118.31294,34.17793],[-118.31367,34.17852],[-118.31394,34.17873],[-118.31465,34.1793],[-118.315,34.17957],[-118.31569,34.18013],[-118.31605,34.18043],[-118.31636,34.18073],[-118.31671,34.18104],[-118.31696,34.18123],[-118.31715,34.18131],[-118.31757,34.18169],[-118.31793,34.18207],[-118.31804,34.18225],[-118.31842,34.18287],[-118.31831,34.18312],[-118.31826,34.18299],[-118.31798,34.18253]]]},"properties":{"FLD_ZONE":"A","ZONE_SUBTY":"1 PCT ANNUAL CHANCE FLOOD HAZARD CONTAINED IN CHANNEL","SFHA_TF":"T"}},{"type":"Feature","geometry":{"type":"Polygon","coordinates":[[[-118.26689,34.11663],[-118.26685,34.11665],[-118.26676,34.11651],[-118.26651,34.11617],[-118.26642,34.11606],[-118.26631,34.11591],[-118.26616,34.11575],[-118.26604,34.11557],[-118.26573,34.11523],[-118.26558,34.11506],[-118.26542,34.11489],[-118.26517,34.11461],[-118.26498,34.11443],[-118.26476,34.11419],[-118.26452,34.11395],[-118.26409,34.11353],[-118.26385,34.11331],[-118.26362,34.11308],[-118.26345,34.11292],[-118.26324,34.11274],[-118.26293,34.1125],[-118.26263,34.11221],[-118.26231,34.11196],[-118.262,34.11176],[-118.26158,34.11145],[-118.26122,34.11125],[-118.26089,34.11105],[-118.26031,34.11075],[-118.25993,34.11058],[-118.25953,34.11042],[-118.25922,34.1103],[-118.2584,34.10997],[-118.258,34.10985],[-118.25735,34.10963],[-118.25708,34.10955],[-118.25665,34.1094],[-118.25626,34.10932],[-118.25584,34.10923],[-118.25541,34.10918],[-118.25492,34.10915],[-118.25437,34.10915],[-118.25398,34.10918],[-118.25346,34.10922],[-118.25287,34.10925],[-118.25218,34.1093],[-118.25174,34.10932],[-118.25134,34.10936],[-118.25097,34.10939],[-118.25056,34.10941],[-118.2499,34.1094],[-118.24958,34.10941],[-118.24927,34.10938],[-118.24883,34.10933],[-118.24807,34.10921],[-118.24744,34.10904],[-118.247,34.10891],[-118.24669,34.10882],[-118.24664,34.10881],[-118.24626,34.10867],[-118.24587,34.10852],[-118.2455,34.10838],[-118.24518,34.10823],[-118.2448,34.10802],[-118.24444,34.10781],[-118.24408,34.1076],[-118.24357,34.10721],[-118.24328,34.10695],[-118.24297,34.10663],[-118.24265,34.10626],[-118.2424,34.10593],[-118.24219,34.10562],[-118.24205,34.10536],[-118.24192,34.10512],[-118.24183,34.10485],[-118.24173,34.10446],[-118.24167,34.10415],[-118.24225,34.10379],[-118.24298,34.10344],[-118.24298,34.10354],[-118.24301,34.10379],[-118.24302,34.10402],[-118.24308,34.1043],[-118.24317,34.10455],[-118.24329,34.10481],[-118.24342,34.10509],[-118.24367,34.10544],[-118.24397,34.10583],[-118.24413,34.10599],[-118.24443,34.1063],[-118.24461,34.10647],[-118.24496,34.10673],[-118.24522,34.1069],[-118.24549,34.10706],[-118.2458,34.10722],[-118.24611,34.10737],[-118.24643,34.1075],[-118.24684,34.10764],[-118.24724,34.1078],[-118.24761,34.10792],[-118.24794,34.108],[-118.24836,34.10811],[-118.2488,34.10819],[-118.2495,34.10828],[-118.24996,34.10831],[-118.25033,34.10831],[-118.25074,34.1083],[-118.25111,34.10827],[-118.25187,34.10821],[-118.25223,34.1082],[-118.25274,34.10816],[-118.25312,34.10814],[-118.25351,34.10811],[-118.25389,34.10809],[-118.25414,34.10807],[-118.25434,34.10804],[-118.25494,34.10802],[-118.2552,34.10802],[-118.25549,34.10803],[-118.2556,34.10796],[-118.2558,34.10796],[-118.25653,34.10808],[-118.25703,34.1082],[-118.25769,34.10841],[-118.25811,34.10854],[-118.25883,34.10882],[-118.2592,34.10894],[-118.25985,34.1092],[-118.26013,34.10933],[-118.26035,34.10941],[-118.26095,34.1097],[-118.26124,34.10987],[-118.26154,34.11001],[-118.26187,34.11022],[-118.26245,34.11053],[-118.26265,34.11062],[-118.26288,34.11077],[-118.26314,34.11095],[-118.26337,34.11111],[-118.26362,34.1113],[-118.26415,34.11169],[-118.26437,34.11188],[-118.26459,34.11206],[-118.26478,34.11224],[-118.26502,34.11247],[-118.26541,34.11293],[-118.26551,34.11311],[-118.26562,34.11331],[-118.2658,34.11342],[-118.26602,34.11357],[-118.2663,34.11382],[-118.26649,34.114],[-118.26667,34.1142],[-118.2669,34.11447],[-118.26738,34.11502],[-118.26762,34.11534],[-118.26785,34.11563],[-118.26807,34.11596],[-118.26826,34.11623],[-118.26835,34.11641],[-118.26851,34.11665],[-118.26869,34.11693],[-118.26897,34.11749],[-118.26915,34.11785],[-118.26934,34.1182],[-118.26943,34.11838],[-118.26955,34.11861],[-118.26969,34.1189],[-118.26984,34.11923],[-118.26994,34.1195],[-118.27008,34.11979],[-118.27022,34.12004],[-118.2703,34.12022],[-118.27044,34.12046],[-118.27055,34.12074],[-118.27066,34.12096],[-118.27061,34.12105],[-118.27081,34.12147],[-118.27094,34.12177],[-118.27105,34.12198],[-118.27116,34.1222],[-118.2713,34.1225],[-118.27146,34.12279],[-118.27155,34.123],[-118.27164,34.12311],[-118.27171,34.1234],[-118.27183,34.12387],[-118.27191,34.12408],[-118.27197,34.12429],[-118.27205,34.12448],[-118.2723,34.12498],[-118.27268,34.12568],[-118.27281,34.12593],[-118.27294,34.12622],[-118.27303,34.12639],[-118.27324,34.12705],[-118.2733,34.12727],[-118.27339,34.12754],[-118.27346,34.12784],[-118.27354,34.12808],[-118.27356,34.12818],[-118.27357,34.12823],[-118.27226,34.12822],[-118.27224,34.12817],[-118.27196,34.12719],[-118.27181,34.12679],[-118.27171,34.12656],[-118.27165,34.12638],[-118.27156,34.12618],[-118.27145,34.12595],[-118.27137,34.12576],[-118.27126,34.12552],[-118.27114,34.12526],[-118.27102,34.12496],[-118.27077,34.12444],[-118.27067,34.1242],[-118.27058,34.12399],[-118.27045,34.12373],[-118.27031,34.1234],[-118.27017,34.12309],[-118.27002,34.12273],[-118.26981,34.12233],[-118.26961,34.1219],[-118.26948,34.12169],[-118.26909,34.12089],[-118.26886,34.1204],[-118.26872,34.12016],[-118.26829,34.11927],[-118.26814,34.11897],[-118.26798,34.11868],[-118.26786,34.11845],[-118.26775,34.11823],[-118.26768,34.11807],[-118.2676,34.11785],[-118.26756,34.1177],[-118.26753,34.1176],[-118.26753,34.11754],[-118.26745,34.11743],[-118.26735,34.11726],[-118.26714,34.11691],[-118.26708,34.11681],[-118.26702,34.11674],[-118.26704,34.11668],[-118.26703,34.11664],[-118.26696,34.11662],[-118.26689,34.11663]]]},"properties":{"FLD_ZONE":"A","ZONE_SUBTY":"1 PCT ANNUAL CHANCE FLOOD HAZARD CONTAINED IN CHANNEL","SFHA_TF":"T"}},{"type":"Feature","geometry":{"type":"Polygon","coordinates":[[[-118.31878,34.18137],[-118.31861,34.18149],[-118.31843,34.18165],[-118.31822,34.18187],[-118.31812,34.18211],[-118.31804,34.18225],[-118.31793,34.18207],[-118.31757,34.18169],[-118.31715,34.18131],[-118.31712,34.18127],[-118.317,34.18101],[-118.31689,34.18089],[-118.31676,34.1808],[-118.31661,34.18066],[-118.31653,34.18057],[-118.31643,34.18048],[-118.31634,34.18037],[-118.31625,34.18022],[-118.31617,34.18003],[-118.31616,34.17998],[-118.31614,34.17993],[-118.31955,34.1799],[-118.31916,34.18072],[-118.31907,34.18086],[-118.31902,34.18113],[-118.31896,34.18129],[-118.31894,34.18129],[-118.31878,34.18137]]]},"properties":{"FLD_ZONE":"X","ZONE_SUBTY":"0.2 PCT ANNUAL CHANCE FLOOD HAZARD","SFHA_TF":"F"}},{"type":"Feature","geometry":{"type":"Polygon","coordinates":[[[-118.27662,34.18072],[-118.27682,34.18078],[-118.27679,34.18094],[-118.27668,34.18149],[-118.27659,34.18153],[-118.27652,34.18149],[-118.27648,34.18139],[-118.27648,34.1813],[-118.27646,34.18111],[-118.27642,34.18093],[-118.27638,34.18075],[-118.27662,34.18072]]]},"properties":{"FLD_ZONE":"X","ZONE_SUBTY":"0.2 PCT ANNUAL CHANCE FLOOD HAZARD","SFHA_TF":"F"}},{"type":"Feature","geometry":{"type":"Polygon","coordinates":[[[-118.21385,34.20108],[-118.21416,34.20163],[-118.21399,34.20163],[-118.2139,34.20162],[-118.21382,34.20161],[-118.21365,34.20159],[-118.21349,34.20154],[-118.21341,34.20152],[-118.21326,34.20145],[-118.21312,34.20138],[-118.21299,34.2013],[-118.21356,34.20116],[-118.21385,34.20108]]]},"properties":{"FLD_ZONE":"X","ZONE_SUBTY":"0.2 PCT ANNUAL CHANCE FLOOD HAZARD","SFHA_TF":"F"}},{"type":"Feature","geometry":{"type":"Polygon","coordinates":[[[-118.23456,34.1716],[-118.23484,34.17145],[-118.23528,34.17133],[-118.23512,34.17146],[-118.23494,34.17164],[-118.23492,34.17175],[-118.23477,34.17172],[-118.23464,34.17172],[-118.23452,34.17181],[-118.23427,34.17201],[-118.234,34.17213],[-118.23378,34.17222],[-118.23355,34.17232],[-118.23295,34.17254],[-118.2328,34.1726],[-118.23267,34.1725],[-118.23267,34.17233],[-118.23287,34.17219],[-118.23318,34.17213],[-118.23357,34.17199],[-118.23388,34.17184],[-118.23456,34.1716]]]},"properties":{"FLD_ZONE":"D","ZONE_SUBTY":null,"SFHA_TF":"F"}},{"type":"Feature","geometry":{"type":"Polygon","coordinates":[[[-118.18194,34.16375],[-118.18291,34.16453],[-118.18281,34.16459],[-118.18269,34.16464],[-118.18258,34.16467],[-118.18245,34.1647],[-118.18233,34.16471],[-118.1822,34.1647],[-118.18207,34.16469],[-118.18195,34.16466],[-118.18183,34.16461],[-118.18173,34.16456],[-118.18163,34.16449],[-118.18154,34.16442],[-118.18153,34.16432],[-118.18153,34.16428],[-118.18154,34.16418],[-118.18157,34.1641],[-118.18162,34.16401],[-118.18165,34.16397],[-118.18172,34.1639],[-118.18175,34.16386],[-118.18184,34.1638],[-118.18194,34.16375]]]},"properties":{"FLD_ZONE":"X","ZONE_SUBTY":"0.2 PCT ANNUAL CHANCE FLOOD HAZARD","SFHA_TF":"F"}},{"type":"Feature","geometry":{"type":"Polygon","coordinates":[[[-118.17808,34.16527],[-118.17821,34.16527],[-118.1783,34.1653],[-118.17847,34.16535],[-118.17855,34.16538],[-118.17872,34.16546],[-118.17887,34.16554],[-118.17895,34.16558],[-118.17909,34.16568],[-118.17915,34.16573],[-118.17871,34.16581],[-118.17827,34.16587],[-118.17805,34.16589],[-118.1776,34.16593],[-118.17737,34.16595],[-118.17693,34.16597],[-118.1767,34.16598],[-118.17623,34.16598],[-118.17609,34.16576],[-118.17605,34.16567],[-118.17617,34.16562],[-118.17641,34.16553],[-118.17665,34.16546],[-118.17678,34.16542],[-118.17691,34.16539],[-118.17716,34.16534],[-118.17742,34.16531],[-118.17755,34.16529],[-118.17781,34.16528],[-118.17808,34.16527]]]},"properties":{"FLD_ZONE":"X","ZONE_SUBTY":"0.2 PCT ANNUAL CHANCE FLOOD HAZARD","SFHA_TF":"F"}},{"type":"Feature","geometry":{"type":"Polygon","coordinates":[[[-118.19102,34.17323],[-118.19087,34.17349],[-118.191,34.17322],[-118.19087,34.17253],[-118.19102,34.17323]]]},"properties":{"FLD_ZONE":"D","ZONE_SUBTY":null,"SFHA_TF":"F"}},{"type":"Feature","geometry":{"type":"Polygon","coordinates":[[[-118.2239,34.22031],[-118.22396,34.22047],[-118.22401,34.22064],[-118.22403,34.22072],[-118.22406,34.22089],[-118.22415,34.22128],[-118.22412,34.22128],[-118.22409,34.22128],[-118.22404,34.22127],[-118.22401,34.22126],[-118.22396,34.22122],[-118.22381,34.22048],[-118.2239,34.22031]]]},"properties":{"FLD_ZONE":"D","ZONE_SUBTY":null,"SFHA_TF":"F"}},{"type":"Feature","geometry":{"type":"Polygon","coordinates":[[[-118.18927,34.18456],[-118.18935,34.18457],[-118.18942,34.18458],[-118.18949,34.18461],[-118.18957,34.18469],[-118.18971,34.18485],[-118.18983,34.18502],[-118.18994,34.1852],[-118.19004,34.18539],[-118.19012,34.18557],[-118.19018,34.18577],[-118.19024,34.18596],[-118.19027,34.18616],[-118.19029,34.18631],[-118.19028,34.18635],[-118.19027,34.18637],[-118.19024,34.18641],[-118.18931,34.18671],[-118.18929,34.18653],[-118.18925,34.18619],[-118.18922,34.18602],[-118.18915,34.18568],[-118.18887,34.18516],[-118.18873,34.18489],[-118.18873,34.18487],[-118.18872,34.18482],[-118.18873,34.18479],[-118.18879,34.18478],[-118.18885,34.18474],[-118.18888,34.18473],[-118.18894,34.18466],[-118.18897,34.18465],[-118.18902,34.18462],[-118.18908,34.18461],[-118.18915,34.18458],[-118.18923,34.18457],[-118.18927,34.18456]]]},"properties":{"FLD_ZONE":"X","ZONE_SUBTY":"0.2 PCT ANNUAL CHANCE FLOOD HAZARD","SFHA_TF":"F"}},{"type":"Feature","geometry":{"type":"Polygon","coordinates":[[[-118.17785,34.15998],[-118.17791,34.15999],[-118.17796,34.16001],[-118.17799,34.16018],[-118.17802,34.16026],[-118.17807,34.16042],[-118.17814,34.16058],[-118.17818,34.16066],[-118.17827,34.16081],[-118.17829,34.16083],[-118.17833,34.16087],[-118.17834,34.1609],[-118.17835,34.16095],[-118.17834,34.16098],[-118.17833,34.16103],[-118.1783,34.16107],[-118.17825,34.16111],[-118.1782,34.16114],[-118.17679,34.16155],[-118.17538,34.16129],[-118.17545,34.16108],[-118.17566,34.16094],[-118.17588,34.16082],[-118.176,34.16076],[-118.17623,34.16064],[-118.17635,34.16059],[-118.1766,34.16049],[-118.17685,34.16041],[-118.177,34.16039],[-118.17714,34.16035],[-118.17728,34.1603],[-118.17735,34.16027],[-118.17747,34.16021],[-118.17759,34.16013],[-118.17765,34.16009],[-118.17767,34.16005],[-118.17772,34.16002],[-118.17777,34.15999],[-118.17782,34.15998],[-118.17785,34.15998]]]},"properties":{"FLD_ZONE":"X","ZONE_SUBTY":"0.2 PCT ANNUAL CHANCE FLOOD HAZARD","SFHA_TF":"F"}},{"type":"Feature","geometry":{"type":"Polygon","coordinates":[[[-118.19986,34.21928],[-118.19989,34.21932],[-118.19989,34.21936],[-118.19988,34.21935],[-118.19979,34.21927],[-118.19982,34.21927],[-118.19986,34.21928]]]},"properties":{"FLD_ZONE":"D","ZONE_SUBTY":null,"SFHA_TF":"F"}},{"type":"Feature","geometry":{"type":"Polygon","coordinates":[[[-118.31356,34.1645],[-118.3137,34.16482],[-118.31401,34.16542],[-118.31438,34.16564],[-118.31471,34.16582],[-118.31512,34.16589],[-118.3154,34.16592],[-118.31567,34.16591],[-118.31596,34.16591],[-118.31621,34.16602],[-118.31645,34.16609],[-118.31664,34.16624],[-118.31682,34.1665],[-118.31702,34.16692],[-118.31735,34.16745],[-118.31755,34.16789],[-118.31784,34.16837],[-118.31825,34.169],[-118.31856,34.16938],[-118.31888,34.1698],[-118.31915,34.17005],[-118.31929,34.17008],[-118.31945,34.17006],[-118.3196,34.16994],[-118.31975,34.1698],[-118.32026,34.16954],[-118.32045,34.1695],[-118.32071,34.16954],[-118.32084,34.16968],[-118.32103,34.17004],[-118.32125,34.17054],[-118.32153,34.17101],[-118.32183,34.17159],[-118.32213,34.17212],[-118.32237,34.17264],[-118.32252,34.17299],[-118.32279,34.17358],[-118.32306,34.17409],[-118.3229,34.17424],[-118.3226,34.17452],[-118.32255,34.1744],[-118.32217,34.17372],[-118.32133,34.17217],[-118.32108,34.17164],[-118.3208,34.1708],[-118.32064,34.17054],[-118.32037,34.17037],[-118.32021,34.17036],[-118.32013,34.17044],[-118.32003,34.17055],[-118.31991,34.17075],[-118.31974,34.17091],[-118.3196,34.17099],[-118.31943,34.17099],[-118.31927,34.17092],[-118.31913,34.17082],[-118.31826,34.17003],[-118.31798,34.16975],[-118.31767,34.16936],[-118.31742,34.1689],[-118.31723,34.16842],[-118.31685,34.1678],[-118.31651,34.16695],[-118.31638,34.16681],[-118.31618,34.16671],[-118.31594,34.16672],[-118.31572,34.16673],[-118.31552,34.16681],[-118.31514,34.16692],[-118.3149,34.16701],[-118.31464,34.1671],[-118.31442,34.16712],[-118.31418,34.16707],[-118.31408,34.16694],[-118.31392,34.16672],[-118.31382,34.16647],[-118.31364,34.16629],[-118.31353,34.16609],[-118.31335,34.16589],[-118.31316,34.1657],[-118.31295,34.16553],[-118.31277,34.16542],[-118.31256,34.1653],[-118.31238,34.1652],[-118.31218,34.16503],[-118.31202,34.16487],[-118.31194,34.16468],[-118.31344,34.16425],[-118.31356,34.1645]]]},"properties":{"FLD_ZONE":"X","ZONE_SUBTY":"0.2 PCT ANNUAL CHANCE FLOOD HAZARD","SFHA_TF":"F"}},{"type":"Feature","geometry":{"type":"Polygon","coordinates":[[[-118.2398,34.17311],[-118.23981,34.17337],[-118.23983,34.17358],[-118.23977,34.17367],[-118.23967,34.17367],[-118.23959,34.17344],[-118.23959,34.17324],[-118.23955,34.17314],[-118.23955,34.17299],[-118.2395,34.17275],[-118.23947,34.17264],[-118.23942,34.17254],[-118.2392,34.17252],[-118.23906,34.17249],[-118.23892,34.17258],[-118.23872,34.17278],[-118.23866,34.17289],[-118.23857,34.17306],[-118.23834,34.17331],[-118.23813,34.17333],[-118.23796,34.17321],[-118.23814,34.17302],[-118.23833,34.17283],[-118.23848,34.17265],[-118.23857,34.17246],[-118.23868,34.17225],[-118.23891,34.17217],[-118.23915,34.17213],[-118.23934,34.17219],[-118.23953,34.17228],[-118.23976,34.17222],[-118.23995,34.17222],[-118.24014,34.17236],[-118.24042,34.17254],[-118.24069,34.17272],[-118.24099,34.17292],[-118.24135,34.17311],[-118.24169,34.17332],[-118.24199,34.17348],[-118.24207,34.17357],[-118.24205,34.17362],[-118.24194,34.1737],[-118.2418,34.1737],[-118.24179,34.17371],[-118.2418,34.17386],[-118.24187,34.174],[-118.24179,34.17412],[-118.24159,34.17412],[-118.24152,34.17395],[-118.24152,34.17376],[-118.24138,34.17363],[-118.24127,34.17348],[-118.24095,34.17327],[-118.24076,34.17311],[-118.24057,34.17306],[-118.2404,34.17296],[-118.24019,34.17274],[-118.24,34.17261],[-118.24015,34.17292],[-118.24029,34.17313],[-118.24043,34.17331],[-118.24064,34.1735],[-118.24072,34.17366],[-118.24075,34.17384],[-118.24077,34.17401],[-118.24081,34.17414],[-118.24071,34.17426],[-118.24054,34.17431],[-118.24034,34.17408],[-118.24021,34.17389],[-118.24008,34.17367],[-118.24,34.17348],[-118.2399,34.17332],[-118.2398,34.17311]]]},"properties":{"FLD_ZONE":"D","ZONE_SUBTY":null,"SFHA_TF":"F"}},{"type":"Feature","geometry":{"type":"Polygon","coordinates":[[[-118.21244,34.19982],[-118.21268,34.20004],[-118.21262,34.20009],[-118.21249,34.20018],[-118.21242,34.20022],[-118.21227,34.20029],[-118.21202,34.20034],[-118.21177,34.20039],[-118.21176,34.20039],[-118.21176,34.20038],[-118.21176,34.20037],[-118.21212,34.20003],[-118.21225,34.19995],[-118.21232,34.19991],[-118.21244,34.19982]]]},"properties":{"FLD_ZONE":"X","ZONE_SUBTY":"0.2 PCT ANNUAL CHANCE FLOOD HAZARD","SFHA_TF":"F"}},{"type":"Feature","geometry":{"type":"Polygon","coordinates":[[[-118.31319,34.16352],[-118.31332,34.16393],[-118.31344,34.16425],[-118.31194,34.16468],[-118.31185,34.16455],[-118.31167,34.16421],[-118.31161,34.16398],[-118.31319,34.16352]]]},"properties":{"FLD_ZONE":"AO","ZONE_SUBTY":null,"SFHA_TF":"T"}},{"type":"Feature","geometry":{"type":"Polygon","coordinates":[[[-118.31812,34.18211],[-118.31822,34.18187],[-118.31843,34.18165],[-118.31861,34.18149],[-118.31878,34.18137],[-118.31894,34.18129],[-118.31896,34.18129],[-118.31844,34.18283],[-118.31842,34.18287],[-118.31804,34.18225],[-118.31812,34.18211]]]},"properties":{"FLD_ZONE":"AE","ZONE_SUBTY":null,"SFHA_TF":"T"}},{"type":"Feature","geometry":{"type":"Polygon","coordinates":[[[-118.20137,34.17421],[-118.20136,34.17421],[-118.20162,34.17325],[-118.20172,34.17281],[-118.20187,34.17232],[-118.20206,34.17199],[-118.20229,34.17155],[-118.20252,34.17117],[-118.20278,34.17069],[-118.20296,34.17043],[-118.2031,34.17029],[-118.20321,34.17025],[-118.20327,34.17027],[-118.20332,34.17033],[-118.20333,34.17066],[-118.20332,34.17092],[-118.20333,34.17151],[-118.20352,34.17216],[-118.2036,34.17283],[-118.20372,34.17339],[-118.20372,34.1738],[-118.20368,34.17408],[-118.20367,34.1742],[-118.20367,34.17443],[-118.20333,34.17444],[-118.20315,34.17445],[-118.20298,34.17446],[-118.20263,34.1745],[-118.20229,34.17455],[-118.20195,34.17462],[-118.20179,34.17465],[-118.20168,34.17471],[-118.20157,34.17476],[-118.20151,34.17478],[-118.20139,34.17481],[-118.20127,34.17483],[-118.20131,34.1746],[-118.20137,34.17421]]]},"properties":{"FLD_ZONE":"X","ZONE_SUBTY":"0.2 PCT ANNUAL CHANCE FLOOD HAZARD","SFHA_TF":"F"}},{"type":"Feature","geometry":{"type":"Polygon","coordinates":[[[-118.17644,34.15856],[-118.1766,34.15853],[-118.17691,34.15848],[-118.17724,34.15844],[-118.17756,34.15841],[-118.17788,34.15839],[-118.17812,34.1584],[-118.17836,34.15843],[-118.17863,34.15847],[-118.17864,34.15847],[-118.17867,34.15849],[-118.17868,34.15852],[-118.17869,34.15854],[-118.17869,34.15857],[-118.17868,34.15858],[-118.17866,34.15861],[-118.17863,34.15862],[-118.1786,34.15863],[-118.17857,34.15863],[-118.17855,34.15862],[-118.17842,34.15863],[-118.17812,34.15862],[-118.17797,34.15863],[-118.17767,34.15865],[-118.17737,34.15868],[-118.17614,34.15884],[-118.1761,34.15884],[-118.17608,34.15883],[-118.17604,34.15882],[-118.17603,34.1588],[-118.17601,34.15877],[-118.176,34.15874],[-118.176,34.15871],[-118.17602,34.15868],[-118.17605,34.15865],[-118.17607,34.15864],[-118.17609,34.15864],[-118.17612,34.15863],[-118.17644,34.15856]]]},"properties":{"FLD_ZONE":"D","ZONE_SUBTY":null,"SFHA_TF":"F"}},{"type":"Feature","geometry":{"type":"Polygon","coordinates":[[[-118.27603,34.24362],[-118.27593,34.24362],[-118.27587,34.24363],[-118.27582,34.24364],[-118.27572,34.24367],[-118.27566,34.24368],[-118.2756,34.24369],[-118.27549,34.24369],[-118.27538,34.24368],[-118.27533,34.24367],[-118.27522,34.24364],[-118.27512,34.24359],[-118.27508,34.24357],[-118.27499,34.24351],[-118.27495,34.24347],[-118.27488,34.2434],[-118.27477,34.24312],[-118.27468,34.24283],[-118.27464,34.24269],[-118.27457,34.2424],[-118.27454,34.24225],[-118.27452,34.2421],[-118.27448,34.24181],[-118.27447,34.24151],[-118.27446,34.24126],[-118.27447,34.24115],[-118.27448,34.24095],[-118.2745,34.24084],[-118.27451,34.24074],[-118.27456,34.24054],[-118.27462,34.24034],[-118.27466,34.24024],[-118.2747,34.24014],[-118.27479,34.23994],[-118.2749,34.23976],[-118.27499,34.23962],[-118.27504,34.23956],[-118.27515,34.23943],[-118.27527,34.23932],[-118.27534,34.23926],[-118.27548,34.23916],[-118.27556,34.23912],[-118.27572,34.23904],[-118.27589,34.23897],[-118.27606,34.23891],[-118.27615,34.23889],[-118.27624,34.23887],[-118.27645,34.23891],[-118.27666,34.23893],[-118.27687,34.23895],[-118.27697,34.23895],[-118.27708,34.23894],[-118.27719,34.23894],[-118.27722,34.23897],[-118.27729,34.23904],[-118.27731,34.23907],[-118.27733,34.23911],[-118.27735,34.23915],[-118.27737,34.2392],[-118.27738,34.23928],[-118.27738,34.23937],[-118.27737,34.23941],[-118.27734,34.23949],[-118.27732,34.23953],[-118.2773,34.23957],[-118.27724,34.2396],[-118.27719,34.23962],[-118.27708,34.23969],[-118.27703,34.23972],[-118.27694,34.2398],[-118.2769,34.23984],[-118.27683,34.23993],[-118.2768,34.23998],[-118.27675,34.24008],[-118.27682,34.24024],[-118.27688,34.24041],[-118.27692,34.24058],[-118.27694,34.24075],[-118.27695,34.24092],[-118.27693,34.2411],[-118.27692,34.24118],[-118.27689,34.24135],[-118.27684,34.24152],[-118.27793,34.24279],[-118.27795,34.2428],[-118.278,34.24281],[-118.27803,34.24281],[-118.27808,34.2428],[-118.27812,34.24278],[-118.27816,34.24275],[-118.27817,34.24273],[-118.27818,34.24269],[-118.27818,34.24265],[-118.27817,34.24263],[-118.27815,34.24259],[-118.27811,34.24256],[-118.2781,34.24252],[-118.27809,34.24245],[-118.2781,34.24237],[-118.27813,34.2423],[-118.27817,34.24223],[-118.27823,34.24217],[-118.2783,34.24212],[-118.27833,34.2421],[-118.27839,34.24216],[-118.27849,34.24228],[-118.27857,34.24242],[-118.27861,34.24249],[-118.27864,34.24256],[-118.27867,34.24263],[-118.27869,34.2427],[-118.27871,34.24278],[-118.27872,34.24285],[-118.27873,34.24293],[-118.27874,34.243],[-118.27874,34.24308],[-118.27873,34.24323],[-118.27872,34.2433],[-118.2787,34.24338],[-118.27868,34.24345],[-118.27865,34.24352],[-118.27863,34.24359],[-118.27859,34.24366],[-118.2785,34.2438],[-118.27841,34.24394],[-118.27822,34.2442],[-118.27812,34.24434],[-118.27791,34.24459],[-118.27784,34.24461],[-118.27771,34.24463],[-118.27757,34.24464],[-118.27744,34.24463],[-118.27737,34.24462],[-118.27724,34.24459],[-118.27717,34.24457],[-118.27705,34.24452],[-118.27699,34.24449],[-118.27688,34.24442],[-118.27684,34.24439],[-118.27674,34.2443],[-118.27666,34.24421],[-118.27663,34.24416],[-118.27658,34.24406],[-118.27654,34.24395],[-118.27651,34.24384],[-118.27651,34.24378],[-118.27643,34.24373],[-118.27634,34.24368],[-118.27624,34.24365],[-118.27619,34.24363],[-118.27614,34.24363],[-118.27603,34.24362]]]},"properties":{"FLD_ZONE":"D","ZONE_SUBTY":null,"SFHA_TF":"F"}},{"type":"Feature","geometry":{"type":"Polygon","coordinates":[[[-118.28829,34.24774],[-118.28822,34.24775],[-118.28812,34.24774],[-118.28807,34.24773],[-118.28797,34.2477],[-118.28789,34.24766],[-118.28785,34.24763],[-118.28781,34.24761],[-118.28774,34.24754],[-118.28775,34.24748],[-118.28776,34.24736],[-118.28776,34.24723],[-118.28774,34.24711],[-118.28771,34.24699],[-118.28768,34.24685],[-118.28759,34.24683],[-118.28751,34.24679],[-118.28744,34.24674],[-118.28741,34.24671],[-118.28736,34.24665],[-118.28735,34.24661],[-118.28733,34.24657],[-118.28732,34.24654],[-118.28727,34.24644],[-118.28723,34.24634],[-118.28721,34.24624],[-118.28721,34.24613],[-118.28722,34.24608],[-118.28724,34.24598],[-118.28728,34.24588],[-118.28733,34.24578],[-118.2874,34.24569],[-118.28749,34.24562],[-118.28753,34.24558],[-118.28759,34.24556],[-118.28761,34.24554],[-118.28765,34.24551],[-118.28766,34.24548],[-118.28767,34.24546],[-118.28767,34.24544],[-118.28767,34.24539],[-118.28765,34.24534],[-118.28762,34.2453],[-118.28759,34.24528],[-118.28757,34.24527],[-118.28754,34.24526],[-118.28746,34.24527],[-118.28737,34.24528],[-118.2872,34.24529],[-118.28703,34.24528],[-118.28686,34.24526],[-118.28669,34.24522],[-118.28661,34.2452],[-118.28645,34.24514],[-118.2863,34.24508],[-118.28611,34.24497],[-118.28605,34.24495],[-118.28594,34.24491],[-118.28588,34.24489],[-118.28582,34.24488],[-118.2857,34.24486],[-118.28558,34.24485],[-118.28546,34.24486],[-118.28534,34.24488],[-118.28529,34.24488],[-118.28524,34.24489],[-118.2852,34.24492],[-118.28517,34.24495],[-118.28516,34.24499],[-118.28516,34.24503],[-118.28516,34.24505],[-118.28519,34.24512],[-118.28521,34.24516],[-118.28522,34.24523],[-118.28521,34.24531],[-118.28519,34.24538],[-118.28515,34.24538],[-118.28506,34.2454],[-118.28497,34.24542],[-118.28489,34.24546],[-118.28486,34.24549],[-118.28479,34.24554],[-118.28477,34.24557],[-118.28472,34.24564],[-118.28467,34.2457],[-118.28461,34.24575],[-118.28457,34.24577],[-118.28453,34.24579],[-118.28445,34.24581],[-118.2844,34.24582],[-118.28436,34.24583],[-118.28427,34.24582],[-118.28423,34.24582],[-118.28417,34.24581],[-118.28406,34.24581],[-118.28401,34.24582],[-118.2839,34.24584],[-118.28379,34.24587],[-118.28373,34.24586],[-118.28361,34.24582],[-118.2835,34.24576],[-118.28345,34.24573],[-118.2834,34.2457],[-118.28331,34.24563],[-118.28327,34.24559],[-118.28319,34.2455],[-118.28313,34.24541],[-118.2831,34.24536],[-118.28308,34.24531],[-118.28308,34.24526],[-118.28309,34.24516],[-118.28312,34.24507],[-118.28316,34.24498],[-118.28322,34.24489],[-118.2831,34.24487],[-118.28305,34.24486],[-118.28294,34.24482],[-118.28284,34.24477],[-118.2828,34.24473],[-118.28271,34.24467],[-118.28264,34.24459],[-118.28258,34.24451],[-118.28254,34.24442],[-118.28251,34.24432],[-118.28251,34.24427],[-118.28237,34.24436],[-118.28209,34.24453],[-118.2818,34.24468],[-118.2815,34.24482],[-118.2812,34.24496],[-118.28104,34.24504],[-118.28087,34.24511],[-118.28078,34.24514],[-118.28061,34.24519],[-118.28042,34.24523],[-118.28038,34.24523],[-118.28034,34.24524],[-118.28025,34.24523],[-118.28017,34.2452],[-118.28009,34.24517],[-118.28003,34.24512],[-118.28,34.24509],[-118.27998,34.24506],[-118.27994,34.245],[-118.27993,34.24496],[-118.27992,34.24493],[-118.27993,34.24488],[-118.27996,34.24477],[-118.27998,34.24472],[-118.28004,34.24462],[-118.28011,34.24453],[-118.28019,34.24445],[-118.28023,34.24441],[-118.2799,34.2437],[-118.27993,34.24364],[-118.27997,34.24353],[-118.27999,34.24341],[-118.28,34.24336],[-118.28,34.24324],[-118.27999,34.24318],[-118.27998,34.24312],[-118.27997,34.24307],[-118.27996,34.24296],[-118.27996,34.24286],[-118.27998,34.24276],[-118.28,34.2427],[-118.28005,34.2426],[-118.28011,34.24251],[-118.28014,34.24247],[-118.28022,34.24238],[-118.28037,34.24227],[-118.28049,34.24218],[-118.28063,34.2421],[-118.28069,34.24207],[-118.28084,34.24201],[-118.28091,34.24198],[-118.28106,34.24194],[-118.28114,34.24192],[-118.28127,34.24191],[-118.28129,34.24198],[-118.28129,34.24202],[-118.28129,34.2421],[-118.28128,34.24214],[-118.28126,34.24221],[-118.28122,34.24228],[-118.28112,34.2423],[-118.28102,34.24233],[-118.28093,34.24238],[-118.28085,34.24243],[-118.28082,34.24246],[-118.28078,34.2425],[-118.28075,34.24253],[-118.28073,34.24257],[-118.2807,34.24261],[-118.28067,34.24269],[-118.28066,34.24273],[-118.28065,34.24282],[-118.28066,34.24291],[-118.28068,34.24299],[-118.28072,34.24307],[-118.28078,34.24315],[-118.28085,34.2432],[-118.28093,34.24324],[-118.28098,34.24326],[-118.28108,34.24328],[-118.28117,34.24329],[-118.28122,34.24329],[-118.28132,34.24328],[-118.28137,34.24327],[-118.28146,34.24324],[-118.28154,34.2432],[-118.28158,34.24317],[-118.28162,34.24315],[-118.28168,34.24308],[-118.28185,34.24305],[-118.28202,34.24301],[-118.28218,34.24295],[-118.28234,34.24288],[-118.28241,34.24284],[-118.28248,34.2428],[-118.28248,34.24276],[-118.28249,34.24268],[-118.28252,34.24261],[-118.28257,34.24254],[-118.28263,34.24247],[-118.2827,34.24242],[-118.28274,34.2424],[-118.28283,34.24236],[-118.28287,34.24235],[-118.28296,34.24234],[-118.28306,34.24234],[-118.28315,34.24235],[-118.28324,34.24238],[-118.28331,34.24243],[-118.28339,34.24247],[-118.28348,34.2425],[-118.28357,34.24251],[-118.28362,34.24252],[-118.28371,34.24252],[-118.28392,34.24249],[-118.284,34.24248],[-118.28416,34.24244],[-118.28431,34.24238],[-118.28446,34.24232],[-118.28459,34.24224],[-118.28466,34.2422],[-118.28478,34.2421],[-118.28484,34.24205],[-118.28415,34.24083],[-118.28441,34.24076],[-118.2844,34.24065],[-118.28437,34.24054],[-118.28435,34.24049],[-118.28432,34.24043],[-118.28371,34.23943],[-118.28396,34.23929],[-118.28387,34.23903],[-118.28428,34.23894],[-118.28432,34.23824],[-118.28374,34.23793],[-118.28372,34.23759],[-118.28372,34.23743],[-118.28331,34.23738],[-118.28279,34.23714],[-118.28274,34.23718],[-118.28269,34.23722],[-118.28266,34.23727],[-118.28264,34.23733],[-118.28264,34.23739],[-118.28268,34.23745],[-118.28271,34.23753],[-118.28271,34.23756],[-118.28271,34.23764],[-118.2827,34.23768],[-118.28269,34.23771],[-118.28249,34.23789],[-118.28228,34.23806],[-118.28206,34.23821],[-118.28183,34.23836],[-118.28154,34.23824],[-118.28147,34.23812],[-118.28139,34.238],[-118.28134,34.23795],[-118.28124,34.23784],[-118.28113,34.23774],[-118.28106,34.2377],[-118.28101,34.2377],[-118.28095,34.23771],[-118.28084,34.23773],[-118.28074,34.23776],[-118.28069,34.23779],[-118.2806,34.23784],[-118.28056,34.23787],[-118.28048,34.23794],[-118.28043,34.23802],[-118.28038,34.2381],[-118.28036,34.23819],[-118.28027,34.23825],[-118.28022,34.23828],[-118.28018,34.2383],[-118.28007,34.23833],[-118.27997,34.23835],[-118.27986,34.23836],[-118.27975,34.23835],[-118.27964,34.23833],[-118.27959,34.23832],[-118.27949,34.23828],[-118.27944,34.23825],[-118.2794,34.23823],[-118.27934,34.23817],[-118.27922,34.23805],[-118.27916,34.238],[-118.27902,34.2379],[-118.27895,34.23785],[-118.27879,34.23777],[-118.27871,34.23774],[-118.27863,34.2377],[-118.27855,34.23767],[-118.27852,34.23765],[-118.27847,34.23758],[-118.27845,34.23755],[-118.27843,34.23748],[-118.27843,34.23745],[-118.27843,34.23741],[-118.27844,34.23734],[-118.27847,34.23727],[-118.27849,34.23724],[-118.27846,34.23718],[-118.27844,34.23715],[-118.27842,34.23712],[-118.27837,34.23708],[-118.2783,34.23704],[-118.27823,34.23702],[-118.27822,34.23699],[-118.27818,34.23693],[-118.27814,34.23688],[-118.27811,34.23686],[-118.27808,34.23685],[-118.27801,34.23682],[-118.27794,34.2368],[-118.27791,34.2368],[-118.27783,34.2368],[-118.2778,34.23681],[-118.27773,34.23683],[-118.2777,34.23683],[-118.27763,34.23682],[-118.27756,34.2368],[-118.27751,34.23677],[-118.27748,34.23675],[-118.2774,34.23671],[-118.27735,34.2367],[-118.27725,34.23669],[-118.27715,34.23668],[-118.27711,34.23669],[-118.27701,34.23671],[-118.27692,34.23674],[-118.27684,34.23678],[-118.2768,34.23681],[-118.27677,34.23684],[-118.27671,34.23691],[-118.27666,34.23699],[-118.27664,34.23703],[-118.27662,34.23708],[-118.27661,34.23717],[-118.27661,34.23726],[-118.27662,34.23735],[-118.27664,34.2374],[-118.27642,34.2376],[-118.27632,34.23758],[-118.27627,34.23757],[-118.27617,34.23757],[-118.27611,34.23758],[-118.27601,34.23759],[-118.27591,34.23763],[-118.27587,34.23759],[-118.27582,34.23756],[-118.27571,34.2375],[-118.27559,34.23746],[-118.27547,34.23743],[-118.27541,34.23742],[-118.27539,34.23738],[-118.27532,34.23731],[-118.27529,34.23728],[-118.27525,34.23726],[-118.2752,34.23723],[-118.27516,34.23721],[-118.27506,34.23718],[-118.27502,34.23716],[-118.27496,34.23716],[-118.27491,34.23715],[-118.27481,34.23715],[-118.27476,34.23716],[-118.27466,34.23718],[-118.27461,34.2372],[-118.27457,34.23721],[-118.27454,34.23732],[-118.27453,34.23743],[-118.27454,34.23748],[-118.27455,34.23759],[-118.27456,34.23765],[-118.2746,34.23775],[-118.27465,34.23785],[-118.27469,34.2379],[-118.27484,34.2379],[-118.275,34.2379],[-118.27515,34.23793],[-118.27531,34.23796],[-118.27538,34.23798],[-118.27545,34.23801],[-118.27552,34.23809],[-118.27556,34.23812],[-118.27565,34.23819],[-118.2757,34.23822],[-118.2758,34.23827],[-118.27585,34.23829],[-118.27596,34.23833],[-118.27579,34.2384],[-118.2756,34.23847],[-118.27542,34.23853],[-118.27523,34.23857],[-118.27518,34.23851],[-118.27515,34.23849],[-118.27509,34.23844],[-118.27506,34.23843],[-118.27502,34.23841],[-118.27495,34.23839],[-118.27487,34.23838],[-118.27482,34.23838],[-118.27474,34.23839],[-118.27467,34.23842],[-118.27452,34.23849],[-118.27437,34.23855],[-118.2743,34.23858],[-118.27422,34.2386],[-118.27414,34.2386],[-118.27411,34.23859],[-118.27404,34.23857],[-118.27398,34.23854],[-118.27395,34.23852],[-118.27393,34.2385],[-118.27389,34.23844],[-118.27387,34.23839],[-118.27386,34.23833],[-118.27371,34.23829],[-118.27354,34.23826],[-118.27346,34.23826],[-118.2733,34.23825],[-118.27313,34.23826],[-118.27305,34.23827],[-118.27289,34.2383],[-118.27263,34.23837],[-118.2725,34.23839],[-118.27224,34.23844],[-118.27198,34.23848],[-118.27071,34.23714],[-118.2708,34.2371],[-118.27089,34.23706],[-118.27097,34.23702],[-118.27105,34.23697],[-118.2712,34.23686],[-118.27134,34.23675],[-118.27141,34.23669],[-118.27153,34.23656],[-118.27159,34.23649],[-118.27169,34.23634],[-118.27178,34.2362],[-118.27184,34.23604],[-118.27187,34.23596],[-118.27195,34.23592],[-118.27202,34.23589],[-118.27207,34.23588],[-118.27215,34.23587],[-118.27224,34.23587],[-118.27233,34.23589],[-118.27241,34.23591],[-118.27248,34.23595],[-118.27257,34.23512],[-118.27263,34.23511],[-118.27273,34.23511],[-118.27284,34.23512],[-118.27294,34.23514],[-118.27304,34.23518],[-118.27313,34.23523],[-118.27321,34.23529],[-118.27325,34.23532],[-118.27343,34.23538],[-118.27378,34.2355],[-118.27383,34.23553],[-118.27393,34.2356],[-118.27401,34.23568],[-118.27408,34.23576],[-118.27411,34.23581],[-118.27413,34.23586],[-118.27415,34.23591],[-118.27416,34.23596],[-118.27426,34.23594],[-118.27431,34.23593],[-118.27441,34.23589],[-118.27445,34.23587],[-118.27508,34.23587],[-118.27539,34.23587],[-118.27541,34.23409],[-118.27489,34.23403],[-118.27437,34.23396],[-118.27386,34.23388],[-118.27335,34.23378],[-118.27309,34.23372],[-118.27259,34.23361],[-118.27209,34.23347],[-118.27181,34.23341],[-118.27167,34.23337],[-118.27153,34.23333],[-118.27126,34.23323],[-118.27112,34.23318],[-118.27086,34.23307],[-118.27073,34.23301],[-118.27048,34.23288],[-118.27023,34.23275],[-118.27012,34.23267],[-118.27,34.23259],[-118.26978,34.23243],[-118.26958,34.23226],[-118.26928,34.23214],[-118.269,34.232],[-118.26872,34.23185],[-118.26858,34.23177],[-118.26832,34.2316],[-118.2682,34.23151],[-118.26795,34.23133],[-118.26772,34.23113],[-118.2675,34.23093],[-118.26729,34.23071],[-118.26719,34.2306],[-118.267,34.23037],[-118.26683,34.23014],[-118.26682,34.23013],[-118.26655,34.23005],[-118.26638,34.22999],[-118.26618,34.22988],[-118.26586,34.2296],[-118.26565,34.22942],[-118.26544,34.22931],[-118.26523,34.22923],[-118.26498,34.22914],[-118.26467,34.22908],[-118.26432,34.22901],[-118.2639,34.2289],[-118.26274,34.22854],[-118.26184,34.22825],[-118.26127,34.22802],[-118.2606,34.22772],[-118.26,34.22734],[-118.25941,34.22683],[-118.25903,34.22641],[-118.25855,34.2258],[-118.25827,34.22521],[-118.25795,34.2246],[-118.25782,34.22438],[-118.25756,34.22413],[-118.25739,34.22397],[-118.25714,34.22385],[-118.25673,34.22369],[-118.25628,34.22356],[-118.25596,34.22346],[-118.25566,34.22328],[-118.25533,34.22301],[-118.25495,34.22263],[-118.25461,34.22225],[-118.25431,34.22194],[-118.25393,34.22154],[-118.25357,34.22119],[-118.25334,34.22099],[-118.25295,34.22059],[-118.25244,34.22002],[-118.25178,34.2193],[-118.25111,34.21853],[-118.25054,34.21792],[-118.24991,34.21718],[-118.2488,34.21598],[-118.24848,34.21566],[-118.24833,34.21554],[-118.24809,34.2153],[-118.24787,34.21509],[-118.24767,34.21487],[-118.2471,34.21428],[-118.24688,34.21408],[-118.24607,34.21317],[-118.24581,34.21289],[-118.24551,34.21266],[-118.24533,34.21249],[-118.24518,34.21231],[-118.24498,34.21208],[-118.24461,34.21167],[-118.24451,34.21155],[-118.24428,34.21124],[-118.24408,34.21098],[-118.24387,34.21074],[-118.24362,34.21047],[-118.24348,34.21022],[-118.24336,34.21003],[-118.24317,34.20947],[-118.24301,34.20932],[-118.2428,34.20918],[-118.24257,34.20905],[-118.24228,34.20878],[-118.24194,34.2083],[-118.24165,34.20793],[-118.24138,34.20761],[-118.24121,34.2074],[-118.24107,34.20717],[-118.24104,34.20698],[-118.24104,34.20672],[-118.24105,34.20624],[-118.24125,34.20452],[-118.24201,34.20288],[-118.24285,34.20085],[-118.24314,34.19954],[-118.24309,34.19588],[-118.24284,34.19427],[-118.24283,34.19379],[-118.24263,34.19343],[-118.24223,34.19325],[-118.24148,34.19333],[-118.24084,34.1933],[-118.24022,34.19331],[-118.23951,34.19333],[-118.23883,34.19341],[-118.23826,34.19338],[-118.23735,34.19315],[-118.23684,34.19306],[-118.23655,34.19312],[-118.2362,34.19313],[-118.23575,34.1931],[-118.2354,34.19288],[-118.235,34.19268],[-118.23445,34.19246],[-118.23403,34.19228],[-118.23348,34.19204],[-118.23313,34.19194],[-118.23284,34.19192],[-118.23273,34.19147],[-118.23265,34.19122],[-118.23275,34.19099],[-118.23297,34.19091],[-118.23317,34.19082],[-118.23319,34.19059],[-118.2331,34.19034],[-118.23291,34.19012],[-118.23291,34.19],[-118.23261,34.18964],[-118.2324,34.18942],[-118.23224,34.18919],[-118.23224,34.18899],[-118.23237,34.18874],[-118.23266,34.18856],[-118.23287,34.18839],[-118.23293,34.18807],[-118.23279,34.18773],[-118.23267,34.1876],[-118.23235,34.18731],[-118.2317,34.18679],[-118.2314,34.18666],[-118.23135,34.18647],[-118.23133,34.18624],[-118.23166,34.18576],[-118.23187,34.18567],[-118.23205,34.18536],[-118.23211,34.18522],[-118.23221,34.18499],[-118.23226,34.18481],[-118.23223,34.18466],[-118.23193,34.18438],[-118.23179,34.18414],[-118.23177,34.18391],[-118.23192,34.18378],[-118.23224,34.18378],[-118.23264,34.1837],[-118.233,34.18347],[-118.2332,34.18322],[-118.23335,34.18287],[-118.23373,34.18251],[-118.23402,34.18222],[-118.23447,34.18222],[-118.23492,34.18234],[-118.23533,34.18241],[-118.23578,34.18243],[-118.23607,34.18226],[-118.23663,34.18221],[-118.23704,34.18217],[-118.23738,34.18202],[-118.2378,34.18207],[-118.23823,34.18207],[-118.2385,34.18188],[-118.23888,34.18163],[-118.23942,34.18149],[-118.23982,34.18149],[-118.24026,34.18146],[-118.2406,34.18147],[-118.24196,34.18146],[-118.24257,34.18149],[-118.24298,34.1815],[-118.24304,34.18132],[-118.24304,34.18112],[-118.24296,34.18095],[-118.24277,34.18079],[-118.24265,34.18067],[-118.2421,34.18059],[-118.24174,34.1805],[-118.24133,34.18042],[-118.24088,34.18033],[-118.24058,34.18029],[-118.24034,34.18027],[-118.23993,34.1802],[-118.23967,34.1801],[-118.23934,34.17996],[-118.23912,34.17982],[-118.23898,34.17966],[-118.23897,34.1795],[-118.23898,34.17935],[-118.23899,34.17917],[-118.23906,34.1788],[-118.23903,34.17863],[-118.2389,34.17847],[-118.23862,34.17833],[-118.23843,34.17836],[-118.23832,34.1783],[-118.23812,34.17822],[-118.23795,34.17811],[-118.23769,34.17794],[-118.23748,34.17783],[-118.23729,34.17766],[-118.2372,34.17748],[-118.23718,34.17727],[-118.23713,34.1771],[-118.23706,34.177],[-118.23671,34.17678],[-118.23598,34.17626],[-118.23569,34.17621],[-118.23532,34.17609],[-118.23493,34.1761],[-118.2347,34.17612],[-118.23441,34.1761],[-118.2342,34.17607],[-118.23391,34.17592],[-118.23368,34.17575],[-118.2336,34.17546],[-118.23347,34.17519],[-118.23334,34.17493],[-118.23311,34.17466],[-118.23296,34.17447],[-118.23269,34.17424],[-118.23236,34.17414],[-118.23191,34.17418],[-118.23152,34.1743],[-118.23055,34.17434],[-118.2301,34.17435],[-118.22968,34.1743],[-118.22954,34.17404],[-118.22949,34.1737],[-118.22944,34.17324],[-118.22946,34.17278],[-118.22951,34.17221],[-118.22964,34.17142],[-118.22986,34.17075],[-118.23046,34.16929],[-118.23068,34.16895],[-118.23092,34.16862],[-118.23114,34.16843],[-118.23141,34.16842],[-118.23164,34.16846],[-118.23164,34.16871],[-118.23159,34.16918],[-118.23145,34.16967],[-118.2314,34.17031],[-118.23139,34.17089],[-118.2314,34.17214],[-118.2316,34.17281],[-118.2321,34.17318],[-118.23227,34.17323],[-118.23251,34.17334],[-118.23265,34.17334],[-118.23293,34.17341],[-118.23318,34.17352],[-118.23354,34.17361],[-118.2337,34.17365],[-118.23382,34.17365],[-118.23387,34.17352],[-118.23397,34.17338],[-118.23406,34.17319],[-118.23407,34.17306],[-118.23419,34.17298],[-118.2343,34.17301],[-118.23444,34.17305],[-118.2345,34.17314],[-118.23453,34.17326],[-118.23445,34.17326],[-118.23438,34.17324],[-118.23432,34.17318],[-118.23426,34.1732],[-118.23421,34.17329],[-118.23419,34.17337],[-118.23413,34.17348],[-118.23409,34.17362],[-118.23407,34.17367],[-118.23407,34.17368],[-118.23412,34.17374],[-118.23426,34.17377],[-118.23476,34.17382],[-118.23503,34.17381],[-118.23542,34.17382],[-118.23647,34.17397],[-118.23688,34.17402],[-118.2381,34.17427],[-118.23844,34.1744],[-118.23871,34.17446],[-118.23902,34.17459],[-118.23963,34.17482],[-118.24038,34.17521],[-118.24115,34.17571],[-118.24152,34.17594],[-118.24205,34.17632],[-118.2425,34.17664],[-118.24256,34.17671],[-118.24261,34.17678],[-118.24266,34.17685],[-118.24271,34.17692],[-118.24275,34.17699],[-118.24278,34.17706],[-118.24285,34.17722],[-118.24289,34.17737],[-118.24292,34.17753],[-118.24294,34.17769],[-118.24294,34.17777],[-118.24292,34.17791],[-118.24294,34.17795],[-118.24296,34.178],[-118.243,34.17804],[-118.24305,34.17807],[-118.24311,34.17809],[-118.24313,34.17809],[-118.24318,34.17801],[-118.24328,34.17786],[-118.24339,34.17772],[-118.24345,34.17766],[-118.24361,34.17778],[-118.24352,34.17788],[-118.2435,34.178],[-118.2435,34.17809],[-118.24358,34.17814],[-118.24389,34.17817],[-118.24425,34.17817],[-118.24441,34.17817],[-118.24432,34.17793],[-118.24427,34.17777],[-118.2442,34.1776],[-118.24415,34.17746],[-118.24406,34.17731],[-118.24407,34.17724],[-118.24415,34.17719],[-118.24422,34.17721],[-118.24429,34.17724],[-118.24435,34.17737],[-118.24441,34.1775],[-118.24449,34.17765],[-118.24456,34.17781],[-118.2446,34.17796],[-118.24466,34.17813],[-118.2447,34.17818],[-118.24473,34.17818],[-118.24479,34.17818],[-118.2449,34.17816],[-118.24501,34.17811],[-118.24511,34.17808],[-118.24551,34.17789],[-118.24555,34.17786],[-118.24553,34.17783],[-118.24547,34.17778],[-118.24531,34.17767],[-118.24518,34.17758],[-118.24492,34.17738],[-118.24485,34.17732],[-118.24488,34.17726],[-118.24495,34.17722],[-118.24502,34.17725],[-118.24523,34.17737],[-118.24549,34.17752],[-118.24565,34.17765],[-118.24572,34.1777],[-118.24581,34.1778],[-118.24605,34.17762],[-118.24628,34.17743],[-118.24649,34.17724],[-118.2467,34.17703],[-118.24679,34.17692],[-118.24697,34.1767],[-118.24714,34.17647],[-118.24729,34.17624],[-118.24743,34.17599],[-118.24749,34.17587],[-118.24755,34.17574],[-118.2476,34.17562],[-118.24765,34.17549],[-118.2477,34.17536],[-118.24774,34.17524],[-118.24781,34.17497],[-118.24787,34.17471],[-118.24789,34.17458],[-118.24791,34.17431],[-118.24792,34.17404],[-118.24792,34.17391],[-118.24792,34.17378],[-118.24791,34.17364],[-118.24789,34.17351],[-118.24787,34.17338],[-118.24785,34.17324],[-118.24783,34.17319],[-118.2478,34.17307],[-118.24779,34.17301],[-118.24778,34.17295],[-118.24778,34.17289],[-118.24779,34.17277],[-118.24781,34.17271],[-118.24785,34.1726],[-118.24798,34.17264],[-118.2482,34.17279],[-118.24846,34.17307],[-118.24883,34.17335],[-118.24922,34.17363],[-118.24984,34.17394],[-118.25039,34.17416],[-118.25087,34.17431],[-118.25128,34.1745],[-118.25178,34.17464],[-118.25222,34.17471],[-118.25263,34.1749],[-118.25274,34.17493],[-118.25288,34.17493],[-118.25297,34.17491],[-118.25315,34.17485],[-118.25324,34.17485],[-118.2534,34.17489],[-118.25368,34.17519],[-118.25382,34.17528],[-118.25428,34.17566],[-118.25487,34.17595],[-118.25533,34.17612],[-118.25602,34.17645],[-118.25661,34.17673],[-118.25716,34.17689],[-118.25794,34.1771],[-118.25811,34.17711],[-118.25822,34.17706],[-118.25833,34.17694],[-118.25844,34.17681],[-118.25857,34.1767],[-118.25872,34.17655],[-118.25883,34.17642],[-118.25897,34.17629],[-118.25911,34.17619],[-118.25925,34.17612],[-118.25926,34.17624],[-118.2593,34.17634],[-118.25941,34.17639],[-118.25907,34.17663],[-118.2589,34.17678],[-118.25876,34.17694],[-118.25868,34.17711],[-118.25867,34.17725],[-118.25876,34.17736],[-118.25904,34.17737],[-118.2592,34.17735],[-118.25934,34.17734],[-118.25964,34.17734],[-118.25982,34.17741],[-118.26029,34.17755],[-118.26062,34.17759],[-118.26098,34.17762],[-118.26154,34.17779],[-118.26175,34.17786],[-118.26191,34.17799],[-118.26193,34.17799],[-118.26211,34.17808],[-118.26231,34.17807],[-118.26279,34.17802],[-118.26301,34.17798],[-118.26361,34.17782],[-118.26383,34.17774],[-118.26402,34.17765],[-118.26425,34.17761],[-118.26492,34.17752],[-118.26518,34.17748],[-118.26539,34.17756],[-118.26565,34.1777],[-118.26593,34.17781],[-118.26625,34.17792],[-118.26646,34.17799],[-118.26663,34.17801],[-118.26683,34.17805],[-118.267,34.17806],[-118.26715,34.17809],[-118.26727,34.17804],[-118.26728,34.17794],[-118.26733,34.17784],[-118.26744,34.17784],[-118.26754,34.17779],[-118.26765,34.17779],[-118.26778,34.17773],[-118.26792,34.17773],[-118.26798,34.17769],[-118.26819,34.17784],[-118.26838,34.17794],[-118.26857,34.17794],[-118.26877,34.17789],[-118.269,34.17789],[-118.26922,34.17786],[-118.26954,34.17776],[-118.26968,34.17765],[-118.26986,34.17744],[-118.27004,34.17719],[-118.2702,34.17695],[-118.27038,34.17673],[-118.27045,34.17656],[-118.27063,34.17654],[-118.27077,34.17658],[-118.27095,34.17663],[-118.27117,34.17673],[-118.27119,34.17674],[-118.27136,34.17682],[-118.27148,34.17686],[-118.27161,34.17691],[-118.27179,34.17697],[-118.27193,34.17695],[-118.27206,34.17685],[-118.27216,34.17683],[-118.2724,34.17679],[-118.27244,34.17687],[-118.27247,34.17732],[-118.27251,34.17752],[-118.27253,34.17771],[-118.27261,34.17794],[-118.27272,34.17817],[-118.27291,34.17833],[-118.27314,34.17855],[-118.27355,34.17877],[-118.27375,34.17886],[-118.27407,34.17899],[-118.27444,34.17913],[-118.27482,34.17923],[-118.27522,34.17944],[-118.27543,34.17962],[-118.27558,34.17986],[-118.27571,34.18008],[-118.27579,34.18028],[-118.27579,34.18045],[-118.27598,34.18046],[-118.27637,34.18046],[-118.27661,34.18044],[-118.27699,34.18024],[-118.27733,34.18048],[-118.27733,34.1806],[-118.27728,34.18081],[-118.27724,34.18106],[-118.27718,34.18138],[-118.27712,34.18164],[-118.27704,34.18184],[-118.27685,34.18193],[-118.27669,34.18198],[-118.27662,34.18218],[-118.2767,34.1825],[-118.27694,34.18319],[-118.27708,34.18349],[-118.27726,34.18374],[-118.2774,34.18388],[-118.27742,34.18393],[-118.27744,34.18398],[-118.27747,34.18401],[-118.27753,34.18398],[-118.27756,34.18392],[-118.27764,34.18382],[-118.27771,34.18371],[-118.27779,34.18373],[-118.27797,34.18377],[-118.27817,34.18377],[-118.27838,34.18386],[-118.27844,34.18389],[-118.27869,34.184],[-118.27894,34.18406],[-118.27908,34.18414],[-118.27918,34.18419],[-118.27929,34.18423],[-118.27941,34.18427],[-118.27952,34.18429],[-118.2796,34.18429],[-118.2797,34.1842],[-118.27978,34.1841],[-118.27988,34.18398],[-118.28,34.18387],[-118.28009,34.18376],[-118.28016,34.1837],[-118.2802,34.18371],[-118.28022,34.18376],[-118.2802,34.18383],[-118.28011,34.18393],[-118.27999,34.18404],[-118.2799,34.18414],[-118.2798,34.18424],[-118.27975,34.18433],[-118.27978,34.18454],[-118.27987,34.18473],[-118.28004,34.18494],[-118.28043,34.18538],[-118.28054,34.18556],[-118.28056,34.18579],[-118.28062,34.18616],[-118.28065,34.18647],[-118.28065,34.18681],[-118.28064,34.18706],[-118.28053,34.18726],[-118.28043,34.18751],[-118.28032,34.18771],[-118.28032,34.18799],[-118.2804,34.18814],[-118.28056,34.18825],[-118.28082,34.18818],[-118.28101,34.18806],[-118.28129,34.18803],[-118.28156,34.18803],[-118.2819,34.18804],[-118.28192,34.18804],[-118.28193,34.18804],[-118.28198,34.18806],[-118.28203,34.18809],[-118.28206,34.18813],[-118.28208,34.18818],[-118.28208,34.1882],[-118.28207,34.18825],[-118.2812,34.18951],[-118.28085,34.19011],[-118.28083,34.19015],[-118.28083,34.19018],[-118.28084,34.19022],[-118.28087,34.19026],[-118.28088,34.19028],[-118.28092,34.19031],[-118.28106,34.19037],[-118.2812,34.19042],[-118.28135,34.19045],[-118.2815,34.19048],[-118.28165,34.19049],[-118.28173,34.19049],[-118.28188,34.19049],[-118.28203,34.19049],[-118.28232,34.1905],[-118.28261,34.19049],[-118.2829,34.19047],[-118.28319,34.19044],[-118.28347,34.19039],[-118.2837,34.19038],[-118.28381,34.19036],[-118.28403,34.19033],[-118.28425,34.19028],[-118.28447,34.19022],[-118.28449,34.19021],[-118.28453,34.19017],[-118.28455,34.19015],[-118.28459,34.19007],[-118.28462,34.19003],[-118.28465,34.19],[-118.28471,34.18995],[-118.28475,34.18992],[-118.28483,34.18988],[-118.28487,34.18985],[-118.28496,34.18979],[-118.28506,34.18975],[-118.28516,34.18971],[-118.28527,34.18969],[-118.28532,34.18969],[-118.28542,34.18969],[-118.28552,34.1897],[-118.28562,34.18972],[-118.28567,34.18974],[-118.28572,34.18976],[-118.28583,34.18982],[-118.28586,34.18983],[-118.28592,34.18984],[-118.28595,34.18984],[-118.28598,34.18984],[-118.28603,34.18982],[-118.28606,34.18981],[-118.28614,34.18976],[-118.28618,34.18973],[-118.28623,34.18969],[-118.28627,34.18965],[-118.28634,34.18956],[-118.28638,34.18953],[-118.28643,34.1895],[-118.28653,34.18945],[-118.28664,34.18941],[-118.2867,34.18939],[-118.28687,34.18937],[-118.28722,34.18934],[-118.28757,34.18932],[-118.28792,34.18931],[-118.28793,34.1893],[-118.28794,34.18929],[-118.28794,34.18927],[-118.28793,34.18926],[-118.2879,34.18921],[-118.28788,34.18915],[-118.28785,34.18905],[-118.28788,34.18899],[-118.28789,34.18898],[-118.2879,34.18898],[-118.28791,34.18899],[-118.28792,34.18899],[-118.28792,34.18901],[-118.28797,34.18915],[-118.28801,34.1893],[-118.28804,34.18923],[-118.28807,34.18921],[-118.28811,34.18919],[-118.28818,34.18915],[-118.28826,34.18912],[-118.28834,34.18911],[-118.28842,34.18912],[-118.28858,34.18913],[-118.28869,34.18915],[-118.2888,34.18919],[-118.28885,34.18921],[-118.28895,34.18926],[-118.28904,34.18933],[-118.28911,34.1894],[-118.28917,34.18946],[-118.28918,34.18948],[-118.2892,34.18952],[-118.28919,34.18956],[-118.2892,34.18959],[-118.28922,34.18962],[-118.28924,34.18964],[-118.28926,34.18965],[-118.28928,34.18966],[-118.2893,34.18967],[-118.28936,34.18955],[-118.28939,34.18949],[-118.28939,34.18947],[-118.28939,34.18942],[-118.28938,34.1894],[-118.28936,34.18936],[-118.28932,34.18933],[-118.28929,34.18929],[-118.28924,34.18921],[-118.2892,34.18913],[-118.28918,34.18909],[-118.28917,34.189],[-118.28919,34.18892],[-118.28922,34.18884],[-118.28926,34.18877],[-118.28929,34.18873],[-118.28931,34.18875],[-118.28936,34.1888],[-118.28939,34.18885],[-118.28941,34.18891],[-118.28941,34.18895],[-118.28941,34.18904],[-118.28942,34.18913],[-118.28943,34.18918],[-118.28945,34.18922],[-118.28949,34.1893],[-118.28952,34.18934],[-118.28957,34.18939],[-118.2896,34.18943],[-118.28961,34.18946],[-118.28963,34.18952],[-118.28963,34.18957],[-118.28962,34.1896],[-118.28958,34.18966],[-118.28948,34.18978],[-118.28942,34.18984],[-118.28934,34.18991],[-118.28933,34.18994],[-118.28932,34.18997],[-118.28933,34.19],[-118.28935,34.19002],[-118.28934,34.19008],[-118.28933,34.19018],[-118.28934,34.19028],[-118.28937,34.19039],[-118.28941,34.19049],[-118.28943,34.19062],[-118.28946,34.19075],[-118.28949,34.19082],[-118.28954,34.19095],[-118.28961,34.19107],[-118.28964,34.19109],[-118.28965,34.19112],[-118.28967,34.19115],[-118.28969,34.19121],[-118.28969,34.19127],[-118.28968,34.1913],[-118.28967,34.19133],[-118.28965,34.19136],[-118.28965,34.19142],[-118.28964,34.19145],[-118.28962,34.19151],[-118.2896,34.19153],[-118.28955,34.19159],[-118.28951,34.19164],[-118.2895,34.19167],[-118.28948,34.19174],[-118.28947,34.1918],[-118.28949,34.19185],[-118.28951,34.1919],[-118.28955,34.19194],[-118.2896,34.19198],[-118.28966,34.192],[-118.28974,34.192],[-118.28981,34.19199],[-118.28987,34.19196],[-118.2899,34.19194],[-118.28996,34.1919],[-118.29,34.19185],[-118.29006,34.19181],[-118.29012,34.19177],[-118.29019,34.19176],[-118.29023,34.19175],[-118.29031,34.19176],[-118.29038,34.19174],[-118.29042,34.19174],[-118.2905,34.19175],[-118.29053,34.19176],[-118.29056,34.19178],[-118.29059,34.19178],[-118.2906,34.19179],[-118.29063,34.19178],[-118.29066,34.19177],[-118.29068,34.19175],[-118.29069,34.19174],[-118.29067,34.1917],[-118.29061,34.19165],[-118.29058,34.19162],[-118.29057,34.19162],[-118.29056,34.19161],[-118.29055,34.1916],[-118.29055,34.19159],[-118.29059,34.19158],[-118.29067,34.19154],[-118.29074,34.1915],[-118.29082,34.19159],[-118.29084,34.19159],[-118.29086,34.1916],[-118.29089,34.19159],[-118.29101,34.19152],[-118.29114,34.19147],[-118.29127,34.19144],[-118.29134,34.19142],[-118.29148,34.19141],[-118.29161,34.1914],[-118.29175,34.19141],[-118.29189,34.19143],[-118.29198,34.19147],[-118.29207,34.19152],[-118.29211,34.19155],[-118.29214,34.19158],[-118.29221,34.19165],[-118.29226,34.19173],[-118.2923,34.19181],[-118.29232,34.1919],[-118.29238,34.19203],[-118.29241,34.19209],[-118.29245,34.19222],[-118.29248,34.19236],[-118.29249,34.19242],[-118.29249,34.1925],[-118.29249,34.19254],[-118.2925,34.19258],[-118.29252,34.19266],[-118.29254,34.1927],[-118.29259,34.19276],[-118.29265,34.19282],[-118.29273,34.19288],[-118.29277,34.1929],[-118.29282,34.1929],[-118.29294,34.19291],[-118.29305,34.1929],[-118.29316,34.19287],[-118.29351,34.19282],[-118.29387,34.19278],[-118.29393,34.19278],[-118.29399,34.19278],[-118.29401,34.19279],[-118.29407,34.1928],[-118.29409,34.19282],[-118.29413,34.19285],[-118.29417,34.19289],[-118.29418,34.19291],[-118.29424,34.19324],[-118.29432,34.19355],[-118.29437,34.1937],[-118.29439,34.19372],[-118.29441,34.19373],[-118.29442,34.19374],[-118.29445,34.19374],[-118.29447,34.19374],[-118.29449,34.19373],[-118.29522,34.19361],[-118.29558,34.19355],[-118.2956,34.19356],[-118.29563,34.19357],[-118.29566,34.1936],[-118.29569,34.19364],[-118.29569,34.19369],[-118.29569,34.19371],[-118.29568,34.19374],[-118.29567,34.19376],[-118.29563,34.19389],[-118.29562,34.19391],[-118.29555,34.19407],[-118.29546,34.19422],[-118.29536,34.19436],[-118.29531,34.19443],[-118.29525,34.1946],[-118.29523,34.19469],[-118.29519,34.19487],[-118.29518,34.19504],[-118.29517,34.19513],[-118.29518,34.19531],[-118.2952,34.19549],[-118.29524,34.19566],[-118.29524,34.19575],[-118.29526,34.19585],[-118.29529,34.19593],[-118.29531,34.19598],[-118.29536,34.19606],[-118.29543,34.19613],[-118.29551,34.1962],[-118.29563,34.19622],[-118.29592,34.1963],[-118.29613,34.19634],[-118.29654,34.19643],[-118.29658,34.19642],[-118.29666,34.1964],[-118.29672,34.19636],[-118.29678,34.19631],[-118.29682,34.19625],[-118.29684,34.19622],[-118.29686,34.19616],[-118.29686,34.19612],[-118.29686,34.19602],[-118.29686,34.19595],[-118.29687,34.19588],[-118.29689,34.19574],[-118.29694,34.1956],[-118.29696,34.19553],[-118.29703,34.1954],[-118.29715,34.19532],[-118.29721,34.19528],[-118.29727,34.19524],[-118.29734,34.19521],[-118.29748,34.19515],[-118.29756,34.19512],[-118.29771,34.19508],[-118.29778,34.19507],[-118.29794,34.19505],[-118.29802,34.19505],[-118.2981,34.19505],[-118.29825,34.19506],[-118.29841,34.19509],[-118.29848,34.19511],[-118.29886,34.19522],[-118.29889,34.19537],[-118.29985,34.19614],[-118.30001,34.19597],[-118.30009,34.19588],[-118.30028,34.19571],[-118.30047,34.19555],[-118.30049,34.19553],[-118.30051,34.19552],[-118.30054,34.1955],[-118.30058,34.1955],[-118.30061,34.1955],[-118.30066,34.19552],[-118.30067,34.19554],[-118.30069,34.19556],[-118.30069,34.19558],[-118.30068,34.19559],[-118.30066,34.19561],[-118.30059,34.19565],[-118.30044,34.19575],[-118.3003,34.19587],[-118.30024,34.19593],[-118.30012,34.19605],[-118.30008,34.19612],[-118.30005,34.1962],[-118.30007,34.1963],[-118.30012,34.1965],[-118.30019,34.19669],[-118.30026,34.19688],[-118.30031,34.19697],[-118.30032,34.19699],[-118.30035,34.19702],[-118.30039,34.19704],[-118.30044,34.19705],[-118.30047,34.19705],[-118.30052,34.19704],[-118.30056,34.19703],[-118.30059,34.19702],[-118.30066,34.197],[-118.3007,34.19698],[-118.30075,34.19694],[-118.3008,34.19689],[-118.30101,34.19672],[-118.30121,34.19655],[-118.30131,34.19646],[-118.3015,34.19627],[-118.30157,34.19629],[-118.30164,34.19631],[-118.30167,34.19633],[-118.30171,34.19635],[-118.30172,34.19637],[-118.30172,34.19639],[-118.30171,34.19641],[-118.30169,34.19642],[-118.30168,34.19642],[-118.30154,34.19658],[-118.30146,34.19665],[-118.30138,34.19672],[-118.30122,34.19686],[-118.30115,34.19694],[-118.3011,34.197],[-118.30108,34.19702],[-118.30104,34.19705],[-118.30098,34.19708],[-118.30095,34.19709],[-118.30093,34.19708],[-118.3009,34.19709],[-118.30089,34.1971],[-118.30088,34.19711],[-118.30088,34.19714],[-118.30089,34.19715],[-118.30079,34.19718],[-118.30069,34.19719],[-118.30058,34.19719],[-118.30053,34.19718],[-118.30043,34.19716],[-118.30042,34.19716],[-118.30039,34.19718],[-118.30038,34.1972],[-118.30039,34.19723],[-118.30041,34.19725],[-118.30054,34.19733],[-118.30083,34.19747],[-118.30112,34.19761],[-118.30142,34.19773],[-118.30144,34.19775],[-118.30147,34.19776],[-118.30151,34.19778],[-118.30157,34.19779],[-118.30164,34.19778],[-118.30171,34.19777],[-118.30177,34.19774],[-118.30181,34.19773],[-118.30188,34.19771],[-118.30192,34.19771],[-118.30199,34.19771],[-118.30207,34.19772],[-118.3021,34.19774],[-118.30214,34.19775],[-118.30265,34.19814],[-118.30271,34.19817],[-118.30276,34.19823],[-118.3028,34.19828],[-118.30282,34.19834],[-118.30283,34.19841],[-118.30282,34.19847],[-118.30281,34.19851],[-118.30278,34.19857],[-118.30275,34.19859],[-118.30266,34.19869],[-118.30262,34.19874],[-118.30258,34.19879],[-118.30251,34.19891],[-118.30248,34.19896],[-118.30244,34.19908],[-118.30241,34.1992],[-118.30239,34.19933],[-118.30239,34.19939],[-118.30241,34.19947],[-118.30245,34.19961],[-118.30247,34.19968],[-118.30253,34.19982],[-118.30261,34.19996],[-118.30265,34.20002],[-118.30291,34.19999],[-118.30304,34.19997],[-118.30317,34.19996],[-118.30343,34.19995],[-118.30356,34.19995],[-118.30372,34.19997],[-118.30233,34.2011],[-118.30181,34.20145],[-118.30181,34.20147],[-118.30397,34.20387],[-118.30404,34.20395],[-118.31031,34.21101],[-118.31151,34.21251],[-118.31252,34.2141],[-118.31333,34.21576],[-118.31394,34.21748],[-118.31434,34.21925],[-118.31452,34.22103],[-118.31449,34.22283],[-118.31424,34.22461],[-118.31378,34.22636],[-118.31311,34.22807],[-118.31224,34.22971],[-118.31117,34.23127],[-118.30992,34.23274],[-118.3085,34.2341],[-118.30692,34.23533],[-118.30521,34.23642],[-118.30337,34.23738],[-118.30142,34.23817],[-118.29939,34.2388],[-118.29729,34.23926],[-118.29515,34.23954],[-118.29299,34.23965],[-118.29193,34.23965],[-118.29056,34.23966],[-118.28849,34.23968],[-118.28849,34.24013],[-118.28848,34.24039],[-118.28848,34.24062],[-118.28848,34.24095],[-118.28835,34.24275],[-118.28804,34.24434],[-118.28834,34.24598],[-118.28845,34.24771],[-118.28842,34.24772],[-118.28829,34.24774]],[[-118.27638,34.18075],[-118.27642,34.18093],[-118.27646,34.18111],[-118.27648,34.1813],[-118.27648,34.18139],[-118.27652,34.18149],[-118.27659,34.18153],[-118.27668,34.18149],[-118.27679,34.18094],[-118.27682,34.18078],[-118.27662,34.18072],[-118.27638,34.18075]],[[-118.28791,34.20201],[-118.28803,34.20182],[-118.2883,34.20164],[-118.28872,34.20132],[-118.28901,34.20116],[-118.28929,34.20108],[-118.28952,34.20105],[-118.28976,34.20111],[-118.28999,34.20121],[-118.29023,34.20139],[-118.29053,34.20143],[-118.29084,34.20141],[-118.29103,34.20128],[-118.29115,34.20107],[-118.29131,34.20082],[-118.29151,34.20058],[-118.29183,34.20029],[-118.29216,34.20018],[-118.29246,34.20004],[-118.29268,34.19992],[-118.29288,34.19978],[-118.29309,34.19966],[-118.29384,34.19943],[-118.2943,34.19939],[-118.29463,34.19936],[-118.29483,34.19932],[-118.295,34.19917],[-118.29508,34.19895],[-118.29508,34.19876],[-118.29506,34.19866],[-118.29494,34.19861],[-118.29466,34.19874],[-118.2946,34.1988],[-118.29441,34.1989],[-118.29422,34.19899],[-118.29409,34.19899],[-118.2938,34.19895],[-118.29358,34.19897],[-118.29329,34.19899],[-118.29309,34.19908],[-118.29283,34.19926],[-118.29264,34.19935],[-118.29242,34.19946],[-118.29219,34.19961],[-118.29171,34.19982],[-118.29144,34.2],[-118.29122,34.20018],[-118.29103,34.20039],[-118.29094,34.20062],[-118.29081,34.20083],[-118.29069,34.20095],[-118.29054,34.20093],[-118.29037,34.20088],[-118.29022,34.20073],[-118.29013,34.20059],[-118.28994,34.20046],[-118.28967,34.20041],[-118.28944,34.20042],[-118.28914,34.20047],[-118.28899,34.20054],[-118.28885,34.20062],[-118.28866,34.20079],[-118.28839,34.20103],[-118.28803,34.20128],[-118.28763,34.20161],[-118.28734,34.20191],[-118.28734,34.20217],[-118.28738,34.20232],[-118.28747,34.20242],[-118.28773,34.2025],[-118.28816,34.20272],[-118.28832,34.20281],[-118.28843,34.20296],[-118.28846,34.20317],[-118.28844,34.20332],[-118.28836,34.20339],[-118.28808,34.20335],[-118.28791,34.20331],[-118.28762,34.20329],[-118.2875,34.20333],[-118.28743,34.20342],[-118.28746,34.20349],[-118.28762,34.20361],[-118.28782,34.20365],[-118.28818,34.2037],[-118.28844,34.2037],[-118.28892,34.20362],[-118.28903,34.20348],[-118.28908,34.2033],[-118.28903,34.20314],[-118.28893,34.20297],[-118.28883,34.20286],[-118.28864,34.20271],[-118.28845,34.20251],[-118.28823,34.20237],[-118.28801,34.20229],[-118.28792,34.20218],[-118.28791,34.20201]]]},"properties":{"FLD_ZONE":"D","ZONE_SUBTY":null,"SFHA_TF":"F"}},{"type":"Feature","geometry":{"type":"MultiPolygon","coordinates":[[[[-118.28413,34.26115],[-118.28409,34.26112],[-118.28399,34.26106],[-118.28394,34.26104],[-118.28389,34.26102],[-118.28361,34.26095],[-118.28305,34.26084],[-118.28277,34.26078],[-118.2822,34.26069],[-118.28192,34.26064],[-118.2814,34.26058],[-118.28114,34.26056],[-118.28061,34.26051],[-118.28058,34.26047],[-118.28056,34.26042],[-118.28053,34.26037],[-118.2805,34.26026],[-118.28049,34.26015],[-118.28048,34.26009],[-118.28049,34.26004],[-118.28051,34.25993],[-118.2805,34.25983],[-118.28048,34.25973],[-118.28044,34.25963],[-118.28039,34.25953],[-118.28036,34.25949],[-118.28031,34.25945],[-118.2802,34.25938],[-118.28015,34.25935],[-118.28009,34.25932],[-118.27997,34.25928],[-118.27984,34.25925],[-118.27971,34.25924],[-118.27958,34.25924],[-118.27951,34.25924],[-118.27945,34.25925],[-118.27938,34.25927],[-118.27932,34.25928],[-118.27926,34.2593],[-118.2792,34.25932],[-118.27907,34.2594],[-118.27896,34.25949],[-118.27887,34.25958],[-118.27878,34.25969],[-118.27875,34.25974],[-118.27868,34.25986],[-118.27864,34.25998],[-118.27862,34.26004],[-118.27861,34.2601],[-118.2786,34.26023],[-118.27845,34.2602],[-118.27821,34.26017],[-118.27821,34.25994],[-118.27821,34.2598],[-118.27736,34.25979],[-118.27757,34.25902],[-118.27694,34.2582],[-118.27726,34.25785],[-118.27729,34.25735],[-118.2773,34.25684],[-118.2773,34.25633],[-118.27727,34.25583],[-118.27704,34.25559],[-118.27726,34.25518],[-118.2772,34.25517],[-118.27708,34.25514],[-118.27696,34.25509],[-118.27685,34.25504],[-118.2768,34.25501],[-118.27671,34.25493],[-118.27667,34.25489],[-118.27663,34.25485],[-118.27657,34.25476],[-118.27657,34.25471],[-118.27655,34.25463],[-118.27652,34.25454],[-118.2765,34.2545],[-118.27644,34.25442],[-118.27641,34.25439],[-118.27633,34.25433],[-118.27629,34.2543],[-118.2762,34.25425],[-118.27616,34.25423],[-118.27598,34.25418],[-118.2758,34.25413],[-118.27562,34.25409],[-118.27526,34.254],[-118.27489,34.25394],[-118.2747,34.25391],[-118.27452,34.25389],[-118.27433,34.25387],[-118.27415,34.25385],[-118.27396,34.25384],[-118.27358,34.25384],[-118.27339,34.25384],[-118.27301,34.25382],[-118.27282,34.2538],[-118.27244,34.25377],[-118.27206,34.25371],[-118.27216,34.25349],[-118.27221,34.25338],[-118.27225,34.25327],[-118.27231,34.25309],[-118.27231,34.25305],[-118.27231,34.25298],[-118.27229,34.25292],[-118.27227,34.25285],[-118.27216,34.25282],[-118.27206,34.25279],[-118.27204,34.25278],[-118.272,34.25275],[-118.27199,34.25273],[-118.27198,34.25268],[-118.27125,34.25259],[-118.27114,34.25226],[-118.27029,34.252],[-118.26986,34.25187],[-118.26962,34.25181],[-118.2695,34.25178],[-118.26938,34.25174],[-118.26926,34.25169],[-118.26904,34.2516],[-118.26882,34.25149],[-118.26871,34.25144],[-118.26851,34.25131],[-118.26831,34.25117],[-118.26822,34.2511],[-118.26807,34.25098],[-118.26791,34.25086],[-118.26774,34.25075],[-118.26765,34.25071],[-118.26756,34.25066],[-118.26743,34.25062],[-118.26716,34.25056],[-118.26689,34.25051],[-118.26669,34.25048],[-118.26662,34.25047],[-118.26634,34.25044],[-118.26621,34.25044],[-118.26606,34.25036],[-118.26592,34.25028],[-118.26585,34.25023],[-118.26573,34.25013],[-118.26565,34.25019],[-118.26556,34.25023],[-118.26551,34.25025],[-118.26541,34.25028],[-118.26536,34.25028],[-118.26535,34.25028],[-118.26531,34.25029],[-118.2653,34.25029],[-118.26476,34.2501],[-118.26405,34.24988],[-118.26283,34.24941],[-118.26237,34.24927],[-118.262,34.24913],[-118.26178,34.24901],[-118.26154,34.24892],[-118.26136,34.2488],[-118.26134,34.24868],[-118.26152,34.24851],[-118.26169,34.24823],[-118.26199,34.24782],[-118.26233,34.24753],[-118.26269,34.24707],[-118.26297,34.24673],[-118.26314,34.24653],[-118.26311,34.24641],[-118.26304,34.24626],[-118.26284,34.24615],[-118.26263,34.24607],[-118.26244,34.24607],[-118.26232,34.24622],[-118.26232,34.24647],[-118.26227,34.24668],[-118.2622,34.24685],[-118.26211,34.24712],[-118.26204,34.24731],[-118.26182,34.24767],[-118.26148,34.24805],[-118.26132,34.24836],[-118.26116,34.24861],[-118.26081,34.24909],[-118.26062,34.24937],[-118.26037,34.24963],[-118.25999,34.24987],[-118.25959,34.24992],[-118.2591,34.24993],[-118.25847,34.24988],[-118.25783,34.24985],[-118.25736,34.2498],[-118.2558,34.24944],[-118.25585,34.24937],[-118.25613,34.2492],[-118.25624,34.24909],[-118.2566,34.24882],[-118.25678,34.24863],[-118.25694,34.24844],[-118.25707,34.24823],[-118.25716,34.24804],[-118.25729,34.24781],[-118.25736,34.24766],[-118.25747,34.24752],[-118.25749,34.24746],[-118.25739,34.2474],[-118.25721,34.24736],[-118.25707,34.2473],[-118.25696,34.24744],[-118.25677,34.24781],[-118.25648,34.2482],[-118.25629,34.24855],[-118.25602,34.24878],[-118.25546,34.24903],[-118.25499,34.24914],[-118.25484,34.24911],[-118.25465,34.24871],[-118.25451,34.2484],[-118.25433,34.24813],[-118.25415,34.24779],[-118.25404,34.24742],[-118.25388,34.24706],[-118.25368,34.24663],[-118.25356,34.24631],[-118.2535,34.2461],[-118.25333,34.2459],[-118.25318,34.24578],[-118.25291,34.24565],[-118.25288,34.24564],[-118.25223,34.24543],[-118.25174,34.24523],[-118.25111,34.24502],[-118.25041,34.24478],[-118.24978,34.24459],[-118.24931,34.24441],[-118.2488,34.24423],[-118.24831,34.24411],[-118.24786,34.24397],[-118.24763,34.24391],[-118.24762,34.24391],[-118.24756,34.24404],[-118.24749,34.24418],[-118.24739,34.24416],[-118.24738,34.24416],[-118.24735,34.24415],[-118.24727,34.24412],[-118.24726,34.24412],[-118.24725,34.24411],[-118.24719,34.24409],[-118.24706,34.24404],[-118.24705,34.24404],[-118.24702,34.24403],[-118.24701,34.24403],[-118.247,34.24408],[-118.247,34.2441],[-118.247,34.2442],[-118.24699,34.24432],[-118.24696,34.24437],[-118.24695,34.24438],[-118.24693,34.24441],[-118.2469,34.24443],[-118.2468,34.24448],[-118.24677,34.24449],[-118.24673,34.24449],[-118.24672,34.24449],[-118.24663,34.24449],[-118.24662,34.24451],[-118.24659,34.24458],[-118.24659,34.24459],[-118.24657,34.24464],[-118.24656,34.24466],[-118.24649,34.2448],[-118.24639,34.24505],[-118.24631,34.24524],[-118.24625,34.24524],[-118.24622,34.24523],[-118.24605,34.2452],[-118.24602,34.24516],[-118.24601,34.24515],[-118.24599,34.24513],[-118.24599,34.24522],[-118.24599,34.24523],[-118.24599,34.24524],[-118.24596,34.24531],[-118.24584,34.24555],[-118.24569,34.24581],[-118.24555,34.2461],[-118.24554,34.24611],[-118.24553,34.24612],[-118.24553,34.24613],[-118.24533,34.24638],[-118.24453,34.24599],[-118.24452,34.24599],[-118.24413,34.24594],[-118.24412,34.24594],[-118.2441,34.24606],[-118.2441,34.24607],[-118.2438,34.24644],[-118.24377,34.24648],[-118.24374,34.24653],[-118.24373,34.24653],[-118.24376,34.24669],[-118.24376,34.2467],[-118.24369,34.2467],[-118.24361,34.24671],[-118.24358,34.24671],[-118.24352,34.24669],[-118.24344,34.24666],[-118.24325,34.24664],[-118.24306,34.24663],[-118.24296,34.24663],[-118.24277,34.24664],[-118.24258,34.24666],[-118.24239,34.2467],[-118.24211,34.2468],[-118.24183,34.24689],[-118.24169,34.24693],[-118.24159,34.24694],[-118.24148,34.24693],[-118.24143,34.24692],[-118.24138,34.24691],[-118.24133,34.24689],[-118.24123,34.24685],[-118.24119,34.24683],[-118.24115,34.2468],[-118.24111,34.24677],[-118.24108,34.24673],[-118.24105,34.2467],[-118.24102,34.24666],[-118.241,34.24662],[-118.24098,34.24657],[-118.24094,34.24648],[-118.24091,34.24644],[-118.24084,34.24636],[-118.2408,34.24632],[-118.24072,34.24626],[-118.24067,34.24623],[-118.24062,34.2462],[-118.24047,34.24607],[-118.24031,34.24594],[-118.24023,34.24589],[-118.24005,34.24584],[-118.23988,34.24577],[-118.23979,34.24574],[-118.23963,34.24565],[-118.23948,34.24556],[-118.23944,34.24561],[-118.23937,34.24573],[-118.23931,34.24585],[-118.23929,34.24591],[-118.23926,34.24603],[-118.23925,34.24609],[-118.23924,34.24622],[-118.23925,34.24628],[-118.23925,34.24641],[-118.23923,34.24654],[-118.23922,34.24661],[-118.23918,34.24673],[-118.23915,34.24679],[-118.23908,34.24691],[-118.23878,34.24685],[-118.23805,34.24669],[-118.23768,34.24661],[-118.23694,34.24647],[-118.23693,34.24632],[-118.23691,34.24625],[-118.2369,34.24618],[-118.23685,34.24604],[-118.23679,34.24591],[-118.23676,34.24585],[-118.23667,34.24572],[-118.2366,34.2457],[-118.23657,34.24569],[-118.23654,34.24567],[-118.23649,34.24563],[-118.23645,34.24558],[-118.23643,34.24552],[-118.23642,34.24549],[-118.23642,34.24544],[-118.23644,34.24538],[-118.23649,34.24533],[-118.23656,34.24529],[-118.23659,34.24527],[-118.23663,34.24526],[-118.23671,34.24524],[-118.2368,34.24524],[-118.23688,34.24525],[-118.2369,34.24516],[-118.23691,34.24511],[-118.23691,34.24506],[-118.2369,34.24496],[-118.23689,34.24492],[-118.23685,34.24482],[-118.23683,34.24478],[-118.23677,34.2447],[-118.23613,34.24442],[-118.23484,34.24388],[-118.23481,34.24379],[-118.2348,34.24371],[-118.23477,34.24353],[-118.23477,34.24335],[-118.23478,34.24317],[-118.23479,34.24309],[-118.23483,34.24291],[-118.23485,34.24282],[-118.23488,34.24274],[-118.23495,34.24257],[-118.235,34.24249],[-118.23509,34.24233],[-118.2352,34.24218],[-118.2353,34.2421],[-118.23538,34.24201],[-118.23542,34.24196],[-118.23548,34.24186],[-118.2355,34.24181],[-118.23554,34.24171],[-118.23555,34.24165],[-118.23556,34.24154],[-118.23554,34.24148],[-118.23549,34.24135],[-118.23542,34.24122],[-118.23538,34.24116],[-118.23529,34.24105],[-118.23524,34.24099],[-118.23514,34.24089],[-118.23517,34.2406],[-118.23525,34.24002],[-118.23513,34.23996],[-118.23507,34.23993],[-118.23494,34.23989],[-118.2348,34.23986],[-118.23466,34.23983],[-118.23465,34.23978],[-118.23465,34.23973],[-118.23465,34.23962],[-118.23465,34.23957],[-118.23467,34.23946],[-118.23469,34.23941],[-118.23471,34.23936],[-118.23477,34.23926],[-118.2348,34.23922],[-118.23488,34.23913],[-118.23494,34.23909],[-118.23503,34.239],[-118.23508,34.23895],[-118.23511,34.23889],[-118.23515,34.23884],[-118.23521,34.23873],[-118.23524,34.23867],[-118.23527,34.23855],[-118.23528,34.23849],[-118.23529,34.23843],[-118.23529,34.23831],[-118.23528,34.23825],[-118.23527,34.23819],[-118.23519,34.238],[-118.23513,34.2378],[-118.2351,34.2377],[-118.23506,34.23751],[-118.23505,34.23741],[-118.23503,34.23721],[-118.23502,34.2371],[-118.2347,34.23737],[-118.23424,34.23759],[-118.23377,34.2378],[-118.2333,34.238],[-118.23282,34.23819],[-118.23272,34.23827],[-118.23267,34.23832],[-118.23256,34.23839],[-118.23244,34.23845],[-118.23231,34.2385],[-118.23217,34.23853],[-118.2321,34.23854],[-118.23196,34.23856],[-118.23189,34.23856],[-118.23175,34.23855],[-118.23168,34.23854],[-118.2314,34.23868],[-118.23126,34.23875],[-118.23099,34.2389],[-118.23073,34.23906],[-118.2306,34.23915],[-118.23047,34.23924],[-118.23023,34.23942],[-118.23001,34.23961],[-118.2299,34.23971],[-118.22961,34.2396],[-118.22933,34.23951],[-118.22903,34.23942],[-118.22873,34.23935],[-118.22878,34.23952],[-118.2288,34.23969],[-118.22881,34.23978],[-118.22881,34.23995],[-118.22881,34.24004],[-118.22878,34.24022],[-118.22874,34.24039],[-118.22871,34.24047],[-118.22865,34.24064],[-118.22863,34.24067],[-118.22859,34.24071],[-118.22854,34.24075],[-118.22848,34.24077],[-118.22841,34.24079],[-118.22834,34.24079],[-118.22825,34.24098],[-118.22806,34.24135],[-118.22786,34.24172],[-118.22775,34.2419],[-118.22753,34.24226],[-118.22741,34.24244],[-118.22717,34.24279],[-118.22704,34.24297],[-118.22709,34.24378],[-118.22656,34.24433],[-118.22529,34.24437],[-118.22474,34.24481],[-118.22473,34.24484],[-118.2247,34.24488],[-118.22468,34.2449],[-118.22463,34.24493],[-118.2246,34.24494],[-118.22457,34.24495],[-118.22453,34.24495],[-118.22398,34.24495],[-118.22312,34.24419],[-118.22308,34.24416],[-118.22305,34.24412],[-118.22304,34.2441],[-118.22303,34.24406],[-118.22303,34.24404],[-118.22304,34.24402],[-118.22307,34.24398],[-118.22315,34.2437],[-118.22329,34.24339],[-118.22335,34.24323],[-118.22347,34.24291],[-118.22352,34.24274],[-118.22361,34.24241],[-118.22369,34.24208],[-118.22374,34.2419],[-118.2238,34.24165],[-118.22391,34.24123],[-118.22436,34.24023],[-118.22467,34.23955],[-118.22488,34.23909],[-118.22492,34.23892],[-118.2249,34.23879],[-118.22487,34.23877],[-118.2248,34.2387],[-118.22457,34.23867],[-118.22447,34.23872],[-118.22439,34.23879],[-118.22431,34.23886],[-118.22428,34.2389],[-118.22422,34.23896],[-118.22417,34.23904],[-118.22414,34.23912],[-118.22413,34.23916],[-118.22412,34.23924],[-118.22413,34.23933],[-118.22414,34.23937],[-118.22417,34.23945],[-118.22419,34.23946],[-118.22422,34.23949],[-118.22423,34.23951],[-118.22424,34.23955],[-118.22423,34.23962],[-118.22422,34.23965],[-118.22419,34.2397],[-118.22415,34.23974],[-118.22413,34.23976],[-118.22407,34.23979],[-118.22404,34.2398],[-118.224,34.2398],[-118.22397,34.2398],[-118.22391,34.23979],[-118.22387,34.23979],[-118.22381,34.23981],[-118.22378,34.23982],[-118.22358,34.23995],[-118.22349,34.24002],[-118.2234,34.24009],[-118.22332,34.24016],[-118.22315,34.24032],[-118.223,34.24049],[-118.22287,34.24066],[-118.22287,34.24076],[-118.22289,34.24085],[-118.22292,34.24094],[-118.22292,34.24096],[-118.22293,34.24097],[-118.22294,34.24097],[-118.22295,34.24097],[-118.22311,34.24092],[-118.22327,34.24086],[-118.22337,34.2408],[-118.2234,34.24079],[-118.22342,34.24079],[-118.2234,34.2409],[-118.22338,34.2411],[-118.22337,34.24131],[-118.22337,34.24152],[-118.2234,34.24172],[-118.22342,34.24183],[-118.22297,34.24198],[-118.2227,34.24197],[-118.22243,34.24196],[-118.22216,34.24197],[-118.22203,34.24198],[-118.22176,34.242],[-118.22175,34.24108],[-118.22212,34.24068],[-118.22357,34.23939],[-118.22362,34.23935],[-118.22435,34.2381],[-118.2248,34.23749],[-118.22484,34.23748],[-118.22491,34.23744],[-118.22495,34.23741],[-118.22507,34.23734],[-118.22529,34.23718],[-118.22539,34.2371],[-118.22549,34.23702],[-118.22559,34.23693],[-118.22561,34.23692],[-118.22569,34.23684],[-118.22587,34.23666],[-118.22597,34.23654],[-118.22606,34.23642],[-118.22612,34.23632],[-118.22614,34.23629],[-118.22617,34.23622],[-118.22622,34.23609],[-118.22625,34.23595],[-118.22626,34.23589],[-118.22627,34.2358],[-118.22627,34.23568],[-118.22669,34.23522],[-118.22675,34.23516],[-118.22689,34.235],[-118.22689,34.23456],[-118.22694,34.23451],[-118.2271,34.23434],[-118.22727,34.23418],[-118.22736,34.23411],[-118.22755,34.23396],[-118.22763,34.23391],[-118.22768,34.23387],[-118.22772,34.23384],[-118.22778,34.23377],[-118.22781,34.23374],[-118.22783,34.2337],[-118.22785,34.23366],[-118.22786,34.23362],[-118.22788,34.23353],[-118.22787,34.23345],[-118.22786,34.23337],[-118.22782,34.23329],[-118.22777,34.23321],[-118.22774,34.23318],[-118.22767,34.23312],[-118.22766,34.2331],[-118.22762,34.23302],[-118.22758,34.23293],[-118.2275,34.23273],[-118.22747,34.23262],[-118.22742,34.23242],[-118.22739,34.23221],[-118.22738,34.23211],[-118.22737,34.2319],[-118.22738,34.23169],[-118.2274,34.23159],[-118.22743,34.23138],[-118.22746,34.23128],[-118.22742,34.23128],[-118.22711,34.23126],[-118.22707,34.23149],[-118.22704,34.23172],[-118.22704,34.23184],[-118.22704,34.23207],[-118.22705,34.2323],[-118.22709,34.23253],[-118.22711,34.23264],[-118.22717,34.23287],[-118.22725,34.23309],[-118.22728,34.23313],[-118.22733,34.23321],[-118.22737,34.2333],[-118.22739,34.23334],[-118.2274,34.23343],[-118.2274,34.23353],[-118.22738,34.23362],[-118.22737,34.23366],[-118.22723,34.23382],[-118.22708,34.23397],[-118.227,34.23405],[-118.2269,34.23413],[-118.2269,34.23398],[-118.22691,34.2322],[-118.22691,34.23214],[-118.22654,34.23192],[-118.22607,34.23161],[-118.2245,34.23049],[-118.22438,34.23039],[-118.22437,34.23034],[-118.2243,34.23022],[-118.22414,34.22997],[-118.22406,34.22985],[-118.22388,34.22961],[-118.22383,34.22959],[-118.22381,34.22958],[-118.22378,34.22958],[-118.22372,34.22958],[-118.22366,34.22959],[-118.22354,34.22966],[-118.22307,34.22926],[-118.22179,34.22791],[-118.22139,34.2274],[-118.22119,34.22722],[-118.22076,34.22677],[-118.22043,34.22604],[-118.2204,34.22594],[-118.22016,34.22613],[-118.2198,34.22576],[-118.21971,34.22564],[-118.2197,34.22563],[-118.21977,34.22557],[-118.21997,34.22537],[-118.22007,34.22526],[-118.22022,34.22507],[-118.22039,34.22489],[-118.22039,34.22486],[-118.22039,34.2248],[-118.22034,34.2248],[-118.22031,34.22481],[-118.22029,34.22481],[-118.22025,34.22484],[-118.22016,34.22494],[-118.22008,34.22505],[-118.2199,34.22526],[-118.2198,34.22536],[-118.21961,34.22555],[-118.21854,34.22455],[-118.21858,34.22455],[-118.21868,34.22457],[-118.21873,34.22458],[-118.21883,34.22461],[-118.21889,34.22462],[-118.21899,34.22463],[-118.2191,34.22463],[-118.21921,34.22462],[-118.21931,34.22459],[-118.21936,34.22457],[-118.21941,34.22454],[-118.21949,34.22449],[-118.21957,34.22443],[-118.21963,34.22435],[-118.21982,34.2242],[-118.22002,34.22405],[-118.2201,34.22396],[-118.22025,34.22377],[-118.22039,34.22356],[-118.22046,34.22346],[-118.22057,34.22325],[-118.22059,34.22319],[-118.2206,34.22313],[-118.22058,34.22308],[-118.22057,34.22305],[-118.22051,34.22306],[-118.2201,34.22357],[-118.21981,34.22388],[-118.21967,34.22403],[-118.21949,34.2242],[-118.21946,34.22423],[-118.21943,34.22426],[-118.21936,34.2243],[-118.21932,34.22431],[-118.21913,34.22436],[-118.21903,34.22438],[-118.21883,34.22441],[-118.21863,34.22443],[-118.21853,34.22443],[-118.21843,34.22443],[-118.21841,34.22443],[-118.21828,34.22432],[-118.21818,34.2242],[-118.21816,34.2242],[-118.21776,34.22426],[-118.2156,34.2244],[-118.21344,34.22436],[-118.21129,34.22414],[-118.20921,34.22375],[-118.20899,34.22314],[-118.20899,34.22313],[-118.209,34.22311],[-118.20907,34.22305],[-118.20907,34.22304],[-118.20905,34.22302],[-118.20904,34.22301],[-118.20905,34.22299],[-118.20904,34.22298],[-118.20903,34.22297],[-118.20902,34.22297],[-118.20899,34.22303],[-118.20897,34.22305],[-118.20893,34.22309],[-118.20892,34.22309],[-118.20891,34.2231],[-118.20889,34.2231],[-118.20881,34.22305],[-118.20877,34.22303],[-118.20868,34.22301],[-118.20863,34.223],[-118.20859,34.223],[-118.20841,34.22299],[-118.20806,34.22299],[-118.20771,34.22299],[-118.20753,34.223],[-118.20735,34.22302],[-118.207,34.22305],[-118.20683,34.22308],[-118.20606,34.22279],[-118.20605,34.22277],[-118.20605,34.22278],[-118.20515,34.22245],[-118.20373,34.22178],[-118.20371,34.22176],[-118.20367,34.22168],[-118.20363,34.22139],[-118.20359,34.2211],[-118.20359,34.22108],[-118.20356,34.22104],[-118.20355,34.22103],[-118.20351,34.22101],[-118.20349,34.221],[-118.20344,34.221],[-118.2034,34.22103],[-118.20337,34.22107],[-118.20336,34.2211],[-118.20335,34.22114],[-118.20335,34.22117],[-118.2035,34.22167],[-118.20327,34.22156],[-118.20151,34.22053],[-118.19989,34.21936],[-118.19989,34.21932],[-118.19986,34.21928],[-118.19982,34.21927],[-118.19979,34.21927],[-118.1984,34.21804],[-118.19709,34.21662],[-118.19595,34.2151],[-118.195,34.21349],[-118.19425,34.21181],[-118.19371,34.21008],[-118.19338,34.20831],[-118.19325,34.20652],[-118.19325,34.20586],[-118.19323,34.20557],[-118.19324,34.20541],[-118.19324,34.20538],[-118.19324,34.20475],[-118.19325,34.20383],[-118.19226,34.20304],[-118.19088,34.20172],[-118.18967,34.20029],[-118.18863,34.19876],[-118.18826,34.19808],[-118.18749,34.19797],[-118.18633,34.1977],[-118.18603,34.19763],[-118.18581,34.19759],[-118.18545,34.19751],[-118.1834,34.19699],[-118.18142,34.1963],[-118.17953,34.19545],[-118.17775,34.19445],[-118.1761,34.19331],[-118.17543,34.19275],[-118.1744,34.192],[-118.17303,34.19079],[-118.1721,34.18982],[-118.17174,34.18946],[-118.17051,34.18799],[-118.16947,34.18643],[-118.16862,34.18479],[-118.16797,34.18309],[-118.16753,34.18134],[-118.16746,34.18078],[-118.16734,34.18026],[-118.16716,34.17852],[-118.16719,34.17677],[-118.16742,34.17503],[-118.1678,34.17356],[-118.1678,34.17355],[-118.1677,34.17331],[-118.16761,34.1732],[-118.16649,34.17155],[-118.16559,34.16981],[-118.16507,34.16843],[-118.16421,34.16698],[-118.16347,34.16537],[-118.16291,34.16371],[-118.16277,34.16318],[-118.16274,34.16308],[-118.16245,34.16201],[-118.16178,34.15953],[-118.16045,34.15463],[-118.1603,34.15406],[-118.16025,34.15387],[-118.1599,34.15222],[-118.15974,34.15055],[-118.15976,34.14888],[-118.15997,34.14722],[-118.16037,34.14558],[-118.16063,34.14473],[-118.16127,34.14298],[-118.16213,34.14129],[-118.16319,34.13969],[-118.16444,34.13818],[-118.16587,34.13678],[-118.16746,34.13551],[-118.1692,34.13439],[-118.17108,34.13341],[-118.17306,34.1326],[-118.17513,34.13195],[-118.17727,34.13149],[-118.17945,34.1312],[-118.18166,34.13111],[-118.18498,34.1311],[-118.18656,34.13109],[-118.18995,34.13109],[-118.19021,34.13108],[-118.19027,34.13108],[-118.19036,34.13108],[-118.19106,34.13108],[-118.19646,34.13107],[-118.19697,34.13087],[-118.19898,34.13026],[-118.20012,34.13002],[-118.20149,34.12956],[-118.20339,34.12908],[-118.20532,34.12875],[-118.20572,34.1287],[-118.20594,34.12867],[-118.20666,34.12857],[-118.20704,34.12852],[-118.2075,34.12846],[-118.20751,34.12846],[-118.208,34.12842],[-118.20889,34.12692],[-118.21,34.12544],[-118.21127,34.12405],[-118.2127,34.12277],[-118.21428,34.12161],[-118.21446,34.1215],[-118.21465,34.12096],[-118.21543,34.1193],[-118.21641,34.11773],[-118.21758,34.11623],[-118.21891,34.11485],[-118.22041,34.11357],[-118.22205,34.11243],[-118.22381,34.11142],[-118.22569,34.11056],[-118.22766,34.10986],[-118.22971,34.10933],[-118.23181,34.10896],[-118.23251,34.10887],[-118.23292,34.10881],[-118.23335,34.10875],[-118.23359,34.10872],[-118.23424,34.10863],[-118.23476,34.10856],[-118.235,34.10853],[-118.23532,34.10848],[-118.23549,34.10846],[-118.2355,34.10845],[-118.23707,34.10723],[-118.23742,34.10698],[-118.23743,34.10698],[-118.23784,34.10668],[-118.23825,34.10641],[-118.23847,34.10626],[-118.23853,34.10622],[-118.23888,34.10597],[-118.23897,34.10591],[-118.23929,34.1057],[-118.23939,34.10563],[-118.23961,34.10548],[-118.23996,34.10523],[-118.24027,34.10502],[-118.24052,34.10485],[-118.24167,34.10415],[-118.24173,34.10446],[-118.24183,34.10485],[-118.24192,34.10512],[-118.24205,34.10536],[-118.24219,34.10562],[-118.2424,34.10593],[-118.24265,34.10626],[-118.24297,34.10663],[-118.24328,34.10695],[-118.24357,34.10721],[-118.24408,34.1076],[-118.24444,34.10781],[-118.2448,34.10802],[-118.24518,34.10823],[-118.2455,34.10838],[-118.24587,34.10852],[-118.24626,34.10867],[-118.24664,34.10881],[-118.24669,34.10882],[-118.247,34.10891],[-118.24744,34.10904],[-118.24807,34.10921],[-118.24883,34.10933],[-118.24927,34.10938],[-118.24958,34.10941],[-118.2499,34.1094],[-118.25056,34.10941],[-118.25097,34.10939],[-118.25134,34.10936],[-118.25174,34.10932],[-118.25218,34.1093],[-118.25287,34.10925],[-118.25346,34.10922],[-118.25398,34.10918],[-118.25437,34.10915],[-118.25492,34.10915],[-118.25541,34.10918],[-118.25584,34.10923],[-118.25626,34.10932],[-118.25665,34.1094],[-118.25708,34.10955],[-118.25735,34.10963],[-118.258,34.10985],[-118.2584,34.10997],[-118.25922,34.1103],[-118.25953,34.11042],[-118.25993,34.11058],[-118.26031,34.11075],[-118.26089,34.11105],[-118.26122,34.11125],[-118.26158,34.11145],[-118.262,34.11176],[-118.26231,34.11196],[-118.26263,34.11221],[-118.26293,34.1125],[-118.26324,34.11274],[-118.26345,34.11292],[-118.26362,34.11308],[-118.26385,34.11331],[-118.26409,34.11353],[-118.26452,34.11395],[-118.26476,34.11419],[-118.26498,34.11443],[-118.26517,34.11461],[-118.26542,34.11489],[-118.26558,34.11506],[-118.26573,34.11523],[-118.26604,34.11557],[-118.26616,34.11575],[-118.26631,34.11591],[-118.26642,34.11606],[-118.26651,34.11617],[-118.26676,34.11651],[-118.26685,34.11665],[-118.26689,34.11663],[-118.26696,34.11662],[-118.26703,34.11664],[-118.26704,34.11668],[-118.26702,34.11674],[-118.26708,34.11681],[-118.26714,34.11691],[-118.26735,34.11726],[-118.26745,34.11743],[-118.26753,34.11754],[-118.26753,34.1176],[-118.26756,34.1177],[-118.2676,34.11785],[-118.26768,34.11807],[-118.26775,34.11823],[-118.26786,34.11845],[-118.26798,34.11868],[-118.26814,34.11897],[-118.26829,34.11927],[-118.26872,34.12016],[-118.26886,34.1204],[-118.26909,34.12089],[-118.26948,34.12169],[-118.26961,34.1219],[-118.26981,34.12233],[-118.27002,34.12273],[-118.27017,34.12309],[-118.27031,34.1234],[-118.27045,34.12373],[-118.27058,34.12399],[-118.27067,34.1242],[-118.27077,34.12444],[-118.27102,34.12496],[-118.27114,34.12526],[-118.27126,34.12552],[-118.27137,34.12576],[-118.27145,34.12595],[-118.27156,34.12618],[-118.27165,34.12638],[-118.27171,34.12656],[-118.27181,34.12679],[-118.27196,34.12719],[-118.27224,34.12817],[-118.27226,34.12822],[-118.27357,34.12823],[-118.27356,34.12818],[-118.27354,34.12808],[-118.27346,34.12784],[-118.27339,34.12754],[-118.2733,34.12727],[-118.27324,34.12705],[-118.27303,34.12639],[-118.27294,34.12622],[-118.27281,34.12593],[-118.27268,34.12568],[-118.2723,34.12498],[-118.27205,34.12448],[-118.27197,34.12429],[-118.27191,34.12408],[-118.27183,34.12387],[-118.27171,34.1234],[-118.27164,34.12311],[-118.27155,34.123],[-118.27146,34.12279],[-118.2713,34.1225],[-118.27116,34.1222],[-118.27105,34.12198],[-118.27094,34.12177],[-118.27081,34.12147],[-118.27061,34.12105],[-118.27066,34.12096],[-118.27055,34.12074],[-118.27044,34.12046],[-118.2703,34.12022],[-118.27022,34.12004],[-118.27008,34.11979],[-118.26994,34.1195],[-118.26984,34.11923],[-118.26969,34.1189],[-118.26955,34.11861],[-118.26943,34.11838],[-118.26934,34.1182],[-118.26915,34.11785],[-118.26897,34.11749],[-118.26869,34.11693],[-118.26851,34.11665],[-118.26835,34.11641],[-118.26826,34.11623],[-118.26807,34.11596],[-118.26785,34.11563],[-118.26762,34.11534],[-118.26738,34.11502],[-118.2669,34.11447],[-118.26667,34.1142],[-118.26649,34.114],[-118.2663,34.11382],[-118.26602,34.11357],[-118.2658,34.11342],[-118.26562,34.11331],[-118.26551,34.11311],[-118.26541,34.11293],[-118.26502,34.11247],[-118.26478,34.11224],[-118.26459,34.11206],[-118.26437,34.11188],[-118.26415,34.11169],[-118.26362,34.1113],[-118.26337,34.11111],[-118.26314,34.11095],[-118.26288,34.11077],[-118.26265,34.11062],[-118.26245,34.11053],[-118.26187,34.11022],[-118.26154,34.11001],[-118.26124,34.10987],[-118.26095,34.1097],[-118.26035,34.10941],[-118.26013,34.10933],[-118.25985,34.1092],[-118.2592,34.10894],[-118.25883,34.10882],[-118.25811,34.10854],[-118.25769,34.10841],[-118.25703,34.1082],[-118.25653,34.10808],[-118.2558,34.10796],[-118.2556,34.10796],[-118.25549,34.10803],[-118.2552,34.10802],[-118.25494,34.10802],[-118.25434,34.10804],[-118.25414,34.10807],[-118.25389,34.10809],[-118.25351,34.10811],[-118.25312,34.10814],[-118.25274,34.10816],[-118.25223,34.1082],[-118.25187,34.10821],[-118.25111,34.10827],[-118.25074,34.1083],[-118.25033,34.10831],[-118.24996,34.10831],[-118.2495,34.10828],[-118.2488,34.10819],[-118.24836,34.10811],[-118.24794,34.108],[-118.24761,34.10792],[-118.24724,34.1078],[-118.24684,34.10764],[-118.24643,34.1075],[-118.24611,34.10737],[-118.2458,34.10722],[-118.24549,34.10706],[-118.24522,34.1069],[-118.24496,34.10673],[-118.24461,34.10647],[-118.24443,34.1063],[-118.24413,34.10599],[-118.24397,34.10583],[-118.24367,34.10544],[-118.24342,34.10509],[-118.24329,34.10481],[-118.24317,34.10455],[-118.24308,34.1043],[-118.24302,34.10402],[-118.24301,34.10379],[-118.24298,34.10354],[-118.24298,34.10344],[-118.24409,34.10289],[-118.24603,34.10213],[-118.24805,34.10154],[-118.25014,34.10112],[-118.25226,34.10087],[-118.2544,34.10079],[-118.25654,34.10089],[-118.25866,34.10116],[-118.26074,34.1016],[-118.26275,34.10221],[-118.26432,34.10283],[-118.26441,34.103],[-118.26453,34.10319],[-118.26462,34.10337],[-118.26482,34.10369],[-118.26489,34.10381],[-118.26496,34.10389],[-118.26515,34.10394],[-118.26559,34.10393],[-118.2658,34.10393],[-118.26601,34.10392],[-118.26618,34.10391],[-118.26624,34.10389],[-118.2663,34.10383],[-118.26631,34.1038],[-118.26651,34.1039],[-118.26822,34.10497],[-118.2698,34.10617],[-118.27002,34.10636],[-118.27021,34.10652],[-118.27032,34.10662],[-118.27034,34.10663],[-118.2705,34.10677],[-118.2708,34.10703],[-118.27112,34.10731],[-118.27127,34.10744],[-118.27141,34.10755],[-118.27147,34.10761],[-118.27174,34.10784],[-118.27184,34.10793],[-118.272,34.10807],[-118.27204,34.1081],[-118.27208,34.10814],[-118.27222,34.10827],[-118.27237,34.1084],[-118.2724,34.10842],[-118.27246,34.10848],[-118.27255,34.10856],[-118.27259,34.1086],[-118.27269,34.10869],[-118.27282,34.10881],[-118.27327,34.10922],[-118.27342,34.10936],[-118.27359,34.10952],[-118.2736,34.10953],[-118.27397,34.10989],[-118.27405,34.10996],[-118.27405,34.10997],[-118.27406,34.10997],[-118.27406,34.10998],[-118.27407,34.10998],[-118.27407,34.10999],[-118.27408,34.10999],[-118.27408,34.11],[-118.27409,34.11001],[-118.2741,34.11001],[-118.2741,34.11002],[-118.27411,34.11002],[-118.27411,34.11003],[-118.27412,34.11003],[-118.27412,34.11004],[-118.27413,34.11004],[-118.27414,34.11005],[-118.27415,34.11006],[-118.27416,34.11007],[-118.27416,34.11008],[-118.27417,34.11008],[-118.27418,34.11009],[-118.27419,34.1101],[-118.2742,34.11011],[-118.27421,34.11012],[-118.27422,34.11013],[-118.27423,34.11014],[-118.27424,34.11015],[-118.27425,34.11016],[-118.27426,34.11017],[-118.27427,34.11018],[-118.27428,34.11019],[-118.27429,34.1102],[-118.2743,34.11021],[-118.27431,34.11022],[-118.27432,34.11022],[-118.27432,34.11023],[-118.27433,34.11024],[-118.27434,34.11024],[-118.27434,34.11025],[-118.27435,34.11026],[-118.27436,34.11027],[-118.27437,34.11027],[-118.27437,34.11028],[-118.27438,34.11028],[-118.27438,34.11029],[-118.27439,34.1103],[-118.2744,34.11031],[-118.27441,34.11032],[-118.27442,34.11032],[-118.27442,34.11033],[-118.27443,34.11033],[-118.27443,34.11034],[-118.27444,34.11034],[-118.27444,34.11035],[-118.27445,34.11035],[-118.27445,34.11036],[-118.27446,34.11037],[-118.27447,34.11037],[-118.27447,34.11038],[-118.27448,34.11038],[-118.27448,34.11039],[-118.27449,34.11039],[-118.27449,34.1104],[-118.2745,34.11041],[-118.27451,34.11042],[-118.27452,34.11043],[-118.27453,34.11043],[-118.27453,34.11044],[-118.27454,34.11044],[-118.27454,34.11045],[-118.27455,34.11046],[-118.27456,34.11046],[-118.27457,34.11047],[-118.27457,34.11048],[-118.27458,34.11048],[-118.27458,34.11049],[-118.27459,34.11049],[-118.27459,34.1105],[-118.2746,34.1105],[-118.2746,34.11051],[-118.27461,34.11051],[-118.27462,34.11052],[-118.27462,34.11053],[-118.27463,34.11053],[-118.27463,34.11054],[-118.27464,34.11054],[-118.27464,34.11055],[-118.27465,34.11055],[-118.27465,34.11056],[-118.27466,34.11057],[-118.27467,34.11058],[-118.27468,34.11058],[-118.27468,34.11059],[-118.27469,34.11059],[-118.27469,34.1106],[-118.2747,34.1106],[-118.2747,34.11061],[-118.27471,34.11061],[-118.27471,34.11062],[-118.27472,34.11063],[-118.27473,34.11063],[-118.27473,34.11064],[-118.27474,34.11064],[-118.27474,34.11065],[-118.27475,34.11065],[-118.27475,34.11066],[-118.27476,34.11066],[-118.27476,34.11067],[-118.27477,34.11068],[-118.27478,34.11068],[-118.27478,34.11069],[-118.27479,34.11069],[-118.27479,34.1107],[-118.2748,34.1107],[-118.2748,34.11071],[-118.27481,34.11071],[-118.27481,34.11072],[-118.27482,34.11073],[-118.27483,34.11073],[-118.27483,34.11074],[-118.27484,34.11075],[-118.27485,34.11075],[-118.27485,34.11076],[-118.27486,34.11076],[-118.27486,34.11077],[-118.27487,34.11077],[-118.27487,34.11078],[-118.27488,34.11079],[-118.27489,34.11079],[-118.27489,34.1108],[-118.2749,34.1108],[-118.2749,34.11081],[-118.27491,34.11081],[-118.27491,34.11082],[-118.27492,34.11083],[-118.27493,34.11084],[-118.27494,34.11085],[-118.27495,34.11085],[-118.27495,34.11086],[-118.27496,34.11086],[-118.27497,34.11087],[-118.27497,34.11088],[-118.27498,34.11089],[-118.27499,34.1109],[-118.275,34.11091],[-118.27501,34.11091],[-118.27501,34.11092],[-118.27502,34.11093],[-118.27503,34.11094],[-118.27504,34.11095],[-118.27505,34.11096],[-118.27506,34.11097],[-118.27507,34.11098],[-118.27508,34.11099],[-118.27509,34.111],[-118.2751,34.11101],[-118.2751,34.11102],[-118.27511,34.11102],[-118.27511,34.11103],[-118.27512,34.11103],[-118.27513,34.11104],[-118.27514,34.11105],[-118.27515,34.11106],[-118.27516,34.11107],[-118.27517,34.11108],[-118.27518,34.11109],[-118.27519,34.1111],[-118.2752,34.11111],[-118.27521,34.11112],[-118.27521,34.11113],[-118.27522,34.11113],[-118.27522,34.11114],[-118.27523,34.11114],[-118.27523,34.11115],[-118.27524,34.11115],[-118.27524,34.11116],[-118.27525,34.11117],[-118.27526,34.11117],[-118.27526,34.11118],[-118.27527,34.11118],[-118.27527,34.11119],[-118.27528,34.11119],[-118.27528,34.1112],[-118.27529,34.1112],[-118.27529,34.11121],[-118.2753,34.11122],[-118.27531,34.11122],[-118.27531,34.11123],[-118.27532,34.11123],[-118.27532,34.11124],[-118.27533,34.11124],[-118.27533,34.11125],[-118.27534,34.11125],[-118.27534,34.11126],[-118.27535,34.11127],[-118.27536,34.11128],[-118.27548,34.1114],[-118.27549,34.11141],[-118.2755,34.11142],[-118.27551,34.11143],[-118.27552,34.11144],[-118.27553,34.11145],[-118.27553,34.11146],[-118.27554,34.11147],[-118.27555,34.11148],[-118.27556,34.11149],[-118.27557,34.1115],[-118.27558,34.11151],[-118.27559,34.11152],[-118.27559,34.11153],[-118.2756,34.11154],[-118.27561,34.11154],[-118.27562,34.11155],[-118.27563,34.11156],[-118.27564,34.11157],[-118.27565,34.11158],[-118.27566,34.11159],[-118.27567,34.1116],[-118.27567,34.11161],[-118.27568,34.11162],[-118.27569,34.11163],[-118.2757,34.11164],[-118.27571,34.11165],[-118.27572,34.11165],[-118.27572,34.11167],[-118.27573,34.11167],[-118.27574,34.11168],[-118.27575,34.11169],[-118.27576,34.1117],[-118.27577,34.11171],[-118.27578,34.11172],[-118.27578,34.11173],[-118.27579,34.11174],[-118.2758,34.11175],[-118.27581,34.11176],[-118.27582,34.11177],[-118.27583,34.11178],[-118.27584,34.11179],[-118.27585,34.1118],[-118.27586,34.11181],[-118.27587,34.11182],[-118.27588,34.11183],[-118.27589,34.11184],[-118.2759,34.11185],[-118.27591,34.11186],[-118.27591,34.11187],[-118.27592,34.11188],[-118.27593,34.11189],[-118.27594,34.1119],[-118.27595,34.11191],[-118.27596,34.11192],[-118.27597,34.11193],[-118.27598,34.11194],[-118.27599,34.11195],[-118.276,34.11196],[-118.27601,34.11197],[-118.27602,34.11198],[-118.27603,34.11199],[-118.27603,34.112],[-118.27604,34.11201],[-118.27605,34.11202],[-118.27606,34.11203],[-118.27607,34.11204],[-118.27608,34.11205],[-118.27609,34.11206],[-118.27609,34.11207],[-118.2761,34.11207],[-118.27611,34.11209],[-118.27612,34.11209],[-118.27613,34.1121],[-118.27614,34.11211],[-118.27615,34.11212],[-118.27616,34.11213],[-118.27616,34.11214],[-118.27617,34.11215],[-118.27618,34.11216],[-118.27619,34.11217],[-118.2762,34.11218],[-118.27621,34.11219],[-118.27621,34.1122],[-118.27622,34.11221],[-118.27623,34.11222],[-118.27624,34.11223],[-118.27625,34.11223],[-118.27626,34.11224],[-118.27626,34.11225],[-118.27627,34.11226],[-118.27628,34.11227],[-118.27629,34.11228],[-118.2763,34.11229],[-118.27631,34.1123],[-118.27632,34.11231],[-118.27632,34.11232],[-118.27633,34.11233],[-118.27634,34.11234],[-118.27635,34.11235],[-118.27636,34.11236],[-118.27637,34.11237],[-118.27638,34.11238],[-118.27638,34.11239],[-118.27639,34.11239],[-118.2764,34.1124],[-118.27641,34.11241],[-118.27642,34.11242],[-118.27643,34.11243],[-118.27644,34.11244],[-118.27644,34.11245],[-118.27645,34.11246],[-118.27646,34.11247],[-118.27647,34.11248],[-118.27648,34.11249],[-118.27648,34.1125],[-118.27649,34.11251],[-118.2765,34.11252],[-118.27651,34.11253],[-118.27652,34.11254],[-118.27653,34.11254],[-118.27654,34.11256],[-118.27655,34.11257],[-118.27656,34.11258],[-118.27657,34.11259],[-118.27658,34.1126],[-118.27659,34.11261],[-118.27659,34.11262],[-118.2766,34.11263],[-118.27661,34.11264],[-118.27662,34.11265],[-118.27663,34.11266],[-118.27664,34.11267],[-118.27665,34.11268],[-118.27665,34.11269],[-118.27666,34.1127],[-118.27667,34.11271],[-118.27668,34.11272],[-118.27669,34.11272],[-118.2767,34.11274],[-118.27671,34.11275],[-118.27672,34.11276],[-118.27673,34.11277],[-118.27674,34.11278],[-118.27675,34.11279],[-118.27675,34.1128],[-118.27676,34.11281],[-118.27677,34.11282],[-118.27678,34.11283],[-118.27679,34.11284],[-118.2768,34.11285],[-118.2768,34.11286],[-118.27681,34.11287],[-118.27682,34.11288],[-118.27683,34.11289],[-118.27684,34.1129],[-118.27685,34.11292],[-118.27686,34.11292],[-118.27687,34.11293],[-118.27688,34.11294],[-118.27689,34.11295],[-118.27689,34.11296],[-118.2769,34.11297],[-118.27691,34.11298],[-118.27692,34.11299],[-118.27693,34.113],[-118.27694,34.11301],[-118.27694,34.11302],[-118.27695,34.11303],[-118.27696,34.11304],[-118.27697,34.11305],[-118.27698,34.11306],[-118.27698,34.11307],[-118.27699,34.11308],[-118.277,34.11309],[-118.27701,34.1131],[-118.27702,34.1131],[-118.27703,34.11312],[-118.27704,34.11312],[-118.27704,34.11313],[-118.27705,34.11314],[-118.27706,34.11315],[-118.27707,34.11316],[-118.27708,34.11317],[-118.27708,34.11318],[-118.27709,34.11319],[-118.2771,34.1132],[-118.27711,34.11321],[-118.27712,34.11322],[-118.27713,34.11323],[-118.27713,34.11324],[-118.27714,34.11325],[-118.27715,34.11326],[-118.27716,34.11327],[-118.27717,34.11328],[-118.27717,34.11329],[-118.27718,34.1133],[-118.27719,34.11331],[-118.2772,34.11332],[-118.27721,34.11332],[-118.27722,34.11333],[-118.27722,34.11335],[-118.27723,34.11335],[-118.27724,34.11336],[-118.27725,34.11337],[-118.27726,34.11338],[-118.27726,34.11339],[-118.27727,34.1134],[-118.27728,34.11341],[-118.27729,34.11342],[-118.2773,34.11343],[-118.27731,34.11344],[-118.27731,34.11345],[-118.27732,34.11346],[-118.27733,34.11347],[-118.27734,34.11348],[-118.27735,34.11349],[-118.27736,34.1135],[-118.27736,34.11351],[-118.27737,34.11352],[-118.27738,34.11353],[-118.27739,34.11354],[-118.2774,34.11355],[-118.27741,34.11357],[-118.27742,34.11357],[-118.27743,34.11358],[-118.27744,34.11359],[-118.27744,34.1136],[-118.27745,34.11361],[-118.27746,34.11362],[-118.27747,34.11363],[-118.27748,34.11364],[-118.27748,34.11365],[-118.27749,34.11366],[-118.2775,34.11367],[-118.27751,34.11368],[-118.27752,34.11369],[-118.27752,34.1137],[-118.27753,34.11371],[-118.27754,34.11372],[-118.27755,34.11373],[-118.27756,34.11374],[-118.27757,34.11375],[-118.27757,34.11376],[-118.27758,34.11377],[-118.27759,34.11378],[-118.2776,34.11379],[-118.27761,34.1138],[-118.27761,34.11381],[-118.27762,34.11382],[-118.27763,34.11382],[-118.27764,34.11384],[-118.27765,34.11384],[-118.27765,34.11385],[-118.27766,34.11386],[-118.27767,34.11387],[-118.27768,34.11388],[-118.27769,34.11389],[-118.27769,34.1139],[-118.2777,34.11391],[-118.27771,34.11392],[-118.27772,34.11393],[-118.27773,34.11394],[-118.27773,34.11395],[-118.27774,34.11396],[-118.27775,34.11397],[-118.27776,34.11398],[-118.27777,34.11399],[-118.27777,34.114],[-118.27778,34.11401],[-118.27779,34.11402],[-118.2778,34.11403],[-118.27781,34.11404],[-118.27781,34.11405],[-118.27782,34.11406],[-118.27783,34.11407],[-118.27784,34.11408],[-118.27785,34.11409],[-118.27785,34.1141],[-118.27786,34.11411],[-118.27787,34.11411],[-118.27788,34.11413],[-118.27789,34.11413],[-118.27789,34.11414],[-118.2779,34.11415],[-118.27791,34.11416],[-118.27792,34.11417],[-118.27793,34.11418],[-118.27793,34.11419],[-118.27794,34.1142],[-118.27795,34.11421],[-118.27796,34.11422],[-118.27796,34.11423],[-118.27797,34.11424],[-118.27798,34.11425],[-118.27799,34.11426],[-118.278,34.11427],[-118.278,34.11428],[-118.27801,34.11429],[-118.27802,34.1143],[-118.27803,34.11431],[-118.27804,34.11432],[-118.27804,34.11433],[-118.27805,34.11434],[-118.27806,34.11435],[-118.27807,34.11436],[-118.27808,34.11437],[-118.27808,34.11438],[-118.27809,34.11439],[-118.2781,34.1144],[-118.27811,34.11441],[-118.27811,34.11442],[-118.27812,34.11443],[-118.27813,34.11444],[-118.27814,34.11445],[-118.27815,34.11446],[-118.27815,34.11447],[-118.27816,34.11448],[-118.27817,34.11449],[-118.27818,34.11449],[-118.27819,34.11451],[-118.2782,34.11453],[-118.27821,34.11453],[-118.27822,34.11454],[-118.27823,34.11455],[-118.27823,34.11456],[-118.27824,34.11457],[-118.27825,34.11458],[-118.27826,34.11459],[-118.27826,34.1146],[-118.27827,34.11461],[-118.27828,34.11462],[-118.27829,34.11463],[-118.2783,34.11464],[-118.2783,34.11465],[-118.27831,34.11466],[-118.27832,34.11467],[-118.27833,34.11468],[-118.27833,34.11469],[-118.27834,34.1147],[-118.27835,34.11471],[-118.27836,34.11472],[-118.27837,34.11473],[-118.27837,34.11474],[-118.27838,34.11475],[-118.27839,34.11476],[-118.2784,34.11477],[-118.27841,34.11478],[-118.27841,34.11479],[-118.27842,34.1148],[-118.27843,34.11481],[-118.27844,34.11482],[-118.27844,34.11483],[-118.27845,34.11484],[-118.27846,34.11485],[-118.27847,34.11486],[-118.27848,34.11487],[-118.27848,34.11488],[-118.27849,34.11489],[-118.2785,34.1149],[-118.27851,34.11491],[-118.27851,34.11492],[-118.27852,34.11493],[-118.27853,34.11494],[-118.27854,34.11495],[-118.27854,34.11496],[-118.27855,34.11497],[-118.27856,34.11498],[-118.27857,34.11499],[-118.27858,34.115],[-118.27859,34.11502],[-118.2786,34.11502],[-118.27861,34.11503],[-118.27861,34.11505],[-118.27862,34.11505],[-118.27863,34.11507],[-118.27864,34.11507],[-118.27864,34.11508],[-118.27865,34.11509],[-118.27866,34.1151],[-118.27867,34.11511],[-118.27868,34.11512],[-118.27868,34.11513],[-118.27869,34.11514],[-118.2787,34.11515],[-118.27871,34.11516],[-118.27871,34.11517],[-118.27872,34.11518],[-118.27873,34.11519],[-118.27874,34.1152],[-118.27874,34.11521],[-118.27875,34.11522],[-118.27876,34.11523],[-118.27877,34.11524],[-118.27886,34.11536],[-118.27925,34.11588],[-118.27946,34.11616],[-118.2798,34.11663],[-118.27999,34.1169],[-118.28033,34.11737],[-118.28051,34.11765],[-118.28084,34.11813],[-118.28102,34.11841],[-118.28118,34.11865],[-118.28141,34.11901],[-118.28161,34.11932],[-118.28191,34.11981],[-118.28198,34.11993],[-118.28214,34.12019],[-118.28229,34.12045],[-118.28245,34.12071],[-118.28254,34.12089],[-118.28276,34.12127],[-118.28288,34.12149],[-118.28303,34.12176],[-118.28309,34.12187],[-118.28324,34.12215],[-118.2834,34.12246],[-118.2837,34.12304],[-118.28447,34.12457],[-118.28456,34.12474],[-118.28459,34.12479],[-118.28499,34.12556],[-118.28503,34.12563],[-118.28535,34.12626],[-118.28537,34.1263],[-118.28546,34.12647],[-118.28551,34.12657],[-118.28555,34.12664],[-118.2857,34.12694],[-118.28585,34.12723],[-118.28603,34.12759],[-118.28609,34.12771],[-118.28616,34.12783],[-118.28622,34.12796],[-118.28631,34.12813],[-118.28633,34.12816],[-118.28646,34.12841],[-118.28652,34.12854],[-118.28656,34.12862],[-118.28658,34.12865],[-118.2866,34.1287],[-118.28667,34.12882],[-118.28673,34.12895],[-118.28679,34.12907],[-118.28681,34.1291],[-118.28685,34.12917],[-118.28691,34.12929],[-118.28695,34.12938],[-118.28703,34.12952],[-118.2872,34.12983],[-118.28722,34.12986],[-118.28727,34.12996],[-118.28748,34.13036],[-118.28761,34.13061],[-118.2883,34.13195],[-118.28846,34.13228],[-118.28947,34.13425],[-118.28975,34.13479],[-118.28981,34.13491],[-118.28982,34.13493],[-118.29007,34.13537],[-118.29035,34.1359],[-118.29044,34.13607],[-118.29055,34.13628],[-118.29116,34.13752],[-118.29126,34.13772],[-118.29168,34.13773],[-118.2937,34.13782],[-118.2957,34.13807],[-118.29767,34.13848],[-118.29958,34.13903],[-118.30142,34.13973],[-118.30154,34.13978],[-118.30247,34.13987],[-118.30457,34.14026],[-118.30592,34.14056],[-118.30884,34.14122],[-118.30886,34.14122],[-118.30925,34.14131],[-118.30927,34.14131],[-118.30972,34.14141],[-118.31004,34.14149],[-118.31007,34.14149],[-118.31198,34.142],[-118.31383,34.14266],[-118.3156,34.14345],[-118.31727,34.14437],[-118.31883,34.14542],[-118.31901,34.14555],[-118.31921,34.1457],[-118.31945,34.14588],[-118.31972,34.14608],[-118.31988,34.14619],[-118.32092,34.14678],[-118.32254,34.14789],[-118.32402,34.14912],[-118.32534,34.15046],[-118.32651,34.15191],[-118.32673,34.15226],[-118.32599,34.15302],[-118.32591,34.1531],[-118.32622,34.15297],[-118.32665,34.15273],[-118.32694,34.15257],[-118.3275,34.15344],[-118.32831,34.15505],[-118.32893,34.15671],[-118.32935,34.15841],[-118.32957,34.16014],[-118.32959,34.16187],[-118.3294,34.1636],[-118.32902,34.16531],[-118.32843,34.16698],[-118.32766,34.1686],[-118.3267,34.17014],[-118.32556,34.1716],[-118.32426,34.17297],[-118.32421,34.17301],[-118.32411,34.17311],[-118.32394,34.17327],[-118.32389,34.17332],[-118.3236,34.17359],[-118.32322,34.17394],[-118.32318,34.17398],[-118.32306,34.17409],[-118.32279,34.17358],[-118.32252,34.17299],[-118.32237,34.17264],[-118.32213,34.17212],[-118.32183,34.17159],[-118.32153,34.17101],[-118.32125,34.17054],[-118.32103,34.17004],[-118.32084,34.16968],[-118.32071,34.16954],[-118.32045,34.1695],[-118.32026,34.16954],[-118.31975,34.1698],[-118.3196,34.16994],[-118.31945,34.17006],[-118.31929,34.17008],[-118.31915,34.17005],[-118.31888,34.1698],[-118.31856,34.16938],[-118.31825,34.169],[-118.31784,34.16837],[-118.31755,34.16789],[-118.31735,34.16745],[-118.31702,34.16692],[-118.31682,34.1665],[-118.31664,34.16624],[-118.31645,34.16609],[-118.31621,34.16602],[-118.31596,34.16591],[-118.31567,34.16591],[-118.3154,34.16592],[-118.31512,34.16589],[-118.31471,34.16582],[-118.31438,34.16564],[-118.31401,34.16542],[-118.3137,34.16482],[-118.31356,34.1645],[-118.31344,34.16425],[-118.31332,34.16393],[-118.31319,34.16352],[-118.31304,34.16307],[-118.31294,34.16293],[-118.31287,34.16269],[-118.31282,34.1625],[-118.31268,34.16218],[-118.31224,34.16169],[-118.31201,34.16147],[-118.31143,34.16087],[-118.31102,34.16042],[-118.31087,34.16019],[-118.31077,34.15998],[-118.31063,34.15985],[-118.31063,34.15984],[-118.31033,34.16063],[-118.31036,34.16064],[-118.31064,34.16083],[-118.31105,34.16121],[-118.31119,34.16137],[-118.31143,34.16174],[-118.31153,34.16216],[-118.31163,34.16261],[-118.31164,34.16316],[-118.31159,34.16388],[-118.31161,34.16398],[-118.31167,34.16421],[-118.31185,34.16455],[-118.31194,34.16468],[-118.31202,34.16487],[-118.31218,34.16503],[-118.31238,34.1652],[-118.31256,34.1653],[-118.31277,34.16542],[-118.31295,34.16553],[-118.31316,34.1657],[-118.31335,34.16589],[-118.31353,34.16609],[-118.31364,34.16629],[-118.31382,34.16647],[-118.31392,34.16672],[-118.31408,34.16694],[-118.31418,34.16707],[-118.31442,34.16712],[-118.31464,34.1671],[-118.3149,34.16701],[-118.31514,34.16692],[-118.31552,34.16681],[-118.31572,34.16673],[-118.31594,34.16672],[-118.31618,34.16671],[-118.31638,34.16681],[-118.31651,34.16695],[-118.31685,34.1678],[-118.31723,34.16842],[-118.31742,34.1689],[-118.31767,34.16936],[-118.31798,34.16975],[-118.31826,34.17003],[-118.31913,34.17082],[-118.31927,34.17092],[-118.31943,34.17099],[-118.3196,34.17099],[-118.31974,34.17091],[-118.31991,34.17075],[-118.32003,34.17055],[-118.32013,34.17044],[-118.32021,34.17036],[-118.32037,34.17037],[-118.32064,34.17054],[-118.3208,34.1708],[-118.32108,34.17164],[-118.32133,34.17217],[-118.32217,34.17372],[-118.32255,34.1744],[-118.3226,34.17452],[-118.32259,34.17453],[-118.32226,34.17484],[-118.32216,34.17493],[-118.32192,34.17516],[-118.32168,34.17539],[-118.32127,34.17577],[-118.32124,34.17579],[-118.32082,34.17622],[-118.32077,34.17627],[-118.32053,34.17738],[-118.31995,34.17908],[-118.31955,34.1799],[-118.31614,34.17993],[-118.31616,34.17998],[-118.31617,34.18003],[-118.31625,34.18022],[-118.31634,34.18037],[-118.31643,34.18048],[-118.31653,34.18057],[-118.31661,34.18066],[-118.31676,34.1808],[-118.31689,34.18089],[-118.317,34.18101],[-118.31712,34.18127],[-118.31715,34.18131],[-118.31696,34.18123],[-118.31671,34.18104],[-118.31636,34.18073],[-118.31605,34.18043],[-118.31569,34.18013],[-118.315,34.17957],[-118.31465,34.1793],[-118.31394,34.17873],[-118.31367,34.17852],[-118.31294,34.17793],[-118.3126,34.17767],[-118.31235,34.17742],[-118.31204,34.17714],[-118.31166,34.17679],[-118.31147,34.1765],[-118.31113,34.17595],[-118.31055,34.17476],[-118.31042,34.17446],[-118.31028,34.17427],[-118.31017,34.17399],[-118.31006,34.17378],[-118.30984,34.17319],[-118.3097,34.17254],[-118.3096,34.17215],[-118.30948,34.17162],[-118.3094,34.1711],[-118.30895,34.16999],[-118.3088,34.16967],[-118.30859,34.1692],[-118.30839,34.16887],[-118.30818,34.1686],[-118.30785,34.16824],[-118.30752,34.16786],[-118.30739,34.1677],[-118.3071,34.16742],[-118.30688,34.16723],[-118.30656,34.167],[-118.30625,34.16675],[-118.30555,34.16626],[-118.30531,34.16606],[-118.30514,34.16584],[-118.30496,34.16557],[-118.30484,34.16524],[-118.30477,34.16498],[-118.30473,34.16462],[-118.30478,34.16419],[-118.3048,34.16404],[-118.3048,34.16399],[-118.30459,34.16413],[-118.30459,34.16423],[-118.30457,34.16447],[-118.30459,34.16489],[-118.30463,34.16521],[-118.3047,34.16546],[-118.30486,34.16573],[-118.305,34.16595],[-118.30521,34.16618],[-118.30552,34.16641],[-118.30667,34.16728],[-118.30698,34.16754],[-118.30721,34.16775],[-118.308,34.16864],[-118.30837,34.16915],[-118.3087,34.16977],[-118.30878,34.17005],[-118.30888,34.17027],[-118.30902,34.1706],[-118.30911,34.17087],[-118.30926,34.17126],[-118.30936,34.17182],[-118.30957,34.17284],[-118.30966,34.17324],[-118.30978,34.1736],[-118.30999,34.17407],[-118.31042,34.17498],[-118.31066,34.17558],[-118.31095,34.1762],[-118.31108,34.17643],[-118.31134,34.17678],[-118.31196,34.1774],[-118.31234,34.17771],[-118.31495,34.17974],[-118.3153,34.18003],[-118.31693,34.18146],[-118.31771,34.18216],[-118.31798,34.18253],[-118.31826,34.18299],[-118.31831,34.18312],[-118.31767,34.18448],[-118.3167,34.18606],[-118.31555,34.18755],[-118.31423,34.18894],[-118.31414,34.18903],[-118.3141,34.18906],[-118.31359,34.18955],[-118.31338,34.18974],[-118.31307,34.19004],[-118.31286,34.19024],[-118.31275,34.19034],[-118.31264,34.19044],[-118.31233,34.19074],[-118.31223,34.19083],[-118.31221,34.19085],[-118.31187,34.19118],[-118.31171,34.19133],[-118.31168,34.19136],[-118.31142,34.19159],[-118.31141,34.1916],[-118.31139,34.19162],[-118.31121,34.19179],[-118.31106,34.19193],[-118.31096,34.19203],[-118.31074,34.19223],[-118.31058,34.19238],[-118.31032,34.19263],[-118.3101,34.19285],[-118.30984,34.19309],[-118.30978,34.19315],[-118.30967,34.19325],[-118.30946,34.19345],[-118.30931,34.19359],[-118.30911,34.19378],[-118.30896,34.19392],[-118.30883,34.19405],[-118.30872,34.19415],[-118.30839,34.19447],[-118.30837,34.19449],[-118.30835,34.19451],[-118.30825,34.1946],[-118.30815,34.1947],[-118.30801,34.19489],[-118.30742,34.19568],[-118.30679,34.19655],[-118.30646,34.197],[-118.30525,34.19848],[-118.30387,34.19985],[-118.30372,34.19997],[-118.30356,34.19995],[-118.30343,34.19995],[-118.30317,34.19996],[-118.30304,34.19997],[-118.30291,34.19999],[-118.30265,34.20002],[-118.30261,34.19996],[-118.30253,34.19982],[-118.30247,34.19968],[-118.30245,34.19961],[-118.30241,34.19947],[-118.30239,34.19939],[-118.30239,34.19933],[-118.30241,34.1992],[-118.30244,34.19908],[-118.30248,34.19896],[-118.30251,34.19891],[-118.30258,34.19879],[-118.30262,34.19874],[-118.30266,34.19869],[-118.30275,34.19859],[-118.30278,34.19857],[-118.30281,34.19851],[-118.30282,34.19847],[-118.30283,34.19841],[-118.30282,34.19834],[-118.3028,34.19828],[-118.30276,34.19823],[-118.30271,34.19817],[-118.30265,34.19814],[-118.30214,34.19775],[-118.3021,34.19774],[-118.30207,34.19772],[-118.30199,34.19771],[-118.30192,34.19771],[-118.30188,34.19771],[-118.30181,34.19773],[-118.30177,34.19774],[-118.30171,34.19777],[-118.30164,34.19778],[-118.30157,34.19779],[-118.30151,34.19778],[-118.30147,34.19776],[-118.30144,34.19775],[-118.30142,34.19773],[-118.30112,34.19761],[-118.30083,34.19747],[-118.30054,34.19733],[-118.30041,34.19725],[-118.30039,34.19723],[-118.30038,34.1972],[-118.30039,34.19718],[-118.30042,34.19716],[-118.30043,34.19716],[-118.30053,34.19718],[-118.30058,34.19719],[-118.30069,34.19719],[-118.30079,34.19718],[-118.30089,34.19715],[-118.30088,34.19714],[-118.30088,34.19711],[-118.30089,34.1971],[-118.3009,34.19709],[-118.30093,34.19708],[-118.30095,34.19709],[-118.30098,34.19708],[-118.30104,34.19705],[-118.30108,34.19702],[-118.3011,34.197],[-118.30115,34.19694],[-118.30122,34.19686],[-118.30138,34.19672],[-118.30146,34.19665],[-118.30154,34.19658],[-118.30168,34.19642],[-118.30169,34.19642],[-118.30171,34.19641],[-118.30172,34.19639],[-118.30172,34.19637],[-118.30171,34.19635],[-118.30167,34.19633],[-118.30164,34.19631],[-118.30157,34.19629],[-118.3015,34.19627],[-118.30131,34.19646],[-118.30121,34.19655],[-118.30101,34.19672],[-118.3008,34.19689],[-118.30075,34.19694],[-118.3007,34.19698],[-118.30066,34.197],[-118.30059,34.19702],[-118.30056,34.19703],[-118.30052,34.19704],[-118.30047,34.19705],[-118.30044,34.19705],[-118.30039,34.19704],[-118.30035,34.19702],[-118.30032,34.19699],[-118.30031,34.19697],[-118.30026,34.19688],[-118.30019,34.19669],[-118.30012,34.1965],[-118.30007,34.1963],[-118.30005,34.1962],[-118.30008,34.19612],[-118.30012,34.19605],[-118.30024,34.19593],[-118.3003,34.19587],[-118.30044,34.19575],[-118.30059,34.19565],[-118.30066,34.19561],[-118.30068,34.19559],[-118.30069,34.19558],[-118.30069,34.19556],[-118.30067,34.19554],[-118.30066,34.19552],[-118.30061,34.1955],[-118.30058,34.1955],[-118.30054,34.1955],[-118.30051,34.19552],[-118.30049,34.19553],[-118.30047,34.19555],[-118.30028,34.19571],[-118.30009,34.19588],[-118.30001,34.19597],[-118.29985,34.19614],[-118.29889,34.19537],[-118.29886,34.19522],[-118.29848,34.19511],[-118.29841,34.19509],[-118.29825,34.19506],[-118.2981,34.19505],[-118.29802,34.19505],[-118.29794,34.19505],[-118.29778,34.19507],[-118.29771,34.19508],[-118.29756,34.19512],[-118.29748,34.19515],[-118.29734,34.19521],[-118.29727,34.19524],[-118.29721,34.19528],[-118.29715,34.19532],[-118.29703,34.1954],[-118.29696,34.19553],[-118.29694,34.1956],[-118.29689,34.19574],[-118.29687,34.19588],[-118.29686,34.19595],[-118.29686,34.19602],[-118.29686,34.19612],[-118.29686,34.19616],[-118.29684,34.19622],[-118.29682,34.19625],[-118.29678,34.19631],[-118.29672,34.19636],[-118.29666,34.1964],[-118.29658,34.19642],[-118.29654,34.19643],[-118.29613,34.19634],[-118.29592,34.1963],[-118.29563,34.19622],[-118.29551,34.1962],[-118.29543,34.19613],[-118.29536,34.19606],[-118.29531,34.19598],[-118.29529,34.19593],[-118.29526,34.19585],[-118.29524,34.19575],[-118.29524,34.19566],[-118.2952,34.19549],[-118.29518,34.19531],[-118.29517,34.19513],[-118.29518,34.19504],[-118.29519,34.19487],[-118.29523,34.19469],[-118.29525,34.1946],[-118.29531,34.19443],[-118.29536,34.19436],[-118.29546,34.19422],[-118.29555,34.19407],[-118.29562,34.19391],[-118.29563,34.19389],[-118.29567,34.19376],[-118.29568,34.19374],[-118.29569,34.19371],[-118.29569,34.19369],[-118.29569,34.19364],[-118.29566,34.1936],[-118.29563,34.19357],[-118.2956,34.19356],[-118.29558,34.19355],[-118.29522,34.19361],[-118.29449,34.19373],[-118.29447,34.19374],[-118.29445,34.19374],[-118.29442,34.19374],[-118.29441,34.19373],[-118.29439,34.19372],[-118.29437,34.1937],[-118.29432,34.19355],[-118.29424,34.19324],[-118.29418,34.19291],[-118.29417,34.19289],[-118.29413,34.19285],[-118.29409,34.19282],[-118.29407,34.1928],[-118.29401,34.19279],[-118.29399,34.19278],[-118.29393,34.19278],[-118.29387,34.19278],[-118.29351,34.19282],[-118.29316,34.19287],[-118.29305,34.1929],[-118.29294,34.19291],[-118.29282,34.1929],[-118.29277,34.1929],[-118.29273,34.19288],[-118.29265,34.19282],[-118.29259,34.19276],[-118.29254,34.1927],[-118.29252,34.19266],[-118.2925,34.19258],[-118.29249,34.19254],[-118.29249,34.1925],[-118.29249,34.19242],[-118.29248,34.19236],[-118.29245,34.19222],[-118.29241,34.19209],[-118.29238,34.19203],[-118.29232,34.1919],[-118.2923,34.19181],[-118.29226,34.19173],[-118.29221,34.19165],[-118.29214,34.19158],[-118.29211,34.19155],[-118.29207,34.19152],[-118.29198,34.19147],[-118.29189,34.19143],[-118.29175,34.19141],[-118.29161,34.1914],[-118.29148,34.19141],[-118.29134,34.19142],[-118.29127,34.19144],[-118.29114,34.19147],[-118.29101,34.19152],[-118.29089,34.19159],[-118.29086,34.1916],[-118.29084,34.19159],[-118.29082,34.19159],[-118.29074,34.1915],[-118.29067,34.19154],[-118.29059,34.19158],[-118.29055,34.19159],[-118.29055,34.1916],[-118.29056,34.19161],[-118.29057,34.19162],[-118.29058,34.19162],[-118.29061,34.19165],[-118.29067,34.1917],[-118.29069,34.19174],[-118.29068,34.19175],[-118.29066,34.19177],[-118.29063,34.19178],[-118.2906,34.19179],[-118.29059,34.19178],[-118.29056,34.19178],[-118.29053,34.19176],[-118.2905,34.19175],[-118.29042,34.19174],[-118.29038,34.19174],[-118.29031,34.19176],[-118.29023,34.19175],[-118.29019,34.19176],[-118.29012,34.19177],[-118.29006,34.19181],[-118.29,34.19185],[-118.28996,34.1919],[-118.2899,34.19194],[-118.28987,34.19196],[-118.28981,34.19199],[-118.28974,34.192],[-118.28966,34.192],[-118.2896,34.19198],[-118.28955,34.19194],[-118.28951,34.1919],[-118.28949,34.19185],[-118.28947,34.1918],[-118.28948,34.19174],[-118.2895,34.19167],[-118.28951,34.19164],[-118.28955,34.19159],[-118.2896,34.19153],[-118.28962,34.19151],[-118.28964,34.19145],[-118.28965,34.19142],[-118.28965,34.19136],[-118.28967,34.19133],[-118.28968,34.1913],[-118.28969,34.19127],[-118.28969,34.19121],[-118.28967,34.19115],[-118.28965,34.19112],[-118.28964,34.19109],[-118.28961,34.19107],[-118.28954,34.19095],[-118.28949,34.19082],[-118.28946,34.19075],[-118.28943,34.19062],[-118.28941,34.19049],[-118.28937,34.19039],[-118.28934,34.19028],[-118.28933,34.19018],[-118.28934,34.19008],[-118.28935,34.19002],[-118.28933,34.19],[-118.28932,34.18997],[-118.28933,34.18994],[-118.28934,34.18991],[-118.28942,34.18984],[-118.28948,34.18978],[-118.28958,34.18966],[-118.28962,34.1896],[-118.28963,34.18957],[-118.28963,34.18952],[-118.28961,34.18946],[-118.2896,34.18943],[-118.28957,34.18939],[-118.28952,34.18934],[-118.28949,34.1893],[-118.28945,34.18922],[-118.28943,34.18918],[-118.28942,34.18913],[-118.28941,34.18904],[-118.28941,34.18895],[-118.28941,34.18891],[-118.28939,34.18885],[-118.28936,34.1888],[-118.28931,34.18875],[-118.28929,34.18873],[-118.28926,34.18877],[-118.28922,34.18884],[-118.28919,34.18892],[-118.28917,34.189],[-118.28918,34.18909],[-118.2892,34.18913],[-118.28924,34.18921],[-118.28929,34.18929],[-118.28932,34.18933],[-118.28936,34.18936],[-118.28938,34.1894],[-118.28939,34.18942],[-118.28939,34.18947],[-118.28939,34.18949],[-118.28936,34.18955],[-118.2893,34.18967],[-118.28928,34.18966],[-118.28926,34.18965],[-118.28924,34.18964],[-118.28922,34.18962],[-118.2892,34.18959],[-118.28919,34.18956],[-118.2892,34.18952],[-118.28918,34.18948],[-118.28917,34.18946],[-118.28911,34.1894],[-118.28904,34.18933],[-118.28895,34.18926],[-118.28885,34.18921],[-118.2888,34.18919],[-118.28869,34.18915],[-118.28858,34.18913],[-118.28842,34.18912],[-118.28834,34.18911],[-118.28826,34.18912],[-118.28818,34.18915],[-118.28811,34.18919],[-118.28807,34.18921],[-118.28804,34.18923],[-118.28801,34.1893],[-118.28797,34.18915],[-118.28792,34.18901],[-118.28792,34.18899],[-118.28791,34.18899],[-118.2879,34.18898],[-118.28789,34.18898],[-118.28788,34.18899],[-118.28785,34.18905],[-118.28788,34.18915],[-118.2879,34.18921],[-118.28793,34.18926],[-118.28794,34.18927],[-118.28794,34.18929],[-118.28793,34.1893],[-118.28792,34.18931],[-118.28757,34.18932],[-118.28722,34.18934],[-118.28687,34.18937],[-118.2867,34.18939],[-118.28664,34.18941],[-118.28653,34.18945],[-118.28643,34.1895],[-118.28638,34.18953],[-118.28634,34.18956],[-118.28627,34.18965],[-118.28623,34.18969],[-118.28618,34.18973],[-118.28614,34.18976],[-118.28606,34.18981],[-118.28603,34.18982],[-118.28598,34.18984],[-118.28595,34.18984],[-118.28592,34.18984],[-118.28586,34.18983],[-118.28583,34.18982],[-118.28572,34.18976],[-118.28567,34.18974],[-118.28562,34.18972],[-118.28552,34.1897],[-118.28542,34.18969],[-118.28532,34.18969],[-118.28527,34.18969],[-118.28516,34.18971],[-118.28506,34.18975],[-118.28496,34.18979],[-118.28487,34.18985],[-118.28483,34.18988],[-118.28475,34.18992],[-118.28471,34.18995],[-118.28465,34.19],[-118.28462,34.19003],[-118.28459,34.19007],[-118.28455,34.19015],[-118.28453,34.19017],[-118.28449,34.19021],[-118.28447,34.19022],[-118.28425,34.19028],[-118.28403,34.19033],[-118.28381,34.19036],[-118.2837,34.19038],[-118.28347,34.19039],[-118.28319,34.19044],[-118.2829,34.19047],[-118.28261,34.19049],[-118.28232,34.1905],[-118.28203,34.19049],[-118.28188,34.19049],[-118.28173,34.19049],[-118.28165,34.19049],[-118.2815,34.19048],[-118.28135,34.19045],[-118.2812,34.19042],[-118.28106,34.19037],[-118.28092,34.19031],[-118.28088,34.19028],[-118.28087,34.19026],[-118.28084,34.19022],[-118.28083,34.19018],[-118.28083,34.19015],[-118.28085,34.19011],[-118.2812,34.18951],[-118.28207,34.18825],[-118.28208,34.1882],[-118.28208,34.18818],[-118.28206,34.18813],[-118.28203,34.18809],[-118.28198,34.18806],[-118.28193,34.18804],[-118.28192,34.18804],[-118.2819,34.18804],[-118.28156,34.18803],[-118.28129,34.18803],[-118.28101,34.18806],[-118.28082,34.18818],[-118.28056,34.18825],[-118.2804,34.18814],[-118.28032,34.18799],[-118.28032,34.18771],[-118.28043,34.18751],[-118.28053,34.18726],[-118.28064,34.18706],[-118.28065,34.18681],[-118.28065,34.18647],[-118.28062,34.18616],[-118.28056,34.18579],[-118.28054,34.18556],[-118.28043,34.18538],[-118.28004,34.18494],[-118.27987,34.18473],[-118.27978,34.18454],[-118.27975,34.18433],[-118.2798,34.18424],[-118.2799,34.18414],[-118.27999,34.18404],[-118.28011,34.18393],[-118.2802,34.18383],[-118.28022,34.18376],[-118.2802,34.18371],[-118.28016,34.1837],[-118.28009,34.18376],[-118.28,34.18387],[-118.27988,34.18398],[-118.27978,34.1841],[-118.2797,34.1842],[-118.2796,34.18429],[-118.27952,34.18429],[-118.27941,34.18427],[-118.27929,34.18423],[-118.27918,34.18419],[-118.27908,34.18414],[-118.27894,34.18406],[-118.27869,34.184],[-118.27844,34.18389],[-118.27838,34.18386],[-118.27817,34.18377],[-118.27797,34.18377],[-118.27779,34.18373],[-118.27771,34.18371],[-118.27764,34.18382],[-118.27756,34.18392],[-118.27753,34.18398],[-118.27747,34.18401],[-118.27744,34.18398],[-118.27742,34.18393],[-118.2774,34.18388],[-118.27726,34.18374],[-118.27708,34.18349],[-118.27694,34.18319],[-118.2767,34.1825],[-118.27662,34.18218],[-118.27669,34.18198],[-118.27685,34.18193],[-118.27704,34.18184],[-118.27712,34.18164],[-118.27718,34.18138],[-118.27724,34.18106],[-118.27728,34.18081],[-118.27733,34.1806],[-118.27733,34.18048],[-118.27699,34.18024],[-118.27661,34.18044],[-118.27637,34.18046],[-118.27598,34.18046],[-118.27579,34.18045],[-118.27579,34.18028],[-118.27571,34.18008],[-118.27558,34.17986],[-118.27543,34.17962],[-118.27522,34.17944],[-118.27482,34.17923],[-118.27444,34.17913],[-118.27407,34.17899],[-118.27375,34.17886],[-118.27355,34.17877],[-118.27314,34.17855],[-118.27291,34.17833],[-118.27272,34.17817],[-118.27261,34.17794],[-118.27253,34.17771],[-118.27251,34.17752],[-118.27247,34.17732],[-118.27244,34.17687],[-118.2724,34.17679],[-118.27216,34.17683],[-118.27206,34.17685],[-118.27193,34.17695],[-118.27179,34.17697],[-118.27161,34.17691],[-118.27148,34.17686],[-118.27136,34.17682],[-118.27119,34.17674],[-118.27117,34.17673],[-118.27095,34.17663],[-118.27077,34.17658],[-118.27063,34.17654],[-118.27045,34.17656],[-118.27038,34.17673],[-118.2702,34.17695],[-118.27004,34.17719],[-118.26986,34.17744],[-118.26968,34.17765],[-118.26954,34.17776],[-118.26922,34.17786],[-118.269,34.17789],[-118.26877,34.17789],[-118.26857,34.17794],[-118.26838,34.17794],[-118.26819,34.17784],[-118.26798,34.17769],[-118.26792,34.17773],[-118.26778,34.17773],[-118.26765,34.17779],[-118.26754,34.17779],[-118.26744,34.17784],[-118.26733,34.17784],[-118.26728,34.17794],[-118.26727,34.17804],[-118.26715,34.17809],[-118.267,34.17806],[-118.26683,34.17805],[-118.26663,34.17801],[-118.26646,34.17799],[-118.26625,34.17792],[-118.26593,34.17781],[-118.26565,34.1777],[-118.26539,34.17756],[-118.26518,34.17748],[-118.26492,34.17752],[-118.26425,34.17761],[-118.26402,34.17765],[-118.26383,34.17774],[-118.26361,34.17782],[-118.26301,34.17798],[-118.26279,34.17802],[-118.26231,34.17807],[-118.26211,34.17808],[-118.26193,34.17799],[-118.26191,34.17799],[-118.26175,34.17786],[-118.26154,34.17779],[-118.26098,34.17762],[-118.26062,34.17759],[-118.26029,34.17755],[-118.25982,34.17741],[-118.25964,34.17734],[-118.25934,34.17734],[-118.2592,34.17735],[-118.25904,34.17737],[-118.25876,34.17736],[-118.25867,34.17725],[-118.25868,34.17711],[-118.25876,34.17694],[-118.2589,34.17678],[-118.25907,34.17663],[-118.25941,34.17639],[-118.2593,34.17634],[-118.25926,34.17624],[-118.25925,34.17612],[-118.25911,34.17619],[-118.25897,34.17629],[-118.25883,34.17642],[-118.25872,34.17655],[-118.25857,34.1767],[-118.25844,34.17681],[-118.25833,34.17694],[-118.25822,34.17706],[-118.25811,34.17711],[-118.25794,34.1771],[-118.25716,34.17689],[-118.25661,34.17673],[-118.25602,34.17645],[-118.25533,34.17612],[-118.25487,34.17595],[-118.25428,34.17566],[-118.25382,34.17528],[-118.25368,34.17519],[-118.2534,34.17489],[-118.25324,34.17485],[-118.25315,34.17485],[-118.25297,34.17491],[-118.25288,34.17493],[-118.25274,34.17493],[-118.25263,34.1749],[-118.25222,34.17471],[-118.25178,34.17464],[-118.25128,34.1745],[-118.25087,34.17431],[-118.25039,34.17416],[-118.24984,34.17394],[-118.24922,34.17363],[-118.24883,34.17335],[-118.24846,34.17307],[-118.2482,34.17279],[-118.24798,34.17264],[-118.24785,34.1726],[-118.24781,34.17271],[-118.24779,34.17277],[-118.24778,34.17289],[-118.24778,34.17295],[-118.24779,34.17301],[-118.2478,34.17307],[-118.24783,34.17319],[-118.24785,34.17324],[-118.24787,34.17338],[-118.24789,34.17351],[-118.24791,34.17364],[-118.24792,34.17378],[-118.24792,34.17391],[-118.24792,34.17404],[-118.24791,34.17431],[-118.24789,34.17458],[-118.24787,34.17471],[-118.24781,34.17497],[-118.24774,34.17524],[-118.2477,34.17536],[-118.24765,34.17549],[-118.2476,34.17562],[-118.24755,34.17574],[-118.24749,34.17587],[-118.24743,34.17599],[-118.24729,34.17624],[-118.24714,34.17647],[-118.24697,34.1767],[-118.24679,34.17692],[-118.2467,34.17703],[-118.24649,34.17724],[-118.24628,34.17743],[-118.24605,34.17762],[-118.24581,34.1778],[-118.24572,34.1777],[-118.24565,34.17765],[-118.24549,34.17752],[-118.24523,34.17737],[-118.24502,34.17725],[-118.24495,34.17722],[-118.24488,34.17726],[-118.24485,34.17732],[-118.24492,34.17738],[-118.24518,34.17758],[-118.24531,34.17767],[-118.24547,34.17778],[-118.24553,34.17783],[-118.24555,34.17786],[-118.24551,34.17789],[-118.24511,34.17808],[-118.24501,34.17811],[-118.2449,34.17816],[-118.24479,34.17818],[-118.24473,34.17818],[-118.2447,34.17818],[-118.24466,34.17813],[-118.2446,34.17796],[-118.24456,34.17781],[-118.24449,34.17765],[-118.24441,34.1775],[-118.24435,34.17737],[-118.24429,34.17724],[-118.24422,34.17721],[-118.24415,34.17719],[-118.24407,34.17724],[-118.24406,34.17731],[-118.24415,34.17746],[-118.2442,34.1776],[-118.24427,34.17777],[-118.24432,34.17793],[-118.24441,34.17817],[-118.24425,34.17817],[-118.24389,34.17817],[-118.24358,34.17814],[-118.2435,34.17809],[-118.2435,34.178],[-118.24352,34.17788],[-118.24361,34.17778],[-118.24345,34.17766],[-118.24339,34.17772],[-118.24328,34.17786],[-118.24318,34.17801],[-118.24313,34.17809],[-118.24311,34.17809],[-118.24305,34.17807],[-118.243,34.17804],[-118.24296,34.178],[-118.24294,34.17795],[-118.24292,34.17791],[-118.24294,34.17777],[-118.24294,34.17769],[-118.24292,34.17753],[-118.24289,34.17737],[-118.24285,34.17722],[-118.24278,34.17706],[-118.24275,34.17699],[-118.24271,34.17692],[-118.24266,34.17685],[-118.24261,34.17678],[-118.24256,34.17671],[-118.2425,34.17664],[-118.24205,34.17632],[-118.24152,34.17594],[-118.24115,34.17571],[-118.24038,34.17521],[-118.23963,34.17482],[-118.23902,34.17459],[-118.23871,34.17446],[-118.23844,34.1744],[-118.2381,34.17427],[-118.23688,34.17402],[-118.23647,34.17397],[-118.23542,34.17382],[-118.23503,34.17381],[-118.23476,34.17382],[-118.23426,34.17377],[-118.23412,34.17374],[-118.23407,34.17368],[-118.23407,34.17367],[-118.23409,34.17362],[-118.23413,34.17348],[-118.23419,34.17337],[-118.23421,34.17329],[-118.23426,34.1732],[-118.23432,34.17318],[-118.23438,34.17324],[-118.23445,34.17326],[-118.23453,34.17326],[-118.2345,34.17314],[-118.23444,34.17305],[-118.2343,34.17301],[-118.23419,34.17298],[-118.23407,34.17306],[-118.23406,34.17319],[-118.23397,34.17338],[-118.23387,34.17352],[-118.23382,34.17365],[-118.2337,34.17365],[-118.23354,34.17361],[-118.23318,34.17352],[-118.23293,34.17341],[-118.23265,34.17334],[-118.23251,34.17334],[-118.23227,34.17323],[-118.2321,34.17318],[-118.2316,34.17281],[-118.2314,34.17214],[-118.23139,34.17089],[-118.2314,34.17031],[-118.23145,34.16967],[-118.23159,34.16918],[-118.23164,34.16871],[-118.23164,34.16846],[-118.23141,34.16842],[-118.23114,34.16843],[-118.23092,34.16862],[-118.23068,34.16895],[-118.23046,34.16929],[-118.22986,34.17075],[-118.22964,34.17142],[-118.22951,34.17221],[-118.22946,34.17278],[-118.22944,34.17324],[-118.22949,34.1737],[-118.22954,34.17404],[-118.22968,34.1743],[-118.2301,34.17435],[-118.23055,34.17434],[-118.23152,34.1743],[-118.23191,34.17418],[-118.23236,34.17414],[-118.23269,34.17424],[-118.23296,34.17447],[-118.23311,34.17466],[-118.23334,34.17493],[-118.23347,34.17519],[-118.2336,34.17546],[-118.23368,34.17575],[-118.23391,34.17592],[-118.2342,34.17607],[-118.23441,34.1761],[-118.2347,34.17612],[-118.23493,34.1761],[-118.23532,34.17609],[-118.23569,34.17621],[-118.23598,34.17626],[-118.23671,34.17678],[-118.23706,34.177],[-118.23713,34.1771],[-118.23718,34.17727],[-118.2372,34.17748],[-118.23729,34.17766],[-118.23748,34.17783],[-118.23769,34.17794],[-118.23795,34.17811],[-118.23812,34.17822],[-118.23832,34.1783],[-118.23843,34.17836],[-118.23862,34.17833],[-118.2389,34.17847],[-118.23903,34.17863],[-118.23906,34.1788],[-118.23899,34.17917],[-118.23898,34.17935],[-118.23897,34.1795],[-118.23898,34.17966],[-118.23912,34.17982],[-118.23934,34.17996],[-118.23967,34.1801],[-118.23993,34.1802],[-118.24034,34.18027],[-118.24058,34.18029],[-118.24088,34.18033],[-118.24133,34.18042],[-118.24174,34.1805],[-118.2421,34.18059],[-118.24265,34.18067],[-118.24277,34.18079],[-118.24296,34.18095],[-118.24304,34.18112],[-118.24304,34.18132],[-118.24298,34.1815],[-118.24257,34.18149],[-118.24196,34.18146],[-118.2406,34.18147],[-118.24026,34.18146],[-118.23982,34.18149],[-118.23942,34.18149],[-118.23888,34.18163],[-118.2385,34.18188],[-118.23823,34.18207],[-118.2378,34.18207],[-118.23738,34.18202],[-118.23704,34.18217],[-118.23663,34.18221],[-118.23607,34.18226],[-118.23578,34.18243],[-118.23533,34.18241],[-118.23492,34.18234],[-118.23447,34.18222],[-118.23402,34.18222],[-118.23373,34.18251],[-118.23335,34.18287],[-118.2332,34.18322],[-118.233,34.18347],[-118.23264,34.1837],[-118.23224,34.18378],[-118.23192,34.18378],[-118.23177,34.18391],[-118.23179,34.18414],[-118.23193,34.18438],[-118.23223,34.18466],[-118.23226,34.18481],[-118.23221,34.18499],[-118.23211,34.18522],[-118.23205,34.18536],[-118.23187,34.18567],[-118.23166,34.18576],[-118.23133,34.18624],[-118.23135,34.18647],[-118.2314,34.18666],[-118.2317,34.18679],[-118.23235,34.18731],[-118.23267,34.1876],[-118.23279,34.18773],[-118.23293,34.18807],[-118.23287,34.18839],[-118.23266,34.18856],[-118.23237,34.18874],[-118.23224,34.18899],[-118.23224,34.18919],[-118.2324,34.18942],[-118.23261,34.18964],[-118.23291,34.19],[-118.23291,34.19012],[-118.2331,34.19034],[-118.23319,34.19059],[-118.23317,34.19082],[-118.23297,34.19091],[-118.23275,34.19099],[-118.23265,34.19122],[-118.23273,34.19147],[-118.23284,34.19192],[-118.23313,34.19194],[-118.23348,34.19204],[-118.23403,34.19228],[-118.23445,34.19246],[-118.235,34.19268],[-118.2354,34.19288],[-118.23575,34.1931],[-118.2362,34.19313],[-118.23655,34.19312],[-118.23684,34.19306],[-118.23735,34.19315],[-118.23826,34.19338],[-118.23883,34.19341],[-118.23951,34.19333],[-118.24022,34.19331],[-118.24084,34.1933],[-118.24148,34.19333],[-118.24223,34.19325],[-118.24263,34.19343],[-118.24283,34.19379],[-118.24284,34.19427],[-118.24309,34.19588],[-118.24314,34.19954],[-118.24285,34.20085],[-118.24201,34.20288],[-118.24125,34.20452],[-118.24105,34.20624],[-118.24104,34.20672],[-118.24104,34.20698],[-118.24107,34.20717],[-118.24121,34.2074],[-118.24138,34.20761],[-118.24165,34.20793],[-118.24194,34.2083],[-118.24228,34.20878],[-118.24257,34.20905],[-118.2428,34.20918],[-118.24301,34.20932],[-118.24317,34.20947],[-118.24336,34.21003],[-118.24348,34.21022],[-118.24362,34.21047],[-118.24387,34.21074],[-118.24408,34.21098],[-118.24428,34.21124],[-118.24451,34.21155],[-118.24461,34.21167],[-118.24498,34.21208],[-118.24518,34.21231],[-118.24533,34.21249],[-118.24551,34.21266],[-118.24581,34.21289],[-118.24607,34.21317],[-118.24688,34.21408],[-118.2471,34.21428],[-118.24767,34.21487],[-118.24787,34.21509],[-118.24809,34.2153],[-118.24833,34.21554],[-118.24848,34.21566],[-118.2488,34.21598],[-118.24991,34.21718],[-118.25054,34.21792],[-118.25111,34.21853],[-118.25178,34.2193],[-118.25244,34.22002],[-118.25295,34.22059],[-118.25334,34.22099],[-118.25357,34.22119],[-118.25393,34.22154],[-118.25431,34.22194],[-118.25461,34.22225],[-118.25495,34.22263],[-118.25533,34.22301],[-118.25566,34.22328],[-118.25596,34.22346],[-118.25628,34.22356],[-118.25673,34.22369],[-118.25714,34.22385],[-118.25739,34.22397],[-118.25756,34.22413],[-118.25782,34.22438],[-118.25795,34.2246],[-118.25827,34.22521],[-118.25855,34.2258],[-118.25903,34.22641],[-118.25941,34.22683],[-118.26,34.22734],[-118.2606,34.22772],[-118.26127,34.22802],[-118.26184,34.22825],[-118.26274,34.22854],[-118.2639,34.2289],[-118.26432,34.22901],[-118.26467,34.22908],[-118.26498,34.22914],[-118.26523,34.22923],[-118.26544,34.22931],[-118.26565,34.22942],[-118.26586,34.2296],[-118.26618,34.22988],[-118.26638,34.22999],[-118.26655,34.23005],[-118.26682,34.23013],[-118.26683,34.23014],[-118.267,34.23037],[-118.26719,34.2306],[-118.26729,34.23071],[-118.2675,34.23093],[-118.26772,34.23113],[-118.26795,34.23133],[-118.2682,34.23151],[-118.26832,34.2316],[-118.26858,34.23177],[-118.26872,34.23185],[-118.269,34.232],[-118.26928,34.23214],[-118.26958,34.23226],[-118.26978,34.23243],[-118.27,34.23259],[-118.27012,34.23267],[-118.27023,34.23275],[-118.27048,34.23288],[-118.27073,34.23301],[-118.27086,34.23307],[-118.27112,34.23318],[-118.27126,34.23323],[-118.27153,34.23333],[-118.27167,34.23337],[-118.27181,34.23341],[-118.27209,34.23347],[-118.27259,34.23361],[-118.27309,34.23372],[-118.27335,34.23378],[-118.27386,34.23388],[-118.27437,34.23396],[-118.27489,34.23403],[-118.27541,34.23409],[-118.27539,34.23587],[-118.27508,34.23587],[-118.27445,34.23587],[-118.27441,34.23589],[-118.27431,34.23593],[-118.27426,34.23594],[-118.27416,34.23596],[-118.27415,34.23591],[-118.27413,34.23586],[-118.27411,34.23581],[-118.27408,34.23576],[-118.27401,34.23568],[-118.27393,34.2356],[-118.27383,34.23553],[-118.27378,34.2355],[-118.27343,34.23538],[-118.27325,34.23532],[-118.27321,34.23529],[-118.27313,34.23523],[-118.27304,34.23518],[-118.27294,34.23514],[-118.27284,34.23512],[-118.27273,34.23511],[-118.27263,34.23511],[-118.27257,34.23512],[-118.27248,34.23595],[-118.27241,34.23591],[-118.27233,34.23589],[-118.27224,34.23587],[-118.27215,34.23587],[-118.27207,34.23588],[-118.27202,34.23589],[-118.27195,34.23592],[-118.27187,34.23596],[-118.27184,34.23604],[-118.27178,34.2362],[-118.27169,34.23634],[-118.27159,34.23649],[-118.27153,34.23656],[-118.27141,34.23669],[-118.27134,34.23675],[-118.2712,34.23686],[-118.27105,34.23697],[-118.27097,34.23702],[-118.27089,34.23706],[-118.2708,34.2371],[-118.27071,34.23714],[-118.27198,34.23848],[-118.27224,34.23844],[-118.2725,34.23839],[-118.27263,34.23837],[-118.27289,34.2383],[-118.27305,34.23827],[-118.27313,34.23826],[-118.2733,34.23825],[-118.27346,34.23826],[-118.27354,34.23826],[-118.27371,34.23829],[-118.27386,34.23833],[-118.27387,34.23839],[-118.27389,34.23844],[-118.27393,34.2385],[-118.27395,34.23852],[-118.27398,34.23854],[-118.27404,34.23857],[-118.27411,34.23859],[-118.27414,34.2386],[-118.27422,34.2386],[-118.2743,34.23858],[-118.27437,34.23855],[-118.27452,34.23849],[-118.27467,34.23842],[-118.27474,34.23839],[-118.27482,34.23838],[-118.27487,34.23838],[-118.27495,34.23839],[-118.27502,34.23841],[-118.27506,34.23843],[-118.27509,34.23844],[-118.27515,34.23849],[-118.27518,34.23851],[-118.27523,34.23857],[-118.27542,34.23853],[-118.2756,34.23847],[-118.27579,34.2384],[-118.27596,34.23833],[-118.27585,34.23829],[-118.2758,34.23827],[-118.2757,34.23822],[-118.27565,34.23819],[-118.27556,34.23812],[-118.27552,34.23809],[-118.27545,34.23801],[-118.27538,34.23798],[-118.27531,34.23796],[-118.27515,34.23793],[-118.275,34.2379],[-118.27484,34.2379],[-118.27469,34.2379],[-118.27465,34.23785],[-118.2746,34.23775],[-118.27456,34.23765],[-118.27455,34.23759],[-118.27454,34.23748],[-118.27453,34.23743],[-118.27454,34.23732],[-118.27457,34.23721],[-118.27461,34.2372],[-118.27466,34.23718],[-118.27476,34.23716],[-118.27481,34.23715],[-118.27491,34.23715],[-118.27496,34.23716],[-118.27502,34.23716],[-118.27506,34.23718],[-118.27516,34.23721],[-118.2752,34.23723],[-118.27525,34.23726],[-118.27529,34.23728],[-118.27532,34.23731],[-118.27539,34.23738],[-118.27541,34.23742],[-118.27547,34.23743],[-118.27559,34.23746],[-118.27571,34.2375],[-118.27582,34.23756],[-118.27587,34.23759],[-118.27591,34.23763],[-118.27601,34.23759],[-118.27611,34.23758],[-118.27617,34.23757],[-118.27627,34.23757],[-118.27632,34.23758],[-118.27642,34.2376],[-118.27664,34.2374],[-118.27662,34.23735],[-118.27661,34.23726],[-118.27661,34.23717],[-118.27662,34.23708],[-118.27664,34.23703],[-118.27666,34.23699],[-118.27671,34.23691],[-118.27677,34.23684],[-118.2768,34.23681],[-118.27684,34.23678],[-118.27692,34.23674],[-118.27701,34.23671],[-118.27711,34.23669],[-118.27715,34.23668],[-118.27725,34.23669],[-118.27735,34.2367],[-118.2774,34.23671],[-118.27748,34.23675],[-118.27751,34.23677],[-118.27756,34.2368],[-118.27763,34.23682],[-118.2777,34.23683],[-118.27773,34.23683],[-118.2778,34.23681],[-118.27783,34.2368],[-118.27791,34.2368],[-118.27794,34.2368],[-118.27801,34.23682],[-118.27808,34.23685],[-118.27811,34.23686],[-118.27814,34.23688],[-118.27818,34.23693],[-118.27822,34.23699],[-118.27823,34.23702],[-118.2783,34.23704],[-118.27837,34.23708],[-118.27842,34.23712],[-118.27844,34.23715],[-118.27846,34.23718],[-118.27849,34.23724],[-118.27847,34.23727],[-118.27844,34.23734],[-118.27843,34.23741],[-118.27843,34.23745],[-118.27843,34.23748],[-118.27845,34.23755],[-118.27847,34.23758],[-118.27852,34.23765],[-118.27855,34.23767],[-118.27863,34.2377],[-118.27871,34.23774],[-118.27879,34.23777],[-118.27895,34.23785],[-118.27902,34.2379],[-118.27916,34.238],[-118.27922,34.23805],[-118.27934,34.23817],[-118.2794,34.23823],[-118.27944,34.23825],[-118.27949,34.23828],[-118.27959,34.23832],[-118.27964,34.23833],[-118.27975,34.23835],[-118.27986,34.23836],[-118.27997,34.23835],[-118.28007,34.23833],[-118.28018,34.2383],[-118.28022,34.23828],[-118.28027,34.23825],[-118.28036,34.23819],[-118.28038,34.2381],[-118.28043,34.23802],[-118.28048,34.23794],[-118.28056,34.23787],[-118.2806,34.23784],[-118.28069,34.23779],[-118.28074,34.23776],[-118.28084,34.23773],[-118.28095,34.23771],[-118.28101,34.2377],[-118.28106,34.2377],[-118.28113,34.23774],[-118.28124,34.23784],[-118.28134,34.23795],[-118.28139,34.238],[-118.28147,34.23812],[-118.28154,34.23824],[-118.28183,34.23836],[-118.28206,34.23821],[-118.28228,34.23806],[-118.28249,34.23789],[-118.28269,34.23771],[-118.2827,34.23768],[-118.28271,34.23764],[-118.28271,34.23756],[-118.28271,34.23753],[-118.28268,34.23745],[-118.28264,34.23739],[-118.28264,34.23733],[-118.28266,34.23727],[-118.28269,34.23722],[-118.28274,34.23718],[-118.28279,34.23714],[-118.28331,34.23738],[-118.28372,34.23743],[-118.28372,34.23759],[-118.28374,34.23793],[-118.28432,34.23824],[-118.28428,34.23894],[-118.28387,34.23903],[-118.28396,34.23929],[-118.28371,34.23943],[-118.28432,34.24043],[-118.28435,34.24049],[-118.28437,34.24054],[-118.2844,34.24065],[-118.28441,34.24076],[-118.28415,34.24083],[-118.28484,34.24205],[-118.28478,34.2421],[-118.28466,34.2422],[-118.28459,34.24224],[-118.28446,34.24232],[-118.28431,34.24238],[-118.28416,34.24244],[-118.284,34.24248],[-118.28392,34.24249],[-118.28371,34.24252],[-118.28362,34.24252],[-118.28357,34.24251],[-118.28348,34.2425],[-118.28339,34.24247],[-118.28331,34.24243],[-118.28324,34.24238],[-118.28315,34.24235],[-118.28306,34.24234],[-118.28296,34.24234],[-118.28287,34.24235],[-118.28283,34.24236],[-118.28274,34.2424],[-118.2827,34.24242],[-118.28263,34.24247],[-118.28257,34.24254],[-118.28252,34.24261],[-118.28249,34.24268],[-118.28248,34.24276],[-118.28248,34.2428],[-118.28241,34.24284],[-118.28234,34.24288],[-118.28218,34.24295],[-118.28202,34.24301],[-118.28185,34.24305],[-118.28168,34.24308],[-118.28162,34.24315],[-118.28158,34.24317],[-118.28154,34.2432],[-118.28146,34.24324],[-118.28137,34.24327],[-118.28132,34.24328],[-118.28122,34.24329],[-118.28117,34.24329],[-118.28108,34.24328],[-118.28098,34.24326],[-118.28093,34.24324],[-118.28085,34.2432],[-118.28078,34.24315],[-118.28072,34.24307],[-118.28068,34.24299],[-118.28066,34.24291],[-118.28065,34.24282],[-118.28066,34.24273],[-118.28067,34.24269],[-118.2807,34.24261],[-118.28073,34.24257],[-118.28075,34.24253],[-118.28078,34.2425],[-118.28082,34.24246],[-118.28085,34.24243],[-118.28093,34.24238],[-118.28102,34.24233],[-118.28112,34.2423],[-118.28122,34.24228],[-118.28126,34.24221],[-118.28128,34.24214],[-118.28129,34.2421],[-118.28129,34.24202],[-118.28129,34.24198],[-118.28127,34.24191],[-118.28114,34.24192],[-118.28106,34.24194],[-118.28091,34.24198],[-118.28084,34.24201],[-118.28069,34.24207],[-118.28063,34.2421],[-118.28049,34.24218],[-118.28037,34.24227],[-118.28022,34.24238],[-118.28014,34.24247],[-118.28011,34.24251],[-118.28005,34.2426],[-118.28,34.2427],[-118.27998,34.24276],[-118.27996,34.24286],[-118.27996,34.24296],[-118.27997,34.24307],[-118.27998,34.24312],[-118.27999,34.24318],[-118.28,34.24324],[-118.28,34.24336],[-118.27999,34.24341],[-118.27997,34.24353],[-118.27993,34.24364],[-118.2799,34.2437],[-118.28023,34.24441],[-118.28019,34.24445],[-118.28011,34.24453],[-118.28004,34.24462],[-118.27998,34.24472],[-118.27996,34.24477],[-118.27993,34.24488],[-118.27992,34.24493],[-118.27993,34.24496],[-118.27994,34.245],[-118.27998,34.24506],[-118.28,34.24509],[-118.28003,34.24512],[-118.28009,34.24517],[-118.28017,34.2452],[-118.28025,34.24523],[-118.28034,34.24524],[-118.28038,34.24523],[-118.28042,34.24523],[-118.28061,34.24519],[-118.28078,34.24514],[-118.28087,34.24511],[-118.28104,34.24504],[-118.2812,34.24496],[-118.2815,34.24482],[-118.2818,34.24468],[-118.28209,34.24453],[-118.28237,34.24436],[-118.28251,34.24427],[-118.28251,34.24432],[-118.28254,34.24442],[-118.28258,34.24451],[-118.28264,34.24459],[-118.28271,34.24467],[-118.2828,34.24473],[-118.28284,34.24477],[-118.28294,34.24482],[-118.28305,34.24486],[-118.2831,34.24487],[-118.28322,34.24489],[-118.28316,34.24498],[-118.28312,34.24507],[-118.28309,34.24516],[-118.28308,34.24526],[-118.28308,34.24531],[-118.2831,34.24536],[-118.28313,34.24541],[-118.28319,34.2455],[-118.28327,34.24559],[-118.28331,34.24563],[-118.2834,34.2457],[-118.28345,34.24573],[-118.2835,34.24576],[-118.28361,34.24582],[-118.28373,34.24586],[-118.28379,34.24587],[-118.2839,34.24584],[-118.28401,34.24582],[-118.28406,34.24581],[-118.28417,34.24581],[-118.28423,34.24582],[-118.28427,34.24582],[-118.28436,34.24583],[-118.2844,34.24582],[-118.28445,34.24581],[-118.28453,34.24579],[-118.28457,34.24577],[-118.28461,34.24575],[-118.28467,34.2457],[-118.28472,34.24564],[-118.28477,34.24557],[-118.28479,34.24554],[-118.28486,34.24549],[-118.28489,34.24546],[-118.28497,34.24542],[-118.28506,34.2454],[-118.28515,34.24538],[-118.28519,34.24538],[-118.28521,34.24531],[-118.28522,34.24523],[-118.28521,34.24516],[-118.28519,34.24512],[-118.28516,34.24505],[-118.28516,34.24503],[-118.28516,34.24499],[-118.28517,34.24495],[-118.2852,34.24492],[-118.28524,34.24489],[-118.28529,34.24488],[-118.28534,34.24488],[-118.28546,34.24486],[-118.28558,34.24485],[-118.2857,34.24486],[-118.28582,34.24488],[-118.28588,34.24489],[-118.28594,34.24491],[-118.28605,34.24495],[-118.28611,34.24497],[-118.2863,34.24508],[-118.28645,34.24514],[-118.28661,34.2452],[-118.28669,34.24522],[-118.28686,34.24526],[-118.28703,34.24528],[-118.2872,34.24529],[-118.28737,34.24528],[-118.28746,34.24527],[-118.28754,34.24526],[-118.28757,34.24527],[-118.28759,34.24528],[-118.28762,34.2453],[-118.28765,34.24534],[-118.28767,34.24539],[-118.28767,34.24544],[-118.28767,34.24546],[-118.28766,34.24548],[-118.28765,34.24551],[-118.28761,34.24554],[-118.28759,34.24556],[-118.28753,34.24558],[-118.28749,34.24562],[-118.2874,34.24569],[-118.28733,34.24578],[-118.28728,34.24588],[-118.28724,34.24598],[-118.28722,34.24608],[-118.28721,34.24613],[-118.28721,34.24624],[-118.28723,34.24634],[-118.28727,34.24644],[-118.28732,34.24654],[-118.28733,34.24657],[-118.28735,34.24661],[-118.28736,34.24665],[-118.28741,34.24671],[-118.28744,34.24674],[-118.28751,34.24679],[-118.28759,34.24683],[-118.28768,34.24685],[-118.28771,34.24699],[-118.28774,34.24711],[-118.28776,34.24723],[-118.28776,34.24736],[-118.28775,34.24748],[-118.28774,34.24754],[-118.28781,34.24761],[-118.28785,34.24763],[-118.28789,34.24766],[-118.28797,34.2477],[-118.28807,34.24773],[-118.28812,34.24774],[-118.28822,34.24775],[-118.28829,34.24774],[-118.28842,34.24772],[-118.28845,34.24771],[-118.28845,34.24774],[-118.28845,34.24802],[-118.28845,34.24831],[-118.28845,34.24846],[-118.28845,34.24852],[-118.28845,34.24917],[-118.28845,34.24919],[-118.28845,34.24947],[-118.28845,34.24964],[-118.28845,34.24988],[-118.28845,34.2499],[-118.28844,34.25039],[-118.28842,34.25077],[-118.2884,34.25131],[-118.28824,34.25306],[-118.28786,34.2548],[-118.28728,34.2565],[-118.28651,34.25814],[-118.28554,34.25971],[-118.28439,34.2612],[-118.28427,34.26132],[-118.28424,34.26127],[-118.28417,34.26119],[-118.28413,34.26115]],[[-118.21995,34.15837],[-118.21997,34.15828],[-118.21998,34.1582],[-118.21988,34.15813],[-118.21971,34.15823],[-118.21979,34.15834],[-118.21988,34.15841],[-118.21989,34.15841],[-118.21995,34.15837]],[[-118.22396,34.22122],[-118.22401,34.22126],[-118.22404,34.22127],[-118.22409,34.22128],[-118.22412,34.22128],[-118.22415,34.22128],[-118.22406,34.22089],[-118.22403,34.22072],[-118.22401,34.22064],[-118.22396,34.22047],[-118.2239,34.22031],[-118.22381,34.22048],[-118.22396,34.22122]],[[-118.22771,34.22813],[-118.2277,34.228],[-118.22769,34.22786],[-118.22765,34.2276],[-118.2276,34.22733],[-118.22753,34.22707],[-118.22744,34.22681],[-118.22739,34.22669],[-118.22739,34.22668],[-118.22726,34.22669],[-118.22721,34.22669],[-118.2273,34.22688],[-118.22738,34.22707],[-118.22741,34.22718],[-118.22746,34.22738],[-118.2275,34.22758],[-118.22752,34.22779],[-118.22753,34.22799],[-118.22752,34.2282],[-118.22749,34.22841],[-118.22771,34.2284],[-118.22771,34.22813]],[[-118.17855,34.15862],[-118.17857,34.15863],[-118.1786,34.15863],[-118.17863,34.15862],[-118.17866,34.15861],[-118.17868,34.15858],[-118.17869,34.15857],[-118.17869,34.15854],[-118.17868,34.15852],[-118.17867,34.15849],[-118.17864,34.15847],[-118.17863,34.15847],[-118.17836,34.15843],[-118.17812,34.1584],[-118.17788,34.15839],[-118.17756,34.15841],[-118.17724,34.15844],[-118.17691,34.15848],[-118.1766,34.15853],[-118.17644,34.15856],[-118.17612,34.15863],[-118.17609,34.15864],[-118.17607,34.15864],[-118.17605,34.15865],[-118.17602,34.15868],[-118.176,34.15871],[-118.176,34.15874],[-118.17601,34.15877],[-118.17603,34.1588],[-118.17604,34.15882],[-118.17608,34.15883],[-118.1761,34.15884],[-118.17614,34.15884],[-118.17737,34.15868],[-118.17767,34.15865],[-118.17797,34.15863],[-118.17812,34.15862],[-118.17842,34.15863],[-118.17855,34.15862]],[[-118.17107,34.15708],[-118.17097,34.15711],[-118.17083,34.15716],[-118.17078,34.1572],[-118.17076,34.15722],[-118.17074,34.15725],[-118.17071,34.1573],[-118.1707,34.15733],[-118.1707,34.15736],[-118.1707,34.15739],[-118.17071,34.15745],[-118.17073,34.15747],[-118.17075,34.1575],[-118.17079,34.15754],[-118.17089,34.1576],[-118.17094,34.15762],[-118.17099,34.15764],[-118.17105,34.15766],[-118.17116,34.15768],[-118.17122,34.15769],[-118.17133,34.15769],[-118.1715,34.1577],[-118.17158,34.15771],[-118.17175,34.15771],[-118.17178,34.15771],[-118.17181,34.1577],[-118.17187,34.15768],[-118.17192,34.15764],[-118.17194,34.15762],[-118.17196,34.15757],[-118.17198,34.15752],[-118.17197,34.15747],[-118.17195,34.15742],[-118.1719,34.15736],[-118.17187,34.15732],[-118.1718,34.15725],[-118.17176,34.15721],[-118.17172,34.15718],[-118.17162,34.15713],[-118.17157,34.15711],[-118.17152,34.15709],[-118.17141,34.15707],[-118.1713,34.15706],[-118.17118,34.15706],[-118.17107,34.15708]],[[-118.23355,34.17232],[-118.23378,34.17222],[-118.234,34.17213],[-118.23427,34.17201],[-118.23452,34.17181],[-118.23464,34.17172],[-118.23477,34.17172],[-118.23492,34.17175],[-118.23494,34.17164],[-118.23512,34.17146],[-118.23528,34.17133],[-118.23484,34.17145],[-118.23456,34.1716],[-118.23388,34.17184],[-118.23357,34.17199],[-118.23318,34.17213],[-118.23287,34.17219],[-118.23267,34.17233],[-118.23267,34.1725],[-118.2328,34.1726],[-118.23295,34.17254],[-118.23355,34.17232]],[[-118.16618,34.14834],[-118.16621,34.14832],[-118.16624,34.1483],[-118.16629,34.14826],[-118.16631,34.14824],[-118.16634,34.14818],[-118.16635,34.14812],[-118.16635,34.14809],[-118.16635,34.14806],[-118.16633,34.148],[-118.16633,34.14796],[-118.16631,34.14786],[-118.16627,34.14776],[-118.16624,34.14772],[-118.16618,34.14764],[-118.16611,34.14756],[-118.16602,34.14749],[-118.16598,34.14746],[-118.16593,34.14744],[-118.16587,34.14741],[-118.16582,34.14739],[-118.16576,34.14737],[-118.16569,34.14736],[-118.16561,34.14735],[-118.16557,34.14735],[-118.16554,34.14736],[-118.16546,34.14739],[-118.1654,34.14742],[-118.16537,34.14745],[-118.16535,34.14747],[-118.16531,34.14753],[-118.1653,34.14756],[-118.16531,34.14767],[-118.16535,34.14778],[-118.16537,34.14783],[-118.16542,34.14793],[-118.16549,34.14803],[-118.16557,34.14811],[-118.16562,34.14816],[-118.16572,34.14823],[-118.16583,34.14829],[-118.16588,34.14832],[-118.16601,34.14837],[-118.16604,34.14837],[-118.16611,34.14836],[-118.16618,34.14834]],[[-118.1664,34.1506],[-118.16643,34.15059],[-118.16648,34.15056],[-118.16656,34.15048],[-118.16661,34.15039],[-118.16664,34.15034],[-118.16666,34.15029],[-118.16669,34.1502],[-118.1667,34.15015],[-118.1667,34.15005],[-118.1667,34.15],[-118.16668,34.1499],[-118.16665,34.1498],[-118.16661,34.14971],[-118.16655,34.14963],[-118.16652,34.14959],[-118.16644,34.14951],[-118.16635,34.14945],[-118.16626,34.1494],[-118.16615,34.14935],[-118.16606,34.14933],[-118.16599,34.14932],[-118.16593,34.14932],[-118.16586,34.14934],[-118.1658,34.14937],[-118.16575,34.14942],[-118.16573,34.14944],[-118.16572,34.14947],[-118.1657,34.14952],[-118.16569,34.14955],[-118.16569,34.14965],[-118.1657,34.14978],[-118.16571,34.14985],[-118.16575,34.14998],[-118.16577,34.15005],[-118.16584,34.15017],[-118.16591,34.15029],[-118.166,34.15041],[-118.16611,34.15051],[-118.16617,34.15056],[-118.16619,34.15057],[-118.16625,34.1506],[-118.16631,34.1506],[-118.16637,34.1506],[-118.1664,34.1506]],[[-118.3121,34.15576],[-118.31611,34.15506],[-118.31632,34.15502],[-118.31523,34.15484],[-118.31476,34.15493],[-118.31434,34.15504],[-118.31381,34.15515],[-118.31225,34.15542],[-118.3121,34.15576]],[[-118.23413,34.19328],[-118.23446,34.19345],[-118.23471,34.19355],[-118.23456,34.1933],[-118.23434,34.19317],[-118.23406,34.19302],[-118.23378,34.19291],[-118.23347,34.19274],[-118.2332,34.19261],[-118.233,34.19246],[-118.23267,34.19232],[-118.23208,34.1922],[-118.23165,34.19205],[-118.23129,34.19203],[-118.23085,34.19201],[-118.23038,34.19201],[-118.22981,34.19201],[-118.22923,34.19204],[-118.2289,34.19211],[-118.22947,34.19217],[-118.22989,34.19225],[-118.23065,34.19234],[-118.23116,34.19243],[-118.23177,34.19257],[-118.23222,34.19266],[-118.23262,34.19277],[-118.23298,34.19287],[-118.23334,34.193],[-118.23374,34.19315],[-118.23413,34.19328]],[[-118.23814,34.17302],[-118.23796,34.17321],[-118.23813,34.17333],[-118.23834,34.17331],[-118.23857,34.17306],[-118.23866,34.17289],[-118.23872,34.17278],[-118.23892,34.17258],[-118.23906,34.17249],[-118.2392,34.17252],[-118.23942,34.17254],[-118.23947,34.17264],[-118.2395,34.17275],[-118.23955,34.17299],[-118.23955,34.17314],[-118.23959,34.17324],[-118.23959,34.17344],[-118.23967,34.17367],[-118.23977,34.17367],[-118.23983,34.17358],[-118.23981,34.17337],[-118.2398,34.17311],[-118.2399,34.17332],[-118.24,34.17348],[-118.24008,34.17367],[-118.24021,34.17389],[-118.24034,34.17408],[-118.24054,34.17431],[-118.24071,34.17426],[-118.24081,34.17414],[-118.24077,34.17401],[-118.24075,34.17384],[-118.24072,34.17366],[-118.24064,34.1735],[-118.24043,34.17331],[-118.24029,34.17313],[-118.24015,34.17292],[-118.24,34.17261],[-118.24019,34.17274],[-118.2404,34.17296],[-118.24057,34.17306],[-118.24076,34.17311],[-118.24095,34.17327],[-118.24127,34.17348],[-118.24138,34.17363],[-118.24152,34.17376],[-118.24152,34.17395],[-118.24159,34.17412],[-118.24179,34.17412],[-118.24187,34.174],[-118.2418,34.17386],[-118.24179,34.17371],[-118.2418,34.1737],[-118.24194,34.1737],[-118.24205,34.17362],[-118.24207,34.17357],[-118.24199,34.17348],[-118.24169,34.17332],[-118.24135,34.17311],[-118.24099,34.17292],[-118.24069,34.17272],[-118.24042,34.17254],[-118.24014,34.17236],[-118.23995,34.17222],[-118.23976,34.17222],[-118.23953,34.17228],[-118.23934,34.17219],[-118.23915,34.17213],[-118.23891,34.17217],[-118.23868,34.17225],[-118.23857,34.17246],[-118.23848,34.17265],[-118.23833,34.17283],[-118.23814,34.17302]],[[-118.27823,34.24217],[-118.27817,34.24223],[-118.27813,34.2423],[-118.2781,34.24237],[-118.27809,34.24245],[-118.2781,34.24252],[-118.27811,34.24256],[-118.27815,34.24259],[-118.27817,34.24263],[-118.27818,34.24265],[-118.27818,34.24269],[-118.27817,34.24273],[-118.27816,34.24275],[-118.27812,34.24278],[-118.27808,34.2428],[-118.27803,34.24281],[-118.278,34.24281],[-118.27795,34.2428],[-118.27793,34.24279],[-118.27684,34.24152],[-118.27689,34.24135],[-118.27692,34.24118],[-118.27693,34.2411],[-118.27695,34.24092],[-118.27694,34.24075],[-118.27692,34.24058],[-118.27688,34.24041],[-118.27682,34.24024],[-118.27675,34.24008],[-118.2768,34.23998],[-118.27683,34.23993],[-118.2769,34.23984],[-118.27694,34.2398],[-118.27703,34.23972],[-118.27708,34.23969],[-118.27719,34.23962],[-118.27724,34.2396],[-118.2773,34.23957],[-118.27732,34.23953],[-118.27734,34.23949],[-118.27737,34.23941],[-118.27738,34.23937],[-118.27738,34.23928],[-118.27737,34.2392],[-118.27735,34.23915],[-118.27733,34.23911],[-118.27731,34.23907],[-118.27729,34.23904],[-118.27722,34.23897],[-118.27719,34.23894],[-118.27708,34.23894],[-118.27697,34.23895],[-118.27687,34.23895],[-118.27666,34.23893],[-118.27645,34.23891],[-118.27624,34.23887],[-118.27615,34.23889],[-118.27606,34.23891],[-118.27589,34.23897],[-118.27572,34.23904],[-118.27556,34.23912],[-118.27548,34.23916],[-118.27534,34.23926],[-118.27527,34.23932],[-118.27515,34.23943],[-118.27504,34.23956],[-118.27499,34.23962],[-118.2749,34.23976],[-118.27479,34.23994],[-118.2747,34.24014],[-118.27466,34.24024],[-118.27462,34.24034],[-118.27456,34.24054],[-118.27451,34.24074],[-118.2745,34.24084],[-118.27448,34.24095],[-118.27447,34.24115],[-118.27446,34.24126],[-118.27447,34.24151],[-118.27448,34.24181],[-118.27452,34.2421],[-118.27454,34.24225],[-118.27457,34.2424],[-118.27464,34.24269],[-118.27468,34.24283],[-118.27477,34.24312],[-118.27488,34.2434],[-118.27495,34.24347],[-118.27499,34.24351],[-118.27508,34.24357],[-118.27512,34.24359],[-118.27522,34.24364],[-118.27533,34.24367],[-118.27538,34.24368],[-118.27549,34.24369],[-118.2756,34.24369],[-118.27566,34.24368],[-118.27572,34.24367],[-118.27582,34.24364],[-118.27587,34.24363],[-118.27593,34.24362],[-118.27603,34.24362],[-118.27614,34.24363],[-118.27619,34.24363],[-118.27624,34.24365],[-118.27634,34.24368],[-118.27643,34.24373],[-118.27651,34.24378],[-118.27651,34.24384],[-118.27654,34.24395],[-118.27658,34.24406],[-118.27663,34.24416],[-118.27666,34.24421],[-118.27674,34.2443],[-118.27684,34.24439],[-118.27688,34.24442],[-118.27699,34.24449],[-118.27705,34.24452],[-118.27717,34.24457],[-118.27724,34.24459],[-118.27737,34.24462],[-118.27744,34.24463],[-118.27757,34.24464],[-118.27771,34.24463],[-118.27784,34.24461],[-118.27791,34.24459],[-118.27812,34.24434],[-118.27822,34.2442],[-118.27841,34.24394],[-118.2785,34.2438],[-118.27859,34.24366],[-118.27863,34.24359],[-118.27865,34.24352],[-118.27868,34.24345],[-118.2787,34.24338],[-118.27872,34.2433],[-118.27873,34.24323],[-118.27874,34.24308],[-118.27874,34.243],[-118.27873,34.24293],[-118.27872,34.24285],[-118.27871,34.24278],[-118.27869,34.2427],[-118.27867,34.24263],[-118.27864,34.24256],[-118.27861,34.24249],[-118.27857,34.24242],[-118.27849,34.24228],[-118.27839,34.24216],[-118.27833,34.2421],[-118.2783,34.24212],[-118.27823,34.24217]],[[-118.22129,34.1994],[-118.22137,34.19921],[-118.22169,34.19937],[-118.22195,34.19949],[-118.22225,34.19962],[-118.22254,34.19973],[-118.22296,34.19976],[-118.22329,34.19972],[-118.22358,34.19949],[-118.22369,34.19928],[-118.22384,34.19899],[-118.22398,34.19874],[-118.22413,34.19844],[-118.22415,34.19815],[-118.22416,34.19794],[-118.22413,34.19766],[-118.22392,34.19732],[-118.2238,34.19716],[-118.22362,34.1969],[-118.22336,34.1967],[-118.22301,34.1966],[-118.22254,34.19649],[-118.22221,34.19641],[-118.22197,34.19624],[-118.22188,34.19596],[-118.22186,34.19575],[-118.22189,34.19549],[-118.22187,34.19524],[-118.2219,34.19504],[-118.22203,34.1949],[-118.22235,34.19477],[-118.22289,34.19457],[-118.22326,34.19439],[-118.22361,34.19416],[-118.22388,34.19394],[-118.22406,34.19374],[-118.22402,34.19339],[-118.22392,34.19317],[-118.22376,34.19298],[-118.22337,34.19288],[-118.22322,34.19288],[-118.22289,34.19306],[-118.22257,34.19326],[-118.22232,34.19343],[-118.222,34.19366],[-118.22173,34.194],[-118.2215,34.19413],[-118.22116,34.19415],[-118.22089,34.19414],[-118.22067,34.19398],[-118.22043,34.19365],[-118.22035,34.1933],[-118.22026,34.19279],[-118.22021,34.19237],[-118.22005,34.19194],[-118.21987,34.19159],[-118.2197,34.19132],[-118.21969,34.19115],[-118.22013,34.19114],[-118.22041,34.19109],[-118.2207,34.19107],[-118.22136,34.19107],[-118.22166,34.19108],[-118.2219,34.19107],[-118.22229,34.19115],[-118.22257,34.19125],[-118.22284,34.19138],[-118.22305,34.19146],[-118.22325,34.19156],[-118.22334,34.19167],[-118.22371,34.19184],[-118.22391,34.19186],[-118.22413,34.19189],[-118.22487,34.19188],[-118.22505,34.19185],[-118.2252,34.1918],[-118.22526,34.1917],[-118.2253,34.19151],[-118.22535,34.19127],[-118.22535,34.191],[-118.22538,34.19069],[-118.22536,34.19049],[-118.22531,34.19031],[-118.22512,34.18994],[-118.22486,34.18975],[-118.22466,34.18968],[-118.22448,34.18961],[-118.2241,34.18955],[-118.2238,34.18946],[-118.22356,34.18936],[-118.22315,34.18925],[-118.22286,34.18926],[-118.22246,34.18933],[-118.22148,34.18934],[-118.22104,34.18933],[-118.22052,34.18934],[-118.22003,34.1893],[-118.21963,34.1892],[-118.21923,34.1891],[-118.21891,34.18901],[-118.2185,34.18884],[-118.21827,34.18839],[-118.21813,34.18806],[-118.21803,34.1878],[-118.21798,34.18757],[-118.21801,34.18744],[-118.21815,34.18738],[-118.21835,34.18739],[-118.21859,34.18744],[-118.21882,34.18753],[-118.21929,34.1877],[-118.21945,34.18776],[-118.2197,34.18784],[-118.21996,34.18785],[-118.22016,34.18785],[-118.22031,34.18794],[-118.22053,34.188],[-118.22063,34.18809],[-118.22084,34.18823],[-118.22115,34.18831],[-118.22133,34.18833],[-118.22149,34.18826],[-118.22165,34.18821],[-118.22182,34.18817],[-118.22204,34.18817],[-118.22213,34.1882],[-118.2223,34.18817],[-118.22276,34.18817],[-118.223,34.18816],[-118.22327,34.18809],[-118.2235,34.18792],[-118.22375,34.18777],[-118.22416,34.18745],[-118.22429,34.18739],[-118.22469,34.18739],[-118.22482,34.18737],[-118.22499,34.18731],[-118.22507,34.18722],[-118.22514,34.18713],[-118.22517,34.18706],[-118.22522,34.18692],[-118.22523,34.18677],[-118.2252,34.18669],[-118.2252,34.18653],[-118.22526,34.18636],[-118.22529,34.18623],[-118.2254,34.18617],[-118.22542,34.18604],[-118.22541,34.18591],[-118.22536,34.18579],[-118.22526,34.1857],[-118.22513,34.18563],[-118.22495,34.1856],[-118.22483,34.18549],[-118.2247,34.18532],[-118.22455,34.18525],[-118.22429,34.18523],[-118.22405,34.18521],[-118.22393,34.18521],[-118.22361,34.18521],[-118.22352,34.18511],[-118.22346,34.18492],[-118.2234,34.18473],[-118.22332,34.18453],[-118.2232,34.18435],[-118.2232,34.18434],[-118.22308,34.18422],[-118.22287,34.18404],[-118.22273,34.18392],[-118.22255,34.18379],[-118.22236,34.18367],[-118.22219,34.18357],[-118.22209,34.1836],[-118.22204,34.18368],[-118.2221,34.18377],[-118.22222,34.18386],[-118.22239,34.18401],[-118.2226,34.18417],[-118.22271,34.18432],[-118.22289,34.18447],[-118.22311,34.18471],[-118.22324,34.1849],[-118.22333,34.18508],[-118.22335,34.18532],[-118.2232,34.18533],[-118.2229,34.18534],[-118.22227,34.18535],[-118.22189,34.18538],[-118.2217,34.18541],[-118.22145,34.18539],[-118.22118,34.18539],[-118.22089,34.18537],[-118.2206,34.18532],[-118.22019,34.1853],[-118.22005,34.18521],[-118.21986,34.18521],[-118.21971,34.18527],[-118.21946,34.18532],[-118.21926,34.18532],[-118.21905,34.18539],[-118.21891,34.18545],[-118.21873,34.18556],[-118.21856,34.18562],[-118.21842,34.18574],[-118.21814,34.18578],[-118.21795,34.1857],[-118.2178,34.18558],[-118.21774,34.18538],[-118.21778,34.18509],[-118.21783,34.18464],[-118.21796,34.18424],[-118.21807,34.18383],[-118.21823,34.18336],[-118.21843,34.18303],[-118.21858,34.18281],[-118.2188,34.18274],[-118.21932,34.18252],[-118.21951,34.18246],[-118.21978,34.18244],[-118.22022,34.18241],[-118.22057,34.18241],[-118.22091,34.1824],[-118.22137,34.18239],[-118.2218,34.18238],[-118.22213,34.18234],[-118.22245,34.18226],[-118.22274,34.18221],[-118.22301,34.18213],[-118.22332,34.18202],[-118.22367,34.18192],[-118.22404,34.18179],[-118.22426,34.18166],[-118.22426,34.18153],[-118.22419,34.18131],[-118.22411,34.18106],[-118.22406,34.18086],[-118.224,34.18056],[-118.22408,34.18041],[-118.22443,34.18029],[-118.2246,34.18019],[-118.22475,34.18005],[-118.22485,34.17991],[-118.22488,34.1797],[-118.22497,34.17938],[-118.22496,34.17916],[-118.22484,34.17881],[-118.22445,34.17839],[-118.2243,34.17821],[-118.22405,34.17803],[-118.22383,34.17791],[-118.22366,34.17783],[-118.22348,34.17781],[-118.22335,34.17778],[-118.22316,34.1776],[-118.22297,34.17738],[-118.22284,34.17732],[-118.22255,34.17733],[-118.2223,34.17732],[-118.2221,34.17725],[-118.22208,34.17713],[-118.22212,34.17699],[-118.22209,34.17673],[-118.2221,34.17636],[-118.22214,34.1761],[-118.22219,34.17575],[-118.22223,34.17549],[-118.22226,34.17527],[-118.22228,34.1751],[-118.22225,34.17496],[-118.22212,34.1748],[-118.22194,34.17465],[-118.2217,34.17451],[-118.22109,34.17424],[-118.22074,34.17414],[-118.22046,34.17403],[-118.22018,34.1739],[-118.21998,34.1738],[-118.21974,34.1737],[-118.21963,34.17358],[-118.21959,34.17344],[-118.21961,34.17329],[-118.21952,34.17313],[-118.21937,34.17304],[-118.21912,34.17291],[-118.21882,34.17281],[-118.21854,34.17269],[-118.21832,34.17255],[-118.21815,34.17239],[-118.21801,34.17224],[-118.21791,34.17208],[-118.21785,34.17202],[-118.21788,34.17197],[-118.21795,34.17195],[-118.21809,34.17189],[-118.21818,34.17184],[-118.21832,34.17178],[-118.21841,34.17173],[-118.2184,34.17157],[-118.21841,34.17148],[-118.21848,34.1714],[-118.21854,34.17135],[-118.21864,34.17129],[-118.21879,34.17127],[-118.21898,34.17126],[-118.21914,34.17122],[-118.21929,34.17116],[-118.21937,34.17111],[-118.21947,34.17097],[-118.21959,34.17085],[-118.21967,34.17073],[-118.21977,34.17065],[-118.21988,34.17059],[-118.21998,34.17054],[-118.22009,34.1705],[-118.22029,34.1705],[-118.22076,34.17046],[-118.22099,34.17043],[-118.22135,34.1704],[-118.2216,34.17037],[-118.2218,34.17034],[-118.22205,34.17032],[-118.22222,34.17028],[-118.22263,34.17023],[-118.22283,34.17021],[-118.22307,34.1702],[-118.22355,34.17013],[-118.2238,34.17008],[-118.22423,34.16997],[-118.22447,34.16989],[-118.2248,34.16977],[-118.225,34.16968],[-118.2252,34.16957],[-118.22556,34.16931],[-118.22569,34.16924],[-118.22585,34.1692],[-118.22594,34.1692],[-118.2261,34.1692],[-118.22623,34.16924],[-118.2264,34.16926],[-118.22676,34.16937],[-118.22692,34.16943],[-118.22705,34.16948],[-118.22732,34.16955],[-118.22745,34.16956],[-118.22752,34.16951],[-118.22755,34.16947],[-118.22765,34.16944],[-118.2277,34.16941],[-118.22773,34.16936],[-118.22773,34.1693],[-118.22756,34.16924],[-118.22727,34.16918],[-118.22698,34.16907],[-118.22675,34.16896],[-118.22649,34.16891],[-118.22611,34.16877],[-118.22608,34.16867],[-118.22606,34.1685],[-118.2261,34.16831],[-118.22617,34.16814],[-118.22624,34.16799],[-118.22629,34.16783],[-118.22636,34.16767],[-118.22639,34.16753],[-118.22657,34.16744],[-118.22666,34.16741],[-118.22681,34.16741],[-118.22698,34.16745],[-118.22715,34.16748],[-118.2274,34.16753],[-118.22761,34.16759],[-118.22792,34.16763],[-118.22818,34.16768],[-118.22839,34.16771],[-118.22865,34.16776],[-118.22883,34.16782],[-118.22888,34.16784],[-118.22892,34.16786],[-118.22897,34.16788],[-118.22902,34.1679],[-118.22909,34.1679],[-118.22918,34.16783],[-118.22927,34.16775],[-118.22932,34.16769],[-118.22939,34.16764],[-118.22933,34.16757],[-118.22923,34.16753],[-118.22903,34.16753],[-118.22881,34.16748],[-118.22826,34.16742],[-118.22784,34.16734],[-118.22756,34.1673],[-118.22732,34.1672],[-118.22706,34.16717],[-118.22688,34.16712],[-118.22676,34.16707],[-118.22676,34.16689],[-118.22678,34.16673],[-118.22687,34.16645],[-118.22711,34.16635],[-118.22771,34.16649],[-118.22817,34.16662],[-118.22852,34.16668],[-118.2292,34.16677],[-118.22956,34.16685],[-118.22974,34.16688],[-118.22986,34.16693],[-118.23005,34.16696],[-118.23012,34.1669],[-118.2302,34.16681],[-118.23027,34.16676],[-118.23009,34.16663],[-118.22967,34.1665],[-118.22917,34.16642],[-118.22862,34.16636],[-118.22818,34.1663],[-118.22764,34.16616],[-118.22732,34.16608],[-118.22714,34.16598],[-118.22714,34.16592],[-118.2271,34.16577],[-118.2271,34.16557],[-118.22718,34.16537],[-118.22719,34.16517],[-118.22731,34.16501],[-118.22743,34.16488],[-118.22769,34.16477],[-118.22805,34.16492],[-118.22831,34.16502],[-118.22861,34.16504],[-118.22888,34.16504],[-118.2291,34.16502],[-118.22939,34.16501],[-118.22968,34.16495],[-118.22981,34.1648],[-118.22988,34.16463],[-118.22988,34.16444],[-118.22982,34.16398],[-118.22981,34.16374],[-118.22977,34.1635],[-118.22971,34.16333],[-118.2296,34.16316],[-118.22948,34.16301],[-118.2294,34.16287],[-118.22922,34.16263],[-118.22914,34.16244],[-118.22913,34.162],[-118.22916,34.1617],[-118.22927,34.16152],[-118.2294,34.16124],[-118.22938,34.16109],[-118.22928,34.16083],[-118.2291,34.16057],[-118.22899,34.1605],[-118.22889,34.16043],[-118.22859,34.16021],[-118.22848,34.16015],[-118.22837,34.16004],[-118.22826,34.15996],[-118.22813,34.15985],[-118.22786,34.15967],[-118.22775,34.15962],[-118.22742,34.15955],[-118.22711,34.15939],[-118.22695,34.1593],[-118.2268,34.15921],[-118.22669,34.1591],[-118.22655,34.15897],[-118.22642,34.15884],[-118.2263,34.15866],[-118.22609,34.15843],[-118.22594,34.15824],[-118.22579,34.15802],[-118.22578,34.15783],[-118.22581,34.15767],[-118.22586,34.15754],[-118.22596,34.15743],[-118.22608,34.15726],[-118.22617,34.1571],[-118.2264,34.15666],[-118.22647,34.15655],[-118.22647,34.15649],[-118.22641,34.15643],[-118.22643,34.15635],[-118.22642,34.15626],[-118.22636,34.15615],[-118.22632,34.15612],[-118.22624,34.15613],[-118.22607,34.15646],[-118.22604,34.15661],[-118.22585,34.15708],[-118.22575,34.15727],[-118.22571,34.1573],[-118.22561,34.1573],[-118.22546,34.15703],[-118.22536,34.15691],[-118.22529,34.15675],[-118.22528,34.15675],[-118.22512,34.15642],[-118.22496,34.15628],[-118.22477,34.15614],[-118.22459,34.15604],[-118.2244,34.15595],[-118.22423,34.15595],[-118.2241,34.15596],[-118.22403,34.15598],[-118.224,34.15603],[-118.22395,34.15603],[-118.22394,34.15601],[-118.22393,34.15591],[-118.22395,34.15578],[-118.22392,34.15571],[-118.22387,34.15572],[-118.22365,34.15584],[-118.22365,34.15596],[-118.22368,34.15629],[-118.22361,34.15635],[-118.22353,34.15653],[-118.22352,34.15666],[-118.22352,34.15682],[-118.22353,34.15698],[-118.22358,34.15714],[-118.22362,34.15734],[-118.2237,34.15753],[-118.22377,34.15767],[-118.22404,34.15789],[-118.22419,34.15799],[-118.22434,34.15808],[-118.22448,34.15816],[-118.22473,34.15827],[-118.22522,34.15845],[-118.22544,34.15854],[-118.22565,34.15864],[-118.22581,34.15877],[-118.2259,34.15893],[-118.22611,34.15962],[-118.22624,34.16032],[-118.22631,34.16117],[-118.22626,34.16195],[-118.22616,34.16278],[-118.22602,34.16354],[-118.22596,34.16374],[-118.22591,34.16378],[-118.22584,34.16381],[-118.22574,34.16382],[-118.22561,34.16384],[-118.22543,34.16384],[-118.22494,34.16386],[-118.22462,34.16386],[-118.22435,34.16387],[-118.22411,34.1639],[-118.22337,34.1639],[-118.22303,34.16384],[-118.22283,34.16371],[-118.22271,34.16361],[-118.22262,34.16338],[-118.22262,34.16315],[-118.22266,34.16301],[-118.2227,34.16277],[-118.22272,34.16266],[-118.22279,34.16239],[-118.2228,34.16223],[-118.2228,34.16215],[-118.22279,34.16209],[-118.22275,34.16204],[-118.22269,34.162],[-118.22259,34.16198],[-118.22232,34.16205],[-118.22191,34.16219],[-118.22173,34.16228],[-118.22155,34.16234],[-118.22138,34.16242],[-118.22123,34.16247],[-118.22107,34.16247],[-118.22093,34.16244],[-118.22081,34.16236],[-118.22068,34.16228],[-118.22059,34.16216],[-118.22043,34.16202],[-118.22017,34.16183],[-118.22002,34.16171],[-118.2199,34.16162],[-118.21985,34.16152],[-118.21984,34.16141],[-118.21989,34.16132],[-118.22002,34.16121],[-118.22024,34.16102],[-118.22028,34.16097],[-118.22032,34.16092],[-118.22037,34.16088],[-118.22046,34.16078],[-118.22053,34.1607],[-118.2206,34.16059],[-118.22069,34.16048],[-118.22071,34.16035],[-118.2207,34.16023],[-118.22069,34.16008],[-118.22064,34.15994],[-118.22055,34.15983],[-118.22044,34.15977],[-118.22032,34.15969],[-118.22017,34.15962],[-118.22004,34.15954],[-118.21978,34.15944],[-118.21965,34.15937],[-118.21951,34.15926],[-118.21948,34.15919],[-118.21945,34.15902],[-118.21944,34.1589],[-118.21944,34.15876],[-118.21943,34.15862],[-118.21943,34.1585],[-118.21942,34.15838],[-118.21929,34.15844],[-118.21917,34.15852],[-118.21915,34.15852],[-118.21909,34.15894],[-118.21898,34.15987],[-118.21895,34.16018],[-118.21893,34.16029],[-118.21889,34.16042],[-118.21886,34.16049],[-118.21884,34.16052],[-118.2188,34.16055],[-118.21873,34.16057],[-118.21863,34.16054],[-118.21853,34.16049],[-118.21845,34.16048],[-118.21837,34.16051],[-118.21826,34.16055],[-118.21824,34.16059],[-118.21823,34.16065],[-118.21824,34.16076],[-118.21822,34.16082],[-118.21816,34.16091],[-118.21811,34.16094],[-118.21807,34.16094],[-118.21805,34.16084],[-118.21806,34.16073],[-118.21807,34.16061],[-118.21808,34.16051],[-118.21811,34.16036],[-118.21812,34.16014],[-118.21811,34.15968],[-118.21804,34.1596],[-118.21794,34.15971],[-118.21791,34.1599],[-118.21788,34.16014],[-118.21787,34.16034],[-118.21784,34.16064],[-118.21784,34.16081],[-118.21779,34.16094],[-118.21771,34.16096],[-118.21764,34.16104],[-118.21756,34.16109],[-118.21751,34.16083],[-118.21748,34.16043],[-118.21744,34.16018],[-118.21743,34.15994],[-118.21743,34.15957],[-118.2173,34.15958],[-118.21719,34.15958],[-118.21721,34.15985],[-118.21721,34.16009],[-118.21725,34.1604],[-118.21728,34.16072],[-118.21733,34.16113],[-118.21725,34.16114],[-118.21721,34.16112],[-118.21713,34.16107],[-118.21701,34.161],[-118.21682,34.161],[-118.2167,34.16103],[-118.21654,34.16118],[-118.21642,34.16127],[-118.21625,34.16137],[-118.21626,34.1612],[-118.21637,34.16093],[-118.2164,34.16076],[-118.21649,34.16053],[-118.21654,34.16038],[-118.21653,34.1599],[-118.21652,34.15982],[-118.21652,34.15971],[-118.21653,34.15967],[-118.21656,34.15959],[-118.2164,34.15949],[-118.21618,34.15947],[-118.21587,34.15956],[-118.21564,34.15972],[-118.21552,34.15988],[-118.21532,34.16013],[-118.21519,34.16028],[-118.21504,34.16048],[-118.21499,34.1606],[-118.21489,34.16081],[-118.21476,34.161],[-118.21463,34.1612],[-118.21451,34.16135],[-118.21436,34.16144],[-118.2143,34.16156],[-118.21379,34.16183],[-118.21371,34.16195],[-118.21355,34.16213],[-118.21348,34.16224],[-118.21347,34.16213],[-118.21343,34.16199],[-118.21337,34.16175],[-118.21328,34.16146],[-118.21323,34.16124],[-118.21314,34.16103],[-118.213,34.16051],[-118.21291,34.16057],[-118.21285,34.16066],[-118.21291,34.16081],[-118.21298,34.16105],[-118.21304,34.16125],[-118.21312,34.16152],[-118.21328,34.16196],[-118.21334,34.16208],[-118.21337,34.16219],[-118.21335,34.16233],[-118.21323,34.16227],[-118.21315,34.16218],[-118.21306,34.16213],[-118.213,34.16203],[-118.21286,34.16197],[-118.21269,34.16195],[-118.21258,34.16196],[-118.2125,34.16203],[-118.21242,34.16214],[-118.21239,34.16232],[-118.21213,34.16208],[-118.21172,34.16162],[-118.21157,34.16135],[-118.2115,34.16137],[-118.21147,34.16144],[-118.21147,34.16149],[-118.21158,34.16165],[-118.21187,34.16199],[-118.21203,34.16221],[-118.21224,34.16242],[-118.2123,34.16246],[-118.21221,34.16246],[-118.21216,34.16246],[-118.21208,34.16246],[-118.21201,34.16245],[-118.21184,34.16243],[-118.21168,34.16236],[-118.21146,34.16223],[-118.2113,34.16212],[-118.21115,34.16197],[-118.21102,34.16179],[-118.21093,34.16162],[-118.21092,34.16147],[-118.21104,34.16125],[-118.21121,34.16111],[-118.21136,34.16107],[-118.21159,34.16102],[-118.21189,34.16093],[-118.21216,34.1608],[-118.21242,34.16067],[-118.21264,34.1605],[-118.21271,34.16043],[-118.21277,34.16041],[-118.21287,34.16036],[-118.21298,34.16026],[-118.2131,34.16013],[-118.21317,34.16002],[-118.21323,34.15995],[-118.21328,34.15982],[-118.2135,34.15969],[-118.2137,34.15958],[-118.21382,34.15954],[-118.21397,34.15953],[-118.2141,34.15948],[-118.21426,34.15945],[-118.21452,34.15938],[-118.21481,34.15933],[-118.2151,34.15929],[-118.21547,34.15929],[-118.2157,34.15931],[-118.2159,34.15936],[-118.21602,34.15933],[-118.2161,34.15928],[-118.21616,34.15916],[-118.21628,34.15904],[-118.21638,34.15897],[-118.21662,34.15892],[-118.21697,34.15883],[-118.21718,34.15876],[-118.21753,34.15865],[-118.21753,34.15864],[-118.21789,34.15852],[-118.21823,34.15831],[-118.21853,34.15811],[-118.21903,34.1577],[-118.21931,34.15757],[-118.21964,34.15753],[-118.22002,34.15753],[-118.22032,34.15745],[-118.22057,34.15737],[-118.22079,34.1573],[-118.22099,34.15718],[-118.2212,34.15707],[-118.22134,34.15701],[-118.22145,34.15691],[-118.22154,34.15678],[-118.22161,34.15662],[-118.22162,34.15673],[-118.22165,34.15684],[-118.22174,34.1569],[-118.22194,34.15678],[-118.22204,34.15671],[-118.22205,34.15671],[-118.22222,34.15659],[-118.22241,34.15645],[-118.22263,34.15623],[-118.22286,34.15599],[-118.22308,34.15578],[-118.22346,34.15548],[-118.22369,34.15532],[-118.22384,34.15517],[-118.22401,34.15506],[-118.22418,34.155],[-118.22443,34.15496],[-118.2246,34.15495],[-118.22474,34.15502],[-118.22478,34.15511],[-118.22501,34.15505],[-118.22512,34.15498],[-118.22509,34.15485],[-118.22503,34.15476],[-118.2248,34.15469],[-118.22457,34.15464],[-118.22433,34.15462],[-118.22408,34.15465],[-118.22388,34.15476],[-118.22386,34.15476],[-118.22366,34.15491],[-118.22348,34.15507],[-118.22329,34.15526],[-118.22309,34.15544],[-118.22293,34.15562],[-118.22271,34.15579],[-118.22252,34.15596],[-118.22235,34.15615],[-118.22224,34.15626],[-118.22221,34.1562],[-118.22209,34.15611],[-118.22197,34.15598],[-118.22187,34.1558],[-118.22183,34.15556],[-118.22187,34.15528],[-118.22196,34.15504],[-118.22196,34.15503],[-118.22218,34.15485],[-118.22234,34.15473],[-118.22262,34.1544],[-118.2227,34.15424],[-118.22272,34.15404],[-118.22271,34.15385],[-118.22261,34.15364],[-118.22246,34.15343],[-118.22223,34.15317],[-118.2221,34.15299],[-118.2221,34.15276],[-118.22219,34.15256],[-118.22239,34.15243],[-118.2229,34.15238],[-118.22296,34.15238],[-118.22308,34.15239],[-118.22324,34.15242],[-118.2233,34.15243],[-118.22334,34.15245],[-118.22341,34.15246],[-118.22344,34.15242],[-118.22343,34.15236],[-118.22343,34.15221],[-118.22341,34.15202],[-118.22341,34.15189],[-118.22322,34.15182],[-118.22302,34.15182],[-118.22279,34.15185],[-118.22278,34.15186],[-118.22279,34.15186],[-118.22268,34.1519],[-118.22226,34.15204],[-118.22199,34.15212],[-118.2216,34.15228],[-118.22104,34.15216],[-118.22078,34.15214],[-118.22048,34.15217],[-118.22029,34.15221],[-118.21995,34.15236],[-118.21964,34.15241],[-118.21916,34.1524],[-118.2189,34.15238],[-118.21862,34.15236],[-118.21833,34.15231],[-118.21812,34.15229],[-118.21766,34.15219],[-118.21753,34.15218],[-118.21731,34.15216],[-118.21722,34.15216],[-118.21714,34.15217],[-118.21707,34.15214],[-118.21704,34.15208],[-118.21709,34.15196],[-118.21712,34.15187],[-118.21713,34.15179],[-118.21712,34.15173],[-118.21708,34.15169],[-118.21689,34.15172],[-118.2168,34.15174],[-118.21654,34.15163],[-118.21644,34.15187],[-118.21632,34.15212],[-118.21625,34.1522],[-118.21588,34.15236],[-118.21557,34.15246],[-118.21527,34.15263],[-118.21478,34.15287],[-118.21424,34.15297],[-118.21316,34.15307],[-118.21241,34.15307],[-118.21211,34.15309],[-118.21185,34.15313],[-118.21157,34.15323],[-118.21142,34.15333],[-118.21124,34.1534],[-118.21093,34.15353],[-118.21055,34.15353],[-118.21036,34.15358],[-118.21007,34.15373],[-118.20983,34.15381],[-118.20947,34.15396],[-118.20925,34.154],[-118.20902,34.154],[-118.20887,34.15403],[-118.2087,34.15403],[-118.20857,34.15412],[-118.20842,34.15421],[-118.20831,34.1543],[-118.20817,34.1544],[-118.20802,34.15453],[-118.20788,34.15467],[-118.20765,34.15477],[-118.2074,34.15486],[-118.20716,34.15489],[-118.20678,34.15489],[-118.20664,34.1549],[-118.20655,34.15492],[-118.2064,34.15499],[-118.20625,34.15514],[-118.2061,34.15536],[-118.20597,34.15548],[-118.20576,34.15559],[-118.20558,34.1556],[-118.20537,34.15554],[-118.20494,34.15514],[-118.20475,34.15499],[-118.20454,34.1549],[-118.20426,34.1548],[-118.20339,34.15456],[-118.20311,34.15445],[-118.20291,34.15434],[-118.2028,34.15425],[-118.20264,34.1541],[-118.20258,34.15388],[-118.20259,34.15369],[-118.20272,34.15346],[-118.20293,34.15319],[-118.20308,34.15304],[-118.20327,34.15271],[-118.2034,34.15258],[-118.20389,34.15256],[-118.20427,34.15256],[-118.20471,34.15256],[-118.20526,34.15257],[-118.2057,34.15259],[-118.20615,34.15259],[-118.20668,34.15251],[-118.2071,34.15236],[-118.20744,34.15219],[-118.20785,34.152],[-118.20823,34.15181],[-118.20852,34.15162],[-118.20908,34.15127],[-118.20919,34.15117],[-118.20926,34.15103],[-118.20936,34.15094],[-118.20947,34.1509],[-118.20977,34.15089],[-118.21001,34.15081],[-118.21013,34.15074],[-118.21018,34.15062],[-118.21012,34.15047],[-118.21005,34.15029],[-118.20989,34.15001],[-118.20989,34.15],[-118.20973,34.14993],[-118.20956,34.14991],[-118.20914,34.14997],[-118.20894,34.14998],[-118.20865,34.14997],[-118.20848,34.14997],[-118.20831,34.14995],[-118.20827,34.14998],[-118.20826,34.15004],[-118.20821,34.15005],[-118.20811,34.15004],[-118.20801,34.15002],[-118.20789,34.14998],[-118.20772,34.14994],[-118.20747,34.1498],[-118.20728,34.14967],[-118.20684,34.14945],[-118.20657,34.1494],[-118.20652,34.14932],[-118.20645,34.14911],[-118.20642,34.14892],[-118.20644,34.14873],[-118.20649,34.14864],[-118.20699,34.14866],[-118.20727,34.14868],[-118.20745,34.14881],[-118.20753,34.14882],[-118.20762,34.14881],[-118.20773,34.14883],[-118.20784,34.14888],[-118.20796,34.14894],[-118.20811,34.14897],[-118.20809,34.14889],[-118.20814,34.14878],[-118.208,34.14874],[-118.20787,34.14868],[-118.20772,34.14862],[-118.20761,34.14855],[-118.20755,34.14848],[-118.20758,34.14839],[-118.20769,34.14836],[-118.2079,34.14834],[-118.20812,34.14834],[-118.20837,34.14813],[-118.20855,34.14813],[-118.20876,34.14816],[-118.20893,34.14821],[-118.20922,34.14823],[-118.20991,34.14845],[-118.21014,34.14852],[-118.21038,34.14856],[-118.21046,34.14856],[-118.21084,34.14864],[-118.21123,34.14874],[-118.2116,34.14885],[-118.21197,34.14892],[-118.21229,34.14903],[-118.21257,34.14916],[-118.21287,34.14928],[-118.21309,34.14934],[-118.21357,34.14936],[-118.21411,34.14943],[-118.21453,34.14946],[-118.21538,34.1495],[-118.2158,34.14953],[-118.21609,34.14954],[-118.21644,34.1496],[-118.21672,34.14969],[-118.21709,34.1498],[-118.21744,34.14989],[-118.2179,34.14996],[-118.21828,34.15001],[-118.21845,34.15004],[-118.2186,34.15006],[-118.21914,34.15015],[-118.21942,34.15019],[-118.21963,34.15026],[-118.21983,34.15037],[-118.21989,34.15042],[-118.21992,34.15048],[-118.21999,34.15059],[-118.22,34.15063],[-118.22006,34.15069],[-118.2201,34.15068],[-118.22011,34.15064],[-118.2201,34.15051],[-118.2201,34.15042],[-118.22048,34.15047],[-118.22079,34.15054],[-118.22075,34.15074],[-118.2207,34.15092],[-118.22065,34.15108],[-118.22121,34.15121],[-118.22125,34.15107],[-118.22125,34.15083],[-118.22125,34.15071],[-118.22128,34.15063],[-118.22142,34.15063],[-118.22158,34.15067],[-118.22241,34.15066],[-118.22257,34.15061],[-118.22273,34.15066],[-118.22298,34.15069],[-118.22316,34.15069],[-118.22337,34.15061],[-118.22346,34.15049],[-118.22357,34.15032],[-118.22372,34.15012],[-118.22394,34.14988],[-118.22414,34.14969],[-118.22434,34.1495],[-118.22461,34.14935],[-118.2246,34.14935],[-118.22459,34.14935],[-118.22423,34.14934],[-118.22412,34.14933],[-118.22405,34.14933],[-118.22379,34.14931],[-118.22335,34.1493],[-118.22333,34.1493],[-118.22328,34.14929],[-118.22327,34.14929],[-118.22326,34.14929],[-118.22282,34.14926],[-118.22248,34.14925],[-118.22236,34.14916],[-118.22202,34.14886],[-118.22158,34.14877],[-118.22157,34.14877],[-118.22156,34.14876],[-118.22155,34.14876],[-118.22123,34.14868],[-118.21976,34.14835],[-118.21944,34.14827],[-118.21936,34.14802],[-118.21935,34.14798],[-118.21927,34.14777],[-118.21918,34.14753],[-118.21868,34.14752],[-118.21867,34.14752],[-118.21866,34.14752],[-118.21865,34.14752],[-118.21861,34.14752],[-118.21841,34.14752],[-118.21839,34.14752],[-118.21727,34.14753],[-118.21711,34.14753],[-118.21709,34.14753],[-118.2168,34.14752],[-118.21676,34.14751],[-118.21668,34.14748],[-118.21647,34.14737],[-118.21623,34.14724],[-118.21559,34.14724],[-118.21519,34.14724],[-118.21518,34.14724],[-118.21501,34.14724],[-118.21466,34.14725],[-118.21451,34.14725],[-118.21449,34.14725],[-118.21439,34.14726],[-118.21426,34.14726],[-118.21417,34.14726],[-118.21375,34.14726],[-118.21348,34.14727],[-118.21347,34.14727],[-118.21341,34.14727],[-118.21339,34.14727],[-118.21324,34.14727],[-118.21323,34.14727],[-118.21322,34.14727],[-118.21321,34.14727],[-118.21318,34.14727],[-118.21315,34.14727],[-118.21261,34.14725],[-118.21202,34.14722],[-118.21181,34.14719],[-118.21163,34.14717],[-118.21152,34.14702],[-118.21145,34.14693],[-118.21136,34.14679],[-118.21136,34.14678],[-118.21126,34.14663],[-118.21114,34.14646],[-118.21113,34.14645],[-118.2111,34.1464],[-118.21098,34.14622],[-118.21057,34.14628],[-118.21009,34.14633],[-118.20987,34.14636],[-118.20987,34.14637],[-118.20984,34.14637],[-118.20969,34.14639],[-118.20931,34.14645],[-118.20882,34.1465],[-118.20881,34.1465],[-118.2088,34.1465],[-118.20876,34.14651],[-118.20875,34.14651],[-118.20861,34.14661],[-118.20852,34.14668],[-118.20821,34.14689],[-118.20798,34.14706],[-118.20797,34.14706],[-118.20794,34.14708],[-118.20793,34.1471],[-118.2077,34.14726],[-118.20712,34.14731],[-118.20668,34.14734],[-118.20645,34.14735],[-118.20644,34.14735],[-118.20619,34.14737],[-118.20596,34.1474],[-118.20594,34.1474],[-118.20579,34.14742],[-118.20541,34.14744],[-118.20536,34.14753],[-118.20535,34.14754],[-118.20523,34.14774],[-118.20515,34.14786],[-118.20514,34.14787],[-118.20502,34.14806],[-118.20472,34.14853],[-118.20472,34.14854],[-118.20424,34.14931],[-118.204,34.14945],[-118.20398,34.14946],[-118.20392,34.1495],[-118.2039,34.14952],[-118.20389,34.14952],[-118.20375,34.14963],[-118.20359,34.14972],[-118.20342,34.14992],[-118.20307,34.15027],[-118.20307,34.15028],[-118.20286,34.15049],[-118.2027,34.15067],[-118.20269,34.15067],[-118.20199,34.15075],[-118.20184,34.15077],[-118.20181,34.15077],[-118.20163,34.15079],[-118.20147,34.15081],[-118.20114,34.15086],[-118.20064,34.15093],[-118.20028,34.15097],[-118.20018,34.15098],[-118.19967,34.15105],[-118.19956,34.15106],[-118.19953,34.15107],[-118.19891,34.15116],[-118.19877,34.15124],[-118.1986,34.15136],[-118.19843,34.15146],[-118.19835,34.15151],[-118.19817,34.15162],[-118.19816,34.15096],[-118.19816,34.15084],[-118.19817,34.15079],[-118.19817,34.15078],[-118.19818,34.15055],[-118.19818,34.15011],[-118.1982,34.14927],[-118.19818,34.14915],[-118.19817,34.14905],[-118.19816,34.14903],[-118.19803,34.14904],[-118.19758,34.14905],[-118.19756,34.14905],[-118.19743,34.14905],[-118.19683,34.14906],[-118.19621,34.14906],[-118.1959,34.14905],[-118.19586,34.14905],[-118.19555,34.14905],[-118.19527,34.14906],[-118.19523,34.14906],[-118.19476,34.14907],[-118.19337,34.14907],[-118.19321,34.14906],[-118.19314,34.14906],[-118.19313,34.14906],[-118.19279,34.14906],[-118.19211,34.14907],[-118.19198,34.14907],[-118.19138,34.14907],[-118.19112,34.14907],[-118.18999,34.14907],[-118.18959,34.14907],[-118.18958,34.14907],[-118.18952,34.14907],[-118.18949,34.14907],[-118.18947,34.14907],[-118.18939,34.14907],[-118.18931,34.14907],[-118.18922,34.14907],[-118.18921,34.14907],[-118.18864,34.14907],[-118.18752,34.14907],[-118.18701,34.14908],[-118.18699,34.14908],[-118.18696,34.14908],[-118.18692,34.14908],[-118.1869,34.14908],[-118.18641,34.14907],[-118.18574,34.14908],[-118.18515,34.14908],[-118.18494,34.14908],[-118.18493,34.14908],[-118.18464,34.14909],[-118.18434,34.14909],[-118.1843,34.14909],[-118.18414,34.14908],[-118.1839,34.14909],[-118.18388,34.14909],[-118.18372,34.14909],[-118.1835,34.14908],[-118.18319,34.14908],[-118.18284,34.14907],[-118.18291,34.14856],[-118.18295,34.14831],[-118.18299,34.14805],[-118.18309,34.14754],[-118.18321,34.14703],[-118.18334,34.14653],[-118.18341,34.14628],[-118.18356,34.14577],[-118.18349,34.14568],[-118.18342,34.14559],[-118.18327,34.14542],[-118.18319,34.14534],[-118.18302,34.14518],[-118.18293,34.1451],[-118.18283,34.14503],[-118.18274,34.14496],[-118.18264,34.14489],[-118.18257,34.14492],[-118.18254,34.14494],[-118.18248,34.14498],[-118.18246,34.14501],[-118.18242,34.14507],[-118.18241,34.1451],[-118.1824,34.14516],[-118.1824,34.14519],[-118.18235,34.14525],[-118.18226,34.14536],[-118.1822,34.14541],[-118.18209,34.1455],[-118.18196,34.14559],[-118.18189,34.14562],[-118.18182,34.14566],[-118.18175,34.14569],[-118.18168,34.14572],[-118.18152,34.14576],[-118.18136,34.14579],[-118.18128,34.1458],[-118.1812,34.14581],[-118.18112,34.14581],[-118.18104,34.14581],[-118.18098,34.14584],[-118.18092,34.14589],[-118.18088,34.14594],[-118.18086,34.146],[-118.18085,34.14606],[-118.18085,34.14609],[-118.18086,34.14615],[-118.1809,34.14621],[-118.18092,34.14623],[-118.18096,34.14643],[-118.18097,34.14653],[-118.18099,34.14673],[-118.18099,34.14693],[-118.18101,34.147],[-118.18103,34.14713],[-118.18104,34.14727],[-118.18103,34.1474],[-118.18101,34.14753],[-118.18097,34.14766],[-118.18096,34.1477],[-118.18096,34.14773],[-118.18097,34.14777],[-118.18098,34.1478],[-118.181,34.14787],[-118.18103,34.1479],[-118.18105,34.14793],[-118.18108,34.14796],[-118.18114,34.148],[-118.18122,34.14803],[-118.18126,34.14805],[-118.1813,34.14805],[-118.1814,34.14801],[-118.1815,34.14796],[-118.18159,34.1479],[-118.18167,34.14783],[-118.1817,34.14779],[-118.18177,34.14773],[-118.18186,34.14768],[-118.18195,34.14764],[-118.182,34.14762],[-118.1821,34.1476],[-118.1822,34.14758],[-118.18225,34.14758],[-118.18235,34.14761],[-118.1824,34.14763],[-118.18244,34.14765],[-118.18243,34.14769],[-118.1824,34.14774],[-118.18238,34.14776],[-118.18234,34.14779],[-118.18228,34.14784],[-118.18223,34.1479],[-118.18213,34.14802],[-118.18204,34.14815],[-118.18201,34.14822],[-118.18194,34.14836],[-118.1819,34.1485],[-118.18187,34.14865],[-118.18185,34.14872],[-118.18185,34.14879],[-118.18185,34.14894],[-118.18186,34.14901],[-118.18186,34.14907],[-118.18187,34.14908],[-118.18184,34.14908],[-118.18183,34.14908],[-118.18173,34.14939],[-118.18168,34.14962],[-118.18168,34.14963],[-118.18167,34.14967],[-118.18165,34.14974],[-118.18159,34.1499],[-118.1816,34.14991],[-118.18161,34.14998],[-118.18166,34.15019],[-118.18173,34.15042],[-118.18178,34.1506],[-118.18197,34.15131],[-118.1823,34.15252],[-118.18258,34.15362],[-118.1828,34.15445],[-118.18298,34.15516],[-118.183,34.15525],[-118.183,34.15526],[-118.183,34.15528],[-118.1831,34.15569],[-118.1832,34.15603],[-118.18331,34.15638],[-118.18347,34.15704],[-118.18364,34.15771],[-118.18367,34.15783],[-118.18368,34.15785],[-118.18384,34.15851],[-118.18398,34.159],[-118.18401,34.15913],[-118.18417,34.15973],[-118.18417,34.15974],[-118.18417,34.15976],[-118.18441,34.15975],[-118.18479,34.15979],[-118.18489,34.1602],[-118.18492,34.16031],[-118.1846,34.16026],[-118.18428,34.16022],[-118.18397,34.16019],[-118.18365,34.16017],[-118.18349,34.16017],[-118.18317,34.16018],[-118.18285,34.16019],[-118.18261,34.16022],[-118.1825,34.16022],[-118.18238,34.16022],[-118.18226,34.16022],[-118.18214,34.16022],[-118.1819,34.16019],[-118.18178,34.16018],[-118.18139,34.16006],[-118.18099,34.15996],[-118.18079,34.15991],[-118.18038,34.15983],[-118.17997,34.15976],[-118.17956,34.1597],[-118.17935,34.15968],[-118.17893,34.15964],[-118.17879,34.15968],[-118.17863,34.15971],[-118.17855,34.15971],[-118.1784,34.15972],[-118.17824,34.15971],[-118.17816,34.1597],[-118.1781,34.1597],[-118.17798,34.15971],[-118.17787,34.15973],[-118.17775,34.15977],[-118.17747,34.15987],[-118.17691,34.16009],[-118.17636,34.16032],[-118.17608,34.16044],[-118.17553,34.16068],[-118.17545,34.16071],[-118.17537,34.16074],[-118.17528,34.16076],[-118.1752,34.16078],[-118.17511,34.1608],[-118.17502,34.16081],[-118.17484,34.16083],[-118.17475,34.16083],[-118.17466,34.16083],[-118.17449,34.16086],[-118.17441,34.16087],[-118.17432,34.16087],[-118.17415,34.16087],[-118.17406,34.16087],[-118.17397,34.16086],[-118.17389,34.16085],[-118.17372,34.16081],[-118.17364,34.16079],[-118.17347,34.16074],[-118.17333,34.16067],[-118.1732,34.16062],[-118.17313,34.1606],[-118.17298,34.16057],[-118.17284,34.16055],[-118.17269,34.16054],[-118.17261,34.16054],[-118.17247,34.16056],[-118.17212,34.16035],[-118.17179,34.16014],[-118.17147,34.15992],[-118.17115,34.15969],[-118.17116,34.15979],[-118.17117,34.15986],[-118.1712,34.15999],[-118.17122,34.16005],[-118.17125,34.16012],[-118.17131,34.16024],[-118.17144,34.16034],[-118.17172,34.16052],[-118.172,34.16069],[-118.17215,34.16077],[-118.17245,34.16093],[-118.17262,34.16102],[-118.17271,34.16106],[-118.17288,34.16114],[-118.17307,34.1612],[-118.17339,34.1612],[-118.17355,34.1612],[-118.17387,34.16122],[-118.17403,34.16123],[-118.17419,34.16125],[-118.17451,34.1613],[-118.17467,34.16132],[-118.17498,34.16139],[-118.17529,34.16147],[-118.17665,34.16178],[-118.17656,34.16188],[-118.17653,34.16192],[-118.17646,34.16202],[-118.17641,34.16213],[-118.17639,34.16219],[-118.17637,34.1623],[-118.17636,34.16241],[-118.17636,34.16247],[-118.17637,34.16253],[-118.17639,34.16264],[-118.17642,34.16271],[-118.1765,34.16284],[-118.17655,34.1629],[-118.17664,34.16302],[-118.17675,34.16313],[-118.17688,34.16323],[-118.17694,34.16328],[-118.17708,34.16337],[-118.17723,34.16344],[-118.17816,34.16406],[-118.1782,34.16408],[-118.17822,34.16411],[-118.17824,34.16414],[-118.17825,34.16418],[-118.17824,34.1642],[-118.17823,34.16423],[-118.1782,34.16426],[-118.17816,34.16428],[-118.17811,34.16428],[-118.17809,34.16428],[-118.17799,34.16425],[-118.1779,34.16424],[-118.17774,34.16422],[-118.17765,34.16421],[-118.17757,34.16421],[-118.1774,34.16422],[-118.17557,34.16481],[-118.17556,34.16483],[-118.17554,34.16489],[-118.17553,34.16494],[-118.17554,34.16497],[-118.17556,34.16502],[-118.1756,34.16507],[-118.17563,34.16509],[-118.17568,34.16512],[-118.17599,34.165],[-118.1763,34.16489],[-118.17662,34.1648],[-118.17694,34.16472],[-118.17727,34.16465],[-118.17744,34.16462],[-118.1776,34.16459],[-118.17781,34.1646],[-118.17791,34.1646],[-118.17801,34.16459],[-118.17821,34.16457],[-118.17831,34.16455],[-118.17841,34.16453],[-118.17851,34.16451],[-118.17861,34.16448],[-118.17879,34.16441],[-118.17889,34.16438],[-118.17898,34.16434],[-118.17915,34.16425],[-118.1793,34.16422],[-118.17961,34.16416],[-118.17991,34.16409],[-118.18021,34.164],[-118.1805,34.1639],[-118.18064,34.16384],[-118.18078,34.16378],[-118.18083,34.16373],[-118.18094,34.16364],[-118.18105,34.16355],[-118.18111,34.16351],[-118.18125,34.16345],[-118.18138,34.16339],[-118.18153,34.16334],[-118.18168,34.16331],[-118.18171,34.16329],[-118.18176,34.16327],[-118.1818,34.16327],[-118.18185,34.16329],[-118.18188,34.16331],[-118.18191,34.16334],[-118.18192,34.16338],[-118.18191,34.16342],[-118.1819,34.16344],[-118.18188,34.16347],[-118.18156,34.16371],[-118.18125,34.16393],[-118.18093,34.16414],[-118.18076,34.16423],[-118.18059,34.16433],[-118.18025,34.16451],[-118.1799,34.16468],[-118.17962,34.16474],[-118.17948,34.16477],[-118.17934,34.16479],[-118.17906,34.16482],[-118.17877,34.16483],[-118.17863,34.16484],[-118.17849,34.16483],[-118.17834,34.16483],[-118.1782,34.16482],[-118.17805,34.16483],[-118.17774,34.16486],[-118.17743,34.1649],[-118.17727,34.16492],[-118.17712,34.16495],[-118.17682,34.16502],[-118.17667,34.16506],[-118.17638,34.16515],[-118.17624,34.1652],[-118.17595,34.16531],[-118.17568,34.16543],[-118.17554,34.16549],[-118.1754,34.16547],[-118.17512,34.16544],[-118.17484,34.16542],[-118.17455,34.16541],[-118.17441,34.16541],[-118.17413,34.16542],[-118.17419,34.16547],[-118.17431,34.16557],[-118.17436,34.16563],[-118.17446,34.16575],[-118.17455,34.16587],[-118.17458,34.16593],[-118.17464,34.16607],[-118.17476,34.16604],[-118.17486,34.16599],[-118.17491,34.16597],[-118.17504,34.1659],[-118.17507,34.16588],[-118.17516,34.16585],[-118.17525,34.16584],[-118.17533,34.16584],[-118.17542,34.16585],[-118.17562,34.16594],[-118.17572,34.16599],[-118.17593,34.16606],[-118.17603,34.16609],[-118.17641,34.16609],[-118.17661,34.16608],[-118.1768,34.16607],[-118.17718,34.16604],[-118.17766,34.16603],[-118.17815,34.16601],[-118.17839,34.16599],[-118.17887,34.16594],[-118.17934,34.16589],[-118.17982,34.16582],[-118.18029,34.16574],[-118.18084,34.1656],[-118.18139,34.16546],[-118.18193,34.1653],[-118.18246,34.16513],[-118.18299,34.16495],[-118.18309,34.16497],[-118.18319,34.16501],[-118.18324,34.16503],[-118.18333,34.16508],[-118.1834,34.16514],[-118.18346,34.16521],[-118.18351,34.16529],[-118.18353,34.16533],[-118.18361,34.1654],[-118.18366,34.16543],[-118.1837,34.16546],[-118.18381,34.16551],[-118.18386,34.16552],[-118.18397,34.16555],[-118.18409,34.16556],[-118.1842,34.16555],[-118.18426,34.16555],[-118.18437,34.16552],[-118.18443,34.1655],[-118.18453,34.16546],[-118.18459,34.1654],[-118.18473,34.16531],[-118.1848,34.16526],[-118.18495,34.16518],[-118.18511,34.16511],[-118.18519,34.16508],[-118.18536,34.16503],[-118.18545,34.16501],[-118.18559,34.165],[-118.18588,34.16497],[-118.18602,34.16497],[-118.18631,34.16497],[-118.18645,34.16497],[-118.18674,34.16499],[-118.18702,34.16503],[-118.18718,34.16519],[-118.1872,34.1652],[-118.18758,34.16534],[-118.18773,34.1654],[-118.18774,34.1654],[-118.18775,34.16541],[-118.18806,34.16553],[-118.18855,34.16572],[-118.18845,34.16593],[-118.18841,34.16601],[-118.1883,34.16615],[-118.18816,34.16635],[-118.18791,34.16672],[-118.18804,34.16698],[-118.18805,34.16699],[-118.18828,34.16743],[-118.18855,34.168],[-118.18874,34.16839],[-118.18908,34.16903],[-118.18968,34.16903],[-118.18973,34.1691],[-118.19048,34.17031],[-118.19056,34.17075],[-118.19056,34.17076],[-118.19067,34.17129],[-118.19073,34.17173],[-118.19073,34.17174],[-118.19073,34.17175],[-118.19077,34.17202],[-118.19084,34.17238],[-118.19087,34.17253],[-118.191,34.17322],[-118.19087,34.17349],[-118.19085,34.17353],[-118.19078,34.17366],[-118.19038,34.17443],[-118.19004,34.17533],[-118.1896,34.17623],[-118.18935,34.17687],[-118.18927,34.17706],[-118.18961,34.17722],[-118.18995,34.17733],[-118.1903,34.1774],[-118.19042,34.17727],[-118.19055,34.17709],[-118.19078,34.17691],[-118.19096,34.17672],[-118.19124,34.17654],[-118.19146,34.17638],[-118.19166,34.17626],[-118.19189,34.17619],[-118.19229,34.17619],[-118.19261,34.17626],[-118.19305,34.17637],[-118.19349,34.17653],[-118.19398,34.17666],[-118.19432,34.17676],[-118.19467,34.17685],[-118.19493,34.17686],[-118.19514,34.17686],[-118.19536,34.17673],[-118.19559,34.17656],[-118.19578,34.17636],[-118.19579,34.17616],[-118.19579,34.17598],[-118.1957,34.1758],[-118.19562,34.17542],[-118.19561,34.1753],[-118.19561,34.17519],[-118.19566,34.17508],[-118.19581,34.17492],[-118.19596,34.17471],[-118.19601,34.17464],[-118.19624,34.17441],[-118.19632,34.17432],[-118.19635,34.17421],[-118.19636,34.17412],[-118.19637,34.17397],[-118.19636,34.17383],[-118.19635,34.17362],[-118.19631,34.17341],[-118.19629,34.17318],[-118.19608,34.17256],[-118.19599,34.17253],[-118.19574,34.17262],[-118.19552,34.17265],[-118.19496,34.17266],[-118.19476,34.17249],[-118.19482,34.17221],[-118.19507,34.17192],[-118.19526,34.1716],[-118.19558,34.17133],[-118.19574,34.17112],[-118.19604,34.17086],[-118.19618,34.17078],[-118.19674,34.17054],[-118.19737,34.17042],[-118.19801,34.17025],[-118.19875,34.17021],[-118.19924,34.17024],[-118.19957,34.17038],[-118.19994,34.17028],[-118.20031,34.17013],[-118.20036,34.16995],[-118.20043,34.16968],[-118.20057,34.1693],[-118.20064,34.16894],[-118.20076,34.16877],[-118.20122,34.16862],[-118.20177,34.16843],[-118.2023,34.16804],[-118.20274,34.16779],[-118.20343,34.16745],[-118.20385,34.16733],[-118.20422,34.16725],[-118.20467,34.16726],[-118.205,34.16733],[-118.20536,34.16737],[-118.20566,34.16746],[-118.20594,34.16753],[-118.20628,34.16767],[-118.20666,34.16781],[-118.20705,34.168],[-118.20748,34.16819],[-118.20781,34.16837],[-118.20843,34.16866],[-118.20879,34.16887],[-118.20945,34.16922],[-118.20983,34.16949],[-118.21024,34.1699],[-118.21047,34.17028],[-118.21062,34.17072],[-118.21087,34.17098],[-118.21114,34.17131],[-118.21139,34.17154],[-118.21165,34.17172],[-118.21195,34.17186],[-118.21227,34.17204],[-118.21255,34.1722],[-118.21263,34.17238],[-118.21276,34.17268],[-118.21275,34.17295],[-118.21272,34.17321],[-118.21269,34.17354],[-118.21264,34.1739],[-118.21268,34.17418],[-118.2127,34.1744],[-118.21259,34.17464],[-118.21249,34.1748],[-118.21232,34.17493],[-118.21216,34.17501],[-118.21201,34.17503],[-118.21189,34.17495],[-118.21174,34.17479],[-118.21166,34.17461],[-118.21146,34.17446],[-118.21124,34.17428],[-118.21091,34.17416],[-118.21046,34.17399],[-118.21013,34.17381],[-118.20978,34.17367],[-118.20963,34.17353],[-118.20944,34.17343],[-118.20907,34.17338],[-118.20877,34.17341],[-118.20845,34.17343],[-118.20812,34.17343],[-118.20782,34.17346],[-118.20759,34.17352],[-118.20753,34.17365],[-118.20745,34.17386],[-118.20725,34.17409],[-118.20698,34.17428],[-118.20679,34.17437],[-118.20659,34.17448],[-118.20638,34.17448],[-118.20618,34.17441],[-118.2059,34.17433],[-118.20558,34.17432],[-118.20529,34.17432],[-118.2049,34.17401],[-118.20472,34.17382],[-118.2045,34.17351],[-118.20431,34.1733],[-118.2042,34.17318],[-118.20413,34.17309],[-118.20413,34.17302],[-118.20396,34.17209],[-118.20374,34.17129],[-118.20363,34.17066],[-118.2036,34.17025],[-118.20401,34.17003],[-118.20404,34.16994],[-118.20406,34.16984],[-118.20407,34.16979],[-118.20407,34.16974],[-118.20406,34.16964],[-118.20404,34.16954],[-118.20382,34.16964],[-118.20335,34.16984],[-118.20302,34.17],[-118.20261,34.17059],[-118.20207,34.17141],[-118.20157,34.17228],[-118.20129,34.17322],[-118.20105,34.17411],[-118.20088,34.17475],[-118.20082,34.17506],[-118.20061,34.1753],[-118.2003,34.17553],[-118.19995,34.17571],[-118.19963,34.17586],[-118.19933,34.17593],[-118.19907,34.17599],[-118.19886,34.17602],[-118.19868,34.17608],[-118.19863,34.17618],[-118.19869,34.17634],[-118.19877,34.17648],[-118.19881,34.1766],[-118.19886,34.17671],[-118.19919,34.17699],[-118.19941,34.17714],[-118.19966,34.17731],[-118.19985,34.17744],[-118.19995,34.17757],[-118.20009,34.17769],[-118.20067,34.17816],[-118.20115,34.17838],[-118.20162,34.17858],[-118.20212,34.17867],[-118.20271,34.1787],[-118.20324,34.17871],[-118.20384,34.17879],[-118.20454,34.17918],[-118.20477,34.1794],[-118.20519,34.17977],[-118.20567,34.18014],[-118.20616,34.1801],[-118.20661,34.18004],[-118.20704,34.17987],[-118.20747,34.17975],[-118.20791,34.17956],[-118.20816,34.17943],[-118.2084,34.17925],[-118.20882,34.17916],[-118.20927,34.17917],[-118.20973,34.17921],[-118.2099,34.1793],[-118.21004,34.17941],[-118.21018,34.17953],[-118.21025,34.17959],[-118.21037,34.17972],[-118.21047,34.17986],[-118.21057,34.18],[-118.21064,34.18015],[-118.2107,34.1803],[-118.21075,34.18046],[-118.21077,34.18063],[-118.21079,34.18079],[-118.21078,34.18095],[-118.21065,34.18116],[-118.21053,34.18138],[-118.21042,34.1816],[-118.21038,34.18172],[-118.21033,34.18183],[-118.21026,34.18206],[-118.21023,34.18218],[-118.21021,34.1823],[-118.21017,34.18254],[-118.21014,34.18277],[-118.21014,34.1829],[-118.21022,34.18298],[-118.21029,34.18307],[-118.21035,34.18317],[-118.21039,34.18328],[-118.21041,34.18333],[-118.21043,34.18344],[-118.21043,34.18355],[-118.21042,34.18366],[-118.21027,34.18384],[-118.2102,34.18394],[-118.21008,34.18414],[-118.21002,34.18424],[-118.20997,34.18435],[-118.20992,34.18445],[-118.20988,34.18456],[-118.20983,34.18466],[-118.20977,34.18488],[-118.20972,34.1851],[-118.2096,34.18535],[-118.20954,34.18547],[-118.20948,34.18559],[-118.20933,34.18583],[-118.20917,34.18606],[-118.20909,34.18617],[-118.20891,34.18639],[-118.20881,34.1865],[-118.20871,34.1866],[-118.2085,34.1868],[-118.20828,34.18699],[-118.20816,34.18708],[-118.20792,34.18726],[-118.2078,34.18734],[-118.20764,34.18744],[-118.20754,34.1875],[-118.205,34.18893],[-118.20336,34.18714],[-118.20331,34.1871],[-118.20322,34.18702],[-118.20311,34.18694],[-118.20299,34.18688],[-118.20293,34.18685],[-118.2028,34.1868],[-118.20274,34.18679],[-118.20265,34.18677],[-118.20248,34.18675],[-118.20239,34.18675],[-118.20222,34.18675],[-118.20205,34.18676],[-118.20188,34.18679],[-118.20171,34.18683],[-118.20155,34.18689],[-118.20147,34.18692],[-118.20134,34.18696],[-118.20121,34.18701],[-118.20115,34.18704],[-118.20104,34.18711],[-118.20094,34.1872],[-118.2009,34.18724],[-118.20082,34.18733],[-118.20078,34.18738],[-118.20072,34.18749],[-118.2007,34.18754],[-118.20067,34.18766],[-118.20065,34.18777],[-118.20061,34.18787],[-118.20058,34.18792],[-118.20052,34.188],[-118.20048,34.18805],[-118.20044,34.18809],[-118.20035,34.18816],[-118.2001,34.18827],[-118.19983,34.18838],[-118.19956,34.18847],[-118.19929,34.18855],[-118.199,34.18862],[-118.19872,34.18868],[-118.19843,34.18872],[-118.19832,34.18872],[-118.1981,34.18874],[-118.19789,34.18878],[-118.19778,34.1888],[-118.19757,34.18885],[-118.19747,34.18888],[-118.19727,34.18896],[-118.19707,34.18904],[-118.19689,34.18914],[-118.1968,34.18919],[-118.19663,34.18931],[-118.19655,34.18937],[-118.19641,34.18957],[-118.19625,34.18977],[-118.19617,34.18986],[-118.19608,34.18995],[-118.1959,34.19013],[-118.1957,34.1903],[-118.1956,34.19038],[-118.1955,34.19046],[-118.19539,34.19053],[-118.19516,34.19067],[-118.19493,34.1908],[-118.19469,34.19092],[-118.19456,34.19097],[-118.19444,34.19102],[-118.19425,34.19103],[-118.19387,34.19105],[-118.19349,34.19108],[-118.19312,34.19113],[-118.19293,34.19116],[-118.19275,34.1912],[-118.19257,34.19124],[-118.19238,34.19128],[-118.19202,34.19137],[-118.19166,34.19148],[-118.19131,34.1916],[-118.19114,34.19166],[-118.19097,34.19173],[-118.19079,34.19181],[-118.19077,34.19181],[-118.19074,34.19181],[-118.19072,34.1918],[-118.1907,34.19179],[-118.1907,34.19176],[-118.19071,34.19174],[-118.19087,34.19154],[-118.19096,34.19144],[-118.19104,34.19134],[-118.19122,34.19115],[-118.19158,34.19088],[-118.19176,34.19073],[-118.192,34.19053],[-118.19214,34.19042],[-118.19222,34.19037],[-118.19238,34.19027],[-118.19247,34.19023],[-118.19264,34.19015],[-118.19282,34.19008],[-118.19292,34.19005],[-118.19301,34.19003],[-118.1932,34.18998],[-118.19326,34.18997],[-118.19337,34.18992],[-118.19342,34.18989],[-118.19348,34.18986],[-118.19357,34.18979],[-118.19361,34.18976],[-118.19365,34.18972],[-118.19372,34.18963],[-118.19375,34.18958],[-118.1938,34.18949],[-118.19387,34.18883],[-118.19387,34.1871],[-118.19388,34.18705],[-118.19388,34.187],[-118.19386,34.18695],[-118.19383,34.1869],[-118.19381,34.18688],[-118.19368,34.18678],[-118.19355,34.18668],[-118.19327,34.18648],[-118.19298,34.1863],[-118.19284,34.18621],[-118.19274,34.18612],[-118.19254,34.18595],[-118.19236,34.18577],[-118.19228,34.18568],[-118.19219,34.18558],[-118.19204,34.18539],[-118.19193,34.18516],[-118.19188,34.18504],[-118.1918,34.18481],[-118.19173,34.18457],[-118.19171,34.18444],[-118.19165,34.1842],[-118.19161,34.18394],[-118.19158,34.18369],[-118.19157,34.18356],[-118.19156,34.18354],[-118.19156,34.18351],[-118.19157,34.18349],[-118.19159,34.18347],[-118.19161,34.18345],[-118.19164,34.18345],[-118.19166,34.18345],[-118.19169,34.18345],[-118.19174,34.18348],[-118.19182,34.18351],[-118.19189,34.18352],[-118.19196,34.18352],[-118.19204,34.18351],[-118.19211,34.18348],[-118.19214,34.18346],[-118.19217,34.18344],[-118.19222,34.18339],[-118.19224,34.18335],[-118.19228,34.18327],[-118.19231,34.18318],[-118.19232,34.18314],[-118.19232,34.1831],[-118.19232,34.18301],[-118.1923,34.18292],[-118.19228,34.18287],[-118.19226,34.18266],[-118.19224,34.18256],[-118.19221,34.18246],[-118.19215,34.18225],[-118.19211,34.18215],[-118.19207,34.18205],[-118.19202,34.18196],[-118.19192,34.18176],[-118.19186,34.18167],[-118.1918,34.18158],[-118.19166,34.1814],[-118.19163,34.18129],[-118.19161,34.18124],[-118.19155,34.18113],[-118.19148,34.18103],[-118.19143,34.18098],[-118.19141,34.18097],[-118.19139,34.18096],[-118.19137,34.18096],[-118.19135,34.18096],[-118.19132,34.18098],[-118.19131,34.181],[-118.19131,34.18101],[-118.19134,34.18111],[-118.19136,34.18116],[-118.19142,34.18127],[-118.19142,34.18128],[-118.19142,34.18131],[-118.1914,34.18133],[-118.19138,34.18134],[-118.19125,34.18139],[-118.1903,34.18166],[-118.19025,34.18168],[-118.19019,34.18169],[-118.19013,34.18168],[-118.19007,34.18167],[-118.18978,34.18151],[-118.18951,34.18134],[-118.18924,34.18116],[-118.18907,34.18096],[-118.18892,34.18075],[-118.18878,34.18054],[-118.18872,34.18044],[-118.18868,34.18043],[-118.18866,34.18044],[-118.18864,34.18045],[-118.18863,34.18047],[-118.18863,34.18048],[-118.18874,34.18065],[-118.18898,34.18098],[-118.1891,34.18114],[-118.18928,34.18135],[-118.18938,34.18146],[-118.1895,34.18156],[-118.18956,34.18161],[-118.1897,34.18169],[-118.18977,34.18173],[-118.18992,34.1818],[-118.18994,34.18181],[-118.18995,34.18183],[-118.18995,34.18186],[-118.18995,34.18188],[-118.18994,34.18189],[-118.18987,34.18197],[-118.18985,34.182],[-118.18982,34.18205],[-118.18978,34.18213],[-118.18976,34.18222],[-118.18976,34.18227],[-118.18976,34.1824],[-118.18975,34.18252],[-118.18974,34.18259],[-118.1897,34.18271],[-118.18964,34.18283],[-118.18929,34.18285],[-118.18893,34.18285],[-118.18877,34.18272],[-118.18868,34.18265],[-118.1885,34.18253],[-118.18831,34.18242],[-118.18821,34.18237],[-118.18801,34.18228],[-118.18779,34.1822],[-118.18769,34.18216],[-118.18757,34.18213],[-118.18735,34.18207],[-118.18724,34.18205],[-118.18704,34.18202],[-118.18684,34.18199],[-118.18665,34.18193],[-118.18646,34.18187],[-118.18637,34.18183],[-118.18596,34.18176],[-118.18575,34.18172],[-118.18534,34.18163],[-118.18514,34.18158],[-118.18508,34.18156],[-118.18501,34.18155],[-118.18494,34.18156],[-118.18487,34.18158],[-118.18488,34.18162],[-118.18489,34.18169],[-118.18493,34.18176],[-118.18496,34.1818],[-118.185,34.18186],[-118.18502,34.18189],[-118.18505,34.18197],[-118.18514,34.18213],[-118.18525,34.18228],[-118.18528,34.18231],[-118.1853,34.18233],[-118.18531,34.18237],[-118.18532,34.18239],[-118.18531,34.18243],[-118.1853,34.18245],[-118.18493,34.18261],[-118.18456,34.18274],[-118.18332,34.18327],[-118.18324,34.18331],[-118.18317,34.18335],[-118.18302,34.18344],[-118.18295,34.18348],[-118.18289,34.18353],[-118.18276,34.18364],[-118.18265,34.18376],[-118.1826,34.18382],[-118.18256,34.18389],[-118.18248,34.18402],[-118.1824,34.18417],[-118.18237,34.18424],[-118.18234,34.18432],[-118.18229,34.18447],[-118.18227,34.18456],[-118.18224,34.18466],[-118.18225,34.18467],[-118.18226,34.1847],[-118.18228,34.18472],[-118.1823,34.1847],[-118.18236,34.18466],[-118.18247,34.18442],[-118.1826,34.18418],[-118.18273,34.18394],[-118.18289,34.18371],[-118.18296,34.18364],[-118.183,34.1836],[-118.18305,34.18357],[-118.18314,34.18351],[-118.1832,34.18349],[-118.18331,34.18344],[-118.18342,34.18341],[-118.18349,34.18339],[-118.18357,34.18338],[-118.18357,34.1834],[-118.18356,34.18342],[-118.18354,34.1835],[-118.18352,34.18358],[-118.1835,34.18366],[-118.18349,34.18382],[-118.18349,34.18398],[-118.18349,34.18406],[-118.18352,34.18422],[-118.18353,34.18429],[-118.18358,34.18433],[-118.18367,34.1844],[-118.18377,34.18445],[-118.18382,34.18448],[-118.18393,34.18452],[-118.18413,34.18456],[-118.18418,34.18456],[-118.18426,34.18456],[-118.18434,34.18455],[-118.18442,34.18452],[-118.1845,34.18449],[-118.18458,34.18442],[-118.18467,34.18436],[-118.18474,34.18429],[-118.18483,34.18424],[-118.18492,34.18418],[-118.18502,34.18414],[-118.18504,34.18424],[-118.18508,34.18446],[-118.1851,34.18458],[-118.18512,34.18482],[-118.18512,34.18494],[-118.18512,34.18518],[-118.1851,34.18543],[-118.18505,34.18557],[-118.18502,34.18564],[-118.18494,34.18578],[-118.18489,34.18585],[-118.18484,34.18591],[-118.18479,34.18597],[-118.18468,34.18609],[-118.18462,34.18615],[-118.18455,34.1862],[-118.18446,34.18627],[-118.18444,34.18629],[-118.18441,34.18633],[-118.1844,34.18638],[-118.1844,34.18643],[-118.18443,34.18658],[-118.18449,34.18682],[-118.18454,34.18695],[-118.18463,34.18722],[-118.18471,34.18748],[-118.18474,34.18761],[-118.18476,34.18763],[-118.18477,34.18764],[-118.18476,34.18767],[-118.18475,34.18769],[-118.18473,34.1877],[-118.18471,34.1877],[-118.18469,34.1877],[-118.18467,34.18769],[-118.18444,34.18772],[-118.18433,34.18774],[-118.18411,34.18778],[-118.18389,34.18784],[-118.18367,34.18792],[-118.18347,34.188],[-118.18327,34.1881],[-118.18318,34.18815],[-118.18308,34.18821],[-118.18303,34.18825],[-118.18299,34.18827],[-118.18292,34.18829],[-118.18288,34.1883],[-118.18281,34.1883],[-118.18277,34.1883],[-118.18269,34.18829],[-118.18266,34.18828],[-118.18223,34.18808],[-118.18061,34.18713],[-118.18039,34.18725],[-118.1819,34.18809],[-118.18263,34.18841],[-118.18274,34.18842],[-118.18279,34.18843],[-118.1829,34.18843],[-118.183,34.18841],[-118.1831,34.18838],[-118.1832,34.18834],[-118.18324,34.18832],[-118.18344,34.18825],[-118.18354,34.18821],[-118.18363,34.18817],[-118.18382,34.18808],[-118.1842,34.18798],[-118.18458,34.18788],[-118.18497,34.1878],[-118.18516,34.18777],[-118.18536,34.18774],[-118.18559,34.18773],[-118.18581,34.18771],[-118.18593,34.18769],[-118.18615,34.18765],[-118.18626,34.18762],[-118.18648,34.18756],[-118.18669,34.18748],[-118.18679,34.18744],[-118.18702,34.18738],[-118.1875,34.18728],[-118.18773,34.18724],[-118.18821,34.18715],[-118.18857,34.18705],[-118.18894,34.18696],[-118.18916,34.1869],[-118.1896,34.18677],[-118.19004,34.18663],[-118.19033,34.18653],[-118.19037,34.18644],[-118.1904,34.18634],[-118.19041,34.18625],[-118.19041,34.18615],[-118.1904,34.1861],[-118.19038,34.186],[-118.19036,34.1859],[-118.19032,34.18572],[-118.19026,34.18553],[-118.19018,34.18535],[-118.19009,34.18518],[-118.19004,34.18509],[-118.18999,34.18501],[-118.18986,34.18485],[-118.18973,34.18469],[-118.18966,34.18462],[-118.18958,34.18455],[-118.18942,34.18441],[-118.18933,34.18435],[-118.1893,34.18433],[-118.18929,34.18432],[-118.18927,34.18429],[-118.18927,34.18426],[-118.18927,34.18424],[-118.18928,34.18421],[-118.18931,34.18419],[-118.18933,34.18418],[-118.18937,34.18417],[-118.1896,34.18407],[-118.18983,34.18397],[-118.19005,34.18385],[-118.19027,34.18373],[-118.19046,34.18369],[-118.19064,34.18363],[-118.19082,34.18356],[-118.19091,34.18353],[-118.19109,34.18344],[-118.19111,34.18343],[-118.19114,34.18344],[-118.19117,34.18345],[-118.19118,34.18347],[-118.19119,34.18349],[-118.19118,34.18351],[-118.19128,34.18372],[-118.19135,34.18394],[-118.19139,34.18405],[-118.19142,34.1843],[-118.19147,34.18454],[-118.19154,34.18478],[-118.19162,34.18502],[-118.19166,34.18514],[-118.19176,34.18537],[-118.19179,34.18545],[-118.19182,34.18552],[-118.1919,34.18567],[-118.19195,34.18574],[-118.19205,34.18588],[-118.1921,34.18594],[-118.19222,34.18606],[-118.19268,34.18643],[-118.19341,34.18688],[-118.19347,34.1869],[-118.1935,34.18691],[-118.19355,34.18695],[-118.19359,34.187],[-118.1936,34.18702],[-118.19361,34.18705],[-118.19366,34.18884],[-118.19367,34.18897],[-118.19367,34.1891],[-118.19365,34.18923],[-118.19361,34.18936],[-118.19359,34.18942],[-118.19356,34.18947],[-118.19348,34.18956],[-118.19339,34.18965],[-118.19334,34.18968],[-118.19323,34.18975],[-118.19312,34.18981],[-118.19299,34.18985],[-118.19293,34.18987],[-118.19279,34.18989],[-118.19268,34.18994],[-118.19248,34.19004],[-118.19227,34.19015],[-118.19218,34.1902],[-118.19199,34.19033],[-118.1919,34.1904],[-118.19172,34.19054],[-118.19163,34.19066],[-118.19153,34.19077],[-118.19147,34.19082],[-118.19141,34.19087],[-118.19128,34.19097],[-118.19121,34.19101],[-118.19106,34.19108],[-118.1909,34.19123],[-118.19076,34.19138],[-118.19069,34.19147],[-118.19056,34.19163],[-118.1905,34.19172],[-118.1904,34.19189],[-118.19032,34.19196],[-118.19026,34.19204],[-118.19022,34.19213],[-118.1902,34.19217],[-118.19018,34.19227],[-118.19017,34.19231],[-118.19018,34.19241],[-118.1902,34.1925],[-118.19018,34.19264],[-118.19014,34.19292],[-118.19013,34.19306],[-118.19012,34.19333],[-118.19012,34.19362],[-118.19013,34.19366],[-118.19015,34.19374],[-118.19015,34.19378],[-118.19015,34.19387],[-118.19013,34.19396],[-118.1901,34.19404],[-118.19005,34.19411],[-118.18999,34.19418],[-118.19003,34.19423],[-118.19009,34.19426],[-118.19015,34.19429],[-118.19022,34.1943],[-118.19025,34.19415],[-118.19028,34.194],[-118.19031,34.19386],[-118.1904,34.19353],[-118.19044,34.19335],[-118.19053,34.19299],[-118.19059,34.19262],[-118.1906,34.1925],[-118.19062,34.19238],[-118.19066,34.19227],[-118.19071,34.19215],[-118.19075,34.1921],[-118.19082,34.192],[-118.19097,34.19191],[-118.19104,34.19187],[-118.19111,34.19184],[-118.19127,34.19177],[-118.19144,34.19172],[-118.19175,34.19161],[-118.19191,34.19156],[-118.19206,34.19152],[-118.19239,34.19144],[-118.19271,34.19137],[-118.19288,34.19134],[-118.19321,34.19129],[-118.19354,34.19125],[-118.19371,34.19124],[-118.19405,34.19122],[-118.19421,34.19122],[-118.19438,34.19122],[-118.19447,34.19132],[-118.19466,34.1915],[-118.19476,34.19159],[-118.19496,34.19177],[-118.19518,34.19193],[-118.1953,34.192],[-118.19553,34.19215],[-118.19565,34.19221],[-118.19577,34.19228],[-118.1959,34.19234],[-118.19616,34.19245],[-118.19629,34.1925],[-118.19656,34.1926],[-118.19684,34.19268],[-118.19698,34.19271],[-118.19726,34.19277],[-118.19741,34.19279],[-118.19752,34.19285],[-118.19762,34.19291],[-118.19783,34.19304],[-118.19793,34.19311],[-118.19808,34.19323],[-118.19838,34.19346],[-118.19869,34.19368],[-118.19885,34.19378],[-118.19902,34.19389],[-118.19911,34.19395],[-118.1992,34.194],[-118.19931,34.19404],[-118.19942,34.19407],[-118.19948,34.19408],[-118.19959,34.19409],[-118.19965,34.19409],[-118.20011,34.19408],[-118.20034,34.19408],[-118.20079,34.19408],[-118.20102,34.19409],[-118.20214,34.1941],[-118.20221,34.19412],[-118.20229,34.19413],[-118.20232,34.19413],[-118.20236,34.19413],[-118.20244,34.19411],[-118.20247,34.1941],[-118.20245,34.19407],[-118.2024,34.19403],[-118.20234,34.19401],[-118.20227,34.19399],[-118.20223,34.19399],[-118.20216,34.194],[-118.19976,34.19397],[-118.19969,34.19396],[-118.19955,34.19394],[-118.19941,34.19391],[-118.19935,34.19389],[-118.19922,34.19384],[-118.19916,34.19381],[-118.19904,34.19374],[-118.1976,34.19274],[-118.19764,34.19268],[-118.1977,34.19262],[-118.19776,34.19258],[-118.19788,34.19244],[-118.19794,34.19237],[-118.19808,34.19224],[-118.19815,34.19218],[-118.19823,34.19212],[-118.19839,34.19201],[-118.19856,34.19191],[-118.19865,34.19186],[-118.19883,34.19178],[-118.19902,34.19171],[-118.19912,34.19168],[-118.19919,34.19168],[-118.19932,34.19167],[-118.19939,34.19166],[-118.19952,34.19163],[-118.19964,34.19159],[-118.1997,34.19156],[-118.19981,34.1915],[-118.19985,34.19149],[-118.1999,34.19148],[-118.19998,34.19146],[-118.20007,34.19147],[-118.20012,34.19147],[-118.2002,34.19149],[-118.20024,34.19151],[-118.20044,34.19163],[-118.20085,34.19188],[-118.20105,34.19199],[-118.20147,34.19222],[-118.20168,34.19233],[-118.20282,34.19285],[-118.2037,34.19335],[-118.20372,34.19337],[-118.20375,34.19341],[-118.20377,34.19346],[-118.20377,34.19351],[-118.20377,34.19353],[-118.20374,34.19357],[-118.20362,34.19408],[-118.20361,34.19414],[-118.20361,34.19417],[-118.20363,34.19423],[-118.20367,34.19428],[-118.20369,34.1943],[-118.20374,34.19434],[-118.20377,34.19436],[-118.2054,34.19506],[-118.20542,34.19508],[-118.20545,34.19512],[-118.20547,34.19517],[-118.20547,34.1952],[-118.20546,34.19525],[-118.20544,34.1953],[-118.2054,34.19534],[-118.20497,34.19615],[-118.20496,34.19619],[-118.20496,34.19622],[-118.20496,34.19624],[-118.20498,34.19628],[-118.20501,34.19631],[-118.20506,34.19634],[-118.20511,34.19635],[-118.20591,34.19673],[-118.20589,34.1968],[-118.20588,34.19685],[-118.20588,34.19693],[-118.2059,34.197],[-118.20592,34.19704],[-118.20596,34.19712],[-118.20614,34.19715],[-118.20611,34.19702],[-118.2061,34.19695],[-118.2061,34.19681],[-118.20611,34.1968],[-118.20613,34.19678],[-118.20616,34.19678],[-118.20618,34.19678],[-118.20621,34.19679],[-118.20718,34.19729],[-118.20719,34.19733],[-118.20722,34.19742],[-118.20722,34.19747],[-118.20722,34.19756],[-118.20721,34.19765],[-118.20718,34.19773],[-118.20712,34.19789],[-118.20703,34.19828],[-118.20698,34.1985],[-118.20686,34.19894],[-118.20683,34.19897],[-118.2068,34.199],[-118.20678,34.19901],[-118.20678,34.19903],[-118.20716,34.19909],[-118.20725,34.19875],[-118.20733,34.19841],[-118.20734,34.1983],[-118.20737,34.19808],[-118.20741,34.19785],[-118.20747,34.19763],[-118.20766,34.19749],[-118.2092,34.19828],[-118.20854,34.19953],[-118.20849,34.19961],[-118.20846,34.19964],[-118.2084,34.1997],[-118.20832,34.19975],[-118.20829,34.19976],[-118.20825,34.19978],[-118.20821,34.19978],[-118.20817,34.19979],[-118.20813,34.19979],[-118.2081,34.19978],[-118.20804,34.19981],[-118.20798,34.19984],[-118.20796,34.19986],[-118.20807,34.19988],[-118.20828,34.19993],[-118.20849,34.19998],[-118.2086,34.20002],[-118.20881,34.20011],[-118.20892,34.20016],[-118.20902,34.20022],[-118.20903,34.20024],[-118.20908,34.20029],[-118.20913,34.20033],[-118.20919,34.20035],[-118.20923,34.20036],[-118.2093,34.20037],[-118.20974,34.20052],[-118.20996,34.2006],[-118.21018,34.20067],[-118.21064,34.2008],[-118.21109,34.20092],[-118.21132,34.20097],[-118.21193,34.2011],[-118.21221,34.20118],[-118.21235,34.20122],[-118.21262,34.20132],[-118.21289,34.20142],[-118.21315,34.20154],[-118.21327,34.20161],[-118.21352,34.20174],[-118.21376,34.20189],[-118.21387,34.20197],[-118.21397,34.20203],[-118.21417,34.20215],[-118.21426,34.20222],[-118.21445,34.20235],[-118.21461,34.20251],[-118.21469,34.20258],[-118.2147,34.20261],[-118.2147,34.20266],[-118.21468,34.2027],[-118.21466,34.20273],[-118.21463,34.20276],[-118.2146,34.20278],[-118.21455,34.2028],[-118.2145,34.20284],[-118.21446,34.20287],[-118.21438,34.20296],[-118.21435,34.203],[-118.21432,34.20305],[-118.21428,34.20312],[-118.21428,34.20313],[-118.21429,34.20316],[-118.2143,34.20318],[-118.21433,34.2032],[-118.21441,34.20324],[-118.21449,34.20329],[-118.21466,34.20336],[-118.21474,34.20339],[-118.21492,34.20345],[-118.21501,34.20348],[-118.2152,34.20352],[-118.2153,34.20353],[-118.21544,34.20354],[-118.21549,34.20355],[-118.21577,34.20352],[-118.21598,34.20349],[-118.21676,34.20332],[-118.21717,34.20321],[-118.21753,34.20306],[-118.2177,34.20297],[-118.2179,34.20287],[-118.21822,34.2027],[-118.2186,34.20251],[-118.21896,34.20227],[-118.21938,34.20195],[-118.21974,34.20168],[-118.22006,34.20153],[-118.22024,34.20143],[-118.22045,34.20132],[-118.22062,34.20123],[-118.22072,34.20113],[-118.22078,34.20099],[-118.22082,34.20082],[-118.22081,34.20065],[-118.22076,34.20049],[-118.2208,34.20022],[-118.22094,34.20008],[-118.22106,34.2],[-118.22126,34.19989],[-118.22132,34.19985],[-118.22136,34.1997],[-118.22129,34.19957],[-118.22129,34.1994]]],[[[-118.22542,34.23668],[-118.22536,34.23675],[-118.2253,34.23683],[-118.22523,34.23689],[-118.22543,34.23662],[-118.22556,34.23648],[-118.22553,34.23653],[-118.22548,34.2366],[-118.22542,34.23668]]]]},"properties":{"FLD_ZONE":"X","ZONE_SUBTY":"AREA OF MINIMAL FLOOD HAZARD","SFHA_TF":"F"}},{"type":"Feature","geometry":{"type":"Polygon","coordinates":[[[-118.21327,34.20161],[-118.21315,34.20154],[-118.21289,34.20142],[-118.21262,34.20132],[-118.21235,34.20122],[-118.21221,34.20118],[-118.21193,34.2011],[-118.21132,34.20097],[-118.21109,34.20092],[-118.21064,34.2008],[-118.21018,34.20067],[-118.20996,34.2006],[-118.20974,34.20052],[-118.2093,34.20037],[-118.20923,34.20036],[-118.20919,34.20035],[-118.20913,34.20033],[-118.20908,34.20029],[-118.20903,34.20024],[-118.20902,34.20022],[-118.20892,34.20016],[-118.20881,34.20011],[-118.2086,34.20002],[-118.20849,34.19998],[-118.20828,34.19993],[-118.20807,34.19988],[-118.20796,34.19986],[-118.20798,34.19984],[-118.20804,34.19981],[-118.2081,34.19978],[-118.20813,34.19979],[-118.20817,34.19979],[-118.20821,34.19978],[-118.20825,34.19978],[-118.20829,34.19976],[-118.20832,34.19975],[-118.2084,34.1997],[-118.20846,34.19964],[-118.20849,34.19961],[-118.20854,34.19953],[-118.2092,34.19828],[-118.20766,34.19749],[-118.20747,34.19763],[-118.20741,34.19785],[-118.20737,34.19808],[-118.20734,34.1983],[-118.20733,34.19841],[-118.20725,34.19875],[-118.20716,34.19909],[-118.20678,34.19903],[-118.20678,34.19901],[-118.2068,34.199],[-118.20683,34.19897],[-118.20686,34.19894],[-118.20698,34.1985],[-118.20703,34.19828],[-118.20712,34.19789],[-118.20718,34.19773],[-118.20721,34.19765],[-118.20722,34.19756],[-118.20722,34.19747],[-118.20722,34.19742],[-118.20719,34.19733],[-118.20718,34.19729],[-118.20621,34.19679],[-118.20618,34.19678],[-118.20616,34.19678],[-118.20613,34.19678],[-118.20611,34.1968],[-118.2061,34.19681],[-118.2061,34.19695],[-118.20611,34.19702],[-118.20614,34.19715],[-118.20596,34.19712],[-118.20592,34.19704],[-118.2059,34.197],[-118.20588,34.19693],[-118.20588,34.19685],[-118.20589,34.1968],[-118.20591,34.19673],[-118.20511,34.19635],[-118.20506,34.19634],[-118.20501,34.19631],[-118.20498,34.19628],[-118.20496,34.19624],[-118.20496,34.19622],[-118.20496,34.19619],[-118.20497,34.19615],[-118.2054,34.19534],[-118.20544,34.1953],[-118.20546,34.19525],[-118.20547,34.1952],[-118.20547,34.19517],[-118.20545,34.19512],[-118.20542,34.19508],[-118.2054,34.19506],[-118.20377,34.19436],[-118.20374,34.19434],[-118.20369,34.1943],[-118.20367,34.19428],[-118.20363,34.19423],[-118.20361,34.19417],[-118.20361,34.19414],[-118.20362,34.19408],[-118.20374,34.19357],[-118.20377,34.19353],[-118.20377,34.19351],[-118.20377,34.19346],[-118.20375,34.19341],[-118.20372,34.19337],[-118.2037,34.19335],[-118.20282,34.19285],[-118.20168,34.19233],[-118.20147,34.19222],[-118.20105,34.19199],[-118.20085,34.19188],[-118.20044,34.19163],[-118.20024,34.19151],[-118.2002,34.19149],[-118.20012,34.19147],[-118.20007,34.19147],[-118.19998,34.19146],[-118.1999,34.19148],[-118.19985,34.19149],[-118.19981,34.1915],[-118.1997,34.19156],[-118.19964,34.19159],[-118.19952,34.19163],[-118.19939,34.19166],[-118.19932,34.19167],[-118.19919,34.19168],[-118.19912,34.19168],[-118.19902,34.19171],[-118.19883,34.19178],[-118.19865,34.19186],[-118.19856,34.19191],[-118.19839,34.19201],[-118.19823,34.19212],[-118.19815,34.19218],[-118.19808,34.19224],[-118.19794,34.19237],[-118.19788,34.19244],[-118.19776,34.19258],[-118.1977,34.19262],[-118.19764,34.19268],[-118.1976,34.19274],[-118.19904,34.19374],[-118.19916,34.19381],[-118.19922,34.19384],[-118.19935,34.19389],[-118.19941,34.19391],[-118.19955,34.19394],[-118.19969,34.19396],[-118.19976,34.19397],[-118.20216,34.194],[-118.20223,34.19399],[-118.20227,34.19399],[-118.20234,34.19401],[-118.2024,34.19403],[-118.20245,34.19407],[-118.20247,34.1941],[-118.20244,34.19411],[-118.20236,34.19413],[-118.20232,34.19413],[-118.20229,34.19413],[-118.20221,34.19412],[-118.20214,34.1941],[-118.20102,34.19409],[-118.20079,34.19408],[-118.20034,34.19408],[-118.20011,34.19408],[-118.19965,34.19409],[-118.19959,34.19409],[-118.19948,34.19408],[-118.19942,34.19407],[-118.19931,34.19404],[-118.1992,34.194],[-118.19911,34.19395],[-118.19902,34.19389],[-118.19885,34.19378],[-118.19869,34.19368],[-118.19838,34.19346],[-118.19808,34.19323],[-118.19793,34.19311],[-118.19783,34.19304],[-118.19762,34.19291],[-118.19752,34.19285],[-118.19741,34.19279],[-118.19726,34.19277],[-118.19698,34.19271],[-118.19684,34.19268],[-118.19656,34.1926],[-118.19629,34.1925],[-118.19616,34.19245],[-118.1959,34.19234],[-118.19577,34.19228],[-118.19565,34.19221],[-118.19553,34.19215],[-118.1953,34.192],[-118.19518,34.19193],[-118.19496,34.19177],[-118.19476,34.19159],[-118.19466,34.1915],[-118.19447,34.19132],[-118.19438,34.19122],[-118.19421,34.19122],[-118.19405,34.19122],[-118.19371,34.19124],[-118.19354,34.19125],[-118.19321,34.19129],[-118.19288,34.19134],[-118.19271,34.19137],[-118.19239,34.19144],[-118.19206,34.19152],[-118.19191,34.19156],[-118.19175,34.19161],[-118.19144,34.19172],[-118.19127,34.19177],[-118.19111,34.19184],[-118.19104,34.19187],[-118.19097,34.19191],[-118.19082,34.192],[-118.19075,34.1921],[-118.19071,34.19215],[-118.19066,34.19227],[-118.19062,34.19238],[-118.1906,34.1925],[-118.19059,34.19262],[-118.19053,34.19299],[-118.19044,34.19335],[-118.1904,34.19353],[-118.19031,34.19386],[-118.19028,34.194],[-118.19025,34.19415],[-118.19022,34.1943],[-118.19015,34.19429],[-118.19009,34.19426],[-118.19003,34.19423],[-118.18999,34.19418],[-118.19005,34.19411],[-118.1901,34.19404],[-118.19013,34.19396],[-118.19015,34.19387],[-118.19015,34.19378],[-118.19015,34.19374],[-118.19013,34.19366],[-118.19012,34.19362],[-118.19012,34.19333],[-118.19013,34.19306],[-118.19014,34.19292],[-118.19018,34.19264],[-118.1902,34.1925],[-118.19018,34.19241],[-118.19017,34.19231],[-118.19018,34.19227],[-118.1902,34.19217],[-118.19022,34.19213],[-118.19026,34.19204],[-118.19032,34.19196],[-118.1904,34.19189],[-118.1905,34.19172],[-118.19056,34.19163],[-118.19069,34.19147],[-118.19076,34.19138],[-118.1909,34.19123],[-118.19106,34.19108],[-118.19121,34.19101],[-118.19128,34.19097],[-118.19141,34.19087],[-118.19147,34.19082],[-118.19153,34.19077],[-118.19163,34.19066],[-118.19172,34.19054],[-118.1919,34.1904],[-118.19199,34.19033],[-118.19218,34.1902],[-118.19227,34.19015],[-118.19248,34.19004],[-118.19268,34.18994],[-118.19279,34.18989],[-118.19293,34.18987],[-118.19299,34.18985],[-118.19312,34.18981],[-118.19323,34.18975],[-118.19334,34.18968],[-118.19339,34.18965],[-118.19348,34.18956],[-118.19356,34.18947],[-118.19359,34.18942],[-118.19361,34.18936],[-118.19365,34.18923],[-118.19367,34.1891],[-118.19367,34.18897],[-118.19366,34.18884],[-118.19361,34.18705],[-118.1936,34.18702],[-118.19359,34.187],[-118.19355,34.18695],[-118.1935,34.18691],[-118.19347,34.1869],[-118.19341,34.18688],[-118.19268,34.18643],[-118.19222,34.18606],[-118.1921,34.18594],[-118.19205,34.18588],[-118.19195,34.18574],[-118.1919,34.18567],[-118.19182,34.18552],[-118.19179,34.18545],[-118.19176,34.18537],[-118.19166,34.18514],[-118.19162,34.18502],[-118.19154,34.18478],[-118.19147,34.18454],[-118.19142,34.1843],[-118.19139,34.18405],[-118.19135,34.18394],[-118.19128,34.18372],[-118.19118,34.18351],[-118.19119,34.18349],[-118.19118,34.18347],[-118.19117,34.18345],[-118.19114,34.18344],[-118.19111,34.18343],[-118.19109,34.18344],[-118.19091,34.18353],[-118.19082,34.18356],[-118.19064,34.18363],[-118.19046,34.18369],[-118.19027,34.18373],[-118.19005,34.18385],[-118.18983,34.18397],[-118.1896,34.18407],[-118.18937,34.18417],[-118.18933,34.18418],[-118.18931,34.18419],[-118.18928,34.18421],[-118.18927,34.18424],[-118.18927,34.18426],[-118.18927,34.18429],[-118.18929,34.18432],[-118.1893,34.18433],[-118.18933,34.18435],[-118.18942,34.18441],[-118.18958,34.18455],[-118.18966,34.18462],[-118.18973,34.18469],[-118.18986,34.18485],[-118.18999,34.18501],[-118.19004,34.18509],[-118.19009,34.18518],[-118.19018,34.18535],[-118.19026,34.18553],[-118.19032,34.18572],[-118.19036,34.1859],[-118.19038,34.186],[-118.1904,34.1861],[-118.19041,34.18615],[-118.19041,34.18625],[-118.1904,34.18634],[-118.19037,34.18644],[-118.19033,34.18653],[-118.19004,34.18663],[-118.1896,34.18677],[-118.18916,34.1869],[-118.18894,34.18696],[-118.18857,34.18705],[-118.18821,34.18715],[-118.18773,34.18724],[-118.1875,34.18728],[-118.18702,34.18738],[-118.18679,34.18744],[-118.18669,34.18748],[-118.18648,34.18756],[-118.18626,34.18762],[-118.18615,34.18765],[-118.18593,34.18769],[-118.18581,34.18771],[-118.18559,34.18773],[-118.18536,34.18774],[-118.18516,34.18777],[-118.18497,34.1878],[-118.18458,34.18788],[-118.1842,34.18798],[-118.18382,34.18808],[-118.18363,34.18817],[-118.18354,34.18821],[-118.18344,34.18825],[-118.18324,34.18832],[-118.1832,34.18834],[-118.1831,34.18838],[-118.183,34.18841],[-118.1829,34.18843],[-118.18279,34.18843],[-118.18274,34.18842],[-118.18263,34.18841],[-118.1819,34.18809],[-118.18039,34.18725],[-118.18061,34.18713],[-118.18223,34.18808],[-118.18266,34.18828],[-118.18269,34.18829],[-118.18277,34.1883],[-118.18281,34.1883],[-118.18288,34.1883],[-118.18292,34.18829],[-118.18299,34.18827],[-118.18303,34.18825],[-118.18308,34.18821],[-118.18318,34.18815],[-118.18327,34.1881],[-118.18347,34.188],[-118.18367,34.18792],[-118.18389,34.18784],[-118.18411,34.18778],[-118.18433,34.18774],[-118.18444,34.18772],[-118.18467,34.18769],[-118.18469,34.1877],[-118.18471,34.1877],[-118.18473,34.1877],[-118.18475,34.18769],[-118.18476,34.18767],[-118.18477,34.18764],[-118.18476,34.18763],[-118.18474,34.18761],[-118.18471,34.18748],[-118.18463,34.18722],[-118.18454,34.18695],[-118.18449,34.18682],[-118.18443,34.18658],[-118.1844,34.18643],[-118.1844,34.18638],[-118.18441,34.18633],[-118.18444,34.18629],[-118.18446,34.18627],[-118.18455,34.1862],[-118.18462,34.18615],[-118.18468,34.18609],[-118.18479,34.18597],[-118.18484,34.18591],[-118.18489,34.18585],[-118.18494,34.18578],[-118.18502,34.18564],[-118.18505,34.18557],[-118.1851,34.18543],[-118.18512,34.18518],[-118.18512,34.18494],[-118.18512,34.18482],[-118.1851,34.18458],[-118.18508,34.18446],[-118.18504,34.18424],[-118.18502,34.18414],[-118.18492,34.18418],[-118.18483,34.18424],[-118.18474,34.18429],[-118.18467,34.18436],[-118.18458,34.18442],[-118.1845,34.18449],[-118.18442,34.18452],[-118.18434,34.18455],[-118.18426,34.18456],[-118.18418,34.18456],[-118.18413,34.18456],[-118.18393,34.18452],[-118.18382,34.18448],[-118.18377,34.18445],[-118.18367,34.1844],[-118.18358,34.18433],[-118.18353,34.18429],[-118.18352,34.18422],[-118.18349,34.18406],[-118.18349,34.18398],[-118.18349,34.18382],[-118.1835,34.18366],[-118.18352,34.18358],[-118.18354,34.1835],[-118.18356,34.18342],[-118.18357,34.1834],[-118.18357,34.18338],[-118.18349,34.18339],[-118.18342,34.18341],[-118.18331,34.18344],[-118.1832,34.18349],[-118.18314,34.18351],[-118.18305,34.18357],[-118.183,34.1836],[-118.18296,34.18364],[-118.18289,34.18371],[-118.18273,34.18394],[-118.1826,34.18418],[-118.18247,34.18442],[-118.18236,34.18466],[-118.1823,34.1847],[-118.18228,34.18472],[-118.18226,34.1847],[-118.18225,34.18467],[-118.18224,34.18466],[-118.18227,34.18456],[-118.18229,34.18447],[-118.18234,34.18432],[-118.18237,34.18424],[-118.1824,34.18417],[-118.18248,34.18402],[-118.18256,34.18389],[-118.1826,34.18382],[-118.18265,34.18376],[-118.18276,34.18364],[-118.18289,34.18353],[-118.18295,34.18348],[-118.18302,34.18344],[-118.18317,34.18335],[-118.18324,34.18331],[-118.18332,34.18327],[-118.18456,34.18274],[-118.18493,34.18261],[-118.1853,34.18245],[-118.18531,34.18243],[-118.18532,34.18239],[-118.18531,34.18237],[-118.1853,34.18233],[-118.18528,34.18231],[-118.18525,34.18228],[-118.18514,34.18213],[-118.18505,34.18197],[-118.18502,34.18189],[-118.185,34.18186],[-118.18496,34.1818],[-118.18493,34.18176],[-118.18489,34.18169],[-118.18488,34.18162],[-118.18487,34.18158],[-118.18494,34.18156],[-118.18501,34.18155],[-118.18508,34.18156],[-118.18514,34.18158],[-118.18534,34.18163],[-118.18575,34.18172],[-118.18596,34.18176],[-118.18637,34.18183],[-118.18646,34.18187],[-118.18665,34.18193],[-118.18684,34.18199],[-118.18704,34.18202],[-118.18724,34.18205],[-118.18735,34.18207],[-118.18757,34.18213],[-118.18769,34.18216],[-118.18779,34.1822],[-118.18801,34.18228],[-118.18821,34.18237],[-118.18831,34.18242],[-118.1885,34.18253],[-118.18868,34.18265],[-118.18877,34.18272],[-118.18893,34.18285],[-118.18929,34.18285],[-118.18964,34.18283],[-118.1897,34.18271],[-118.18974,34.18259],[-118.18975,34.18252],[-118.18976,34.1824],[-118.18976,34.18227],[-118.18976,34.18222],[-118.18978,34.18213],[-118.18982,34.18205],[-118.18985,34.182],[-118.18987,34.18197],[-118.18994,34.18189],[-118.18995,34.18188],[-118.18995,34.18186],[-118.18995,34.18183],[-118.18994,34.18181],[-118.18992,34.1818],[-118.18977,34.18173],[-118.1897,34.18169],[-118.18956,34.18161],[-118.1895,34.18156],[-118.18938,34.18146],[-118.18928,34.18135],[-118.1891,34.18114],[-118.18898,34.18098],[-118.18874,34.18065],[-118.18863,34.18048],[-118.18863,34.18047],[-118.18864,34.18045],[-118.18866,34.18044],[-118.18868,34.18043],[-118.18872,34.18044],[-118.18878,34.18054],[-118.18892,34.18075],[-118.18907,34.18096],[-118.18924,34.18116],[-118.18951,34.18134],[-118.18978,34.18151],[-118.19007,34.18167],[-118.19013,34.18168],[-118.19019,34.18169],[-118.19025,34.18168],[-118.1903,34.18166],[-118.19125,34.18139],[-118.19138,34.18134],[-118.1914,34.18133],[-118.19142,34.18131],[-118.19142,34.18128],[-118.19142,34.18127],[-118.19136,34.18116],[-118.19134,34.18111],[-118.19131,34.18101],[-118.19131,34.181],[-118.19132,34.18098],[-118.19135,34.18096],[-118.19137,34.18096],[-118.19139,34.18096],[-118.19141,34.18097],[-118.19143,34.18098],[-118.19148,34.18103],[-118.19155,34.18113],[-118.19161,34.18124],[-118.19163,34.18129],[-118.19166,34.1814],[-118.1918,34.18158],[-118.19186,34.18167],[-118.19192,34.18176],[-118.19202,34.18196],[-118.19207,34.18205],[-118.19211,34.18215],[-118.19215,34.18225],[-118.19221,34.18246],[-118.19224,34.18256],[-118.19226,34.18266],[-118.19228,34.18287],[-118.1923,34.18292],[-118.19232,34.18301],[-118.19232,34.1831],[-118.19232,34.18314],[-118.19231,34.18318],[-118.19228,34.18327],[-118.19224,34.18335],[-118.19222,34.18339],[-118.19217,34.18344],[-118.19214,34.18346],[-118.19211,34.18348],[-118.19204,34.18351],[-118.19196,34.18352],[-118.19189,34.18352],[-118.19182,34.18351],[-118.19174,34.18348],[-118.19169,34.18345],[-118.19166,34.18345],[-118.19164,34.18345],[-118.19161,34.18345],[-118.19159,34.18347],[-118.19157,34.18349],[-118.19156,34.18351],[-118.19156,34.18354],[-118.19157,34.18356],[-118.19158,34.18369],[-118.19161,34.18394],[-118.19165,34.1842],[-118.19171,34.18444],[-118.19173,34.18457],[-118.1918,34.18481],[-118.19188,34.18504],[-118.19193,34.18516],[-118.19204,34.18539],[-118.19219,34.18558],[-118.19228,34.18568],[-118.19236,34.18577],[-118.19254,34.18595],[-118.19274,34.18612],[-118.19284,34.18621],[-118.19298,34.1863],[-118.19327,34.18648],[-118.19355,34.18668],[-118.19368,34.18678],[-118.19381,34.18688],[-118.19383,34.1869],[-118.19386,34.18695],[-118.19388,34.187],[-118.19388,34.18705],[-118.19387,34.1871],[-118.19387,34.18883],[-118.1938,34.18949],[-118.19375,34.18958],[-118.19372,34.18963],[-118.19365,34.18972],[-118.19361,34.18976],[-118.19357,34.18979],[-118.19348,34.18986],[-118.19342,34.18989],[-118.19337,34.18992],[-118.19326,34.18997],[-118.1932,34.18998],[-118.19301,34.19003],[-118.19292,34.19005],[-118.19282,34.19008],[-118.19264,34.19015],[-118.19247,34.19023],[-118.19238,34.19027],[-118.19222,34.19037],[-118.19214,34.19042],[-118.192,34.19053],[-118.19176,34.19073],[-118.19158,34.19088],[-118.19122,34.19115],[-118.19104,34.19134],[-118.19096,34.19144],[-118.19087,34.19154],[-118.19071,34.19174],[-118.1907,34.19176],[-118.1907,34.19179],[-118.19072,34.1918],[-118.19074,34.19181],[-118.19077,34.19181],[-118.19079,34.19181],[-118.19097,34.19173],[-118.19114,34.19166],[-118.19131,34.1916],[-118.19166,34.19148],[-118.19202,34.19137],[-118.19238,34.19128],[-118.19257,34.19124],[-118.19275,34.1912],[-118.19293,34.19116],[-118.19312,34.19113],[-118.19349,34.19108],[-118.19387,34.19105],[-118.19425,34.19103],[-118.19444,34.19102],[-118.19456,34.19097],[-118.19469,34.19092],[-118.19493,34.1908],[-118.19516,34.19067],[-118.19539,34.19053],[-118.1955,34.19046],[-118.1956,34.19038],[-118.1957,34.1903],[-118.1959,34.19013],[-118.19608,34.18995],[-118.19617,34.18986],[-118.19625,34.18977],[-118.19641,34.18957],[-118.19655,34.18937],[-118.19663,34.18931],[-118.1968,34.18919],[-118.19689,34.18914],[-118.19707,34.18904],[-118.19727,34.18896],[-118.19747,34.18888],[-118.19757,34.18885],[-118.19778,34.1888],[-118.19789,34.18878],[-118.1981,34.18874],[-118.19832,34.18872],[-118.19843,34.18872],[-118.19872,34.18868],[-118.199,34.18862],[-118.19929,34.18855],[-118.19956,34.18847],[-118.19983,34.18838],[-118.2001,34.18827],[-118.20035,34.18816],[-118.20044,34.18809],[-118.20048,34.18805],[-118.20052,34.188],[-118.20058,34.18792],[-118.20061,34.18787],[-118.20065,34.18777],[-118.20067,34.18766],[-118.2007,34.18754],[-118.20072,34.18749],[-118.20078,34.18738],[-118.20082,34.18733],[-118.2009,34.18724],[-118.20094,34.1872],[-118.20104,34.18711],[-118.20115,34.18704],[-118.20121,34.18701],[-118.20134,34.18696],[-118.20147,34.18692],[-118.20155,34.18689],[-118.20171,34.18683],[-118.20188,34.18679],[-118.20205,34.18676],[-118.20222,34.18675],[-118.20239,34.18675],[-118.20248,34.18675],[-118.20265,34.18677],[-118.20274,34.18679],[-118.2028,34.1868],[-118.20293,34.18685],[-118.20299,34.18688],[-118.20311,34.18694],[-118.20322,34.18702],[-118.20331,34.1871],[-118.20336,34.18714],[-118.205,34.18893],[-118.20754,34.1875],[-118.20764,34.18744],[-118.2078,34.18734],[-118.20792,34.18726],[-118.20816,34.18708],[-118.20828,34.18699],[-118.2085,34.1868],[-118.20871,34.1866],[-118.20881,34.1865],[-118.20891,34.18639],[-118.20909,34.18617],[-118.20917,34.18606],[-118.20933,34.18583],[-118.20948,34.18559],[-118.20954,34.18547],[-118.2096,34.18535],[-118.20972,34.1851],[-118.20977,34.18488],[-118.20983,34.18466],[-118.20988,34.18456],[-118.20992,34.18445],[-118.20997,34.18435],[-118.21002,34.18424],[-118.21008,34.18414],[-118.2102,34.18394],[-118.21027,34.18384],[-118.21042,34.18366],[-118.21043,34.18355],[-118.21043,34.18344],[-118.21041,34.18333],[-118.21039,34.18328],[-118.21035,34.18317],[-118.21029,34.18307],[-118.21022,34.18298],[-118.21014,34.1829],[-118.21014,34.18277],[-118.21017,34.18254],[-118.21021,34.1823],[-118.21023,34.18218],[-118.21026,34.18206],[-118.21033,34.18183],[-118.21038,34.18172],[-118.21042,34.1816],[-118.21053,34.18138],[-118.21065,34.18116],[-118.21078,34.18095],[-118.21079,34.18079],[-118.21077,34.18063],[-118.21075,34.18046],[-118.2107,34.1803],[-118.21064,34.18015],[-118.21057,34.18],[-118.21047,34.17986],[-118.21037,34.17972],[-118.21025,34.17959],[-118.21018,34.17953],[-118.21004,34.17941],[-118.2099,34.1793],[-118.20973,34.17921],[-118.20927,34.17917],[-118.20882,34.17916],[-118.2084,34.17925],[-118.20816,34.17943],[-118.20791,34.17956],[-118.20747,34.17975],[-118.20704,34.17987],[-118.20661,34.18004],[-118.20616,34.1801],[-118.20567,34.18014],[-118.20519,34.17977],[-118.20477,34.1794],[-118.20454,34.17918],[-118.20384,34.17879],[-118.20324,34.17871],[-118.20271,34.1787],[-118.20212,34.17867],[-118.20162,34.17858],[-118.20115,34.17838],[-118.20067,34.17816],[-118.20009,34.17769],[-118.19995,34.17757],[-118.19985,34.17744],[-118.19966,34.17731],[-118.19941,34.17714],[-118.19919,34.17699],[-118.19886,34.17671],[-118.19881,34.1766],[-118.19877,34.17648],[-118.19869,34.17634],[-118.19863,34.17618],[-118.19868,34.17608],[-118.19886,34.17602],[-118.19907,34.17599],[-118.19933,34.17593],[-118.19963,34.17586],[-118.19995,34.17571],[-118.2003,34.17553],[-118.20061,34.1753],[-118.20082,34.17506],[-118.20088,34.17475],[-118.20105,34.17411],[-118.20129,34.17322],[-118.20157,34.17228],[-118.20207,34.17141],[-118.20261,34.17059],[-118.20302,34.17],[-118.20335,34.16984],[-118.20382,34.16964],[-118.20404,34.16954],[-118.20406,34.16964],[-118.20407,34.16974],[-118.20407,34.16979],[-118.20406,34.16984],[-118.20404,34.16994],[-118.20401,34.17003],[-118.2036,34.17025],[-118.20363,34.17066],[-118.20374,34.17129],[-118.20396,34.17209],[-118.20413,34.17302],[-118.20413,34.17309],[-118.2042,34.17318],[-118.20431,34.1733],[-118.2045,34.17351],[-118.20472,34.17382],[-118.2049,34.17401],[-118.20529,34.17432],[-118.20558,34.17432],[-118.2059,34.17433],[-118.20618,34.17441],[-118.20638,34.17448],[-118.20659,34.17448],[-118.20679,34.17437],[-118.20698,34.17428],[-118.20725,34.17409],[-118.20745,34.17386],[-118.20753,34.17365],[-118.20759,34.17352],[-118.20782,34.17346],[-118.20812,34.17343],[-118.20845,34.17343],[-118.20877,34.17341],[-118.20907,34.17338],[-118.20944,34.17343],[-118.20963,34.17353],[-118.20978,34.17367],[-118.21013,34.17381],[-118.21046,34.17399],[-118.21091,34.17416],[-118.21124,34.17428],[-118.21146,34.17446],[-118.21166,34.17461],[-118.21174,34.17479],[-118.21189,34.17495],[-118.21201,34.17503],[-118.21216,34.17501],[-118.21232,34.17493],[-118.21249,34.1748],[-118.21259,34.17464],[-118.2127,34.1744],[-118.21268,34.17418],[-118.21264,34.1739],[-118.21269,34.17354],[-118.21272,34.17321],[-118.21275,34.17295],[-118.21276,34.17268],[-118.21263,34.17238],[-118.21255,34.1722],[-118.21227,34.17204],[-118.21195,34.17186],[-118.21165,34.17172],[-118.21139,34.17154],[-118.21114,34.17131],[-118.21087,34.17098],[-118.21062,34.17072],[-118.21047,34.17028],[-118.21024,34.1699],[-118.20983,34.16949],[-118.20945,34.16922],[-118.20879,34.16887],[-118.20843,34.16866],[-118.20781,34.16837],[-118.20748,34.16819],[-118.20705,34.168],[-118.20666,34.16781],[-118.20628,34.16767],[-118.20594,34.16753],[-118.20566,34.16746],[-118.20536,34.16737],[-118.205,34.16733],[-118.20467,34.16726],[-118.20422,34.16725],[-118.20385,34.16733],[-118.20343,34.16745],[-118.20274,34.16779],[-118.2023,34.16804],[-118.20177,34.16843],[-118.20122,34.16862],[-118.20076,34.16877],[-118.20064,34.16894],[-118.20057,34.1693],[-118.20043,34.16968],[-118.20036,34.16995],[-118.20031,34.17013],[-118.19994,34.17028],[-118.19957,34.17038],[-118.19924,34.17024],[-118.19875,34.17021],[-118.19801,34.17025],[-118.19737,34.17042],[-118.19674,34.17054],[-118.19618,34.17078],[-118.19604,34.17086],[-118.19574,34.17112],[-118.19558,34.17133],[-118.19526,34.1716],[-118.19507,34.17192],[-118.19482,34.17221],[-118.19476,34.17249],[-118.19496,34.17266],[-118.19552,34.17265],[-118.19574,34.17262],[-118.19599,34.17253],[-118.19608,34.17256],[-118.19629,34.17318],[-118.19631,34.17341],[-118.19635,34.17362],[-118.19636,34.17383],[-118.19637,34.17397],[-118.19636,34.17412],[-118.19635,34.17421],[-118.19632,34.17432],[-118.19624,34.17441],[-118.19601,34.17464],[-118.19596,34.17471],[-118.19581,34.17492],[-118.19566,34.17508],[-118.19561,34.17519],[-118.19561,34.1753],[-118.19562,34.17542],[-118.1957,34.1758],[-118.19579,34.17598],[-118.19579,34.17616],[-118.19578,34.17636],[-118.19559,34.17656],[-118.19536,34.17673],[-118.19514,34.17686],[-118.19493,34.17686],[-118.19467,34.17685],[-118.19432,34.17676],[-118.19398,34.17666],[-118.19349,34.17653],[-118.19305,34.17637],[-118.19261,34.17626],[-118.19229,34.17619],[-118.19189,34.17619],[-118.19166,34.17626],[-118.19146,34.17638],[-118.19124,34.17654],[-118.19096,34.17672],[-118.19078,34.17691],[-118.19055,34.17709],[-118.19042,34.17727],[-118.1903,34.1774],[-118.18995,34.17733],[-118.18961,34.17722],[-118.18927,34.17706],[-118.18935,34.17687],[-118.1896,34.17623],[-118.19004,34.17533],[-118.19038,34.17443],[-118.19078,34.17366],[-118.19085,34.17353],[-118.19087,34.17349],[-118.19102,34.17323],[-118.19087,34.17253],[-118.19084,34.17238],[-118.19077,34.17202],[-118.19073,34.17175],[-118.19073,34.17174],[-118.19073,34.17173],[-118.19067,34.17129],[-118.19056,34.17076],[-118.19056,34.17075],[-118.19048,34.17031],[-118.18973,34.1691],[-118.18968,34.16903],[-118.18908,34.16903],[-118.18874,34.16839],[-118.18855,34.168],[-118.18828,34.16743],[-118.18805,34.16699],[-118.18804,34.16698],[-118.18791,34.16672],[-118.18816,34.16635],[-118.1883,34.16615],[-118.18841,34.16601],[-118.18845,34.16593],[-118.18855,34.16572],[-118.18806,34.16553],[-118.18775,34.16541],[-118.18774,34.1654],[-118.18773,34.1654],[-118.18758,34.16534],[-118.1872,34.1652],[-118.18718,34.16519],[-118.18702,34.16503],[-118.18674,34.16499],[-118.18645,34.16497],[-118.18631,34.16497],[-118.18602,34.16497],[-118.18588,34.16497],[-118.18559,34.165],[-118.18545,34.16501],[-118.18536,34.16503],[-118.18519,34.16508],[-118.18511,34.16511],[-118.18495,34.16518],[-118.1848,34.16526],[-118.18473,34.16531],[-118.18459,34.1654],[-118.18453,34.16546],[-118.18443,34.1655],[-118.18437,34.16552],[-118.18426,34.16555],[-118.1842,34.16555],[-118.18409,34.16556],[-118.18397,34.16555],[-118.18386,34.16552],[-118.18381,34.16551],[-118.1837,34.16546],[-118.18366,34.16543],[-118.18361,34.1654],[-118.18353,34.16533],[-118.18351,34.16529],[-118.18346,34.16521],[-118.1834,34.16514],[-118.18333,34.16508],[-118.18324,34.16503],[-118.18319,34.16501],[-118.18309,34.16497],[-118.18299,34.16495],[-118.18246,34.16513],[-118.18193,34.1653],[-118.18139,34.16546],[-118.18084,34.1656],[-118.18029,34.16574],[-118.17982,34.16582],[-118.17934,34.16589],[-118.17887,34.16594],[-118.17839,34.16599],[-118.17815,34.16601],[-118.17766,34.16603],[-118.17718,34.16604],[-118.1768,34.16607],[-118.17661,34.16608],[-118.17641,34.16609],[-118.17603,34.16609],[-118.17593,34.16606],[-118.17572,34.16599],[-118.17562,34.16594],[-118.17542,34.16585],[-118.17533,34.16584],[-118.17525,34.16584],[-118.17516,34.16585],[-118.17507,34.16588],[-118.17504,34.1659],[-118.17491,34.16597],[-118.17486,34.16599],[-118.17476,34.16604],[-118.17464,34.16607],[-118.17458,34.16593],[-118.17455,34.16587],[-118.17446,34.16575],[-118.17436,34.16563],[-118.17431,34.16557],[-118.17419,34.16547],[-118.17413,34.16542],[-118.17441,34.16541],[-118.17455,34.16541],[-118.17484,34.16542],[-118.17512,34.16544],[-118.1754,34.16547],[-118.17554,34.16549],[-118.17568,34.16543],[-118.17595,34.16531],[-118.17624,34.1652],[-118.17638,34.16515],[-118.17667,34.16506],[-118.17682,34.16502],[-118.17712,34.16495],[-118.17727,34.16492],[-118.17743,34.1649],[-118.17774,34.16486],[-118.17805,34.16483],[-118.1782,34.16482],[-118.17834,34.16483],[-118.17849,34.16483],[-118.17863,34.16484],[-118.17877,34.16483],[-118.17906,34.16482],[-118.17934,34.16479],[-118.17948,34.16477],[-118.17962,34.16474],[-118.1799,34.16468],[-118.18025,34.16451],[-118.18059,34.16433],[-118.18076,34.16423],[-118.18093,34.16414],[-118.18125,34.16393],[-118.18156,34.16371],[-118.18188,34.16347],[-118.1819,34.16344],[-118.18191,34.16342],[-118.18192,34.16338],[-118.18191,34.16334],[-118.18188,34.16331],[-118.18185,34.16329],[-118.1818,34.16327],[-118.18176,34.16327],[-118.18171,34.16329],[-118.18168,34.16331],[-118.18153,34.16334],[-118.18138,34.16339],[-118.18125,34.16345],[-118.18111,34.16351],[-118.18105,34.16355],[-118.18094,34.16364],[-118.18083,34.16373],[-118.18078,34.16378],[-118.18064,34.16384],[-118.1805,34.1639],[-118.18021,34.164],[-118.17991,34.16409],[-118.17961,34.16416],[-118.1793,34.16422],[-118.17915,34.16425],[-118.17898,34.16434],[-118.17889,34.16438],[-118.17879,34.16441],[-118.17861,34.16448],[-118.17851,34.16451],[-118.17841,34.16453],[-118.17831,34.16455],[-118.17821,34.16457],[-118.17801,34.16459],[-118.17791,34.1646],[-118.17781,34.1646],[-118.1776,34.16459],[-118.17744,34.16462],[-118.17727,34.16465],[-118.17694,34.16472],[-118.17662,34.1648],[-118.1763,34.16489],[-118.17599,34.165],[-118.17568,34.16512],[-118.17563,34.16509],[-118.1756,34.16507],[-118.17556,34.16502],[-118.17554,34.16497],[-118.17553,34.16494],[-118.17554,34.16489],[-118.17556,34.16483],[-118.17557,34.16481],[-118.1774,34.16422],[-118.17757,34.16421],[-118.17765,34.16421],[-118.17774,34.16422],[-118.1779,34.16424],[-118.17799,34.16425],[-118.17809,34.16428],[-118.17811,34.16428],[-118.17816,34.16428],[-118.1782,34.16426],[-118.17823,34.16423],[-118.17824,34.1642],[-118.17825,34.16418],[-118.17824,34.16414],[-118.17822,34.16411],[-118.1782,34.16408],[-118.17816,34.16406],[-118.17723,34.16344],[-118.17708,34.16337],[-118.17694,34.16328],[-118.17688,34.16323],[-118.17675,34.16313],[-118.17664,34.16302],[-118.17655,34.1629],[-118.1765,34.16284],[-118.17642,34.16271],[-118.17639,34.16264],[-118.17637,34.16253],[-118.17636,34.16247],[-118.17636,34.16241],[-118.17637,34.1623],[-118.17639,34.16219],[-118.17641,34.16213],[-118.17646,34.16202],[-118.17653,34.16192],[-118.17656,34.16188],[-118.17665,34.16178],[-118.17529,34.16147],[-118.17498,34.16139],[-118.17467,34.16132],[-118.17451,34.1613],[-118.17419,34.16125],[-118.17403,34.16123],[-118.17387,34.16122],[-118.17355,34.1612],[-118.17339,34.1612],[-118.17307,34.1612],[-118.17288,34.16114],[-118.17271,34.16106],[-118.17262,34.16102],[-118.17245,34.16093],[-118.17215,34.16077],[-118.172,34.16069],[-118.17172,34.16052],[-118.17144,34.16034],[-118.17131,34.16024],[-118.17125,34.16012],[-118.17122,34.16005],[-118.1712,34.15999],[-118.17117,34.15986],[-118.17116,34.15979],[-118.17115,34.15969],[-118.17147,34.15992],[-118.17179,34.16014],[-118.17212,34.16035],[-118.17247,34.16056],[-118.17261,34.16054],[-118.17269,34.16054],[-118.17284,34.16055],[-118.17298,34.16057],[-118.17313,34.1606],[-118.1732,34.16062],[-118.17333,34.16067],[-118.17347,34.16074],[-118.17364,34.16079],[-118.17372,34.16081],[-118.17389,34.16085],[-118.17397,34.16086],[-118.17406,34.16087],[-118.17415,34.16087],[-118.17432,34.16087],[-118.17441,34.16087],[-118.17449,34.16086],[-118.17466,34.16083],[-118.17475,34.16083],[-118.17484,34.16083],[-118.17502,34.16081],[-118.17511,34.1608],[-118.1752,34.16078],[-118.17528,34.16076],[-118.17537,34.16074],[-118.17545,34.16071],[-118.17553,34.16068],[-118.17608,34.16044],[-118.17636,34.16032],[-118.17691,34.16009],[-118.17747,34.15987],[-118.17775,34.15977],[-118.17787,34.15973],[-118.17798,34.15971],[-118.1781,34.1597],[-118.17816,34.1597],[-118.17824,34.15971],[-118.1784,34.15972],[-118.17855,34.15971],[-118.17863,34.15971],[-118.17879,34.15968],[-118.17893,34.15964],[-118.17935,34.15968],[-118.17956,34.1597],[-118.17997,34.15976],[-118.18038,34.15983],[-118.18079,34.15991],[-118.18099,34.15996],[-118.18139,34.16006],[-118.18178,34.16018],[-118.1819,34.16019],[-118.18214,34.16022],[-118.18226,34.16022],[-118.18238,34.16022],[-118.1825,34.16022],[-118.18261,34.16022],[-118.18285,34.16019],[-118.18317,34.16018],[-118.18349,34.16017],[-118.18365,34.16017],[-118.18397,34.16019],[-118.18428,34.16022],[-118.1846,34.16026],[-118.18492,34.16031],[-118.18489,34.1602],[-118.18479,34.15979],[-118.18441,34.15975],[-118.18417,34.15976],[-118.18417,34.15974],[-118.18417,34.15973],[-118.18401,34.15913],[-118.18398,34.159],[-118.18384,34.15851],[-118.18368,34.15785],[-118.18367,34.15783],[-118.18364,34.15771],[-118.18347,34.15704],[-118.18331,34.15638],[-118.1832,34.15603],[-118.1831,34.15569],[-118.183,34.15528],[-118.183,34.15526],[-118.183,34.15525],[-118.18298,34.15516],[-118.1828,34.15445],[-118.18258,34.15362],[-118.1823,34.15252],[-118.18197,34.15131],[-118.18178,34.1506],[-118.18173,34.15042],[-118.18166,34.15019],[-118.18161,34.14998],[-118.1816,34.14991],[-118.18159,34.1499],[-118.18165,34.14974],[-118.18167,34.14967],[-118.18168,34.14963],[-118.18168,34.14962],[-118.18173,34.14939],[-118.18183,34.14908],[-118.18184,34.14908],[-118.18187,34.14908],[-118.18186,34.14907],[-118.18186,34.14901],[-118.18185,34.14894],[-118.18185,34.14879],[-118.18185,34.14872],[-118.18187,34.14865],[-118.1819,34.1485],[-118.18194,34.14836],[-118.18201,34.14822],[-118.18204,34.14815],[-118.18213,34.14802],[-118.18223,34.1479],[-118.18228,34.14784],[-118.18234,34.14779],[-118.18238,34.14776],[-118.1824,34.14774],[-118.18243,34.14769],[-118.18244,34.14765],[-118.1824,34.14763],[-118.18235,34.14761],[-118.18225,34.14758],[-118.1822,34.14758],[-118.1821,34.1476],[-118.182,34.14762],[-118.18195,34.14764],[-118.18186,34.14768],[-118.18177,34.14773],[-118.1817,34.14779],[-118.18167,34.14783],[-118.18159,34.1479],[-118.1815,34.14796],[-118.1814,34.14801],[-118.1813,34.14805],[-118.18126,34.14805],[-118.18122,34.14803],[-118.18114,34.148],[-118.18108,34.14796],[-118.18105,34.14793],[-118.18103,34.1479],[-118.181,34.14787],[-118.18098,34.1478],[-118.18097,34.14777],[-118.18096,34.14773],[-118.18096,34.1477],[-118.18097,34.14766],[-118.18101,34.14753],[-118.18103,34.1474],[-118.18104,34.14727],[-118.18103,34.14713],[-118.18101,34.147],[-118.18099,34.14693],[-118.18099,34.14673],[-118.18097,34.14653],[-118.18096,34.14643],[-118.18092,34.14623],[-118.1809,34.14621],[-118.18086,34.14615],[-118.18085,34.14609],[-118.18085,34.14606],[-118.18086,34.146],[-118.18088,34.14594],[-118.18092,34.14589],[-118.18098,34.14584],[-118.18104,34.14581],[-118.18112,34.14581],[-118.1812,34.14581],[-118.18128,34.1458],[-118.18136,34.14579],[-118.18152,34.14576],[-118.18168,34.14572],[-118.18175,34.14569],[-118.18182,34.14566],[-118.18189,34.14562],[-118.18196,34.14559],[-118.18209,34.1455],[-118.1822,34.14541],[-118.18226,34.14536],[-118.18235,34.14525],[-118.1824,34.14519],[-118.1824,34.14516],[-118.18241,34.1451],[-118.18242,34.14507],[-118.18246,34.14501],[-118.18248,34.14498],[-118.18254,34.14494],[-118.18257,34.14492],[-118.18264,34.14489],[-118.18274,34.14496],[-118.18283,34.14503],[-118.18293,34.1451],[-118.18302,34.14518],[-118.18319,34.14534],[-118.18327,34.14542],[-118.18342,34.14559],[-118.18349,34.14568],[-118.18356,34.14577],[-118.18341,34.14628],[-118.18334,34.14653],[-118.18321,34.14703],[-118.18309,34.14754],[-118.18299,34.14805],[-118.18295,34.14831],[-118.18291,34.14856],[-118.18284,34.14907],[-118.18319,34.14908],[-118.1835,34.14908],[-118.18372,34.14909],[-118.18388,34.14909],[-118.1839,34.14909],[-118.18414,34.14908],[-118.1843,34.14909],[-118.18434,34.14909],[-118.18464,34.14909],[-118.18493,34.14908],[-118.18494,34.14908],[-118.18515,34.14908],[-118.18574,34.14908],[-118.18641,34.14907],[-118.1869,34.14908],[-118.18692,34.14908],[-118.18696,34.14908],[-118.18699,34.14908],[-118.18701,34.14908],[-118.18752,34.14907],[-118.18864,34.14907],[-118.18921,34.14907],[-118.18922,34.14907],[-118.18931,34.14907],[-118.18939,34.14907],[-118.18947,34.14907],[-118.18949,34.14907],[-118.18952,34.14907],[-118.18958,34.14907],[-118.18959,34.14907],[-118.18999,34.14907],[-118.19112,34.14907],[-118.19138,34.14907],[-118.19198,34.14907],[-118.19211,34.14907],[-118.19279,34.14906],[-118.19313,34.14906],[-118.19314,34.14906],[-118.19321,34.14906],[-118.19337,34.14907],[-118.19476,34.14907],[-118.19523,34.14906],[-118.19527,34.14906],[-118.19555,34.14905],[-118.19586,34.14905],[-118.1959,34.14905],[-118.19621,34.14906],[-118.19683,34.14906],[-118.19743,34.14905],[-118.19756,34.14905],[-118.19758,34.14905],[-118.19803,34.14904],[-118.19816,34.14903],[-118.19817,34.14905],[-118.19818,34.14915],[-118.1982,34.14927],[-118.19818,34.15011],[-118.19818,34.15055],[-118.19817,34.15078],[-118.19817,34.15079],[-118.19816,34.15084],[-118.19816,34.15096],[-118.19817,34.15162],[-118.19835,34.15151],[-118.19843,34.15146],[-118.1986,34.15136],[-118.19877,34.15124],[-118.19891,34.15116],[-118.19953,34.15107],[-118.19956,34.15106],[-118.19967,34.15105],[-118.20018,34.15098],[-118.20028,34.15097],[-118.20064,34.15093],[-118.20114,34.15086],[-118.20147,34.15081],[-118.20163,34.15079],[-118.20181,34.15077],[-118.20184,34.15077],[-118.20199,34.15075],[-118.20269,34.15067],[-118.2027,34.15067],[-118.20286,34.15049],[-118.20307,34.15028],[-118.20307,34.15027],[-118.20342,34.14992],[-118.20359,34.14972],[-118.20375,34.14963],[-118.20389,34.14952],[-118.2039,34.14952],[-118.20392,34.1495],[-118.20398,34.14946],[-118.204,34.14945],[-118.20424,34.14931],[-118.20472,34.14854],[-118.20472,34.14853],[-118.20502,34.14806],[-118.20514,34.14787],[-118.20515,34.14786],[-118.20523,34.14774],[-118.20535,34.14754],[-118.20536,34.14753],[-118.20541,34.14744],[-118.20579,34.14742],[-118.20594,34.1474],[-118.20596,34.1474],[-118.20619,34.14737],[-118.20644,34.14735],[-118.20645,34.14735],[-118.20668,34.14734],[-118.20712,34.14731],[-118.2077,34.14726],[-118.20793,34.1471],[-118.20794,34.14708],[-118.20797,34.14706],[-118.20798,34.14706],[-118.20821,34.14689],[-118.20852,34.14668],[-118.20861,34.14661],[-118.20875,34.14651],[-118.20876,34.14651],[-118.2088,34.1465],[-118.20881,34.1465],[-118.20882,34.1465],[-118.20931,34.14645],[-118.20969,34.14639],[-118.20984,34.14637],[-118.20987,34.14637],[-118.20987,34.14636],[-118.21009,34.14633],[-118.21057,34.14628],[-118.21098,34.14622],[-118.2111,34.1464],[-118.21113,34.14645],[-118.21114,34.14646],[-118.21126,34.14663],[-118.21136,34.14678],[-118.21136,34.14679],[-118.21145,34.14693],[-118.21152,34.14702],[-118.21163,34.14717],[-118.21181,34.14719],[-118.21202,34.14722],[-118.21261,34.14725],[-118.21315,34.14727],[-118.21318,34.14727],[-118.21321,34.14727],[-118.21322,34.14727],[-118.21323,34.14727],[-118.21324,34.14727],[-118.21339,34.14727],[-118.21341,34.14727],[-118.21347,34.14727],[-118.21348,34.14727],[-118.21375,34.14726],[-118.21417,34.14726],[-118.21426,34.14726],[-118.21439,34.14726],[-118.21449,34.14725],[-118.21451,34.14725],[-118.21466,34.14725],[-118.21501,34.14724],[-118.21518,34.14724],[-118.21519,34.14724],[-118.21559,34.14724],[-118.21623,34.14724],[-118.21647,34.14737],[-118.21668,34.14748],[-118.21676,34.14751],[-118.2168,34.14752],[-118.21709,34.14753],[-118.21711,34.14753],[-118.21727,34.14753],[-118.21839,34.14752],[-118.21841,34.14752],[-118.21861,34.14752],[-118.21865,34.14752],[-118.21866,34.14752],[-118.21867,34.14752],[-118.21868,34.14752],[-118.21918,34.14753],[-118.21927,34.14777],[-118.21935,34.14798],[-118.21936,34.14802],[-118.21944,34.14827],[-118.21976,34.14835],[-118.22123,34.14868],[-118.22155,34.14876],[-118.22156,34.14876],[-118.22157,34.14877],[-118.22158,34.14877],[-118.22202,34.14886],[-118.22236,34.14916],[-118.22248,34.14925],[-118.22282,34.14926],[-118.22326,34.14929],[-118.22327,34.14929],[-118.22328,34.14929],[-118.22333,34.1493],[-118.22335,34.1493],[-118.22379,34.14931],[-118.22405,34.14933],[-118.22412,34.14933],[-118.22423,34.14934],[-118.22459,34.14935],[-118.2246,34.14935],[-118.22461,34.14935],[-118.22434,34.1495],[-118.22414,34.14969],[-118.22394,34.14988],[-118.22372,34.15012],[-118.22357,34.15032],[-118.22346,34.15049],[-118.22337,34.15061],[-118.22316,34.15069],[-118.22298,34.15069],[-118.22273,34.15066],[-118.22257,34.15061],[-118.22241,34.15066],[-118.22158,34.15067],[-118.22142,34.15063],[-118.22128,34.15063],[-118.22125,34.15071],[-118.22125,34.15083],[-118.22125,34.15107],[-118.22121,34.15121],[-118.22065,34.15108],[-118.2207,34.15092],[-118.22075,34.15074],[-118.22079,34.15054],[-118.22048,34.15047],[-118.2201,34.15042],[-118.2201,34.15051],[-118.22011,34.15064],[-118.2201,34.15068],[-118.22006,34.15069],[-118.22,34.15063],[-118.21999,34.15059],[-118.21992,34.15048],[-118.21989,34.15042],[-118.21983,34.15037],[-118.21963,34.15026],[-118.21942,34.15019],[-118.21914,34.15015],[-118.2186,34.15006],[-118.21845,34.15004],[-118.21828,34.15001],[-118.2179,34.14996],[-118.21744,34.14989],[-118.21709,34.1498],[-118.21672,34.14969],[-118.21644,34.1496],[-118.21609,34.14954],[-118.2158,34.14953],[-118.21538,34.1495],[-118.21453,34.14946],[-118.21411,34.14943],[-118.21357,34.14936],[-118.21309,34.14934],[-118.21287,34.14928],[-118.21257,34.14916],[-118.21229,34.14903],[-118.21197,34.14892],[-118.2116,34.14885],[-118.21123,34.14874],[-118.21084,34.14864],[-118.21046,34.14856],[-118.21038,34.14856],[-118.21014,34.14852],[-118.20991,34.14845],[-118.20922,34.14823],[-118.20893,34.14821],[-118.20876,34.14816],[-118.20855,34.14813],[-118.20837,34.14813],[-118.20812,34.14834],[-118.2079,34.14834],[-118.20769,34.14836],[-118.20758,34.14839],[-118.20755,34.14848],[-118.20761,34.14855],[-118.20772,34.14862],[-118.20787,34.14868],[-118.208,34.14874],[-118.20814,34.14878],[-118.20809,34.14889],[-118.20811,34.14897],[-118.20796,34.14894],[-118.20784,34.14888],[-118.20773,34.14883],[-118.20762,34.14881],[-118.20753,34.14882],[-118.20745,34.14881],[-118.20727,34.14868],[-118.20699,34.14866],[-118.20649,34.14864],[-118.20644,34.14873],[-118.20642,34.14892],[-118.20645,34.14911],[-118.20652,34.14932],[-118.20657,34.1494],[-118.20684,34.14945],[-118.20728,34.14967],[-118.20747,34.1498],[-118.20772,34.14994],[-118.20789,34.14998],[-118.20801,34.15002],[-118.20811,34.15004],[-118.20821,34.15005],[-118.20826,34.15004],[-118.20827,34.14998],[-118.20831,34.14995],[-118.20848,34.14997],[-118.20865,34.14997],[-118.20894,34.14998],[-118.20914,34.14997],[-118.20956,34.14991],[-118.20973,34.14993],[-118.20989,34.15],[-118.20989,34.15001],[-118.21005,34.15029],[-118.21012,34.15047],[-118.21018,34.15062],[-118.21013,34.15074],[-118.21001,34.15081],[-118.20977,34.15089],[-118.20947,34.1509],[-118.20936,34.15094],[-118.20926,34.15103],[-118.20919,34.15117],[-118.20908,34.15127],[-118.20852,34.15162],[-118.20823,34.15181],[-118.20785,34.152],[-118.20744,34.15219],[-118.2071,34.15236],[-118.20668,34.15251],[-118.20615,34.15259],[-118.2057,34.15259],[-118.20526,34.15257],[-118.20471,34.15256],[-118.20427,34.15256],[-118.20389,34.15256],[-118.2034,34.15258],[-118.20327,34.15271],[-118.20308,34.15304],[-118.20293,34.15319],[-118.20272,34.15346],[-118.20259,34.15369],[-118.20258,34.15388],[-118.20264,34.1541],[-118.2028,34.15425],[-118.20291,34.15434],[-118.20311,34.15445],[-118.20339,34.15456],[-118.20426,34.1548],[-118.20454,34.1549],[-118.20475,34.15499],[-118.20494,34.15514],[-118.20537,34.15554],[-118.20558,34.1556],[-118.20576,34.15559],[-118.20597,34.15548],[-118.2061,34.15536],[-118.20625,34.15514],[-118.2064,34.15499],[-118.20655,34.15492],[-118.20664,34.1549],[-118.20678,34.15489],[-118.20716,34.15489],[-118.2074,34.15486],[-118.20765,34.15477],[-118.20788,34.15467],[-118.20802,34.15453],[-118.20817,34.1544],[-118.20831,34.1543],[-118.20842,34.15421],[-118.20857,34.15412],[-118.2087,34.15403],[-118.20887,34.15403],[-118.20902,34.154],[-118.20925,34.154],[-118.20947,34.15396],[-118.20983,34.15381],[-118.21007,34.15373],[-118.21036,34.15358],[-118.21055,34.15353],[-118.21093,34.15353],[-118.21124,34.1534],[-118.21142,34.15333],[-118.21157,34.15323],[-118.21185,34.15313],[-118.21211,34.15309],[-118.21241,34.15307],[-118.21316,34.15307],[-118.21424,34.15297],[-118.21478,34.15287],[-118.21527,34.15263],[-118.21557,34.15246],[-118.21588,34.15236],[-118.21625,34.1522],[-118.21632,34.15212],[-118.21644,34.15187],[-118.21654,34.15163],[-118.2168,34.15174],[-118.21689,34.15172],[-118.21708,34.15169],[-118.21712,34.15173],[-118.21713,34.15179],[-118.21712,34.15187],[-118.21709,34.15196],[-118.21704,34.15208],[-118.21707,34.15214],[-118.21714,34.15217],[-118.21722,34.15216],[-118.21731,34.15216],[-118.21753,34.15218],[-118.21766,34.15219],[-118.21812,34.15229],[-118.21833,34.15231],[-118.21862,34.15236],[-118.2189,34.15238],[-118.21916,34.1524],[-118.21964,34.15241],[-118.21995,34.15236],[-118.22029,34.15221],[-118.22048,34.15217],[-118.22078,34.15214],[-118.22104,34.15216],[-118.2216,34.15228],[-118.22199,34.15212],[-118.22226,34.15204],[-118.22268,34.1519],[-118.22279,34.15186],[-118.22278,34.15186],[-118.22279,34.15185],[-118.22302,34.15182],[-118.22322,34.15182],[-118.22341,34.15189],[-118.22341,34.15202],[-118.22343,34.15221],[-118.22343,34.15236],[-118.22344,34.15242],[-118.22341,34.15246],[-118.22334,34.15245],[-118.2233,34.15243],[-118.22324,34.15242],[-118.22308,34.15239],[-118.22296,34.15238],[-118.2229,34.15238],[-118.22239,34.15243],[-118.22219,34.15256],[-118.2221,34.15276],[-118.2221,34.15299],[-118.22223,34.15317],[-118.22246,34.15343],[-118.22261,34.15364],[-118.22271,34.15385],[-118.22272,34.15404],[-118.2227,34.15424],[-118.22262,34.1544],[-118.22234,34.15473],[-118.22218,34.15485],[-118.22196,34.15503],[-118.22196,34.15504],[-118.22187,34.15528],[-118.22183,34.15556],[-118.22187,34.1558],[-118.22197,34.15598],[-118.22209,34.15611],[-118.22221,34.1562],[-118.22224,34.15626],[-118.22235,34.15615],[-118.22252,34.15596],[-118.22271,34.15579],[-118.22293,34.15562],[-118.22309,34.15544],[-118.22329,34.15526],[-118.22348,34.15507],[-118.22366,34.15491],[-118.22386,34.15476],[-118.22388,34.15476],[-118.22408,34.15465],[-118.22433,34.15462],[-118.22457,34.15464],[-118.2248,34.15469],[-118.22503,34.15476],[-118.22509,34.15485],[-118.22512,34.15498],[-118.22501,34.15505],[-118.22478,34.15511],[-118.22474,34.15502],[-118.2246,34.15495],[-118.22443,34.15496],[-118.22418,34.155],[-118.22401,34.15506],[-118.22384,34.15517],[-118.22369,34.15532],[-118.22346,34.15548],[-118.22308,34.15578],[-118.22286,34.15599],[-118.22263,34.15623],[-118.22241,34.15645],[-118.22222,34.15659],[-118.22205,34.15671],[-118.22204,34.15671],[-118.22194,34.15678],[-118.22174,34.1569],[-118.22165,34.15684],[-118.22162,34.15673],[-118.22161,34.15662],[-118.22154,34.15678],[-118.22145,34.15691],[-118.22134,34.15701],[-118.2212,34.15707],[-118.22099,34.15718],[-118.22079,34.1573],[-118.22057,34.15737],[-118.22032,34.15745],[-118.22002,34.15753],[-118.21964,34.15753],[-118.21931,34.15757],[-118.21903,34.1577],[-118.21853,34.15811],[-118.21823,34.15831],[-118.21789,34.15852],[-118.21753,34.15864],[-118.21753,34.15865],[-118.21718,34.15876],[-118.21697,34.15883],[-118.21662,34.15892],[-118.21638,34.15897],[-118.21628,34.15904],[-118.21616,34.15916],[-118.2161,34.15928],[-118.21602,34.15933],[-118.2159,34.15936],[-118.2157,34.15931],[-118.21547,34.15929],[-118.2151,34.15929],[-118.21481,34.15933],[-118.21452,34.15938],[-118.21426,34.15945],[-118.2141,34.15948],[-118.21397,34.15953],[-118.21382,34.15954],[-118.2137,34.15958],[-118.2135,34.15969],[-118.21328,34.15982],[-118.21323,34.15995],[-118.21317,34.16002],[-118.2131,34.16013],[-118.21298,34.16026],[-118.21287,34.16036],[-118.21277,34.16041],[-118.21271,34.16043],[-118.21264,34.1605],[-118.21242,34.16067],[-118.21216,34.1608],[-118.21189,34.16093],[-118.21159,34.16102],[-118.21136,34.16107],[-118.21121,34.16111],[-118.21104,34.16125],[-118.21092,34.16147],[-118.21093,34.16162],[-118.21102,34.16179],[-118.21115,34.16197],[-118.2113,34.16212],[-118.21146,34.16223],[-118.21168,34.16236],[-118.21184,34.16243],[-118.21201,34.16245],[-118.21208,34.16246],[-118.21216,34.16246],[-118.21221,34.16246],[-118.2123,34.16246],[-118.21224,34.16242],[-118.21203,34.16221],[-118.21187,34.16199],[-118.21158,34.16165],[-118.21147,34.16149],[-118.21147,34.16144],[-118.2115,34.16137],[-118.21157,34.16135],[-118.21172,34.16162],[-118.21213,34.16208],[-118.21239,34.16232],[-118.21242,34.16214],[-118.2125,34.16203],[-118.21258,34.16196],[-118.21269,34.16195],[-118.21286,34.16197],[-118.213,34.16203],[-118.21306,34.16213],[-118.21315,34.16218],[-118.21323,34.16227],[-118.21335,34.16233],[-118.21337,34.16219],[-118.21334,34.16208],[-118.21328,34.16196],[-118.21312,34.16152],[-118.21304,34.16125],[-118.21298,34.16105],[-118.21291,34.16081],[-118.21285,34.16066],[-118.21291,34.16057],[-118.213,34.16051],[-118.21314,34.16103],[-118.21323,34.16124],[-118.21328,34.16146],[-118.21337,34.16175],[-118.21343,34.16199],[-118.21347,34.16213],[-118.21348,34.16224],[-118.21355,34.16213],[-118.21371,34.16195],[-118.21379,34.16183],[-118.2143,34.16156],[-118.21436,34.16144],[-118.21451,34.16135],[-118.21463,34.1612],[-118.21476,34.161],[-118.21489,34.16081],[-118.21499,34.1606],[-118.21504,34.16048],[-118.21519,34.16028],[-118.21532,34.16013],[-118.21552,34.15988],[-118.21564,34.15972],[-118.21587,34.15956],[-118.21618,34.15947],[-118.2164,34.15949],[-118.21656,34.15959],[-118.21653,34.15967],[-118.21652,34.15971],[-118.21652,34.15982],[-118.21653,34.1599],[-118.21654,34.16038],[-118.21649,34.16053],[-118.2164,34.16076],[-118.21637,34.16093],[-118.21626,34.1612],[-118.21625,34.16137],[-118.21642,34.16127],[-118.21654,34.16118],[-118.2167,34.16103],[-118.21682,34.161],[-118.21701,34.161],[-118.21713,34.16107],[-118.21721,34.16112],[-118.21725,34.16114],[-118.21733,34.16113],[-118.21728,34.16072],[-118.21725,34.1604],[-118.21721,34.16009],[-118.21721,34.15985],[-118.21719,34.15958],[-118.2173,34.15958],[-118.21743,34.15957],[-118.21743,34.15994],[-118.21744,34.16018],[-118.21748,34.16043],[-118.21751,34.16083],[-118.21756,34.16109],[-118.21764,34.16104],[-118.21771,34.16096],[-118.21779,34.16094],[-118.21784,34.16081],[-118.21784,34.16064],[-118.21787,34.16034],[-118.21788,34.16014],[-118.21791,34.1599],[-118.21794,34.15971],[-118.21804,34.1596],[-118.21811,34.15968],[-118.21812,34.16014],[-118.21811,34.16036],[-118.21808,34.16051],[-118.21807,34.16061],[-118.21806,34.16073],[-118.21805,34.16084],[-118.21807,34.16094],[-118.21811,34.16094],[-118.21816,34.16091],[-118.21822,34.16082],[-118.21824,34.16076],[-118.21823,34.16065],[-118.21824,34.16059],[-118.21826,34.16055],[-118.21837,34.16051],[-118.21845,34.16048],[-118.21853,34.16049],[-118.21863,34.16054],[-118.21873,34.16057],[-118.2188,34.16055],[-118.21884,34.16052],[-118.21886,34.16049],[-118.21889,34.16042],[-118.21893,34.16029],[-118.21895,34.16018],[-118.21898,34.15987],[-118.21909,34.15894],[-118.21915,34.15852],[-118.21917,34.15852],[-118.21929,34.15844],[-118.21942,34.15838],[-118.21943,34.1585],[-118.21943,34.15862],[-118.21944,34.15876],[-118.21944,34.1589],[-118.21945,34.15902],[-118.21948,34.15919],[-118.21951,34.15926],[-118.21965,34.15937],[-118.21978,34.15944],[-118.22004,34.15954],[-118.22017,34.15962],[-118.22032,34.15969],[-118.22044,34.15977],[-118.22055,34.15983],[-118.22064,34.15994],[-118.22069,34.16008],[-118.2207,34.16023],[-118.22071,34.16035],[-118.22069,34.16048],[-118.2206,34.16059],[-118.22053,34.1607],[-118.22046,34.16078],[-118.22037,34.16088],[-118.22032,34.16092],[-118.22028,34.16097],[-118.22024,34.16102],[-118.22002,34.16121],[-118.21989,34.16132],[-118.21984,34.16141],[-118.21985,34.16152],[-118.2199,34.16162],[-118.22002,34.16171],[-118.22017,34.16183],[-118.22043,34.16202],[-118.22059,34.16216],[-118.22068,34.16228],[-118.22081,34.16236],[-118.22093,34.16244],[-118.22107,34.16247],[-118.22123,34.16247],[-118.22138,34.16242],[-118.22155,34.16234],[-118.22173,34.16228],[-118.22191,34.16219],[-118.22232,34.16205],[-118.22259,34.16198],[-118.22269,34.162],[-118.22275,34.16204],[-118.22279,34.16209],[-118.2228,34.16215],[-118.2228,34.16223],[-118.22279,34.16239],[-118.22272,34.16266],[-118.2227,34.16277],[-118.22266,34.16301],[-118.22262,34.16315],[-118.22262,34.16338],[-118.22271,34.16361],[-118.22283,34.16371],[-118.22303,34.16384],[-118.22337,34.1639],[-118.22411,34.1639],[-118.22435,34.16387],[-118.22462,34.16386],[-118.22494,34.16386],[-118.22543,34.16384],[-118.22561,34.16384],[-118.22574,34.16382],[-118.22584,34.16381],[-118.22591,34.16378],[-118.22596,34.16374],[-118.22602,34.16354],[-118.22616,34.16278],[-118.22626,34.16195],[-118.22631,34.16117],[-118.22624,34.16032],[-118.22611,34.15962],[-118.2259,34.15893],[-118.22581,34.15877],[-118.22565,34.15864],[-118.22544,34.15854],[-118.22522,34.15845],[-118.22473,34.15827],[-118.22448,34.15816],[-118.22434,34.15808],[-118.22419,34.15799],[-118.22404,34.15789],[-118.22377,34.15767],[-118.2237,34.15753],[-118.22362,34.15734],[-118.22358,34.15714],[-118.22353,34.15698],[-118.22352,34.15682],[-118.22352,34.15666],[-118.22353,34.15653],[-118.22361,34.15635],[-118.22368,34.15629],[-118.22365,34.15596],[-118.22365,34.15584],[-118.22387,34.15572],[-118.22392,34.15571],[-118.22395,34.15578],[-118.22393,34.15591],[-118.22394,34.15601],[-118.22395,34.15603],[-118.224,34.15603],[-118.22403,34.15598],[-118.2241,34.15596],[-118.22423,34.15595],[-118.2244,34.15595],[-118.22459,34.15604],[-118.22477,34.15614],[-118.22496,34.15628],[-118.22512,34.15642],[-118.22528,34.15675],[-118.22529,34.15675],[-118.22536,34.15691],[-118.22546,34.15703],[-118.22561,34.1573],[-118.22571,34.1573],[-118.22575,34.15727],[-118.22585,34.15708],[-118.22604,34.15661],[-118.22607,34.15646],[-118.22624,34.15613],[-118.22632,34.15612],[-118.22636,34.15615],[-118.22642,34.15626],[-118.22643,34.15635],[-118.22641,34.15643],[-118.22647,34.15649],[-118.22647,34.15655],[-118.2264,34.15666],[-118.22617,34.1571],[-118.22608,34.15726],[-118.22596,34.15743],[-118.22586,34.15754],[-118.22581,34.15767],[-118.22578,34.15783],[-118.22579,34.15802],[-118.22594,34.15824],[-118.22609,34.15843],[-118.2263,34.15866],[-118.22642,34.15884],[-118.22655,34.15897],[-118.22669,34.1591],[-118.2268,34.15921],[-118.22695,34.1593],[-118.22711,34.15939],[-118.22742,34.15955],[-118.22775,34.15962],[-118.22786,34.15967],[-118.22813,34.15985],[-118.22826,34.15996],[-118.22837,34.16004],[-118.22848,34.16015],[-118.22859,34.16021],[-118.22889,34.16043],[-118.22899,34.1605],[-118.2291,34.16057],[-118.22928,34.16083],[-118.22938,34.16109],[-118.2294,34.16124],[-118.22927,34.16152],[-118.22916,34.1617],[-118.22913,34.162],[-118.22914,34.16244],[-118.22922,34.16263],[-118.2294,34.16287],[-118.22948,34.16301],[-118.2296,34.16316],[-118.22971,34.16333],[-118.22977,34.1635],[-118.22981,34.16374],[-118.22982,34.16398],[-118.22988,34.16444],[-118.22988,34.16463],[-118.22981,34.1648],[-118.22968,34.16495],[-118.22939,34.16501],[-118.2291,34.16502],[-118.22888,34.16504],[-118.22861,34.16504],[-118.22831,34.16502],[-118.22805,34.16492],[-118.22769,34.16477],[-118.22743,34.16488],[-118.22731,34.16501],[-118.22719,34.16517],[-118.22718,34.16537],[-118.2271,34.16557],[-118.2271,34.16577],[-118.22714,34.16592],[-118.22714,34.16598],[-118.22732,34.16608],[-118.22764,34.16616],[-118.22818,34.1663],[-118.22862,34.16636],[-118.22917,34.16642],[-118.22967,34.1665],[-118.23009,34.16663],[-118.23027,34.16676],[-118.2302,34.16681],[-118.23012,34.1669],[-118.23005,34.16696],[-118.22986,34.16693],[-118.22974,34.16688],[-118.22956,34.16685],[-118.2292,34.16677],[-118.22852,34.16668],[-118.22817,34.16662],[-118.22771,34.16649],[-118.22711,34.16635],[-118.22687,34.16645],[-118.22678,34.16673],[-118.22676,34.16689],[-118.22676,34.16707],[-118.22688,34.16712],[-118.22706,34.16717],[-118.22732,34.1672],[-118.22756,34.1673],[-118.22784,34.16734],[-118.22826,34.16742],[-118.22881,34.16748],[-118.22903,34.16753],[-118.22923,34.16753],[-118.22933,34.16757],[-118.22939,34.16764],[-118.22932,34.16769],[-118.22927,34.16775],[-118.22918,34.16783],[-118.22909,34.1679],[-118.22902,34.1679],[-118.22897,34.16788],[-118.22892,34.16786],[-118.22888,34.16784],[-118.22883,34.16782],[-118.22865,34.16776],[-118.22839,34.16771],[-118.22818,34.16768],[-118.22792,34.16763],[-118.22761,34.16759],[-118.2274,34.16753],[-118.22715,34.16748],[-118.22698,34.16745],[-118.22681,34.16741],[-118.22666,34.16741],[-118.22657,34.16744],[-118.22639,34.16753],[-118.22636,34.16767],[-118.22629,34.16783],[-118.22624,34.16799],[-118.22617,34.16814],[-118.2261,34.16831],[-118.22606,34.1685],[-118.22608,34.16867],[-118.22611,34.16877],[-118.22649,34.16891],[-118.22675,34.16896],[-118.22698,34.16907],[-118.22727,34.16918],[-118.22756,34.16924],[-118.22773,34.1693],[-118.22773,34.16936],[-118.2277,34.16941],[-118.22765,34.16944],[-118.22755,34.16947],[-118.22752,34.16951],[-118.22745,34.16956],[-118.22732,34.16955],[-118.22705,34.16948],[-118.22692,34.16943],[-118.22676,34.16937],[-118.2264,34.16926],[-118.22623,34.16924],[-118.2261,34.1692],[-118.22594,34.1692],[-118.22585,34.1692],[-118.22569,34.16924],[-118.22556,34.16931],[-118.2252,34.16957],[-118.225,34.16968],[-118.2248,34.16977],[-118.22447,34.16989],[-118.22423,34.16997],[-118.2238,34.17008],[-118.22355,34.17013],[-118.22307,34.1702],[-118.22283,34.17021],[-118.22263,34.17023],[-118.22222,34.17028],[-118.22205,34.17032],[-118.2218,34.17034],[-118.2216,34.17037],[-118.22135,34.1704],[-118.22099,34.17043],[-118.22076,34.17046],[-118.22029,34.1705],[-118.22009,34.1705],[-118.21998,34.17054],[-118.21988,34.17059],[-118.21977,34.17065],[-118.21967,34.17073],[-118.21959,34.17085],[-118.21947,34.17097],[-118.21937,34.17111],[-118.21929,34.17116],[-118.21914,34.17122],[-118.21898,34.17126],[-118.21879,34.17127],[-118.21864,34.17129],[-118.21854,34.17135],[-118.21848,34.1714],[-118.21841,34.17148],[-118.2184,34.17157],[-118.21841,34.17173],[-118.21832,34.17178],[-118.21818,34.17184],[-118.21809,34.17189],[-118.21795,34.17195],[-118.21788,34.17197],[-118.21785,34.17202],[-118.21791,34.17208],[-118.21801,34.17224],[-118.21815,34.17239],[-118.21832,34.17255],[-118.21854,34.17269],[-118.21882,34.17281],[-118.21912,34.17291],[-118.21937,34.17304],[-118.21952,34.17313],[-118.21961,34.17329],[-118.21959,34.17344],[-118.21963,34.17358],[-118.21974,34.1737],[-118.21998,34.1738],[-118.22018,34.1739],[-118.22046,34.17403],[-118.22074,34.17414],[-118.22109,34.17424],[-118.2217,34.17451],[-118.22194,34.17465],[-118.22212,34.1748],[-118.22225,34.17496],[-118.22228,34.1751],[-118.22226,34.17527],[-118.22223,34.17549],[-118.22219,34.17575],[-118.22214,34.1761],[-118.2221,34.17636],[-118.22209,34.17673],[-118.22212,34.17699],[-118.22208,34.17713],[-118.2221,34.17725],[-118.2223,34.17732],[-118.22255,34.17733],[-118.22284,34.17732],[-118.22297,34.17738],[-118.22316,34.1776],[-118.22335,34.17778],[-118.22348,34.17781],[-118.22366,34.17783],[-118.22383,34.17791],[-118.22405,34.17803],[-118.2243,34.17821],[-118.22445,34.17839],[-118.22484,34.17881],[-118.22496,34.17916],[-118.22497,34.17938],[-118.22488,34.1797],[-118.22485,34.17991],[-118.22475,34.18005],[-118.2246,34.18019],[-118.22443,34.18029],[-118.22408,34.18041],[-118.224,34.18056],[-118.22406,34.18086],[-118.22411,34.18106],[-118.22419,34.18131],[-118.22426,34.18153],[-118.22426,34.18166],[-118.22404,34.18179],[-118.22367,34.18192],[-118.22332,34.18202],[-118.22301,34.18213],[-118.22274,34.18221],[-118.22245,34.18226],[-118.22213,34.18234],[-118.2218,34.18238],[-118.22137,34.18239],[-118.22091,34.1824],[-118.22057,34.18241],[-118.22022,34.18241],[-118.21978,34.18244],[-118.21951,34.18246],[-118.21932,34.18252],[-118.2188,34.18274],[-118.21858,34.18281],[-118.21843,34.18303],[-118.21823,34.18336],[-118.21807,34.18383],[-118.21796,34.18424],[-118.21783,34.18464],[-118.21778,34.18509],[-118.21774,34.18538],[-118.2178,34.18558],[-118.21795,34.1857],[-118.21814,34.18578],[-118.21842,34.18574],[-118.21856,34.18562],[-118.21873,34.18556],[-118.21891,34.18545],[-118.21905,34.18539],[-118.21926,34.18532],[-118.21946,34.18532],[-118.21971,34.18527],[-118.21986,34.18521],[-118.22005,34.18521],[-118.22019,34.1853],[-118.2206,34.18532],[-118.22089,34.18537],[-118.22118,34.18539],[-118.22145,34.18539],[-118.2217,34.18541],[-118.22189,34.18538],[-118.22227,34.18535],[-118.2229,34.18534],[-118.2232,34.18533],[-118.22335,34.18532],[-118.22333,34.18508],[-118.22324,34.1849],[-118.22311,34.18471],[-118.22289,34.18447],[-118.22271,34.18432],[-118.2226,34.18417],[-118.22239,34.18401],[-118.22222,34.18386],[-118.2221,34.18377],[-118.22204,34.18368],[-118.22209,34.1836],[-118.22219,34.18357],[-118.22236,34.18367],[-118.22255,34.18379],[-118.22273,34.18392],[-118.22287,34.18404],[-118.22308,34.18422],[-118.2232,34.18434],[-118.2232,34.18435],[-118.22332,34.18453],[-118.2234,34.18473],[-118.22346,34.18492],[-118.22352,34.18511],[-118.22361,34.18521],[-118.22393,34.18521],[-118.22405,34.18521],[-118.22429,34.18523],[-118.22455,34.18525],[-118.2247,34.18532],[-118.22483,34.18549],[-118.22495,34.1856],[-118.22513,34.18563],[-118.22526,34.1857],[-118.22536,34.18579],[-118.22541,34.18591],[-118.22542,34.18604],[-118.2254,34.18617],[-118.22529,34.18623],[-118.22526,34.18636],[-118.2252,34.18653],[-118.2252,34.18669],[-118.22523,34.18677],[-118.22522,34.18692],[-118.22517,34.18706],[-118.22514,34.18713],[-118.22507,34.18722],[-118.22499,34.18731],[-118.22482,34.18737],[-118.22469,34.18739],[-118.22429,34.18739],[-118.22416,34.18745],[-118.22375,34.18777],[-118.2235,34.18792],[-118.22327,34.18809],[-118.223,34.18816],[-118.22276,34.18817],[-118.2223,34.18817],[-118.22213,34.1882],[-118.22204,34.18817],[-118.22182,34.18817],[-118.22165,34.18821],[-118.22149,34.18826],[-118.22133,34.18833],[-118.22115,34.18831],[-118.22084,34.18823],[-118.22063,34.18809],[-118.22053,34.188],[-118.22031,34.18794],[-118.22016,34.18785],[-118.21996,34.18785],[-118.2197,34.18784],[-118.21945,34.18776],[-118.21929,34.1877],[-118.21882,34.18753],[-118.21859,34.18744],[-118.21835,34.18739],[-118.21815,34.18738],[-118.21801,34.18744],[-118.21798,34.18757],[-118.21803,34.1878],[-118.21813,34.18806],[-118.21827,34.18839],[-118.2185,34.18884],[-118.21891,34.18901],[-118.21923,34.1891],[-118.21963,34.1892],[-118.22003,34.1893],[-118.22052,34.18934],[-118.22104,34.18933],[-118.22148,34.18934],[-118.22246,34.18933],[-118.22286,34.18926],[-118.22315,34.18925],[-118.22356,34.18936],[-118.2238,34.18946],[-118.2241,34.18955],[-118.22448,34.18961],[-118.22466,34.18968],[-118.22486,34.18975],[-118.22512,34.18994],[-118.22531,34.19031],[-118.22536,34.19049],[-118.22538,34.19069],[-118.22535,34.191],[-118.22535,34.19127],[-118.2253,34.19151],[-118.22526,34.1917],[-118.2252,34.1918],[-118.22505,34.19185],[-118.22487,34.19188],[-118.22413,34.19189],[-118.22391,34.19186],[-118.22371,34.19184],[-118.22334,34.19167],[-118.22325,34.19156],[-118.22305,34.19146],[-118.22284,34.19138],[-118.22257,34.19125],[-118.22229,34.19115],[-118.2219,34.19107],[-118.22166,34.19108],[-118.22136,34.19107],[-118.2207,34.19107],[-118.22041,34.19109],[-118.22013,34.19114],[-118.21969,34.19115],[-118.2197,34.19132],[-118.21987,34.19159],[-118.22005,34.19194],[-118.22021,34.19237],[-118.22026,34.19279],[-118.22035,34.1933],[-118.22043,34.19365],[-118.22067,34.19398],[-118.22089,34.19414],[-118.22116,34.19415],[-118.2215,34.19413],[-118.22173,34.194],[-118.222,34.19366],[-118.22232,34.19343],[-118.22257,34.19326],[-118.22289,34.19306],[-118.22322,34.19288],[-118.22337,34.19288],[-118.22376,34.19298],[-118.22392,34.19317],[-118.22402,34.19339],[-118.22406,34.19374],[-118.22388,34.19394],[-118.22361,34.19416],[-118.22326,34.19439],[-118.22289,34.19457],[-118.22235,34.19477],[-118.22203,34.1949],[-118.2219,34.19504],[-118.22187,34.19524],[-118.22189,34.19549],[-118.22186,34.19575],[-118.22188,34.19596],[-118.22197,34.19624],[-118.22221,34.19641],[-118.22254,34.19649],[-118.22301,34.1966],[-118.22336,34.1967],[-118.22362,34.1969],[-118.2238,34.19716],[-118.22392,34.19732],[-118.22413,34.19766],[-118.22416,34.19794],[-118.22415,34.19815],[-118.22413,34.19844],[-118.22398,34.19874],[-118.22384,34.19899],[-118.22369,34.19928],[-118.22358,34.19949],[-118.22329,34.19972],[-118.22296,34.19976],[-118.22254,34.19973],[-118.22225,34.19962],[-118.22195,34.19949],[-118.22169,34.19937],[-118.22137,34.19921],[-118.22129,34.1994],[-118.22129,34.19957],[-118.22136,34.1997],[-118.22132,34.19985],[-118.22126,34.19989],[-118.22106,34.2],[-118.22094,34.20008],[-118.2208,34.20022],[-118.22076,34.20049],[-118.22081,34.20065],[-118.22082,34.20082],[-118.22078,34.20099],[-118.22072,34.20113],[-118.22062,34.20123],[-118.22045,34.20132],[-118.22024,34.20143],[-118.22006,34.20153],[-118.21974,34.20168],[-118.21938,34.20195],[-118.21896,34.20227],[-118.2186,34.20251],[-118.21822,34.2027],[-118.2179,34.20287],[-118.2177,34.20297],[-118.21753,34.20306],[-118.21717,34.20321],[-118.21676,34.20332],[-118.21598,34.20349],[-118.21577,34.20352],[-118.21549,34.20355],[-118.21544,34.20354],[-118.2153,34.20353],[-118.2152,34.20352],[-118.21501,34.20348],[-118.21492,34.20345],[-118.21474,34.20339],[-118.21466,34.20336],[-118.21449,34.20329],[-118.21441,34.20324],[-118.21433,34.2032],[-118.2143,34.20318],[-118.21429,34.20316],[-118.21428,34.20313],[-118.21428,34.20312],[-118.21432,34.20305],[-118.21435,34.203],[-118.21438,34.20296],[-118.21446,34.20287],[-118.2145,34.20284],[-118.21455,34.2028],[-118.2146,34.20278],[-118.21463,34.20276],[-118.21466,34.20273],[-118.21468,34.2027],[-118.2147,34.20266],[-118.2147,34.20261],[-118.21469,34.20258],[-118.21461,34.20251],[-118.21445,34.20235],[-118.21426,34.20222],[-118.21417,34.20215],[-118.21397,34.20203],[-118.21387,34.20197],[-118.21376,34.20189],[-118.21352,34.20174],[-118.21327,34.20161]],[[-118.2218,34.15666],[-118.22189,34.1566],[-118.222,34.15651],[-118.22185,34.15637],[-118.22178,34.15643],[-118.22178,34.15658],[-118.2218,34.15666]],[[-118.21177,34.20039],[-118.21202,34.20034],[-118.21227,34.20029],[-118.21242,34.20022],[-118.21249,34.20018],[-118.21262,34.20009],[-118.21268,34.20004],[-118.21244,34.19982],[-118.21232,34.19991],[-118.21225,34.19995],[-118.21212,34.20003],[-118.21176,34.20037],[-118.21176,34.20038],[-118.21176,34.20039],[-118.21177,34.20039]],[[-118.21001,34.19975],[-118.21003,34.19974],[-118.21016,34.19963],[-118.21029,34.19952],[-118.2107,34.19911],[-118.21071,34.19909],[-118.21072,34.19907],[-118.21071,34.19904],[-118.21068,34.19902],[-118.21066,34.19901],[-118.21037,34.19887],[-118.21028,34.19898],[-118.21011,34.19921],[-118.20995,34.19945],[-118.20989,34.1996],[-118.20986,34.19967],[-118.20988,34.1997],[-118.2099,34.19971],[-118.20992,34.19973],[-118.20996,34.19974],[-118.21001,34.19975]],[[-118.21385,34.20108],[-118.21356,34.20116],[-118.21299,34.2013],[-118.21312,34.20138],[-118.21326,34.20145],[-118.21341,34.20152],[-118.21349,34.20154],[-118.21365,34.20159],[-118.21382,34.20161],[-118.2139,34.20162],[-118.21399,34.20163],[-118.21416,34.20163],[-118.21385,34.20108]],[[-118.20406,34.17431],[-118.20429,34.17428],[-118.20447,34.17425],[-118.20457,34.17422],[-118.20462,34.17418],[-118.20458,34.17413],[-118.20448,34.17399],[-118.20447,34.17399],[-118.20428,34.17375],[-118.20415,34.17359],[-118.20402,34.17347],[-118.20393,34.1734],[-118.20391,34.17366],[-118.20388,34.17382],[-118.20389,34.17402],[-118.20385,34.1742],[-118.20387,34.17431],[-118.20406,34.17431]],[[-118.18194,34.16375],[-118.18184,34.1638],[-118.18175,34.16386],[-118.18172,34.1639],[-118.18165,34.16397],[-118.18162,34.16401],[-118.18157,34.1641],[-118.18154,34.16418],[-118.18153,34.16428],[-118.18153,34.16432],[-118.18154,34.16442],[-118.18163,34.16449],[-118.18173,34.16456],[-118.18183,34.16461],[-118.18195,34.16466],[-118.18207,34.16469],[-118.1822,34.1647],[-118.18233,34.16471],[-118.18245,34.1647],[-118.18258,34.16467],[-118.18269,34.16464],[-118.18281,34.16459],[-118.18291,34.16453],[-118.18194,34.16375]],[[-118.21339,34.20032],[-118.21297,34.20047],[-118.21254,34.20062],[-118.21233,34.20068],[-118.21189,34.20081],[-118.21184,34.20081],[-118.21179,34.20082],[-118.21175,34.20084],[-118.21172,34.20088],[-118.2117,34.2009],[-118.21181,34.20094],[-118.21187,34.20097],[-118.21193,34.20098],[-118.21205,34.20101],[-118.21211,34.20101],[-118.21223,34.20102],[-118.21234,34.20103],[-118.21256,34.20105],[-118.21278,34.20105],[-118.21289,34.20104],[-118.21311,34.20102],[-118.21333,34.20099],[-118.21354,34.20094],[-118.21375,34.20087],[-118.21339,34.20032]],[[-118.20961,34.1996],[-118.20978,34.1994],[-118.20987,34.19929],[-118.20995,34.19918],[-118.21017,34.19879],[-118.21018,34.19877],[-118.21018,34.19875],[-118.21016,34.19872],[-118.21014,34.1987],[-118.21013,34.19869],[-118.21009,34.19868],[-118.21008,34.19868],[-118.2096,34.19844],[-118.20956,34.19842],[-118.20952,34.19841],[-118.20948,34.19841],[-118.20944,34.19842],[-118.20941,34.19844],[-118.20938,34.19847],[-118.20938,34.19848],[-118.2092,34.19874],[-118.20912,34.19887],[-118.20897,34.19914],[-118.20892,34.19924],[-118.20889,34.19935],[-118.20883,34.19955],[-118.2088,34.19966],[-118.20878,34.19977],[-118.20879,34.1998],[-118.20882,34.19985],[-118.20886,34.19989],[-118.20888,34.19991],[-118.20916,34.2],[-118.20919,34.2],[-118.20924,34.19998],[-118.20928,34.19996],[-118.2093,34.19994],[-118.20933,34.19991],[-118.20942,34.19981],[-118.20961,34.1996]],[[-118.17641,34.16553],[-118.17617,34.16562],[-118.17605,34.16567],[-118.17609,34.16576],[-118.17623,34.16598],[-118.1767,34.16598],[-118.17693,34.16597],[-118.17737,34.16595],[-118.1776,34.16593],[-118.17805,34.16589],[-118.17827,34.16587],[-118.17871,34.16581],[-118.17915,34.16573],[-118.17909,34.16568],[-118.17895,34.16558],[-118.17887,34.16554],[-118.17872,34.16546],[-118.17855,34.16538],[-118.17847,34.16535],[-118.1783,34.1653],[-118.17821,34.16527],[-118.17808,34.16527],[-118.17781,34.16528],[-118.17755,34.16529],[-118.17742,34.16531],[-118.17716,34.16534],[-118.17691,34.16539],[-118.17678,34.16542],[-118.17665,34.16546],[-118.17641,34.16553]],[[-118.21136,34.20038],[-118.21147,34.2003],[-118.21151,34.20026],[-118.21168,34.20009],[-118.21175,34.2],[-118.21178,34.19996],[-118.21183,34.19986],[-118.21186,34.19976],[-118.21188,34.19966],[-118.21188,34.1996],[-118.21176,34.19954],[-118.21094,34.1991],[-118.21087,34.1992],[-118.21072,34.19939],[-118.21055,34.19957],[-118.21046,34.19966],[-118.21037,34.19974],[-118.21018,34.1999],[-118.20998,34.20005],[-118.20977,34.2002],[-118.211,34.20056],[-118.21113,34.20051],[-118.21119,34.20049],[-118.21125,34.20045],[-118.21136,34.20038]],[[-118.21607,34.16119],[-118.21615,34.16105],[-118.21618,34.16086],[-118.21625,34.16068],[-118.21636,34.16013],[-118.21636,34.15989],[-118.21632,34.15973],[-118.21631,34.15972],[-118.21627,34.15966],[-118.21622,34.15961],[-118.21613,34.15962],[-118.21598,34.15969],[-118.21581,34.15983],[-118.21566,34.16001],[-118.21539,34.16039],[-118.21498,34.16112],[-118.21483,34.16129],[-118.21459,34.16163],[-118.21477,34.16161],[-118.21502,34.16157],[-118.21525,34.16148],[-118.21551,34.16146],[-118.21584,34.16146],[-118.21595,34.16142],[-118.21607,34.16119]],[[-118.18873,34.18489],[-118.18887,34.18516],[-118.18915,34.18568],[-118.18922,34.18602],[-118.18925,34.18619],[-118.18929,34.18653],[-118.18931,34.18671],[-118.19024,34.18641],[-118.19027,34.18637],[-118.19028,34.18635],[-118.19029,34.18631],[-118.19027,34.18616],[-118.19024,34.18596],[-118.19018,34.18577],[-118.19012,34.18557],[-118.19004,34.18539],[-118.18994,34.1852],[-118.18983,34.18502],[-118.18971,34.18485],[-118.18957,34.18469],[-118.18949,34.18461],[-118.18942,34.18458],[-118.18935,34.18457],[-118.18927,34.18456],[-118.18923,34.18457],[-118.18915,34.18458],[-118.18908,34.18461],[-118.18902,34.18462],[-118.18897,34.18465],[-118.18894,34.18466],[-118.18888,34.18473],[-118.18885,34.18474],[-118.18879,34.18478],[-118.18873,34.18479],[-118.18872,34.18482],[-118.18873,34.18487],[-118.18873,34.18489]],[[-118.17802,34.16026],[-118.17799,34.16018],[-118.17796,34.16001],[-118.17791,34.15999],[-118.17785,34.15998],[-118.17782,34.15998],[-118.17777,34.15999],[-118.17772,34.16002],[-118.17767,34.16005],[-118.17765,34.16009],[-118.17759,34.16013],[-118.17747,34.16021],[-118.17735,34.16027],[-118.17728,34.1603],[-118.17714,34.16035],[-118.177,34.16039],[-118.17685,34.16041],[-118.1766,34.16049],[-118.17635,34.16059],[-118.17623,34.16064],[-118.176,34.16076],[-118.17588,34.16082],[-118.17566,34.16094],[-118.17545,34.16108],[-118.17538,34.16129],[-118.17679,34.16155],[-118.1782,34.16114],[-118.17825,34.16111],[-118.1783,34.16107],[-118.17833,34.16103],[-118.17834,34.16098],[-118.17835,34.16095],[-118.17834,34.1609],[-118.17833,34.16087],[-118.17829,34.16083],[-118.17827,34.16081],[-118.17818,34.16066],[-118.17814,34.16058],[-118.17807,34.16042],[-118.17802,34.16026]],[[-118.1885,34.18487],[-118.18821,34.18504],[-118.18806,34.18512],[-118.18776,34.18528],[-118.18762,34.18536],[-118.18758,34.18537],[-118.18754,34.18538],[-118.1875,34.18537],[-118.18746,34.18536],[-118.18738,34.18529],[-118.18728,34.1852],[-118.18723,34.18516],[-118.18717,34.18512],[-118.18706,34.18504],[-118.18693,34.18498],[-118.18679,34.18493],[-118.18672,34.18491],[-118.1867,34.18503],[-118.18668,34.18514],[-118.18665,34.18538],[-118.18664,34.18562],[-118.18664,34.18586],[-118.18667,34.1861],[-118.18668,34.18622],[-118.18678,34.1868],[-118.18687,34.18727],[-118.18906,34.18677],[-118.18909,34.18666],[-118.1891,34.1866],[-118.18911,34.18648],[-118.18911,34.18642],[-118.18911,34.18636],[-118.1891,34.18625],[-118.18905,34.18604],[-118.189,34.18583],[-118.18893,34.18562],[-118.1885,34.18487]],[[-118.18524,34.18533],[-118.18522,34.18542],[-118.18519,34.18551],[-118.18514,34.1857],[-118.18506,34.18588],[-118.18497,34.18605],[-118.18492,34.18613],[-118.18486,34.18622],[-118.1848,34.1863],[-118.18476,34.18635],[-118.18474,34.18638],[-118.18472,34.18644],[-118.18471,34.1865],[-118.18471,34.18657],[-118.18501,34.18758],[-118.18504,34.18761],[-118.18508,34.18764],[-118.18513,34.18765],[-118.18518,34.18765],[-118.1852,34.18764],[-118.18525,34.18762],[-118.18673,34.18731],[-118.18669,34.18719],[-118.18665,34.18706],[-118.18659,34.18681],[-118.18657,34.18669],[-118.18655,34.18656],[-118.18652,34.18631],[-118.18652,34.18596],[-118.18653,34.18561],[-118.18655,34.18526],[-118.18659,34.18491],[-118.18656,34.18495],[-118.18651,34.18497],[-118.18649,34.18498],[-118.18644,34.18499],[-118.18638,34.18498],[-118.18636,34.18497],[-118.18633,34.18496],[-118.1863,34.18493],[-118.18628,34.18491],[-118.18628,34.18481],[-118.18626,34.18471],[-118.18625,34.18466],[-118.18621,34.18456],[-118.18615,34.18447],[-118.18612,34.18443],[-118.18595,34.18422],[-118.18588,34.1842],[-118.1858,34.18418],[-118.18573,34.18417],[-118.18565,34.18415],[-118.18557,34.18414],[-118.18549,34.18414],[-118.18542,34.18413],[-118.18526,34.18414],[-118.18524,34.18533]],[[-118.20298,34.17446],[-118.20315,34.17445],[-118.20333,34.17444],[-118.20367,34.17443],[-118.20367,34.1742],[-118.20368,34.17408],[-118.20372,34.1738],[-118.20372,34.17339],[-118.2036,34.17283],[-118.20352,34.17216],[-118.20333,34.17151],[-118.20332,34.17092],[-118.20333,34.17066],[-118.20332,34.17033],[-118.20327,34.17027],[-118.20321,34.17025],[-118.2031,34.17029],[-118.20296,34.17043],[-118.20278,34.17069],[-118.20252,34.17117],[-118.20229,34.17155],[-118.20206,34.17199],[-118.20187,34.17232],[-118.20172,34.17281],[-118.20162,34.17325],[-118.20136,34.17421],[-118.20137,34.17421],[-118.20131,34.1746],[-118.20127,34.17483],[-118.20139,34.17481],[-118.20151,34.17478],[-118.20157,34.17476],[-118.20168,34.17471],[-118.20179,34.17465],[-118.20195,34.17462],[-118.20229,34.17455],[-118.20263,34.1745],[-118.20298,34.17446]],[[-118.2041,34.19263],[-118.20415,34.1926],[-118.2042,34.19258],[-118.20425,34.19258],[-118.2043,34.19259],[-118.20433,34.19259],[-118.20437,34.19262],[-118.20505,34.19281],[-118.20508,34.19283],[-118.20511,34.19284],[-118.20515,34.19284],[-118.20518,34.19285],[-118.20526,34.19285],[-118.20533,34.19283],[-118.20536,34.19282],[-118.2057,34.1921],[-118.20572,34.19209],[-118.20573,34.19207],[-118.20574,34.19206],[-118.20574,34.19204],[-118.20573,34.19202],[-118.20571,34.192],[-118.2057,34.19199],[-118.20568,34.19198],[-118.20565,34.19198],[-118.2054,34.19202],[-118.20516,34.19205],[-118.20519,34.19201],[-118.20521,34.19198],[-118.20521,34.19194],[-118.2052,34.19192],[-118.20518,34.19188],[-118.2053,34.19188],[-118.20542,34.19186],[-118.20554,34.19183],[-118.20565,34.19179],[-118.20558,34.19162],[-118.20554,34.19145],[-118.2055,34.19127],[-118.20549,34.19109],[-118.2055,34.19104],[-118.20554,34.19093],[-118.20557,34.19088],[-118.2056,34.19084],[-118.20567,34.19075],[-118.2057,34.19071],[-118.20579,34.19064],[-118.20583,34.19061],[-118.20583,34.19058],[-118.20583,34.19056],[-118.20581,34.19055],[-118.20579,34.19054],[-118.20577,34.19053],[-118.20575,34.19053],[-118.20573,34.19054],[-118.20524,34.1908],[-118.20524,34.19075],[-118.20523,34.19073],[-118.2052,34.19069],[-118.20563,34.1905],[-118.20565,34.19048],[-118.20565,34.19046],[-118.20565,34.19044],[-118.20563,34.19041],[-118.20541,34.19026],[-118.20529,34.19019],[-118.20518,34.19012],[-118.20506,34.19005],[-118.20493,34.18999],[-118.20481,34.18993],[-118.20468,34.18988],[-118.20455,34.18983],[-118.20442,34.18978],[-118.20415,34.18969],[-118.20402,34.18965],[-118.20374,34.18959],[-118.20346,34.18953],[-118.20318,34.1895],[-118.20289,34.18947],[-118.20275,34.18947],[-118.20257,34.18949],[-118.20248,34.18951],[-118.20239,34.18953],[-118.20222,34.18958],[-118.20205,34.18964],[-118.20197,34.18967],[-118.20181,34.18975],[-118.20175,34.18969],[-118.20169,34.18962],[-118.20167,34.18959],[-118.20164,34.18951],[-118.20163,34.18948],[-118.20144,34.1883],[-118.20144,34.18823],[-118.20146,34.18816],[-118.2015,34.18811],[-118.20152,34.18808],[-118.20158,34.18803],[-118.20161,34.18801],[-118.20168,34.18798],[-118.20179,34.18793],[-118.20191,34.18789],[-118.20203,34.18786],[-118.20209,34.18785],[-118.20221,34.18785],[-118.20228,34.18785],[-118.20234,34.18786],[-118.20285,34.18798],[-118.20387,34.18824],[-118.20389,34.18825],[-118.20392,34.18826],[-118.20396,34.18826],[-118.204,34.18825],[-118.20403,34.18823],[-118.20404,34.18822],[-118.20406,34.18819],[-118.20325,34.18735],[-118.20316,34.18731],[-118.20308,34.18726],[-118.203,34.18721],[-118.20294,34.18714],[-118.20281,34.18708],[-118.20266,34.18703],[-118.20259,34.18702],[-118.20244,34.18699],[-118.20236,34.18698],[-118.20221,34.18697],[-118.20213,34.18697],[-118.20197,34.18699],[-118.2019,34.187],[-118.20175,34.18703],[-118.20168,34.18705],[-118.20154,34.1871],[-118.20148,34.18712],[-118.20138,34.18716],[-118.20129,34.18721],[-118.20124,34.18725],[-118.2012,34.18728],[-118.20113,34.18735],[-118.2011,34.18739],[-118.20105,34.18748],[-118.20102,34.18757],[-118.20101,34.18766],[-118.201,34.18771],[-118.20097,34.18782],[-118.20092,34.18792],[-118.20086,34.18802],[-118.20082,34.18807],[-118.20074,34.18816],[-118.20065,34.18824],[-118.2005,34.18834],[-118.20031,34.18845],[-118.20011,34.18856],[-118.1999,34.18865],[-118.19969,34.18873],[-118.19947,34.18879],[-118.19924,34.18885],[-118.19901,34.18888],[-118.19877,34.18891],[-118.19854,34.18892],[-118.19842,34.18892],[-118.19832,34.18894],[-118.19821,34.18895],[-118.198,34.18898],[-118.1978,34.18903],[-118.1976,34.1891],[-118.1975,34.18913],[-118.19731,34.18921],[-118.19712,34.1893],[-118.19703,34.18935],[-118.19687,34.18946],[-118.19671,34.18958],[-118.19656,34.18971],[-118.19647,34.18982],[-118.19629,34.19003],[-118.19609,34.19023],[-118.19599,34.19033],[-118.19588,34.19042],[-118.19577,34.19051],[-118.19554,34.19069],[-118.19543,34.19078],[-118.1952,34.19088],[-118.19508,34.19093],[-118.19497,34.19097],[-118.19473,34.19105],[-118.1946,34.19109],[-118.19448,34.19112],[-118.19458,34.19126],[-118.19463,34.19133],[-118.19469,34.19139],[-118.19481,34.19152],[-118.19488,34.19158],[-118.19502,34.19169],[-118.19517,34.19179],[-118.19525,34.19184],[-118.19538,34.19188],[-118.19564,34.19199],[-118.1959,34.1921],[-118.19615,34.19222],[-118.19639,34.19235],[-118.1965,34.19242],[-118.19664,34.19248],[-118.19678,34.19253],[-118.19685,34.19254],[-118.197,34.19257],[-118.19715,34.19258],[-118.19723,34.19258],[-118.1973,34.19258],[-118.19736,34.19257],[-118.19746,34.19255],[-118.19756,34.19252],[-118.19761,34.1925],[-118.19769,34.19244],[-118.19777,34.19238],[-118.19781,34.19235],[-118.19784,34.19231],[-118.19791,34.19219],[-118.19799,34.19207],[-118.19804,34.19202],[-118.19815,34.19191],[-118.19827,34.19182],[-118.19833,34.19177],[-118.19847,34.1917],[-118.19862,34.19163],[-118.19869,34.19161],[-118.19885,34.19156],[-118.19901,34.19153],[-118.19923,34.19145],[-118.19947,34.19138],[-118.1997,34.19133],[-118.19983,34.19131],[-118.19995,34.19129],[-118.20003,34.19129],[-118.20019,34.1913],[-118.20034,34.19133],[-118.20049,34.19137],[-118.20185,34.19219],[-118.20215,34.19233],[-118.20275,34.19261],[-118.20334,34.19291],[-118.20375,34.19312],[-118.2038,34.19312],[-118.20385,34.19311],[-118.2039,34.19309],[-118.20393,34.19306],[-118.20395,34.19304],[-118.2041,34.19263]]]},"properties":{"FLD_ZONE":"D","ZONE_SUBTY":null,"SFHA_TF":"F"}},{"type":"Feature","geometry":{"type":"MultiPolygon","coordinates":[[[[-118.2034,34.22103],[-118.20344,34.221],[-118.20349,34.221],[-118.20351,34.22101],[-118.20355,34.22103],[-118.20356,34.22104],[-118.20359,34.22108],[-118.20359,34.2211],[-118.20363,34.22139],[-118.20367,34.22168],[-118.20371,34.22176],[-118.20373,34.22178],[-118.2035,34.22167],[-118.20335,34.22117],[-118.20335,34.22114],[-118.20336,34.2211],[-118.20337,34.22107],[-118.2034,34.22103]]],[[[-118.20606,34.22279],[-118.20605,34.22278],[-118.20605,34.22277],[-118.20606,34.22279]]],[[[-118.20806,34.22299],[-118.20841,34.22299],[-118.20859,34.223],[-118.20863,34.223],[-118.20868,34.22301],[-118.20877,34.22303],[-118.20881,34.22305],[-118.20889,34.2231],[-118.20891,34.2231],[-118.20892,34.22309],[-118.20893,34.22309],[-118.20897,34.22305],[-118.20899,34.22303],[-118.20902,34.22297],[-118.20903,34.22297],[-118.20904,34.22298],[-118.20905,34.22299],[-118.20904,34.22301],[-118.20905,34.22302],[-118.20907,34.22304],[-118.20907,34.22305],[-118.209,34.22311],[-118.20899,34.22313],[-118.20899,34.22314],[-118.20921,34.22375],[-118.20918,34.22375],[-118.20713,34.22318],[-118.20683,34.22308],[-118.207,34.22305],[-118.20735,34.22302],[-118.20753,34.223],[-118.20771,34.22299],[-118.20806,34.22299]]],[[[-118.21903,34.22438],[-118.21913,34.22436],[-118.21932,34.22431],[-118.21936,34.2243],[-118.21943,34.22426],[-118.21946,34.22423],[-118.21949,34.2242],[-118.21967,34.22403],[-118.21981,34.22388],[-118.2201,34.22357],[-118.22051,34.22306],[-118.22057,34.22305],[-118.22058,34.22308],[-118.2206,34.22313],[-118.22059,34.22319],[-118.22057,34.22325],[-118.22046,34.22346],[-118.22039,34.22356],[-118.22025,34.22377],[-118.2201,34.22396],[-118.22002,34.22405],[-118.21982,34.2242],[-118.21963,34.22435],[-118.21957,34.22443],[-118.21949,34.22449],[-118.21941,34.22454],[-118.21936,34.22457],[-118.21931,34.22459],[-118.21921,34.22462],[-118.2191,34.22463],[-118.21899,34.22463],[-118.21889,34.22462],[-118.21883,34.22461],[-118.21873,34.22458],[-118.21868,34.22457],[-118.21858,34.22455],[-118.21854,34.22455],[-118.21841,34.22443],[-118.21843,34.22443],[-118.21853,34.22443],[-118.21863,34.22443],[-118.21883,34.22441],[-118.21903,34.22438]]],[[[-118.22025,34.22484],[-118.22029,34.22481],[-118.22031,34.22481],[-118.22034,34.2248],[-118.22039,34.2248],[-118.22039,34.22486],[-118.22039,34.22489],[-118.22022,34.22507],[-118.22007,34.22526],[-118.21997,34.22537],[-118.21977,34.22557],[-118.2197,34.22563],[-118.21961,34.22555],[-118.2198,34.22536],[-118.2199,34.22526],[-118.22008,34.22505],[-118.22016,34.22494],[-118.22025,34.22484]]],[[[-118.22383,34.22959],[-118.22388,34.22961],[-118.22406,34.22985],[-118.22414,34.22997],[-118.2243,34.23022],[-118.22437,34.23034],[-118.22438,34.23039],[-118.22354,34.22966],[-118.22366,34.22959],[-118.22372,34.22958],[-118.22378,34.22958],[-118.22381,34.22958],[-118.22383,34.22959]]],[[[-118.22737,34.23366],[-118.22738,34.23362],[-118.2274,34.23353],[-118.2274,34.23343],[-118.22739,34.23334],[-118.22737,34.2333],[-118.22733,34.23321],[-118.22728,34.23313],[-118.22725,34.23309],[-118.22717,34.23287],[-118.22711,34.23264],[-118.22709,34.23253],[-118.22705,34.2323],[-118.22704,34.23207],[-118.22704,34.23184],[-118.22704,34.23172],[-118.22707,34.23149],[-118.22711,34.23126],[-118.22742,34.23128],[-118.22746,34.23128],[-118.22743,34.23138],[-118.2274,34.23159],[-118.22738,34.23169],[-118.22737,34.2319],[-118.22738,34.23211],[-118.22739,34.23221],[-118.22742,34.23242],[-118.22747,34.23262],[-118.2275,34.23273],[-118.22758,34.23293],[-118.22762,34.23302],[-118.22766,34.2331],[-118.22767,34.23312],[-118.22774,34.23318],[-118.22777,34.23321],[-118.22782,34.23329],[-118.22786,34.23337],[-118.22787,34.23345],[-118.22788,34.23353],[-118.22786,34.23362],[-118.22785,34.23366],[-118.22783,34.2337],[-118.22781,34.23374],[-118.22778,34.23377],[-118.22772,34.23384],[-118.22768,34.23387],[-118.22763,34.23391],[-118.22755,34.23396],[-118.22736,34.23411],[-118.22727,34.23418],[-118.2271,34.23434],[-118.22694,34.23451],[-118.22689,34.23456],[-118.2269,34.23413],[-118.227,34.23405],[-118.22708,34.23397],[-118.22723,34.23382],[-118.22737,34.23366]]],[[[-118.22556,34.23648],[-118.22627,34.23568],[-118.22627,34.2358],[-118.22626,34.23589],[-118.22625,34.23595],[-118.22622,34.23609],[-118.22617,34.23622],[-118.22614,34.23629],[-118.22612,34.23632],[-118.22606,34.23642],[-118.22597,34.23654],[-118.22587,34.23666],[-118.22569,34.23684],[-118.22561,34.23692],[-118.22559,34.23693],[-118.22549,34.23702],[-118.22539,34.2371],[-118.22529,34.23718],[-118.22507,34.23734],[-118.22495,34.23741],[-118.22491,34.23744],[-118.22484,34.23748],[-118.2248,34.23749],[-118.22523,34.23689],[-118.2253,34.23683],[-118.22536,34.23675],[-118.22542,34.23668],[-118.22548,34.2366],[-118.22553,34.23653],[-118.22556,34.23648]]],[[[-118.22297,34.24198],[-118.22342,34.24183],[-118.2234,34.24172],[-118.22337,34.24152],[-118.22337,34.24131],[-118.22338,34.2411],[-118.2234,34.2409],[-118.22342,34.24079],[-118.2234,34.24079],[-118.22337,34.2408],[-118.22327,34.24086],[-118.22311,34.24092],[-118.22295,34.24097],[-118.22294,34.24097],[-118.22293,34.24097],[-118.22292,34.24096],[-118.22292,34.24094],[-118.22289,34.24085],[-118.22287,34.24076],[-118.22287,34.24066],[-118.223,34.24049],[-118.22315,34.24032],[-118.22332,34.24016],[-118.2234,34.24009],[-118.22349,34.24002],[-118.22358,34.23995],[-118.22378,34.23982],[-118.22381,34.23981],[-118.22387,34.23979],[-118.22391,34.23979],[-118.22397,34.2398],[-118.224,34.2398],[-118.22404,34.2398],[-118.22407,34.23979],[-118.22413,34.23976],[-118.22415,34.23974],[-118.22419,34.2397],[-118.22422,34.23965],[-118.22423,34.23962],[-118.22424,34.23955],[-118.22423,34.23951],[-118.22422,34.23949],[-118.22419,34.23946],[-118.22417,34.23945],[-118.22414,34.23937],[-118.22413,34.23933],[-118.22412,34.23924],[-118.22413,34.23916],[-118.22414,34.23912],[-118.22417,34.23904],[-118.22422,34.23896],[-118.22428,34.2389],[-118.22431,34.23886],[-118.22439,34.23879],[-118.22447,34.23872],[-118.22457,34.23867],[-118.2248,34.2387],[-118.22487,34.23877],[-118.2249,34.23879],[-118.22492,34.23892],[-118.22488,34.23909],[-118.22467,34.23955],[-118.22436,34.24023],[-118.22391,34.24123],[-118.2238,34.24165],[-118.22374,34.2419],[-118.22369,34.24208],[-118.22361,34.24241],[-118.22352,34.24274],[-118.22347,34.24291],[-118.22335,34.24323],[-118.22329,34.24339],[-118.22315,34.2437],[-118.22307,34.24398],[-118.22304,34.24402],[-118.22303,34.24404],[-118.22303,34.24406],[-118.22304,34.2441],[-118.22305,34.24412],[-118.22308,34.24416],[-118.22312,34.24419],[-118.22398,34.24495],[-118.22453,34.24495],[-118.22457,34.24495],[-118.2246,34.24494],[-118.22463,34.24493],[-118.22468,34.2449],[-118.2247,34.24488],[-118.22473,34.24484],[-118.22474,34.24481],[-118.22529,34.24437],[-118.22656,34.24433],[-118.22709,34.24378],[-118.22704,34.24297],[-118.22717,34.24279],[-118.22741,34.24244],[-118.22753,34.24226],[-118.22775,34.2419],[-118.22786,34.24172],[-118.22806,34.24135],[-118.22825,34.24098],[-118.22834,34.24079],[-118.22841,34.24079],[-118.22848,34.24077],[-118.22854,34.24075],[-118.22859,34.24071],[-118.22863,34.24067],[-118.22865,34.24064],[-118.22871,34.24047],[-118.22874,34.24039],[-118.22878,34.24022],[-118.22881,34.24004],[-118.22881,34.23995],[-118.22881,34.23978],[-118.2288,34.23969],[-118.22878,34.23952],[-118.22873,34.23935],[-118.22903,34.23942],[-118.22933,34.23951],[-118.22961,34.2396],[-118.2299,34.23971],[-118.23001,34.23961],[-118.23023,34.23942],[-118.23047,34.23924],[-118.2306,34.23915],[-118.23073,34.23906],[-118.23099,34.2389],[-118.23126,34.23875],[-118.2314,34.23868],[-118.23168,34.23854],[-118.23175,34.23855],[-118.23189,34.23856],[-118.23196,34.23856],[-118.2321,34.23854],[-118.23217,34.23853],[-118.23231,34.2385],[-118.23244,34.23845],[-118.23256,34.23839],[-118.23267,34.23832],[-118.23272,34.23827],[-118.23282,34.23819],[-118.2333,34.238],[-118.23377,34.2378],[-118.23424,34.23759],[-118.2347,34.23737],[-118.23502,34.2371],[-118.23503,34.23721],[-118.23505,34.23741],[-118.23506,34.23751],[-118.2351,34.2377],[-118.23513,34.2378],[-118.23519,34.238],[-118.23527,34.23819],[-118.23528,34.23825],[-118.23529,34.23831],[-118.23529,34.23843],[-118.23528,34.23849],[-118.23527,34.23855],[-118.23524,34.23867],[-118.23521,34.23873],[-118.23515,34.23884],[-118.23511,34.23889],[-118.23508,34.23895],[-118.23503,34.239],[-118.23494,34.23909],[-118.23488,34.23913],[-118.2348,34.23922],[-118.23477,34.23926],[-118.23471,34.23936],[-118.23469,34.23941],[-118.23467,34.23946],[-118.23465,34.23957],[-118.23465,34.23962],[-118.23465,34.23973],[-118.23465,34.23978],[-118.23466,34.23983],[-118.2348,34.23986],[-118.23494,34.23989],[-118.23507,34.23993],[-118.23513,34.23996],[-118.23525,34.24002],[-118.23517,34.2406],[-118.23514,34.24089],[-118.23524,34.24099],[-118.23529,34.24105],[-118.23538,34.24116],[-118.23542,34.24122],[-118.23549,34.24135],[-118.23554,34.24148],[-118.23556,34.24154],[-118.23555,34.24165],[-118.23554,34.24171],[-118.2355,34.24181],[-118.23548,34.24186],[-118.23542,34.24196],[-118.23538,34.24201],[-118.2353,34.2421],[-118.2352,34.24218],[-118.23509,34.24233],[-118.235,34.24249],[-118.23495,34.24257],[-118.23488,34.24274],[-118.23485,34.24282],[-118.23483,34.24291],[-118.23479,34.24309],[-118.23478,34.24317],[-118.23477,34.24335],[-118.23477,34.24353],[-118.2348,34.24371],[-118.23481,34.24379],[-118.23484,34.24388],[-118.23613,34.24442],[-118.23677,34.2447],[-118.23683,34.24478],[-118.23685,34.24482],[-118.23689,34.24492],[-118.2369,34.24496],[-118.23691,34.24506],[-118.23691,34.24511],[-118.2369,34.24516],[-118.23688,34.24525],[-118.2368,34.24524],[-118.23671,34.24524],[-118.23663,34.24526],[-118.23659,34.24527],[-118.23656,34.24529],[-118.23649,34.24533],[-118.23644,34.24538],[-118.23642,34.24544],[-118.23642,34.24549],[-118.23643,34.24552],[-118.23645,34.24558],[-118.23649,34.24563],[-118.23654,34.24567],[-118.23657,34.24569],[-118.2366,34.2457],[-118.23667,34.24572],[-118.23676,34.24585],[-118.23679,34.24591],[-118.23685,34.24604],[-118.2369,34.24618],[-118.23691,34.24625],[-118.23693,34.24632],[-118.23694,34.24647],[-118.23768,34.24661],[-118.23805,34.24669],[-118.23878,34.24685],[-118.23908,34.24691],[-118.23915,34.24679],[-118.23918,34.24673],[-118.23922,34.24661],[-118.23923,34.24654],[-118.23925,34.24641],[-118.23925,34.24628],[-118.23924,34.24622],[-118.23925,34.24609],[-118.23926,34.24603],[-118.23929,34.24591],[-118.23931,34.24585],[-118.23937,34.24573],[-118.23944,34.24561],[-118.23948,34.24556],[-118.23963,34.24565],[-118.23979,34.24574],[-118.23988,34.24577],[-118.24005,34.24584],[-118.24023,34.24589],[-118.24031,34.24594],[-118.24047,34.24607],[-118.24062,34.2462],[-118.24067,34.24623],[-118.24072,34.24626],[-118.2408,34.24632],[-118.24084,34.24636],[-118.24091,34.24644],[-118.24094,34.24648],[-118.24098,34.24657],[-118.241,34.24662],[-118.24102,34.24666],[-118.24105,34.2467],[-118.24108,34.24673],[-118.24111,34.24677],[-118.24115,34.2468],[-118.24119,34.24683],[-118.24123,34.24685],[-118.24133,34.24689],[-118.24138,34.24691],[-118.24143,34.24692],[-118.24148,34.24693],[-118.24159,34.24694],[-118.24169,34.24693],[-118.24183,34.24689],[-118.24211,34.2468],[-118.24239,34.2467],[-118.24258,34.24666],[-118.24277,34.24664],[-118.24296,34.24663],[-118.24306,34.24663],[-118.24325,34.24664],[-118.24344,34.24666],[-118.24352,34.24669],[-118.24358,34.24671],[-118.24361,34.24671],[-118.24369,34.2467],[-118.24376,34.2467],[-118.24376,34.24669],[-118.24373,34.24653],[-118.24374,34.24653],[-118.24377,34.24648],[-118.2438,34.24644],[-118.2441,34.24607],[-118.2441,34.24606],[-118.24412,34.24594],[-118.24413,34.24594],[-118.24452,34.24599],[-118.24453,34.24599],[-118.24533,34.24638],[-118.24553,34.24613],[-118.24553,34.24612],[-118.24554,34.24611],[-118.24555,34.2461],[-118.24569,34.24581],[-118.24584,34.24555],[-118.24596,34.24531],[-118.24599,34.24524],[-118.24599,34.24523],[-118.24599,34.24522],[-118.24599,34.24513],[-118.24601,34.24515],[-118.24602,34.24516],[-118.24605,34.2452],[-118.24622,34.24523],[-118.24625,34.24524],[-118.24631,34.24524],[-118.24639,34.24505],[-118.24649,34.2448],[-118.24656,34.24466],[-118.24657,34.24464],[-118.24659,34.24459],[-118.24659,34.24458],[-118.24662,34.24451],[-118.24663,34.24449],[-118.24672,34.24449],[-118.24673,34.24449],[-118.24677,34.24449],[-118.2468,34.24448],[-118.2469,34.24443],[-118.24693,34.24441],[-118.24695,34.24438],[-118.24696,34.24437],[-118.24699,34.24432],[-118.247,34.2442],[-118.247,34.2441],[-118.247,34.24408],[-118.24701,34.24403],[-118.24702,34.24403],[-118.24705,34.24404],[-118.24706,34.24404],[-118.24719,34.24409],[-118.24725,34.24411],[-118.24726,34.24412],[-118.24727,34.24412],[-118.24735,34.24415],[-118.24738,34.24416],[-118.24739,34.24416],[-118.24749,34.24418],[-118.24756,34.24404],[-118.24762,34.24391],[-118.24763,34.24391],[-118.24786,34.24397],[-118.24831,34.24411],[-118.2488,34.24423],[-118.24931,34.24441],[-118.24978,34.24459],[-118.25041,34.24478],[-118.25111,34.24502],[-118.25174,34.24523],[-118.25223,34.24543],[-118.25288,34.24564],[-118.25291,34.24565],[-118.25318,34.24578],[-118.25333,34.2459],[-118.2535,34.2461],[-118.25356,34.24631],[-118.25368,34.24663],[-118.25388,34.24706],[-118.25404,34.24742],[-118.25415,34.24779],[-118.25433,34.24813],[-118.25451,34.2484],[-118.25465,34.24871],[-118.25484,34.24911],[-118.25499,34.24914],[-118.25546,34.24903],[-118.25602,34.24878],[-118.25629,34.24855],[-118.25648,34.2482],[-118.25677,34.24781],[-118.25696,34.24744],[-118.25707,34.2473],[-118.25721,34.24736],[-118.25739,34.2474],[-118.25749,34.24746],[-118.25747,34.24752],[-118.25736,34.24766],[-118.25729,34.24781],[-118.25716,34.24804],[-118.25707,34.24823],[-118.25694,34.24844],[-118.25678,34.24863],[-118.2566,34.24882],[-118.25624,34.24909],[-118.25613,34.2492],[-118.25585,34.24937],[-118.2558,34.24944],[-118.25736,34.2498],[-118.25783,34.24985],[-118.25847,34.24988],[-118.2591,34.24993],[-118.25959,34.24992],[-118.25999,34.24987],[-118.26037,34.24963],[-118.26062,34.24937],[-118.26081,34.24909],[-118.26116,34.24861],[-118.26132,34.24836],[-118.26148,34.24805],[-118.26182,34.24767],[-118.26204,34.24731],[-118.26211,34.24712],[-118.2622,34.24685],[-118.26227,34.24668],[-118.26232,34.24647],[-118.26232,34.24622],[-118.26244,34.24607],[-118.26263,34.24607],[-118.26284,34.24615],[-118.26304,34.24626],[-118.26311,34.24641],[-118.26314,34.24653],[-118.26297,34.24673],[-118.26269,34.24707],[-118.26233,34.24753],[-118.26199,34.24782],[-118.26169,34.24823],[-118.26152,34.24851],[-118.26134,34.24868],[-118.26136,34.2488],[-118.26154,34.24892],[-118.26178,34.24901],[-118.262,34.24913],[-118.26237,34.24927],[-118.26283,34.24941],[-118.26405,34.24988],[-118.26476,34.2501],[-118.2653,34.25029],[-118.26531,34.25029],[-118.26535,34.25028],[-118.26536,34.25028],[-118.26541,34.25028],[-118.26551,34.25025],[-118.26556,34.25023],[-118.26565,34.25019],[-118.26573,34.25013],[-118.26585,34.25023],[-118.26592,34.25028],[-118.26606,34.25036],[-118.26621,34.25044],[-118.26634,34.25044],[-118.26662,34.25047],[-118.26669,34.25048],[-118.26689,34.25051],[-118.26716,34.25056],[-118.26743,34.25062],[-118.26756,34.25066],[-118.26765,34.25071],[-118.26774,34.25075],[-118.26791,34.25086],[-118.26807,34.25098],[-118.26822,34.2511],[-118.26831,34.25117],[-118.26851,34.25131],[-118.26871,34.25144],[-118.26882,34.25149],[-118.26904,34.2516],[-118.26926,34.25169],[-118.26938,34.25174],[-118.2695,34.25178],[-118.26962,34.25181],[-118.26986,34.25187],[-118.27029,34.252],[-118.27114,34.25226],[-118.27125,34.25259],[-118.27198,34.25268],[-118.27199,34.25273],[-118.272,34.25275],[-118.27204,34.25278],[-118.27206,34.25279],[-118.27216,34.25282],[-118.27227,34.25285],[-118.27229,34.25292],[-118.27231,34.25298],[-118.27231,34.25305],[-118.27231,34.25309],[-118.27225,34.25327],[-118.27221,34.25338],[-118.27216,34.25349],[-118.27206,34.25371],[-118.27244,34.25377],[-118.27282,34.2538],[-118.27301,34.25382],[-118.27339,34.25384],[-118.27358,34.25384],[-118.27396,34.25384],[-118.27415,34.25385],[-118.27433,34.25387],[-118.27452,34.25389],[-118.2747,34.25391],[-118.27489,34.25394],[-118.27526,34.254],[-118.27562,34.25409],[-118.2758,34.25413],[-118.27598,34.25418],[-118.27616,34.25423],[-118.2762,34.25425],[-118.27629,34.2543],[-118.27633,34.25433],[-118.27641,34.25439],[-118.27644,34.25442],[-118.2765,34.2545],[-118.27652,34.25454],[-118.27655,34.25463],[-118.27657,34.25471],[-118.27657,34.25476],[-118.27663,34.25485],[-118.27667,34.25489],[-118.27671,34.25493],[-118.2768,34.25501],[-118.27685,34.25504],[-118.27696,34.25509],[-118.27708,34.25514],[-118.2772,34.25517],[-118.27726,34.25518],[-118.27704,34.25559],[-118.27727,34.25583],[-118.2773,34.25633],[-118.2773,34.25684],[-118.27729,34.25735],[-118.27726,34.25785],[-118.27694,34.2582],[-118.27757,34.25902],[-118.27736,34.25979],[-118.27821,34.2598],[-118.27821,34.25994],[-118.27821,34.26017],[-118.27845,34.2602],[-118.2786,34.26023],[-118.27861,34.2601],[-118.27862,34.26004],[-118.27864,34.25998],[-118.27868,34.25986],[-118.27875,34.25974],[-118.27878,34.25969],[-118.27887,34.25958],[-118.27896,34.25949],[-118.27907,34.2594],[-118.2792,34.25932],[-118.27926,34.2593],[-118.27932,34.25928],[-118.27938,34.25927],[-118.27945,34.25925],[-118.27951,34.25924],[-118.27958,34.25924],[-118.27971,34.25924],[-118.27984,34.25925],[-118.27997,34.25928],[-118.28009,34.25932],[-118.28015,34.25935],[-118.2802,34.25938],[-118.28031,34.25945],[-118.28036,34.25949],[-118.28039,34.25953],[-118.28044,34.25963],[-118.28048,34.25973],[-118.2805,34.25983],[-118.28051,34.25993],[-118.28049,34.26004],[-118.28048,34.26009],[-118.28049,34.26015],[-118.2805,34.26026],[-118.28053,34.26037],[-118.28056,34.26042],[-118.28058,34.26047],[-118.28061,34.26051],[-118.28114,34.26056],[-118.2814,34.26058],[-118.28192,34.26064],[-118.2822,34.26069],[-118.28277,34.26078],[-118.28305,34.26084],[-118.28361,34.26095],[-118.28389,34.26102],[-118.28394,34.26104],[-118.28399,34.26106],[-118.28409,34.26112],[-118.28413,34.26115],[-118.28417,34.26119],[-118.28424,34.26127],[-118.28427,34.26132],[-118.28356,34.26207],[-118.2832,34.26255],[-118.28191,34.26395],[-118.28046,34.26525],[-118.27886,34.26642],[-118.27843,34.26667],[-118.27844,34.26705],[-118.27835,34.26884],[-118.27805,34.27061],[-118.27754,34.27235],[-118.27682,34.27403],[-118.27591,34.27566],[-118.2748,34.27719],[-118.27351,34.27863],[-118.27206,34.27996],[-118.27046,34.28116],[-118.26872,34.28222],[-118.26686,34.28314],[-118.2649,34.28389],[-118.26285,34.28448],[-118.26075,34.2849],[-118.25861,34.28515],[-118.25645,34.28522],[-118.25308,34.28519],[-118.24735,34.28513],[-118.24149,34.28508],[-118.23825,34.28505],[-118.23612,34.28494],[-118.23401,34.28466],[-118.23194,34.28421],[-118.22994,34.2836],[-118.22801,34.28282],[-118.22619,34.28189],[-118.22449,34.28082],[-118.22293,34.27962],[-118.22151,34.27829],[-118.22026,34.27686],[-118.21919,34.27533],[-118.2183,34.27372],[-118.21761,34.27205],[-118.21712,34.27033],[-118.21683,34.26858],[-118.21676,34.26681],[-118.21679,34.26468],[-118.21682,34.26305],[-118.21687,34.25987],[-118.21692,34.25733],[-118.21696,34.25466],[-118.21701,34.25201],[-118.21715,34.25025],[-118.21749,34.24851],[-118.21803,34.24681],[-118.21878,34.24516],[-118.21971,34.24358],[-118.22083,34.24208],[-118.22175,34.24108],[-118.22176,34.242],[-118.22203,34.24198],[-118.22216,34.24197],[-118.22243,34.24196],[-118.2227,34.24197],[-118.22297,34.24198]]]]},"properties":{"FLD_ZONE":"D","ZONE_SUBTY":null,"SFHA_TF":"F"}}]}