{"type":"FeatureCollection","features":[{"type":"Feature","geometry":{"type":"Polygon","coordinates":[[[-118.26755,34.15651],[-118.2681,34.15651],[-118.26813,34.15651],[-118.26853,34.15651],[-118.26854,34.15651],[-118.26855,34.15651],[-118.26856,34.15651],[-118.26857,34.15651],[-118.26858,34.15651],[-118.26859,34.1565],[-118.2686,34.1565],[-118.26861,34.1565],[-118.26862,34.1565],[-118.26863,34.1565],[-118.26864,34.1565],[-118.26865,34.1565],[-118.26866,34.1565],[-118.26867,34.1565],[-118.26868,34.1565],[-118.26869,34.1565],[-118.2687,34.1565],[-118.26871,34.1565],[-118.26872,34.1565],[-118.26873,34.1565],[-118.26874,34.1565],[-118.26875,34.1565],[-118.26876,34.1565],[-118.26877,34.1565],[-118.26878,34.15649],[-118.26879,34.15649],[-118.2688,34.15649],[-118.26881,34.15649],[-118.26882,34.15649],[-118.26883,34.15649],[-118.26884,34.15649],[-118.26885,34.15649],[-118.26886,34.15649],[-118.26887,34.15649],[-118.26888,34.15649],[-118.26889,34.15649],[-118.2689,34.15649],[-118.26891,34.15648],[-118.26892,34.15648],[-118.26893,34.15648],[-118.26894,34.15648],[-118.26895,34.15648],[-118.26896,34.15648],[-118.26897,34.15648],[-118.26898,34.15648],[-118.26899,34.15648],[-118.269,34.15648],[-118.26901,34.15647],[-118.26902,34.15647],[-118.26904,34.15647],[-118.26905,34.15647],[-118.26906,34.15647],[-118.26908,34.15646],[-118.26909,34.15646],[-118.2691,34.15646],[-118.26911,34.15646],[-118.26912,34.15646],[-118.26913,34.15646],[-118.26914,34.15646],[-118.26915,34.15646],[-118.26916,34.15646],[-118.26917,34.15646],[-118.26918,34.15646],[-118.26919,34.15646],[-118.2692,34.15646],[-118.26921,34.15646],[-118.26922,34.15646],[-118.26923,34.15646],[-118.26924,34.15646],[-118.26925,34.15646],[-118.26926,34.15645],[-118.26927,34.15645],[-118.26928,34.15645],[-118.26929,34.15645],[-118.2693,34.15645],[-118.26931,34.15645],[-118.26932,34.15645],[-118.26933,34.15645],[-118.26934,34.15645],[-118.26935,34.15645],[-118.26936,34.15646],[-118.26937,34.15646],[-118.26938,34.15646],[-118.26939,34.15647],[-118.2694,34.15648],[-118.26941,34.15649],[-118.26941,34.1565],[-118.26941,34.15651],[-118.26941,34.15652],[-118.26942,34.15689],[-118.26942,34.15691],[-118.26942,34.15693],[-118.26942,34.15725],[-118.26942,34.15732],[-118.26942,34.15733],[-118.26941,34.15733],[-118.26939,34.15734],[-118.26902,34.15749],[-118.26892,34.15753],[-118.26883,34.15756],[-118.2688,34.15758],[-118.26841,34.15773],[-118.26837,34.15774],[-118.26834,34.15776],[-118.26832,34.15776],[-118.26825,34.15779],[-118.26798,34.15789],[-118.26793,34.15791],[-118.26776,34.15798],[-118.26729,34.15816],[-118.26721,34.15818],[-118.26707,34.15824],[-118.26693,34.15829],[-118.2669,34.15829],[-118.26685,34.15784],[-118.26684,34.15772],[-118.26684,34.15771],[-118.26682,34.15762],[-118.26682,34.15761],[-118.26682,34.1576],[-118.26682,34.15759],[-118.26682,34.15721],[-118.26682,34.15717],[-118.26682,34.15677],[-118.26682,34.15662],[-118.26682,34.15657],[-118.26682,34.15655],[-118.26682,34.15653],[-118.26683,34.15653],[-118.26685,34.15653],[-118.2675,34.15651],[-118.26755,34.15651]]]},"properties":{"NAME_ALF":"FREMONT PARK","NAMEA_ALF":"600 W HAHN AVE"}},{"type":"Feature","geometry":{"type":"Polygon","coordinates":[[[-118.29257,34.16392],[-118.29292,34.16417],[-118.29296,34.1642],[-118.29332,34.16446],[-118.29239,34.16531],[-118.29168,34.16479],[-118.29257,34.16392]]]},"properties":{"NAME_ALF":"GRIFFITH MANOR PARK","NAMEA_ALF":"1551 FLOWER ST"}},{"type":"Feature","geometry":{"type":"Polygon","coordinates":[[[-118.24173,34.14816],[-118.24173,34.14833],[-118.24173,34.14854],[-118.24173,34.14855],[-118.24166,34.14855],[-118.24144,34.14855],[-118.24141,34.14855],[-118.2414,34.14855],[-118.24139,34.14855],[-118.24139,34.14821],[-118.24139,34.14819],[-118.24139,34.14817],[-118.24154,34.14817],[-118.24155,34.14817],[-118.24173,34.14816]]]},"properties":{"NAME_ALF":"WILSON MINI PARK","NAMEA_ALF":"1101 E WILSON AVE"}},{"type":"Feature","geometry":{"type":"MultiPolygon","coordinates":[[[[-118.24062,34.15306],[-118.24061,34.15306],[-118.2406,34.15306],[-118.24059,34.15305],[-118.24059,34.15304],[-118.24058,34.15304],[-118.24057,34.15303],[-118.24057,34.15302],[-118.24056,34.15302],[-118.24056,34.15301],[-118.24056,34.153],[-118.24056,34.15299],[-118.24056,34.15298],[-118.24056,34.15296],[-118.24056,34.15295],[-118.24057,34.15294],[-118.24057,34.15292],[-118.24058,34.15291],[-118.24058,34.1529],[-118.24058,34.15289],[-118.24058,34.15288],[-118.24058,34.15287],[-118.24058,34.15286],[-118.24059,34.15286],[-118.24059,34.15284],[-118.24059,34.15283],[-118.24059,34.15281],[-118.24059,34.1528],[-118.24059,34.15279],[-118.24059,34.15277],[-118.24059,34.15276],[-118.24059,34.15275],[-118.24058,34.15273],[-118.24058,34.15272],[-118.24058,34.1527],[-118.24058,34.15269],[-118.24058,34.15268],[-118.24058,34.15266],[-118.24058,34.15265],[-118.24058,34.15264],[-118.24058,34.15262],[-118.24058,34.15261],[-118.24058,34.1526],[-118.24059,34.15258],[-118.24059,34.15257],[-118.2406,34.15256],[-118.24061,34.15254],[-118.24062,34.15253],[-118.24062,34.15252],[-118.24063,34.15251],[-118.24064,34.15251],[-118.24064,34.1525],[-118.24065,34.1525],[-118.24066,34.15249],[-118.24067,34.15249],[-118.24068,34.15248],[-118.24069,34.15248],[-118.2407,34.15248],[-118.24071,34.15248],[-118.24072,34.15247],[-118.24073,34.15247],[-118.24074,34.15247],[-118.24075,34.15247],[-118.24076,34.15247],[-118.24077,34.15247],[-118.24078,34.15248],[-118.24079,34.15248],[-118.2408,34.15248],[-118.24081,34.15248],[-118.24082,34.15249],[-118.24083,34.15249],[-118.24083,34.1525],[-118.24084,34.1525],[-118.24085,34.15251],[-118.24085,34.15252],[-118.24086,34.15252],[-118.24087,34.15253],[-118.24087,34.15254],[-118.24088,34.15254],[-118.24088,34.15255],[-118.24088,34.15256],[-118.24089,34.15257],[-118.24089,34.15258],[-118.24089,34.15259],[-118.2409,34.1526],[-118.2409,34.15261],[-118.2409,34.15262],[-118.2409,34.15263],[-118.2409,34.15264],[-118.2409,34.15265],[-118.2409,34.15266],[-118.2409,34.15267],[-118.2409,34.15268],[-118.2409,34.15269],[-118.2409,34.1527],[-118.2409,34.15271],[-118.2409,34.15272],[-118.2409,34.15273],[-118.24089,34.15274],[-118.24089,34.15278],[-118.24089,34.15282],[-118.24089,34.15283],[-118.24089,34.15284],[-118.24089,34.15285],[-118.2409,34.15286],[-118.2409,34.15287],[-118.2409,34.15288],[-118.2409,34.15289],[-118.2409,34.1529],[-118.24091,34.15291],[-118.24091,34.15292],[-118.24091,34.15293],[-118.24091,34.15294],[-118.24092,34.15294],[-118.24092,34.15295],[-118.24092,34.15296],[-118.24093,34.15297],[-118.24093,34.15298],[-118.24093,34.15299],[-118.24092,34.153],[-118.24092,34.15301],[-118.24092,34.15302],[-118.24091,34.15303],[-118.2409,34.15304],[-118.24089,34.15305],[-118.24088,34.15306],[-118.24087,34.15306],[-118.24086,34.15306],[-118.24085,34.15307],[-118.24084,34.15307],[-118.24083,34.15307],[-118.24082,34.15307],[-118.24081,34.15307],[-118.2408,34.15307],[-118.2408,34.15306],[-118.24079,34.15306],[-118.24072,34.15306],[-118.24071,34.15306],[-118.2407,34.15306],[-118.24069,34.15307],[-118.24068,34.15307],[-118.24067,34.15307],[-118.24066,34.15307],[-118.24065,34.15307],[-118.24064,34.15307],[-118.24063,34.15306],[-118.24062,34.15306]]],[[[-118.24074,34.15186],[-118.24075,34.15186],[-118.24076,34.15186],[-118.24077,34.15187],[-118.24078,34.15187],[-118.24079,34.15188],[-118.2408,34.15189],[-118.2408,34.1519],[-118.24081,34.1519],[-118.24081,34.15191],[-118.24081,34.15192],[-118.24081,34.15193],[-118.2408,34.15194],[-118.2408,34.15195],[-118.2408,34.15196],[-118.24079,34.15196],[-118.24079,34.15197],[-118.24079,34.15198],[-118.24079,34.15199],[-118.24079,34.152],[-118.24078,34.152],[-118.24078,34.15201],[-118.24078,34.15202],[-118.24078,34.15203],[-118.24078,34.15204],[-118.24077,34.15205],[-118.24077,34.15206],[-118.24077,34.15207],[-118.24077,34.15208],[-118.24077,34.15209],[-118.24077,34.1521],[-118.24077,34.15211],[-118.24076,34.15212],[-118.24076,34.15213],[-118.24076,34.15214],[-118.24076,34.15215],[-118.24076,34.15216],[-118.24076,34.15217],[-118.24076,34.15218],[-118.24076,34.15219],[-118.24076,34.1522],[-118.24075,34.15221],[-118.24075,34.15222],[-118.24075,34.15223],[-118.24075,34.15224],[-118.24075,34.15225],[-118.24075,34.15226],[-118.24075,34.15227],[-118.24075,34.15228],[-118.24075,34.15229],[-118.24075,34.1523],[-118.24075,34.15231],[-118.24074,34.15231],[-118.24073,34.15232],[-118.24073,34.15231],[-118.24072,34.15231],[-118.24072,34.15229],[-118.24072,34.15228],[-118.24072,34.15227],[-118.24072,34.15226],[-118.24072,34.15225],[-118.24072,34.15224],[-118.24072,34.15223],[-118.24072,34.15222],[-118.24072,34.15221],[-118.24072,34.1522],[-118.24072,34.15219],[-118.24072,34.15218],[-118.24072,34.15217],[-118.24072,34.15216],[-118.24072,34.15215],[-118.24072,34.15214],[-118.24072,34.15213],[-118.24071,34.15212],[-118.24071,34.15211],[-118.24071,34.1521],[-118.24071,34.15209],[-118.24071,34.15208],[-118.24071,34.15207],[-118.24071,34.15206],[-118.24071,34.15205],[-118.2407,34.15204],[-118.2407,34.15203],[-118.2407,34.15202],[-118.2407,34.15201],[-118.24069,34.152],[-118.24069,34.15199],[-118.24069,34.15198],[-118.24069,34.15197],[-118.24068,34.15197],[-118.24068,34.15196],[-118.24068,34.15195],[-118.24067,34.15194],[-118.24067,34.15193],[-118.24067,34.15192],[-118.24067,34.15191],[-118.24067,34.1519],[-118.24067,34.15189],[-118.24068,34.15189],[-118.24069,34.15188],[-118.24069,34.15187],[-118.2407,34.15187],[-118.24071,34.15186],[-118.24072,34.15186],[-118.24073,34.15186],[-118.24074,34.15186]]]]},"properties":{"NAME_ALF":"PIEDMONT PARK","NAMEA_ALF":"1145 E LEXINGTON DR"}},{"type":"Feature","geometry":{"type":"Polygon","coordinates":[[[-118.24551,34.14131],[-118.24551,34.14168],[-118.24551,34.14169],[-118.2455,34.14169],[-118.2455,34.1417],[-118.24549,34.1417],[-118.24549,34.14171],[-118.24548,34.14171],[-118.24547,34.14172],[-118.24546,34.14172],[-118.24545,34.14172],[-118.24532,34.14172],[-118.24523,34.14172],[-118.24521,34.14172],[-118.24518,34.14172],[-118.24515,34.14172],[-118.24515,34.14171],[-118.24515,34.14167],[-118.24515,34.14166],[-118.24515,34.14144],[-118.24515,34.14131],[-118.24546,34.14131],[-118.24551,34.14131]]]},"properties":{"NAME_ALF":"ELK MINI PARK","NAMEA_ALF":"800 E ELK AVE"}},{"type":"Feature","geometry":{"type":"Polygon","coordinates":[[[-118.282,34.1623],[-118.28201,34.1623],[-118.28202,34.1623],[-118.28203,34.1623],[-118.28204,34.1623],[-118.28205,34.1623],[-118.28206,34.1623],[-118.28207,34.16231],[-118.28208,34.16231],[-118.28208,34.16232],[-118.28209,34.16233],[-118.28209,34.16234],[-118.28209,34.16235],[-118.28209,34.16236],[-118.28179,34.16336],[-118.28176,34.16348],[-118.28172,34.16362],[-118.28151,34.16431],[-118.2815,34.16433],[-118.2815,34.16435],[-118.28149,34.16435],[-118.28149,34.16436],[-118.28148,34.16436],[-118.28147,34.16436],[-118.28146,34.16436],[-118.2814,34.16431],[-118.28055,34.1637],[-118.28052,34.16367],[-118.28051,34.16366],[-118.28049,34.16365],[-118.28051,34.16363],[-118.28108,34.1631],[-118.28109,34.16309],[-118.28109,34.16308],[-118.28111,34.16306],[-118.28115,34.16303],[-118.28162,34.16258],[-118.28163,34.16258],[-118.28163,34.16257],[-118.28164,34.16256],[-118.28165,34.16255],[-118.28166,34.16255],[-118.28166,34.16254],[-118.28167,34.16253],[-118.28168,34.16253],[-118.28168,34.16252],[-118.28169,34.16251],[-118.2817,34.1625],[-118.28171,34.16249],[-118.28172,34.16249],[-118.28172,34.16248],[-118.28173,34.16248],[-118.28173,34.16247],[-118.28174,34.16246],[-118.28175,34.16246],[-118.28175,34.16245],[-118.28176,34.16244],[-118.28177,34.16244],[-118.28177,34.16243],[-118.28178,34.16243],[-118.28179,34.16242],[-118.2818,34.16241],[-118.28181,34.1624],[-118.28182,34.16239],[-118.28183,34.16238],[-118.28184,34.16238],[-118.28184,34.16237],[-118.28185,34.16237],[-118.28186,34.16236],[-118.28186,34.16235],[-118.28187,34.16235],[-118.28188,34.16234],[-118.28189,34.16233],[-118.2819,34.16233],[-118.28191,34.16232],[-118.28191,34.16231],[-118.28192,34.16231],[-118.28193,34.16231],[-118.28193,34.1623],[-118.28194,34.1623],[-118.28195,34.1623],[-118.28196,34.1623],[-118.28197,34.1623],[-118.28198,34.1623],[-118.28199,34.1623],[-118.282,34.1623]]]},"properties":{"NAME_ALF":"PELANCONI PARK","NAMEA_ALF":"1000 GRANDVIEW AVE"}},{"type":"Feature","geometry":{"type":"Polygon","coordinates":[[[-118.24738,34.13147],[-118.24769,34.13136],[-118.24792,34.13136],[-118.24794,34.13136],[-118.24796,34.13136],[-118.24797,34.13136],[-118.24798,34.13134],[-118.24802,34.13134],[-118.24803,34.13134],[-118.24805,34.13134],[-118.24807,34.13134],[-118.24809,34.13134],[-118.24872,34.13133],[-118.24874,34.13133],[-118.24877,34.13133],[-118.24877,34.13138],[-118.24877,34.13147],[-118.24877,34.13151],[-118.24874,34.13151],[-118.2481,34.1315],[-118.24798,34.1315],[-118.24798,34.13182],[-118.24799,34.13213],[-118.24799,34.13215],[-118.24799,34.1323],[-118.24799,34.13251],[-118.248,34.13256],[-118.248,34.13258],[-118.248,34.1326],[-118.24705,34.1326],[-118.24704,34.13258],[-118.24704,34.13256],[-118.247,34.13224],[-118.24698,34.13224],[-118.24695,34.13223],[-118.24687,34.13222],[-118.24685,34.13221],[-118.24653,34.13215],[-118.24652,34.13215],[-118.2465,34.13214],[-118.24646,34.13207],[-118.2465,34.13205],[-118.24652,34.13204],[-118.24682,34.13192],[-118.24684,34.13192],[-118.24695,34.13187],[-118.24696,34.13187],[-118.24701,34.13185],[-118.24702,34.13185],[-118.24707,34.13183],[-118.24712,34.13181],[-118.24713,34.13179],[-118.24714,34.13178],[-118.24715,34.13177],[-118.24716,34.13175],[-118.24718,34.13173],[-118.24738,34.13147]]]},"properties":{"NAME_ALF":"PALMER PARK","NAMEA_ALF":"610 E PALMER AVE"}},{"type":"Feature","geometry":{"type":"Polygon","coordinates":[[[-118.2149,34.18577],[-118.21484,34.18578],[-118.2148,34.18578],[-118.21456,34.18579],[-118.21455,34.18579],[-118.21453,34.18579],[-118.21452,34.18579],[-118.2145,34.18579],[-118.21449,34.18579],[-118.21448,34.18579],[-118.21447,34.18579],[-118.21446,34.18579],[-118.21445,34.18579],[-118.21444,34.18579],[-118.21443,34.18579],[-118.21442,34.18579],[-118.21441,34.18579],[-118.2144,34.18579],[-118.21439,34.18579],[-118.21438,34.18579],[-118.21437,34.18578],[-118.21436,34.18578],[-118.21435,34.18578],[-118.21434,34.18578],[-118.21433,34.18577],[-118.21432,34.18577],[-118.21431,34.18577],[-118.2143,34.18577],[-118.21429,34.18576],[-118.21428,34.18576],[-118.21346,34.1855],[-118.21345,34.1855],[-118.21344,34.1855],[-118.21343,34.18549],[-118.21342,34.18549],[-118.21341,34.18548],[-118.2134,34.18547],[-118.21339,34.18547],[-118.21338,34.18546],[-118.21337,34.18546],[-118.21336,34.18545],[-118.21335,34.18544],[-118.21334,34.18543],[-118.21333,34.18542],[-118.21332,34.18542],[-118.21306,34.18518],[-118.21306,34.18517],[-118.21305,34.18516],[-118.21304,34.18516],[-118.21304,34.18515],[-118.21303,34.18514],[-118.21302,34.18513],[-118.21302,34.18512],[-118.21301,34.18512],[-118.21301,34.18511],[-118.213,34.1851],[-118.213,34.18509],[-118.213,34.18508],[-118.213,34.18507],[-118.21299,34.18507],[-118.21299,34.18506],[-118.21299,34.18505],[-118.21299,34.18504],[-118.21299,34.18502],[-118.21298,34.18498],[-118.21298,34.18497],[-118.21298,34.18496],[-118.21298,34.18495],[-118.21298,34.18494],[-118.21298,34.18493],[-118.21298,34.18492],[-118.21298,34.18491],[-118.21298,34.1849],[-118.21298,34.18489],[-118.21298,34.18488],[-118.21298,34.18487],[-118.21298,34.18486],[-118.21298,34.18485],[-118.21298,34.18484],[-118.21298,34.18483],[-118.21298,34.18482],[-118.21298,34.18481],[-118.21298,34.1848],[-118.21298,34.18479],[-118.21299,34.18478],[-118.21299,34.18477],[-118.21299,34.18476],[-118.21301,34.18464],[-118.21302,34.18463],[-118.21302,34.18462],[-118.21302,34.18461],[-118.21302,34.1846],[-118.21303,34.18459],[-118.21303,34.18458],[-118.21303,34.18457],[-118.21303,34.18456],[-118.21304,34.18456],[-118.21304,34.18455],[-118.21304,34.18454],[-118.21304,34.18453],[-118.21305,34.18452],[-118.21305,34.18451],[-118.21305,34.1845],[-118.21306,34.18449],[-118.21306,34.18448],[-118.21307,34.18447],[-118.21307,34.18446],[-118.21307,34.18445],[-118.21308,34.18444],[-118.21308,34.18443],[-118.21309,34.18442],[-118.21309,34.18441],[-118.2131,34.1844],[-118.2131,34.18439],[-118.2131,34.18438],[-118.21311,34.18438],[-118.21311,34.18437],[-118.21311,34.18436],[-118.21312,34.18435],[-118.21312,34.18434],[-118.21313,34.18434],[-118.21313,34.18433],[-118.21313,34.18432],[-118.21314,34.18431],[-118.21314,34.1843],[-118.21315,34.18429],[-118.21315,34.18428],[-118.21316,34.18427],[-118.21317,34.18426],[-118.21317,34.18425],[-118.21318,34.18424],[-118.21318,34.18423],[-118.21319,34.18423],[-118.2132,34.18422],[-118.21321,34.18421],[-118.21322,34.1842],[-118.21323,34.1842],[-118.21324,34.18419],[-118.21325,34.18419],[-118.21326,34.18419],[-118.21327,34.18418],[-118.21328,34.18418],[-118.21329,34.18418],[-118.21343,34.18414],[-118.21344,34.18414],[-118.21345,34.18414],[-118.21346,34.18414],[-118.21347,34.18414],[-118.21348,34.18414],[-118.21349,34.18415],[-118.21361,34.18416],[-118.21362,34.18417],[-118.21364,34.18417],[-118.21366,34.18417],[-118.21368,34.18417],[-118.2137,34.18417],[-118.21372,34.18417],[-118.21374,34.18417],[-118.21376,34.18416],[-118.21378,34.18416],[-118.2138,34.18415],[-118.21382,34.18414],[-118.21384,34.18413],[-118.21394,34.18407],[-118.21395,34.18407],[-118.21396,34.18406],[-118.21397,34.18406],[-118.21398,34.18406],[-118.21399,34.18406],[-118.214,34.18405],[-118.21401,34.18405],[-118.21402,34.18405],[-118.21403,34.18405],[-118.21404,34.18405],[-118.21405,34.18405],[-118.21406,34.18405],[-118.21407,34.18405],[-118.21408,34.18405],[-118.21409,34.18405],[-118.2141,34.18405],[-118.21411,34.18406],[-118.21423,34.18409],[-118.21425,34.18409],[-118.21427,34.18408],[-118.21439,34.18404],[-118.2144,34.18402],[-118.21441,34.18401],[-118.21442,34.184],[-118.21442,34.18399],[-118.21443,34.18399],[-118.21443,34.18398],[-118.21444,34.18398],[-118.21444,34.18397],[-118.21445,34.18397],[-118.21446,34.18396],[-118.21447,34.18395],[-118.21447,34.18393],[-118.21448,34.18392],[-118.21449,34.1839],[-118.2145,34.18389],[-118.21452,34.18385],[-118.21453,34.18384],[-118.21454,34.18382],[-118.21454,34.1838],[-118.21454,34.18378],[-118.21453,34.18377],[-118.21453,34.18375],[-118.21452,34.18373],[-118.21451,34.18372],[-118.2145,34.18372],[-118.2145,34.18371],[-118.21449,34.1837],[-118.21448,34.18369],[-118.21448,34.18368],[-118.21448,34.18367],[-118.21447,34.18366],[-118.21447,34.18365],[-118.21447,34.18364],[-118.21447,34.18363],[-118.21447,34.18362],[-118.21447,34.18361],[-118.21447,34.1836],[-118.21448,34.18359],[-118.21448,34.18358],[-118.21449,34.18357],[-118.2145,34.18356],[-118.21451,34.18355],[-118.21452,34.18355],[-118.21452,34.18354],[-118.21453,34.18353],[-118.21454,34.18353],[-118.21454,34.18352],[-118.21455,34.18352],[-118.21456,34.18351],[-118.21456,34.1835],[-118.21455,34.1835],[-118.21454,34.1835],[-118.21447,34.18339],[-118.21444,34.18335],[-118.21438,34.18327],[-118.21437,34.18326],[-118.21437,34.18325],[-118.21436,34.18325],[-118.21435,34.18324],[-118.21435,34.18323],[-118.21434,34.18323],[-118.21434,34.18322],[-118.21434,34.18321],[-118.21433,34.1832],[-118.21432,34.18319],[-118.21432,34.18318],[-118.21431,34.18317],[-118.21431,34.18316],[-118.21431,34.18315],[-118.21431,34.18314],[-118.2143,34.18313],[-118.2143,34.18312],[-118.2143,34.18311],[-118.2143,34.1831],[-118.2143,34.18309],[-118.2143,34.18308],[-118.2143,34.18307],[-118.21429,34.18307],[-118.21429,34.18306],[-118.21429,34.18305],[-118.21429,34.18304],[-118.21429,34.18303],[-118.2143,34.18302],[-118.2143,34.18301],[-118.2143,34.183],[-118.2143,34.18299],[-118.21435,34.18287],[-118.21436,34.18286],[-118.21436,34.18285],[-118.21436,34.18284],[-118.21437,34.18284],[-118.21437,34.18283],[-118.21438,34.18282],[-118.21438,34.18281],[-118.21439,34.18281],[-118.2144,34.1828],[-118.21441,34.18279],[-118.21442,34.18278],[-118.21443,34.18278],[-118.21443,34.18277],[-118.21444,34.18277],[-118.21445,34.18277],[-118.21446,34.18276],[-118.21447,34.18276],[-118.21448,34.18276],[-118.21449,34.18275],[-118.2145,34.18275],[-118.21451,34.18275],[-118.21452,34.18275],[-118.21453,34.18274],[-118.21454,34.18274],[-118.21455,34.18274],[-118.21471,34.18275],[-118.21472,34.18274],[-118.21474,34.18274],[-118.21476,34.18274],[-118.21478,34.18273],[-118.2148,34.18272],[-118.21481,34.18271],[-118.21483,34.1827],[-118.21484,34.18269],[-118.21485,34.18267],[-118.21486,34.18266],[-118.21487,34.18264],[-118.21488,34.18263],[-118.21488,34.18261],[-118.21488,34.1826],[-118.2149,34.18251],[-118.21491,34.1825],[-118.21492,34.18249],[-118.21492,34.18248],[-118.21493,34.18247],[-118.21494,34.18246],[-118.21495,34.18246],[-118.21495,34.18245],[-118.21496,34.18245],[-118.21497,34.18244],[-118.21498,34.18243],[-118.21499,34.18243],[-118.215,34.18242],[-118.21501,34.18242],[-118.21502,34.18241],[-118.21503,34.18241],[-118.21504,34.18241],[-118.21505,34.1824],[-118.21506,34.1824],[-118.21507,34.1824],[-118.21508,34.1824],[-118.21509,34.1824],[-118.2151,34.18239],[-118.21511,34.18239],[-118.21512,34.18239],[-118.21513,34.18239],[-118.21514,34.18239],[-118.21515,34.18239],[-118.21516,34.18239],[-118.21517,34.18239],[-118.21518,34.1824],[-118.21519,34.1824],[-118.2152,34.1824],[-118.2155,34.18245],[-118.21579,34.1825],[-118.21675,34.18285],[-118.21677,34.18285],[-118.21679,34.18286],[-118.21681,34.18285],[-118.21683,34.18285],[-118.21685,34.18285],[-118.21686,34.18284],[-118.21687,34.18284],[-118.21688,34.18284],[-118.21689,34.18284],[-118.2169,34.18284],[-118.21691,34.18284],[-118.21692,34.18284],[-118.21693,34.18284],[-118.21694,34.18285],[-118.21695,34.18285],[-118.21696,34.18285],[-118.21697,34.18285],[-118.21698,34.18285],[-118.21699,34.18286],[-118.217,34.18286],[-118.21701,34.18286],[-118.21702,34.18286],[-118.21702,34.18287],[-118.21703,34.18287],[-118.21704,34.18287],[-118.21705,34.18288],[-118.21706,34.18288],[-118.21707,34.18289],[-118.21708,34.18289],[-118.21708,34.1829],[-118.21709,34.1829],[-118.2171,34.18291],[-118.21711,34.18291],[-118.21711,34.18292],[-118.21712,34.18292],[-118.21713,34.18293],[-118.21713,34.18294],[-118.21714,34.18294],[-118.21715,34.18295],[-118.21715,34.18296],[-118.21716,34.18297],[-118.21717,34.18298],[-118.21717,34.18299],[-118.21718,34.18299],[-118.21718,34.183],[-118.21718,34.18301],[-118.21719,34.18302],[-118.21731,34.1832],[-118.21731,34.18321],[-118.21732,34.18322],[-118.21732,34.18323],[-118.21732,34.18324],[-118.21733,34.18325],[-118.21733,34.18326],[-118.21733,34.18327],[-118.21733,34.18328],[-118.21733,34.18329],[-118.21733,34.1833],[-118.21733,34.18331],[-118.21733,34.18332],[-118.21733,34.18333],[-118.21733,34.18334],[-118.21733,34.18335],[-118.21733,34.18336],[-118.21733,34.18337],[-118.21733,34.18338],[-118.21733,34.18339],[-118.21733,34.1834],[-118.21732,34.1834],[-118.21732,34.18341],[-118.21732,34.18342],[-118.21732,34.18343],[-118.21731,34.18344],[-118.21731,34.18345],[-118.2173,34.18346],[-118.2173,34.18347],[-118.2173,34.18348],[-118.21729,34.18348],[-118.21729,34.18349],[-118.21675,34.18532],[-118.21671,34.18558],[-118.21675,34.18583],[-118.21675,34.18584],[-118.21675,34.18586],[-118.21675,34.18588],[-118.21676,34.18591],[-118.21676,34.18594],[-118.21676,34.18595],[-118.21676,34.18596],[-118.21613,34.18603],[-118.21612,34.18603],[-118.21611,34.18604],[-118.2161,34.18604],[-118.21609,34.18604],[-118.21608,34.18604],[-118.21607,34.18604],[-118.21606,34.18604],[-118.21605,34.18604],[-118.21604,34.18603],[-118.21603,34.18603],[-118.21602,34.18603],[-118.21601,34.18603],[-118.216,34.18603],[-118.21599,34.18603],[-118.21598,34.18603],[-118.21597,34.18602],[-118.21596,34.18602],[-118.21595,34.18602],[-118.21594,34.18601],[-118.21593,34.18601],[-118.21592,34.18601],[-118.21591,34.18601],[-118.2159,34.186],[-118.21589,34.186],[-118.21588,34.18599],[-118.21587,34.18598],[-118.21586,34.18598],[-118.21585,34.18597],[-118.21584,34.18597],[-118.21584,34.18596],[-118.21583,34.18596],[-118.21582,34.18595],[-118.21581,34.18594],[-118.2158,34.18593],[-118.21579,34.18593],[-118.21569,34.18581],[-118.21567,34.18581],[-118.21542,34.18597],[-118.21544,34.186],[-118.21527,34.18609],[-118.21514,34.18594],[-118.21515,34.18594],[-118.21511,34.1859],[-118.2151,34.18589],[-118.2149,34.18577]]]},"properties":{"NAME_ALF":"GLENDALE SPORTS COMPLEX","NAMEA_ALF":"2200 FERN LN"}},{"type":"Feature","geometry":{"type":"Polygon","coordinates":[[[-118.22593,34.20265],[-118.22592,34.20266],[-118.22591,34.20266],[-118.22577,34.20258],[-118.2257,34.20267],[-118.22568,34.20269],[-118.22568,34.20268],[-118.22567,34.20267],[-118.22567,34.20266],[-118.22567,34.20265],[-118.22566,34.20265],[-118.22566,34.20264],[-118.22565,34.20263],[-118.22565,34.20262],[-118.22564,34.20262],[-118.22563,34.20261],[-118.22563,34.2026],[-118.22562,34.2026],[-118.22561,34.20259],[-118.2256,34.20258],[-118.22559,34.20258],[-118.22558,34.20257],[-118.22557,34.20257],[-118.22557,34.20256],[-118.22556,34.20256],[-118.22555,34.20255],[-118.22554,34.20255],[-118.22553,34.20255],[-118.22552,34.20255],[-118.22551,34.20254],[-118.2255,34.20254],[-118.22549,34.20254],[-118.22548,34.20254],[-118.22547,34.20254],[-118.22546,34.20254],[-118.22545,34.20254],[-118.22544,34.20254],[-118.22543,34.20254],[-118.22542,34.20254],[-118.22541,34.20254],[-118.2254,34.20254],[-118.22539,34.20254],[-118.22538,34.20254],[-118.22537,34.20255],[-118.22536,34.20255],[-118.22535,34.20255],[-118.22534,34.20256],[-118.22533,34.20256],[-118.22532,34.20256],[-118.22532,34.20257],[-118.22531,34.20257],[-118.2253,34.20257],[-118.2253,34.20256],[-118.22521,34.20251],[-118.22519,34.2025],[-118.22504,34.20242],[-118.22498,34.20239],[-118.22496,34.20238],[-118.22495,34.20238],[-118.22483,34.20234],[-118.22482,34.20233],[-118.22481,34.20233],[-118.22478,34.20232],[-118.22452,34.2022],[-118.22448,34.20218],[-118.22431,34.2021],[-118.22429,34.20209],[-118.22425,34.20207],[-118.22423,34.20203],[-118.22423,34.20199],[-118.22424,34.20195],[-118.22427,34.20192],[-118.22428,34.20191],[-118.22429,34.20191],[-118.2243,34.20191],[-118.22431,34.20191],[-118.22432,34.20191],[-118.22434,34.20127],[-118.22438,34.2009],[-118.22507,34.2005],[-118.22559,34.20022],[-118.2256,34.20021],[-118.22561,34.20021],[-118.22562,34.20021],[-118.22563,34.20021],[-118.22564,34.20021],[-118.2258,34.20029],[-118.22603,34.20039],[-118.22622,34.20048],[-118.22633,34.20053],[-118.2266,34.20066],[-118.22661,34.20066],[-118.22702,34.20052],[-118.22705,34.20051],[-118.22706,34.20051],[-118.22707,34.2005],[-118.22708,34.2005],[-118.22709,34.20049],[-118.2271,34.20049],[-118.22711,34.20049],[-118.22712,34.20048],[-118.22713,34.20048],[-118.22714,34.20048],[-118.22715,34.20048],[-118.22716,34.20048],[-118.22717,34.20049],[-118.22718,34.20049],[-118.22719,34.20049],[-118.2272,34.2005],[-118.22721,34.2005],[-118.22721,34.20051],[-118.22722,34.20051],[-118.22723,34.20052],[-118.22724,34.20052],[-118.22725,34.20052],[-118.22726,34.20053],[-118.22727,34.20053],[-118.22728,34.20054],[-118.22729,34.20055],[-118.2273,34.20055],[-118.22731,34.20056],[-118.22732,34.20056],[-118.22733,34.20056],[-118.22734,34.20057],[-118.22735,34.20057],[-118.22736,34.20058],[-118.22737,34.20058],[-118.22738,34.20059],[-118.22739,34.20059],[-118.2274,34.20059],[-118.22741,34.2006],[-118.22742,34.2006],[-118.2274,34.20063],[-118.22719,34.2009],[-118.22713,34.20099],[-118.22705,34.2011],[-118.22702,34.20114],[-118.227,34.20117],[-118.2271,34.20121],[-118.22628,34.20243],[-118.22624,34.20241],[-118.22624,34.20242],[-118.22622,34.20244],[-118.22618,34.20251],[-118.22613,34.20258],[-118.22611,34.2026],[-118.2261,34.20263],[-118.22607,34.20267],[-118.22605,34.2027],[-118.22604,34.2027],[-118.22593,34.20265]]]},"properties":{"NAME_ALF":"MONTROSE PARK","NAMEA_ALF":"3529 CLIFTON PL"}},{"type":"Feature","geometry":{"type":"Polygon","coordinates":[[[-118.22145,34.17404],[-118.22127,34.17459],[-118.22126,34.17464],[-118.22124,34.17471],[-118.22109,34.17518],[-118.22108,34.17522],[-118.22106,34.1753],[-118.22102,34.17541],[-118.22097,34.17541],[-118.21997,34.17527],[-118.21994,34.17526],[-118.21992,34.17526],[-118.21985,34.17525],[-118.21796,34.17498],[-118.21799,34.17413],[-118.21994,34.17408],[-118.22133,34.17405],[-118.22134,34.17404],[-118.22145,34.17404]]]},"properties":{"NAME_ALF":"MAYORS BICENTENNIAL PARK","NAMEA_ALF":"1987 LOMA VISTA DR"}},{"type":"Feature","geometry":{"type":"Polygon","coordinates":[[[-118.26659,34.18694],[-118.2666,34.17883],[-118.26984,34.17878],[-118.26958,34.17974],[-118.26958,34.17975],[-118.26957,34.17976],[-118.26957,34.17977],[-118.26957,34.17978],[-118.26956,34.17979],[-118.26956,34.1798],[-118.26955,34.17981],[-118.26955,34.17982],[-118.26954,34.17983],[-118.26954,34.17984],[-118.26954,34.17985],[-118.26953,34.17986],[-118.26952,34.17987],[-118.26952,34.17988],[-118.26952,34.17989],[-118.26951,34.17989],[-118.26951,34.1799],[-118.2695,34.17991],[-118.2695,34.17992],[-118.26949,34.17993],[-118.26949,34.17994],[-118.26948,34.17995],[-118.26948,34.17996],[-118.26947,34.17997],[-118.26947,34.17998],[-118.26946,34.17998],[-118.26946,34.17999],[-118.26945,34.18],[-118.26945,34.18001],[-118.26944,34.18002],[-118.26944,34.18003],[-118.26943,34.18004],[-118.26942,34.18005],[-118.26942,34.18006],[-118.26941,34.18006],[-118.26941,34.18007],[-118.2694,34.18008],[-118.2694,34.18009],[-118.26939,34.18009],[-118.26939,34.1801],[-118.26938,34.18011],[-118.26938,34.18012],[-118.26937,34.18012],[-118.26937,34.18013],[-118.26936,34.18014],[-118.26936,34.18015],[-118.26935,34.18015],[-118.26935,34.18016],[-118.26934,34.18017],[-118.26933,34.18018],[-118.26933,34.18019],[-118.26932,34.18019],[-118.26932,34.1802],[-118.26931,34.18021],[-118.2693,34.18022],[-118.2693,34.18023],[-118.26929,34.18024],[-118.26928,34.18024],[-118.26928,34.18025],[-118.26927,34.18026],[-118.26926,34.18027],[-118.26926,34.18028],[-118.26925,34.18028],[-118.26925,34.18029],[-118.26924,34.1803],[-118.26923,34.1803],[-118.26923,34.18031],[-118.26922,34.18032],[-118.26922,34.18033],[-118.26921,34.18033],[-118.2692,34.18034],[-118.2692,34.18035],[-118.26919,34.18035],[-118.26919,34.18036],[-118.26918,34.18037],[-118.26917,34.18038],[-118.26916,34.18038],[-118.26916,34.18039],[-118.26915,34.1804],[-118.26914,34.1804],[-118.26914,34.18041],[-118.26913,34.18042],[-118.26912,34.18043],[-118.26911,34.18044],[-118.2691,34.18045],[-118.26909,34.18046],[-118.26908,34.18047],[-118.26907,34.18047],[-118.26907,34.18048],[-118.26906,34.18049],[-118.26905,34.18049],[-118.26905,34.1805],[-118.26904,34.1805],[-118.26904,34.18051],[-118.26903,34.18052],[-118.26902,34.18052],[-118.26902,34.18053],[-118.26901,34.18054],[-118.269,34.18054],[-118.269,34.18055],[-118.26899,34.18056],[-118.26898,34.18056],[-118.26898,34.18057],[-118.26897,34.18058],[-118.26896,34.18058],[-118.26896,34.18059],[-118.26895,34.18059],[-118.26895,34.1806],[-118.26894,34.18061],[-118.26893,34.18061],[-118.26893,34.18062],[-118.26892,34.18063],[-118.26891,34.18063],[-118.26891,34.18064],[-118.2689,34.18064],[-118.26889,34.18065],[-118.26889,34.18066],[-118.26888,34.18066],[-118.26887,34.18067],[-118.26887,34.18068],[-118.26886,34.18068],[-118.26885,34.18069],[-118.26884,34.1807],[-118.26883,34.18071],[-118.26882,34.18072],[-118.26881,34.18073],[-118.2688,34.18074],[-118.26879,34.18074],[-118.26879,34.18075],[-118.26878,34.18075],[-118.26877,34.18076],[-118.26877,34.18077],[-118.26876,34.18077],[-118.26875,34.18078],[-118.26874,34.18079],[-118.26873,34.1808],[-118.26872,34.1808],[-118.26872,34.18081],[-118.26871,34.18082],[-118.2687,34.18082],[-118.2687,34.18083],[-118.26869,34.18083],[-118.26868,34.18084],[-118.26867,34.18085],[-118.26866,34.18086],[-118.26865,34.18086],[-118.26865,34.18087],[-118.26864,34.18087],[-118.26863,34.18088],[-118.26863,34.18089],[-118.26862,34.18089],[-118.26861,34.1809],[-118.2686,34.1809],[-118.2686,34.18091],[-118.26859,34.18091],[-118.26858,34.18092],[-118.26857,34.18093],[-118.26856,34.18094],[-118.26855,34.18094],[-118.26855,34.18095],[-118.26854,34.18095],[-118.26853,34.18096],[-118.26852,34.18097],[-118.26851,34.18098],[-118.2685,34.18098],[-118.26849,34.18099],[-118.26848,34.181],[-118.26847,34.181],[-118.26847,34.18101],[-118.26846,34.18102],[-118.26845,34.18102],[-118.26844,34.18103],[-118.26843,34.18103],[-118.26843,34.18104],[-118.26842,34.18104],[-118.26841,34.18105],[-118.2684,34.18106],[-118.26839,34.18106],[-118.26838,34.18107],[-118.26837,34.18107],[-118.26837,34.18108],[-118.26836,34.18109],[-118.26835,34.18109],[-118.26834,34.1811],[-118.26833,34.18111],[-118.26832,34.18111],[-118.26831,34.18112],[-118.2683,34.18112],[-118.2683,34.18113],[-118.26829,34.18113],[-118.26828,34.18114],[-118.26828,34.18133],[-118.26843,34.18203],[-118.26872,34.18232],[-118.26888,34.18275],[-118.26887,34.18304],[-118.26894,34.1834],[-118.26918,34.18353],[-118.26944,34.18351],[-118.26962,34.18348],[-118.27009,34.18311],[-118.27072,34.18272],[-118.27098,34.18256],[-118.27108,34.1825],[-118.27121,34.18192],[-118.27151,34.18159],[-118.27192,34.18102],[-118.27222,34.18069],[-118.27253,34.18045],[-118.27263,34.18036],[-118.27304,34.17998],[-118.27379,34.17945],[-118.274,34.1793],[-118.2743,34.17909],[-118.27431,34.17909],[-118.27432,34.1791],[-118.27433,34.1791],[-118.27434,34.1791],[-118.27434,34.17911],[-118.27435,34.17911],[-118.27436,34.17912],[-118.27437,34.17912],[-118.27438,34.17913],[-118.27439,34.17913],[-118.2744,34.17914],[-118.27441,34.17914],[-118.27442,34.17915],[-118.27443,34.17915],[-118.27444,34.17916],[-118.27445,34.17916],[-118.27446,34.17917],[-118.27447,34.17918],[-118.27448,34.17918],[-118.27449,34.17919],[-118.2745,34.17919],[-118.27451,34.17919],[-118.27451,34.1792],[-118.27452,34.17921],[-118.27453,34.17921],[-118.27454,34.17921],[-118.27455,34.17922],[-118.27455,34.17923],[-118.27456,34.17923],[-118.27457,34.17923],[-118.27458,34.17924],[-118.27459,34.17925],[-118.2746,34.17925],[-118.27461,34.17926],[-118.27461,34.17927],[-118.27461,34.17928],[-118.27462,34.17929],[-118.27462,34.1793],[-118.27463,34.17931],[-118.27463,34.17932],[-118.27463,34.17933],[-118.27464,34.17933],[-118.27464,34.17934],[-118.27465,34.17934],[-118.27465,34.17935],[-118.27466,34.17935],[-118.27466,34.17936],[-118.27467,34.17936],[-118.27468,34.17936],[-118.27469,34.17937],[-118.2747,34.17937],[-118.27471,34.17938],[-118.27472,34.17939],[-118.27473,34.17939],[-118.27474,34.17939],[-118.27475,34.1794],[-118.27475,34.17941],[-118.27476,34.17941],[-118.27477,34.17942],[-118.27478,34.17943],[-118.27479,34.17944],[-118.2748,34.17945],[-118.27481,34.17945],[-118.27482,34.17945],[-118.27483,34.17945],[-118.27484,34.17945],[-118.27485,34.17945],[-118.27486,34.17945],[-118.27487,34.17945],[-118.27488,34.17946],[-118.27487,34.17947],[-118.27487,34.17948],[-118.27487,34.17949],[-118.27487,34.1795],[-118.27486,34.1795],[-118.27486,34.17951],[-118.27486,34.17952],[-118.27487,34.17953],[-118.27487,34.17954],[-118.27488,34.17955],[-118.27489,34.17956],[-118.2749,34.17956],[-118.2749,34.17957],[-118.27491,34.17957],[-118.27492,34.17958],[-118.27492,34.17959],[-118.27493,34.17959],[-118.27494,34.1796],[-118.27495,34.1796],[-118.27496,34.17961],[-118.27497,34.17962],[-118.27498,34.17962],[-118.27499,34.17963],[-118.275,34.17963],[-118.27499,34.17963],[-118.27498,34.17964],[-118.27497,34.17965],[-118.27496,34.17965],[-118.27496,34.17966],[-118.27495,34.17967],[-118.27494,34.17968],[-118.27494,34.17969],[-118.27505,34.17977],[-118.27506,34.18011],[-118.27506,34.18016],[-118.27507,34.18036],[-118.27521,34.18036],[-118.27523,34.18036],[-118.27542,34.18036],[-118.27544,34.18036],[-118.27562,34.18036],[-118.27564,34.18036],[-118.27681,34.18036],[-118.27681,34.18035],[-118.27681,34.18034],[-118.27682,34.18033],[-118.27682,34.18032],[-118.27683,34.18031],[-118.27683,34.1803],[-118.27684,34.1803],[-118.27684,34.18029],[-118.27684,34.18028],[-118.27685,34.18028],[-118.27685,34.18027],[-118.27686,34.18027],[-118.27686,34.18026],[-118.27687,34.18026],[-118.27687,34.18025],[-118.27688,34.18024],[-118.27688,34.18023],[-118.27689,34.18023],[-118.2769,34.18024],[-118.2769,34.18025],[-118.27691,34.18026],[-118.27692,34.18027],[-118.27692,34.18028],[-118.27693,34.18028],[-118.27693,34.18029],[-118.27694,34.1803],[-118.27694,34.18031],[-118.27695,34.18031],[-118.27696,34.18032],[-118.27696,34.18033],[-118.27697,34.18033],[-118.27698,34.18034],[-118.27698,34.18035],[-118.27699,34.18035],[-118.277,34.18036],[-118.27701,34.18037],[-118.27702,34.18038],[-118.27703,34.18038],[-118.27703,34.18039],[-118.27711,34.18044],[-118.27712,34.18045],[-118.27854,34.18147],[-118.27855,34.18148],[-118.2786,34.18151],[-118.27891,34.18174],[-118.27893,34.18175],[-118.27894,34.18176],[-118.27895,34.18177],[-118.27881,34.18197],[-118.27872,34.18211],[-118.2786,34.18235],[-118.27853,34.18249],[-118.27851,34.18252],[-118.27799,34.18353],[-118.27798,34.18355],[-118.27791,34.18368],[-118.2779,34.18369],[-118.2779,34.1837],[-118.27789,34.18371],[-118.27788,34.18372],[-118.27788,34.18373],[-118.27788,34.18374],[-118.27787,34.18375],[-118.27786,34.18376],[-118.27786,34.18377],[-118.27785,34.18378],[-118.27785,34.18379],[-118.27784,34.1838],[-118.27783,34.18381],[-118.27783,34.18382],[-118.27783,34.18383],[-118.27782,34.18384],[-118.27782,34.18385],[-118.27781,34.18386],[-118.2778,34.18387],[-118.2778,34.18388],[-118.27779,34.18389],[-118.27779,34.1839],[-118.27778,34.18391],[-118.27778,34.18392],[-118.27777,34.18393],[-118.27777,34.18394],[-118.27776,34.18395],[-118.27776,34.18396],[-118.27775,34.18396],[-118.27775,34.18397],[-118.27775,34.18398],[-118.27774,34.18399],[-118.27773,34.184],[-118.27773,34.18401],[-118.27773,34.18402],[-118.27772,34.18402],[-118.27772,34.18403],[-118.27771,34.18404],[-118.27771,34.18405],[-118.2777,34.18405],[-118.2777,34.18406],[-118.2777,34.18407],[-118.27769,34.18408],[-118.27769,34.18409],[-118.27768,34.1841],[-118.27768,34.18411],[-118.27767,34.18411],[-118.27767,34.18412],[-118.27766,34.18413],[-118.27766,34.18414],[-118.27766,34.18415],[-118.27765,34.18415],[-118.27765,34.18416],[-118.27765,34.18417],[-118.27764,34.18418],[-118.27763,34.18419],[-118.27763,34.1842],[-118.27762,34.18421],[-118.27762,34.18422],[-118.27761,34.18423],[-118.27761,34.18424],[-118.2776,34.18424],[-118.2776,34.18425],[-118.2776,34.18426],[-118.27759,34.18427],[-118.27748,34.18447],[-118.27746,34.18452],[-118.2774,34.18463],[-118.2774,34.18464],[-118.27741,34.18465],[-118.27741,34.18466],[-118.27741,34.18467],[-118.27742,34.18468],[-118.27742,34.18469],[-118.27742,34.1847],[-118.27742,34.18471],[-118.27742,34.18472],[-118.27742,34.18473],[-118.27742,34.18474],[-118.27742,34.18475],[-118.27741,34.18476],[-118.27741,34.18477],[-118.27741,34.18478],[-118.2774,34.18479],[-118.2774,34.1848],[-118.2774,34.18481],[-118.27739,34.18481],[-118.27739,34.18482],[-118.27738,34.18483],[-118.27737,34.18484],[-118.27737,34.18485],[-118.27736,34.18485],[-118.27735,34.18486],[-118.27735,34.18487],[-118.27734,34.18487],[-118.27733,34.18488],[-118.27733,34.18489],[-118.27732,34.18489],[-118.27731,34.18489],[-118.2773,34.1849],[-118.27729,34.1849],[-118.27729,34.18491],[-118.27728,34.18491],[-118.27727,34.18492],[-118.27726,34.18492],[-118.27725,34.18492],[-118.27724,34.18493],[-118.27673,34.18588],[-118.27668,34.18597],[-118.27585,34.18753],[-118.28038,34.19068],[-118.2803,34.19256],[-118.27554,34.1925],[-118.27513,34.21114],[-118.27333,34.20918],[-118.27377,34.20736],[-118.27212,34.20359],[-118.26646,34.20351],[-118.26648,34.20146],[-118.26648,34.20058],[-118.26659,34.18694]]]},"properties":{"NAME_ALF":"BRAND PARK","NAMEA_ALF":"1601 W MOUNTAIN ST"}},{"type":"Feature","geometry":{"type":"Polygon","coordinates":[[[-118.25496,34.23711],[-118.25502,34.23715],[-118.25511,34.2372],[-118.25526,34.23729],[-118.25548,34.23742],[-118.25576,34.23759],[-118.25706,34.23839],[-118.25723,34.2385],[-118.25726,34.23852],[-118.25727,34.23852],[-118.25731,34.23855],[-118.25731,34.23884],[-118.25731,34.23887],[-118.25731,34.23903],[-118.25731,34.2392],[-118.25731,34.23922],[-118.25731,34.23966],[-118.25731,34.23967],[-118.25731,34.23969],[-118.2573,34.23996],[-118.2573,34.24014],[-118.2573,34.24034],[-118.25728,34.24033],[-118.25726,34.24032],[-118.25725,34.24032],[-118.25712,34.24023],[-118.25689,34.24009],[-118.25687,34.24007],[-118.25669,34.23996],[-118.25658,34.23989],[-118.25644,34.23981],[-118.25589,34.23947],[-118.25588,34.23945],[-118.2555,34.23922],[-118.25511,34.23898],[-118.25487,34.23884],[-118.25488,34.23869],[-118.25488,34.23867],[-118.25496,34.23714],[-118.25496,34.23711]]]},"properties":{"NAME_ALF":"DUNSMORE PARK","NAMEA_ALF":"4700 DUNSMORE AVE"}},{"type":"Feature","geometry":{"type":"Polygon","coordinates":[[[-118.25308,34.23541],[-118.25372,34.2354],[-118.25497,34.23615],[-118.25485,34.23847],[-118.25431,34.23845],[-118.25307,34.2377],[-118.25308,34.23541]]]},"properties":{"NAME_ALF":"CLARK COMMUNITY CENTER","NAMEA_ALF":"4747 NEW YORK AVE"}},{"type":"Feature","geometry":{"type":"Polygon","coordinates":[[[-118.2531,34.23301],[-118.25313,34.23301],[-118.25314,34.23301],[-118.2532,34.23304],[-118.25325,34.23307],[-118.25334,34.23312],[-118.25341,34.23317],[-118.25345,34.23318],[-118.2535,34.2332],[-118.25387,34.23342],[-118.25385,34.23344],[-118.25396,34.23353],[-118.25401,34.23354],[-118.25404,34.23355],[-118.25407,34.23357],[-118.25408,34.23358],[-118.25415,34.2336],[-118.25415,34.23362],[-118.25414,34.23366],[-118.25405,34.2343],[-118.25341,34.23392],[-118.25314,34.23377],[-118.25309,34.23375],[-118.2531,34.23301]]]},"properties":{"NAME_ALF":"NEW YORK PARK","NAMEA_ALF":"4525 NEW YORK AVE"}},{"type":"Feature","geometry":{"type":"Polygon","coordinates":[[[-118.22879,34.14372],[-118.22879,34.14364],[-118.22879,34.14342],[-118.22879,34.14334],[-118.22879,34.14288],[-118.22879,34.14286],[-118.22931,34.14286],[-118.22931,34.14284],[-118.22961,34.14284],[-118.22961,34.14286],[-118.22961,34.14288],[-118.22962,34.14396],[-118.22962,34.14401],[-118.22962,34.14431],[-118.22961,34.14431],[-118.2296,34.14431],[-118.22959,34.14431],[-118.22958,34.14431],[-118.22957,34.14431],[-118.22956,34.14431],[-118.22955,34.14431],[-118.22954,34.14431],[-118.22953,34.14432],[-118.22952,34.14432],[-118.22951,34.14433],[-118.2295,34.14433],[-118.2295,34.14434],[-118.22949,34.14434],[-118.22948,34.14435],[-118.22947,34.14435],[-118.22947,34.14436],[-118.22946,34.14437],[-118.22946,34.14438],[-118.22945,34.14438],[-118.2288,34.14439],[-118.22879,34.14372]]]},"properties":{"NAME_ALF":"CARR PARK","NAMEA_ALF":"1615 E COLORADO ST"}},{"type":"Feature","geometry":{"type":"Polygon","coordinates":[[[-118.26388,34.16552],[-118.26388,34.16555],[-118.26397,34.16593],[-118.26402,34.16618],[-118.26408,34.16643],[-118.26405,34.16643],[-118.26403,34.16643],[-118.26402,34.16644],[-118.26401,34.16644],[-118.26392,34.16645],[-118.26367,34.16649],[-118.26366,34.16649],[-118.26361,34.1665],[-118.26359,34.1665],[-118.26356,34.16651],[-118.26342,34.16653],[-118.26343,34.16648],[-118.26342,34.16645],[-118.26338,34.16626],[-118.26337,34.16624],[-118.26328,34.16585],[-118.26327,34.16584],[-118.26326,34.16579],[-118.26322,34.16563],[-118.26326,34.16562],[-118.26345,34.16559],[-118.26352,34.16558],[-118.26361,34.16556],[-118.26364,34.16556],[-118.26384,34.16553],[-118.26388,34.16552]]]},"properties":{"NAME_ALF":"CASA ADOBE DE SAN RAFAEL & PARK","NAMEA_ALF":"1330 DOROTHY DR"}},{"type":"Feature","geometry":{"type":"Polygon","coordinates":[[[-118.23191,34.17972],[-118.23191,34.17971],[-118.23192,34.17971],[-118.23193,34.1797],[-118.23194,34.1797],[-118.23242,34.17952],[-118.23276,34.17973],[-118.23277,34.17973],[-118.23278,34.17973],[-118.23279,34.17973],[-118.2328,34.17973],[-118.23281,34.17973],[-118.23282,34.17973],[-118.23283,34.17973],[-118.23284,34.17973],[-118.23285,34.17973],[-118.23286,34.17972],[-118.23287,34.17972],[-118.23288,34.17972],[-118.23289,34.17972],[-118.2329,34.17972],[-118.23291,34.17971],[-118.23292,34.17971],[-118.23293,34.1797],[-118.23294,34.1797],[-118.23296,34.17998],[-118.23288,34.17998],[-118.23287,34.17998],[-118.23287,34.17999],[-118.23286,34.17999],[-118.23286,34.18],[-118.23286,34.18001],[-118.23286,34.18002],[-118.23287,34.18026],[-118.23288,34.18027],[-118.23288,34.18028],[-118.23288,34.18029],[-118.23289,34.1803],[-118.23289,34.18031],[-118.2329,34.18032],[-118.23291,34.18033],[-118.23292,34.18033],[-118.23292,34.18034],[-118.23253,34.18034],[-118.2325,34.18034],[-118.23247,34.18034],[-118.23245,34.18034],[-118.23245,34.18033],[-118.23245,34.18026],[-118.23245,34.18024],[-118.23245,34.18013],[-118.23218,34.18013],[-118.23215,34.18013],[-118.2319,34.18013],[-118.23191,34.17991],[-118.23191,34.17987],[-118.23191,34.17985],[-118.23191,34.17983],[-118.23191,34.17982],[-118.23191,34.17972]]]},"properties":{"NAME_ALF":"CATALINA VERDUGO ADOBE","NAMEA_ALF":"2211 BONITA DR"}},{"type":"Feature","geometry":{"type":"Polygon","coordinates":[[[-118.26183,34.14427],[-118.26185,34.14427],[-118.26186,34.14427],[-118.26192,34.14427],[-118.26193,34.14427],[-118.26207,34.14427],[-118.26208,34.14427],[-118.26209,34.14427],[-118.26215,34.14427],[-118.26216,34.14427],[-118.26216,34.14462],[-118.26183,34.14462],[-118.26183,34.14428],[-118.26183,34.14427]]]},"properties":{"NAME_ALF":"HARVARD MINI PARK","NAMEA_ALF":"425 W HARVARD ST"}},{"type":"Feature","geometry":{"type":"MultiPolygon","coordinates":[[[[-118.25322,34.22085],[-118.25322,34.22086],[-118.25323,34.22086],[-118.25324,34.22087],[-118.25324,34.22088],[-118.25325,34.22088],[-118.25325,34.22089],[-118.25326,34.2209],[-118.25327,34.2209],[-118.25327,34.22091],[-118.25328,34.22092],[-118.25329,34.22092],[-118.25329,34.22093],[-118.2533,34.22093],[-118.2533,34.22094],[-118.25331,34.22095],[-118.25332,34.22095],[-118.25332,34.22096],[-118.25333,34.22097],[-118.25333,34.22098],[-118.25334,34.22098],[-118.25335,34.22099],[-118.25335,34.221],[-118.25336,34.221],[-118.25336,34.22101],[-118.25337,34.22101],[-118.25338,34.22102],[-118.25338,34.22103],[-118.25339,34.22103],[-118.25339,34.22104],[-118.2534,34.22105],[-118.25341,34.22105],[-118.25341,34.22106],[-118.25342,34.22107],[-118.25343,34.22108],[-118.25344,34.22109],[-118.25345,34.2211],[-118.25345,34.22111],[-118.25346,34.22111],[-118.25347,34.22112],[-118.25347,34.22113],[-118.25348,34.22113],[-118.25348,34.22114],[-118.25349,34.22115],[-118.2535,34.22115],[-118.2535,34.22116],[-118.25351,34.22117],[-118.25352,34.22118],[-118.25353,34.22119],[-118.25354,34.2212],[-118.25355,34.22121],[-118.25356,34.22122],[-118.25356,34.22123],[-118.25357,34.22123],[-118.25358,34.22124],[-118.25358,34.22125],[-118.25359,34.22125],[-118.25359,34.22126],[-118.2536,34.22127],[-118.25361,34.22127],[-118.25361,34.22128],[-118.25362,34.22129],[-118.25363,34.2213],[-118.25364,34.22131],[-118.25365,34.22132],[-118.25365,34.22133],[-118.25366,34.22133],[-118.25367,34.22134],[-118.25367,34.22135],[-118.25368,34.22135],[-118.25369,34.22136],[-118.2537,34.22137],[-118.2537,34.22138],[-118.25371,34.22138],[-118.25372,34.22139],[-118.25372,34.2214],[-118.25373,34.2214],[-118.25374,34.22141],[-118.25374,34.22142],[-118.25375,34.22143],[-118.25376,34.22144],[-118.25377,34.22144],[-118.25377,34.22145],[-118.25378,34.22146],[-118.25379,34.22147],[-118.2538,34.22148],[-118.25381,34.22149],[-118.25382,34.2215],[-118.25383,34.22151],[-118.25383,34.22152],[-118.25384,34.22152],[-118.25385,34.22153],[-118.25385,34.22154],[-118.25386,34.22154],[-118.25387,34.22155],[-118.25387,34.22156],[-118.25388,34.22156],[-118.25388,34.22157],[-118.25389,34.22158],[-118.2539,34.22158],[-118.2539,34.22159],[-118.25391,34.22159],[-118.25392,34.2216],[-118.25392,34.22161],[-118.25393,34.22161],[-118.25393,34.22162],[-118.25394,34.22163],[-118.25395,34.22163],[-118.25395,34.22164],[-118.25396,34.22165],[-118.25397,34.22166],[-118.25398,34.22167],[-118.25399,34.22168],[-118.25399,34.22169],[-118.254,34.22169],[-118.25401,34.2217],[-118.25401,34.22171],[-118.25402,34.22171],[-118.25402,34.22172],[-118.25403,34.22173],[-118.25404,34.22173],[-118.25404,34.22174],[-118.25405,34.22175],[-118.25406,34.22176],[-118.25407,34.22177],[-118.25408,34.22178],[-118.25409,34.22179],[-118.2541,34.2218],[-118.2541,34.22181],[-118.25411,34.22181],[-118.25411,34.22182],[-118.25412,34.22183],[-118.25413,34.22183],[-118.25413,34.22184],[-118.25414,34.22185],[-118.25415,34.22186],[-118.25416,34.22187],[-118.25417,34.22188],[-118.25418,34.22189],[-118.25419,34.2219],[-118.25419,34.22191],[-118.2542,34.22191],[-118.25421,34.22192],[-118.25421,34.22193],[-118.25422,34.22193],[-118.25422,34.22194],[-118.25423,34.22195],[-118.25424,34.22195],[-118.25424,34.22196],[-118.25425,34.22197],[-118.25426,34.22197],[-118.25426,34.22198],[-118.25427,34.22199],[-118.25428,34.222],[-118.25429,34.22201],[-118.2543,34.22202],[-118.2543,34.22203],[-118.25431,34.22203],[-118.25432,34.22204],[-118.25432,34.22205],[-118.25433,34.22205],[-118.25433,34.22206],[-118.25434,34.22207],[-118.25435,34.22207],[-118.25435,34.22208],[-118.25436,34.22208],[-118.25436,34.22209],[-118.25437,34.2221],[-118.25438,34.2221],[-118.25438,34.22211],[-118.25439,34.22212],[-118.2544,34.22213],[-118.25441,34.22214],[-118.25442,34.22215],[-118.25442,34.22216],[-118.25443,34.22216],[-118.25444,34.22217],[-118.25444,34.22218],[-118.25445,34.22219],[-118.25446,34.2222],[-118.25446,34.22221],[-118.25447,34.22221],[-118.25448,34.22222],[-118.25448,34.22223],[-118.25449,34.22223],[-118.25449,34.22224],[-118.2545,34.22225],[-118.25451,34.22226],[-118.25452,34.22227],[-118.25453,34.22228],[-118.25453,34.22229],[-118.25454,34.22229],[-118.25455,34.2223],[-118.25455,34.22231],[-118.25456,34.22231],[-118.25456,34.22232],[-118.25457,34.22233],[-118.25458,34.22233],[-118.25458,34.22234],[-118.25459,34.22235],[-118.2546,34.22236],[-118.2546,34.22237],[-118.25461,34.22237],[-118.25462,34.22238],[-118.25462,34.22239],[-118.25463,34.22239],[-118.25463,34.2224],[-118.25464,34.22241],[-118.25465,34.22242],[-118.25466,34.22243],[-118.25467,34.22244],[-118.25467,34.22245],[-118.25468,34.22245],[-118.25469,34.22246],[-118.25469,34.22247],[-118.2547,34.22247],[-118.25471,34.22248],[-118.25472,34.22249],[-118.25472,34.2225],[-118.25473,34.2225],[-118.25474,34.22251],[-118.25474,34.22252],[-118.25475,34.22252],[-118.25476,34.22253],[-118.25476,34.22254],[-118.25477,34.22254],[-118.25478,34.22255],[-118.25479,34.22256],[-118.2548,34.22257],[-118.25481,34.22258],[-118.25481,34.22259],[-118.25482,34.22259],[-118.25483,34.2226],[-118.25483,34.22261],[-118.25484,34.22261],[-118.25485,34.22262],[-118.25485,34.22263],[-118.25486,34.22263],[-118.25486,34.22264],[-118.25487,34.22264],[-118.25488,34.22265],[-118.25488,34.22266],[-118.25489,34.22266],[-118.2549,34.22267],[-118.2549,34.22268],[-118.25491,34.22268],[-118.25491,34.22269],[-118.25492,34.2227],[-118.25493,34.2227],[-118.25493,34.22271],[-118.25494,34.22272],[-118.25495,34.22272],[-118.25495,34.22273],[-118.25496,34.22273],[-118.25496,34.22274],[-118.25497,34.22275],[-118.25498,34.22275],[-118.25498,34.22276],[-118.25499,34.22277],[-118.255,34.22278],[-118.25501,34.22279],[-118.25502,34.2228],[-118.25503,34.22281],[-118.25504,34.22282],[-118.25504,34.22283],[-118.25505,34.22283],[-118.25505,34.22284],[-118.25506,34.22284],[-118.25507,34.22285],[-118.25507,34.22286],[-118.25508,34.22286],[-118.25508,34.22287],[-118.25509,34.22288],[-118.2551,34.22288],[-118.2551,34.22289],[-118.25511,34.2229],[-118.25512,34.22291],[-118.25513,34.22292],[-118.25514,34.22293],[-118.25514,34.22294],[-118.25515,34.22295],[-118.25516,34.22295],[-118.25516,34.22296],[-118.25517,34.22297],[-118.25518,34.22298],[-118.25519,34.22299],[-118.2552,34.223],[-118.25521,34.22301],[-118.25522,34.22302],[-118.25523,34.22303],[-118.25524,34.22304],[-118.25525,34.22305],[-118.25526,34.22306],[-118.25527,34.22307],[-118.25528,34.22308],[-118.25529,34.22309],[-118.2553,34.22309],[-118.2553,34.2231],[-118.25531,34.2231],[-118.25532,34.22311],[-118.25532,34.22312],[-118.25533,34.22312],[-118.25534,34.22313],[-118.25534,34.22314],[-118.25535,34.22314],[-118.25536,34.22315],[-118.25537,34.22316],[-118.25538,34.22317],[-118.25539,34.22317],[-118.25539,34.22318],[-118.2554,34.22318],[-118.25541,34.22319],[-118.25542,34.2232],[-118.25543,34.22321],[-118.25544,34.22321],[-118.25544,34.22322],[-118.25545,34.22322],[-118.25546,34.22323],[-118.25547,34.22323],[-118.25547,34.22324],[-118.25548,34.22324],[-118.25549,34.22325],[-118.2555,34.22326],[-118.25551,34.22327],[-118.25552,34.22327],[-118.25553,34.22328],[-118.25554,34.22329],[-118.25555,34.22329],[-118.25556,34.2233],[-118.25557,34.2233],[-118.25557,34.22331],[-118.25558,34.22331],[-118.25559,34.22332],[-118.2556,34.22332],[-118.25561,34.22333],[-118.25562,34.22334],[-118.25563,34.22334],[-118.25564,34.22335],[-118.25565,34.22335],[-118.25566,34.22336],[-118.25567,34.22337],[-118.25568,34.22337],[-118.25569,34.22338],[-118.2557,34.22338],[-118.25571,34.22339],[-118.25572,34.22339],[-118.25573,34.2234],[-118.25574,34.2234],[-118.25575,34.22341],[-118.25576,34.22341],[-118.25576,34.22342],[-118.25577,34.22342],[-118.25578,34.22342],[-118.25579,34.22343],[-118.2558,34.22343],[-118.25581,34.22344],[-118.25582,34.22344],[-118.25583,34.22344],[-118.25584,34.22345],[-118.25585,34.22346],[-118.25586,34.22346],[-118.25587,34.22346],[-118.25588,34.22347],[-118.25589,34.22347],[-118.2559,34.22348],[-118.25591,34.22348],[-118.25592,34.22348],[-118.25593,34.22348],[-118.25593,34.22349],[-118.25594,34.22349],[-118.25595,34.22349],[-118.25596,34.2235],[-118.25597,34.2235],[-118.25598,34.2235],[-118.25599,34.22351],[-118.256,34.22351],[-118.25601,34.22351],[-118.25602,34.22352],[-118.25603,34.22352],[-118.25604,34.22352],[-118.25605,34.22353],[-118.25606,34.22353],[-118.25607,34.22353],[-118.25608,34.22354],[-118.25609,34.22354],[-118.2561,34.22354],[-118.25611,34.22355],[-118.25612,34.22355],[-118.25613,34.22355],[-118.25614,34.22355],[-118.25615,34.22356],[-118.25616,34.22356],[-118.25617,34.22356],[-118.25618,34.22357],[-118.25619,34.22357],[-118.2562,34.22357],[-118.25621,34.22357],[-118.25622,34.22358],[-118.25623,34.22358],[-118.25624,34.22358],[-118.25625,34.22358],[-118.25626,34.22359],[-118.25627,34.22359],[-118.25628,34.22359],[-118.25629,34.22359],[-118.25629,34.2236],[-118.2563,34.2236],[-118.25631,34.2236],[-118.25632,34.2236],[-118.25633,34.22361],[-118.25634,34.22361],[-118.25635,34.22361],[-118.25636,34.22362],[-118.25637,34.22362],[-118.25638,34.22362],[-118.25639,34.22362],[-118.2564,34.22362],[-118.25641,34.22363],[-118.25642,34.22363],[-118.25643,34.22363],[-118.25644,34.22364],[-118.25645,34.22364],[-118.25646,34.22364],[-118.25647,34.22364],[-118.25648,34.22364],[-118.25649,34.22365],[-118.2565,34.22365],[-118.25651,34.22365],[-118.25652,34.22366],[-118.25653,34.22366],[-118.25655,34.22366],[-118.25656,34.22367],[-118.25657,34.22367],[-118.25658,34.22367],[-118.25659,34.22367],[-118.2566,34.22368],[-118.25661,34.22368],[-118.25662,34.22368],[-118.25663,34.22368],[-118.25664,34.22369],[-118.25665,34.22369],[-118.25666,34.22369],[-118.25667,34.22369],[-118.25668,34.2237],[-118.25669,34.2237],[-118.2567,34.2237],[-118.2567,34.22371],[-118.25671,34.22371],[-118.25672,34.22371],[-118.25673,34.22371],[-118.25674,34.22372],[-118.25675,34.22372],[-118.25676,34.22372],[-118.25677,34.22373],[-118.25678,34.22373],[-118.25679,34.22373],[-118.2568,34.22373],[-118.25681,34.22374],[-118.25682,34.22374],[-118.25683,34.22374],[-118.25683,34.22375],[-118.25684,34.22375],[-118.25685,34.22375],[-118.25686,34.22376],[-118.25687,34.22376],[-118.25688,34.22376],[-118.25689,34.22377],[-118.2569,34.22377],[-118.25691,34.22377],[-118.25692,34.22378],[-118.25693,34.22378],[-118.25694,34.22379],[-118.25695,34.22379],[-118.25696,34.2238],[-118.25697,34.2238],[-118.25698,34.2238],[-118.25699,34.22381],[-118.257,34.22381],[-118.25701,34.22381],[-118.25701,34.22382],[-118.25702,34.22382],[-118.25703,34.22382],[-118.25704,34.22383],[-118.25705,34.22383],[-118.25706,34.22384],[-118.25707,34.22384],[-118.25708,34.22384],[-118.25709,34.22385],[-118.2571,34.22386],[-118.25711,34.22386],[-118.25712,34.22387],[-118.25713,34.22387],[-118.25714,34.22387],[-118.25714,34.22388],[-118.25715,34.22388],[-118.25716,34.22389],[-118.25717,34.22389],[-118.25718,34.2239],[-118.25719,34.2239],[-118.2572,34.22391],[-118.25721,34.22391],[-118.25722,34.22392],[-118.25723,34.22393],[-118.25724,34.22393],[-118.25725,34.22394],[-118.25726,34.22394],[-118.25727,34.22395],[-118.25728,34.22395],[-118.25729,34.22396],[-118.2573,34.22397],[-118.25731,34.22397],[-118.25732,34.22398],[-118.25733,34.22399],[-118.25734,34.224],[-118.25735,34.224],[-118.25736,34.22401],[-118.25737,34.22402],[-118.25738,34.22402],[-118.25739,34.22403],[-118.2574,34.22403],[-118.2574,34.22404],[-118.25741,34.22404],[-118.25742,34.22405],[-118.25743,34.22406],[-118.25744,34.22407],[-118.25744,34.22452],[-118.25744,34.22462],[-118.25744,34.22463],[-118.25743,34.22463],[-118.25743,34.22464],[-118.25743,34.22465],[-118.25742,34.22466],[-118.25742,34.22467],[-118.25741,34.22467],[-118.25741,34.22468],[-118.25741,34.22469],[-118.2574,34.2247],[-118.25739,34.22471],[-118.25739,34.22472],[-118.25738,34.22473],[-118.25737,34.22473],[-118.25737,34.22474],[-118.25736,34.22475],[-118.25736,34.22563],[-118.25735,34.22564],[-118.25734,34.22565],[-118.25733,34.22565],[-118.25732,34.22565],[-118.25731,34.22566],[-118.2573,34.22566],[-118.25729,34.22566],[-118.25728,34.22566],[-118.25727,34.22566],[-118.25726,34.22566],[-118.25725,34.22566],[-118.25724,34.22565],[-118.25723,34.22565],[-118.25722,34.22565],[-118.25722,34.22564],[-118.25721,34.22564],[-118.2572,34.22563],[-118.25719,34.22563],[-118.25718,34.22562],[-118.25717,34.22561],[-118.25716,34.22561],[-118.25715,34.2256],[-118.25714,34.2256],[-118.25714,34.22559],[-118.25713,34.22559],[-118.25712,34.22558],[-118.25711,34.22558],[-118.2571,34.22557],[-118.25709,34.22556],[-118.25708,34.22556],[-118.25707,34.22555],[-118.25706,34.22555],[-118.25705,34.22554],[-118.25704,34.22553],[-118.25703,34.22553],[-118.25702,34.22552],[-118.25701,34.22552],[-118.25701,34.22551],[-118.257,34.22551],[-118.25699,34.2255],[-118.25698,34.2255],[-118.25697,34.22549],[-118.25696,34.22549],[-118.25696,34.22548],[-118.25695,34.22548],[-118.25694,34.22547],[-118.25693,34.22547],[-118.25692,34.22546],[-118.25691,34.22545],[-118.2569,34.22545],[-118.25689,34.22544],[-118.25688,34.22544],[-118.25688,34.22543],[-118.25687,34.22543],[-118.25686,34.22543],[-118.25685,34.22542],[-118.25684,34.22541],[-118.25683,34.22541],[-118.25682,34.2254],[-118.25681,34.22539],[-118.2568,34.22539],[-118.25679,34.22538],[-118.25678,34.22538],[-118.25677,34.22537],[-118.25676,34.22537],[-118.25676,34.22536],[-118.25675,34.22536],[-118.25674,34.22535],[-118.25673,34.22535],[-118.25673,34.22534],[-118.25672,34.22534],[-118.25671,34.22533],[-118.2567,34.22533],[-118.25669,34.22532],[-118.25668,34.22531],[-118.25667,34.22531],[-118.25666,34.2253],[-118.25665,34.2253],[-118.25665,34.22529],[-118.25664,34.22529],[-118.25663,34.22528],[-118.25662,34.22528],[-118.25661,34.22527],[-118.2566,34.22526],[-118.25659,34.22526],[-118.25658,34.22525],[-118.25657,34.22525],[-118.25657,34.22524],[-118.25656,34.22524],[-118.25655,34.22523],[-118.25654,34.22523],[-118.25653,34.22522],[-118.25652,34.22521],[-118.25651,34.22521],[-118.2565,34.2252],[-118.25649,34.22519],[-118.25648,34.22519],[-118.25647,34.22518],[-118.25646,34.22518],[-118.25646,34.22517],[-118.25645,34.22517],[-118.25644,34.22516],[-118.25643,34.22516],[-118.25642,34.22515],[-118.25641,34.22514],[-118.2564,34.22514],[-118.25639,34.22513],[-118.25638,34.22513],[-118.25638,34.22512],[-118.25637,34.22512],[-118.25636,34.22511],[-118.25635,34.22511],[-118.25634,34.2251],[-118.25633,34.22509],[-118.25632,34.22509],[-118.25631,34.22508],[-118.2563,34.22508],[-118.2563,34.22507],[-118.25629,34.22507],[-118.25628,34.22506],[-118.25627,34.22506],[-118.25626,34.22505],[-118.25625,34.22504],[-118.25624,34.22504],[-118.25623,34.22503],[-118.25622,34.22503],[-118.25622,34.22502],[-118.25621,34.22502],[-118.2562,34.22501],[-118.25619,34.22501],[-118.25618,34.225],[-118.25617,34.22499],[-118.25616,34.22499],[-118.25615,34.22498],[-118.25614,34.22498],[-118.25614,34.22497],[-118.25613,34.22497],[-118.25612,34.22496],[-118.25611,34.22496],[-118.2561,34.22495],[-118.25609,34.22494],[-118.25608,34.22494],[-118.25607,34.22493],[-118.25606,34.22493],[-118.25606,34.22492],[-118.25605,34.22492],[-118.25604,34.22491],[-118.25603,34.22491],[-118.25602,34.2249],[-118.25601,34.22489],[-118.256,34.22489],[-118.25599,34.22488],[-118.25598,34.22488],[-118.25598,34.22487],[-118.25597,34.22487],[-118.25596,34.22486],[-118.25595,34.22486],[-118.25594,34.22485],[-118.25593,34.22485],[-118.25593,34.22484],[-118.25592,34.22484],[-118.25591,34.22483],[-118.2559,34.22483],[-118.25589,34.22482],[-118.25588,34.22481],[-118.25587,34.22481],[-118.25586,34.2248],[-118.25585,34.2248],[-118.25585,34.22479],[-118.25584,34.22479],[-118.25583,34.22478],[-118.25582,34.22478],[-118.25581,34.22477],[-118.2558,34.22476],[-118.25579,34.22476],[-118.25578,34.22475],[-118.25577,34.22475],[-118.25577,34.22474],[-118.25576,34.22474],[-118.25575,34.22473],[-118.25574,34.22473],[-118.25573,34.22472],[-118.25572,34.22471],[-118.25571,34.22471],[-118.2557,34.2247],[-118.25569,34.2247],[-118.25569,34.22469],[-118.25568,34.22469],[-118.25567,34.22468],[-118.25566,34.22468],[-118.25565,34.22467],[-118.25564,34.22466],[-118.25563,34.22466],[-118.25562,34.22465],[-118.25561,34.22464],[-118.2556,34.22464],[-118.25559,34.22463],[-118.25558,34.22463],[-118.25557,34.22462],[-118.25556,34.22461],[-118.25555,34.22461],[-118.25554,34.2246],[-118.25553,34.2246],[-118.25553,34.22459],[-118.25552,34.22459],[-118.25551,34.22458],[-118.2555,34.22458],[-118.25549,34.22458],[-118.25549,34.22457],[-118.25548,34.22456],[-118.25547,34.22456],[-118.25546,34.22456],[-118.25545,34.22455],[-118.25544,34.22454],[-118.25543,34.22454],[-118.25542,34.22453],[-118.25541,34.22452],[-118.2554,34.22452],[-118.2554,34.22451],[-118.25539,34.22451],[-118.25538,34.22451],[-118.25537,34.2245],[-118.25536,34.2245],[-118.25536,34.22449],[-118.25535,34.22449],[-118.25534,34.22448],[-118.25533,34.22448],[-118.25532,34.22447],[-118.25531,34.22447],[-118.25531,34.22446],[-118.2553,34.22446],[-118.25529,34.22445],[-118.25528,34.22445],[-118.25527,34.22444],[-118.25526,34.22443],[-118.25525,34.22443],[-118.25524,34.22442],[-118.25523,34.22442],[-118.25523,34.22441],[-118.25522,34.22441],[-118.25521,34.2244],[-118.2552,34.2244],[-118.25519,34.22439],[-118.25518,34.22438],[-118.25517,34.22438],[-118.25516,34.22437],[-118.25515,34.22437],[-118.25515,34.22436],[-118.25514,34.22436],[-118.25513,34.22435],[-118.25512,34.22435],[-118.25511,34.22434],[-118.2551,34.22433],[-118.25509,34.22433],[-118.25508,34.22432],[-118.25507,34.22432],[-118.25507,34.22431],[-118.25506,34.22431],[-118.25505,34.2243],[-118.25504,34.2243],[-118.25503,34.22429],[-118.25502,34.22428],[-118.25501,34.22428],[-118.255,34.22427],[-118.25499,34.22427],[-118.25499,34.22426],[-118.25498,34.22426],[-118.25497,34.22425],[-118.25496,34.22425],[-118.25495,34.22424],[-118.25494,34.22424],[-118.25494,34.22423],[-118.25493,34.22423],[-118.25492,34.22422],[-118.25491,34.22422],[-118.2549,34.22421],[-118.25489,34.2242],[-118.25488,34.2242],[-118.25487,34.22419],[-118.25486,34.22419],[-118.25486,34.22418],[-118.25485,34.22418],[-118.25484,34.22417],[-118.25483,34.22417],[-118.25482,34.22416],[-118.25481,34.22415],[-118.2548,34.22415],[-118.25479,34.22414],[-118.25478,34.22414],[-118.25478,34.22413],[-118.25477,34.22413],[-118.25476,34.22412],[-118.25475,34.22412],[-118.25474,34.22411],[-118.25473,34.2241],[-118.25472,34.2241],[-118.25471,34.22409],[-118.2547,34.22408],[-118.25469,34.22408],[-118.25468,34.22407],[-118.25467,34.22407],[-118.25467,34.22406],[-118.25466,34.22406],[-118.25465,34.22405],[-118.25464,34.22405],[-118.25463,34.22404],[-118.25462,34.22403],[-118.25461,34.22403],[-118.2546,34.22402],[-118.25459,34.22402],[-118.25459,34.22401],[-118.25458,34.22401],[-118.25457,34.224],[-118.25456,34.224],[-118.25455,34.22399],[-118.25454,34.22399],[-118.25454,34.22398],[-118.25453,34.22398],[-118.25452,34.22397],[-118.25451,34.22397],[-118.2545,34.22396],[-118.25449,34.22395],[-118.25448,34.22395],[-118.25447,34.22394],[-118.25446,34.22394],[-118.25445,34.22393],[-118.25444,34.22392],[-118.25443,34.22392],[-118.25442,34.22391],[-118.25441,34.22391],[-118.25441,34.2239],[-118.2544,34.2239],[-118.25439,34.22389],[-118.25438,34.22389],[-118.25437,34.22388],[-118.25436,34.22387],[-118.25435,34.22387],[-118.25434,34.22386],[-118.25433,34.22386],[-118.25432,34.22385],[-118.25431,34.22384],[-118.2543,34.22384],[-118.25429,34.22383],[-118.25428,34.22383],[-118.25428,34.22382],[-118.25427,34.22382],[-118.25426,34.22381],[-118.25425,34.22381],[-118.25424,34.2238],[-118.25423,34.2238],[-118.25423,34.22379],[-118.25422,34.22379],[-118.25343,34.2233],[-118.25321,34.22316],[-118.25321,34.22313],[-118.25319,34.22309],[-118.2532,34.22087],[-118.25322,34.22085]]],[[[-118.25758,34.22427],[-118.25758,34.22426],[-118.25758,34.22425],[-118.25759,34.22425],[-118.25759,34.22424],[-118.2576,34.22424],[-118.2576,34.22423],[-118.25761,34.22423],[-118.25762,34.22423],[-118.25763,34.22423],[-118.25764,34.22423],[-118.25765,34.22422],[-118.25766,34.22422],[-118.25767,34.22422],[-118.25768,34.22422],[-118.25769,34.22422],[-118.2577,34.22422],[-118.25771,34.22422],[-118.25772,34.22422],[-118.25773,34.22422],[-118.25774,34.22422],[-118.25775,34.22422],[-118.25776,34.22422],[-118.25777,34.22423],[-118.25778,34.22423],[-118.25779,34.22423],[-118.2578,34.22424],[-118.25781,34.22425],[-118.25782,34.22425],[-118.25782,34.22426],[-118.25783,34.22427],[-118.25784,34.22427],[-118.25785,34.22428],[-118.25786,34.22428],[-118.25786,34.22429],[-118.25787,34.22429],[-118.25788,34.22429],[-118.25789,34.22429],[-118.2579,34.2243],[-118.25791,34.2243],[-118.25792,34.2243],[-118.25793,34.2243],[-118.25794,34.2243],[-118.25795,34.22431],[-118.25796,34.22431],[-118.25797,34.22431],[-118.25798,34.22431],[-118.25799,34.22431],[-118.258,34.22431],[-118.25801,34.22431],[-118.25802,34.22431],[-118.25803,34.22431],[-118.25804,34.22432],[-118.25805,34.22432],[-118.25806,34.22432],[-118.25807,34.22432],[-118.25808,34.22432],[-118.25809,34.22433],[-118.2581,34.22433],[-118.25811,34.22433],[-118.25812,34.22433],[-118.25813,34.22433],[-118.25814,34.22433],[-118.25815,34.22433],[-118.25816,34.22433],[-118.25817,34.22433],[-118.25818,34.22433],[-118.25819,34.22433],[-118.2582,34.22433],[-118.25822,34.22433],[-118.25823,34.22433],[-118.25825,34.22433],[-118.25826,34.22433],[-118.25826,34.22432],[-118.25827,34.22432],[-118.25829,34.22432],[-118.2583,34.22432],[-118.2583,34.22431],[-118.25831,34.22431],[-118.25832,34.22431],[-118.25833,34.2243],[-118.25834,34.22429],[-118.25835,34.22428],[-118.25836,34.22428],[-118.25836,34.22427],[-118.25837,34.22426],[-118.25838,34.22426],[-118.25839,34.22425],[-118.2584,34.22424],[-118.25841,34.22424],[-118.25842,34.22423],[-118.25842,34.22422],[-118.25843,34.22422],[-118.25844,34.22421],[-118.25845,34.22421],[-118.25845,34.2242],[-118.25846,34.2242],[-118.25847,34.22419],[-118.25848,34.22419],[-118.25849,34.22418],[-118.2585,34.22418],[-118.2585,34.22417],[-118.25851,34.22417],[-118.25852,34.22416],[-118.25853,34.22416],[-118.25854,34.22415],[-118.25855,34.22415],[-118.25856,34.22415],[-118.25856,34.22414],[-118.25857,34.22414],[-118.25858,34.22414],[-118.25859,34.22413],[-118.2586,34.22413],[-118.25861,34.22413],[-118.25862,34.22413],[-118.25863,34.22412],[-118.25864,34.22412],[-118.25865,34.22412],[-118.25866,34.22412],[-118.25867,34.22411],[-118.25868,34.22411],[-118.25869,34.22411],[-118.2587,34.22411],[-118.25871,34.22411],[-118.25872,34.2241],[-118.25873,34.2241],[-118.25874,34.2241],[-118.25875,34.2241],[-118.25875,34.22409],[-118.25876,34.22409],[-118.25877,34.22409],[-118.25878,34.22409],[-118.25879,34.22409],[-118.2588,34.22408],[-118.25881,34.22408],[-118.25882,34.22408],[-118.25883,34.22408],[-118.25884,34.22408],[-118.25885,34.22407],[-118.25886,34.22407],[-118.25887,34.22407],[-118.25888,34.22407],[-118.25889,34.22407],[-118.2589,34.22407],[-118.25891,34.22406],[-118.25892,34.22406],[-118.25893,34.22406],[-118.25894,34.22406],[-118.25895,34.22406],[-118.25896,34.22405],[-118.25897,34.22405],[-118.25898,34.22405],[-118.25899,34.22405],[-118.259,34.22405],[-118.25901,34.22405],[-118.25902,34.22404],[-118.25903,34.22404],[-118.25904,34.22404],[-118.25905,34.22404],[-118.25906,34.22404],[-118.25907,34.22404],[-118.25908,34.22404],[-118.2591,34.22403],[-118.25911,34.22403],[-118.25912,34.22403],[-118.25913,34.22403],[-118.25914,34.22403],[-118.25915,34.22403],[-118.25916,34.22402],[-118.25917,34.22402],[-118.25918,34.22402],[-118.25919,34.22402],[-118.2592,34.22402],[-118.25921,34.22402],[-118.25922,34.22402],[-118.25923,34.22402],[-118.25924,34.22402],[-118.25925,34.22402],[-118.25926,34.22402],[-118.25927,34.22401],[-118.25928,34.22401],[-118.25929,34.22401],[-118.2593,34.22401],[-118.25931,34.22401],[-118.25932,34.22401],[-118.25933,34.22401],[-118.25934,34.22401],[-118.25935,34.22401],[-118.25936,34.22401],[-118.25937,34.224],[-118.25938,34.224],[-118.25939,34.224],[-118.25941,34.224],[-118.25942,34.224],[-118.25943,34.224],[-118.25944,34.224],[-118.25945,34.224],[-118.25946,34.224],[-118.25947,34.224],[-118.25948,34.224],[-118.25949,34.22399],[-118.2595,34.22399],[-118.25951,34.22399],[-118.25952,34.22399],[-118.25953,34.22399],[-118.25954,34.22398],[-118.25955,34.22398],[-118.25956,34.22398],[-118.25957,34.22398],[-118.25958,34.22398],[-118.25959,34.22398],[-118.2596,34.22398],[-118.25961,34.22398],[-118.25962,34.22398],[-118.25963,34.22398],[-118.25964,34.22397],[-118.25965,34.22397],[-118.25966,34.22397],[-118.25967,34.22397],[-118.25968,34.22397],[-118.25969,34.22397],[-118.2597,34.22397],[-118.25971,34.22397],[-118.25972,34.22397],[-118.25973,34.22397],[-118.25974,34.22397],[-118.25975,34.22397],[-118.25976,34.22397],[-118.25977,34.22397],[-118.25978,34.22397],[-118.25979,34.22397],[-118.2598,34.22397],[-118.25981,34.22397],[-118.25982,34.22397],[-118.25983,34.22397],[-118.25984,34.22397],[-118.25985,34.22397],[-118.25986,34.22397],[-118.25987,34.22397],[-118.25988,34.22397],[-118.25989,34.22397],[-118.2599,34.22397],[-118.25991,34.22397],[-118.25992,34.22397],[-118.25993,34.22397],[-118.25994,34.22398],[-118.25995,34.22398],[-118.25996,34.22398],[-118.25997,34.22398],[-118.25998,34.22398],[-118.25999,34.22398],[-118.26,34.22398],[-118.26001,34.22398],[-118.26002,34.22398],[-118.26003,34.22399],[-118.26004,34.22399],[-118.26005,34.22399],[-118.26006,34.22399],[-118.25962,34.22731],[-118.25961,34.2273],[-118.2596,34.22729],[-118.25959,34.22729],[-118.25958,34.22728],[-118.25957,34.22727],[-118.25956,34.22727],[-118.25956,34.22726],[-118.25955,34.22726],[-118.25954,34.22725],[-118.25953,34.22725],[-118.25952,34.22724],[-118.25951,34.22723],[-118.2595,34.22723],[-118.25949,34.22722],[-118.25948,34.22722],[-118.25948,34.22721],[-118.25947,34.2272],[-118.25946,34.2272],[-118.25945,34.2272],[-118.25945,34.22719],[-118.25944,34.22718],[-118.25943,34.22718],[-118.25942,34.22717],[-118.25941,34.22717],[-118.25941,34.22716],[-118.2594,34.22716],[-118.25939,34.22715],[-118.25938,34.22715],[-118.25938,34.22714],[-118.25937,34.22713],[-118.25936,34.22713],[-118.25935,34.22713],[-118.25934,34.22712],[-118.25934,34.22711],[-118.25933,34.22711],[-118.25932,34.2271],[-118.25931,34.2271],[-118.25931,34.22709],[-118.2593,34.22709],[-118.25929,34.22708],[-118.25928,34.22707],[-118.25927,34.22707],[-118.25926,34.22706],[-118.25925,34.22705],[-118.25924,34.22705],[-118.25924,34.22704],[-118.25923,34.22704],[-118.25922,34.22703],[-118.25921,34.22703],[-118.25921,34.22702],[-118.2592,34.22702],[-118.25919,34.22701],[-118.25918,34.227],[-118.25917,34.227],[-118.25917,34.22699],[-118.25916,34.22699],[-118.25915,34.22698],[-118.25914,34.22697],[-118.25913,34.22697],[-118.25912,34.22696],[-118.25911,34.22695],[-118.2591,34.22694],[-118.25909,34.22694],[-118.25908,34.22693],[-118.25907,34.22692],[-118.25906,34.22692],[-118.25905,34.22691],[-118.25904,34.2269],[-118.25903,34.22689],[-118.25902,34.22689],[-118.25901,34.22688],[-118.259,34.22687],[-118.25899,34.22687],[-118.25898,34.22686],[-118.25897,34.22685],[-118.25896,34.22685],[-118.25895,34.22684],[-118.25894,34.22683],[-118.25893,34.22682],[-118.25892,34.22682],[-118.25892,34.22681],[-118.25891,34.22681],[-118.2589,34.2268],[-118.25889,34.2268],[-118.25889,34.22679],[-118.25888,34.22678],[-118.25887,34.22678],[-118.25886,34.22677],[-118.25885,34.22677],[-118.25885,34.22676],[-118.25884,34.22676],[-118.25883,34.22675],[-118.25882,34.22674],[-118.25881,34.22674],[-118.2588,34.22673],[-118.25879,34.22672],[-118.25878,34.22671],[-118.25877,34.22671],[-118.25876,34.2267],[-118.25875,34.22669],[-118.25874,34.22669],[-118.25873,34.22668],[-118.25872,34.22667],[-118.25871,34.22667],[-118.2587,34.22666],[-118.25869,34.22665],[-118.25868,34.22664],[-118.25867,34.22664],[-118.25867,34.22663],[-118.25866,34.22663],[-118.25865,34.22662],[-118.25864,34.22662],[-118.25863,34.22661],[-118.25862,34.2266],[-118.25861,34.2266],[-118.25861,34.22659],[-118.2586,34.22658],[-118.25859,34.22658],[-118.25858,34.22657],[-118.25857,34.22657],[-118.25857,34.22656],[-118.25856,34.22656],[-118.25855,34.22655],[-118.25854,34.22655],[-118.25854,34.22654],[-118.25853,34.22653],[-118.25852,34.22653],[-118.25851,34.22652],[-118.2585,34.22652],[-118.2585,34.22651],[-118.25849,34.22651],[-118.25848,34.2265],[-118.25847,34.22649],[-118.25846,34.22649],[-118.25845,34.22648],[-118.25844,34.22648],[-118.25844,34.22647],[-118.25843,34.22646],[-118.25842,34.22646],[-118.25841,34.22645],[-118.2584,34.22644],[-118.25839,34.22644],[-118.25838,34.22643],[-118.25837,34.22642],[-118.25836,34.22642],[-118.25835,34.22641],[-118.25835,34.2264],[-118.25834,34.2264],[-118.25833,34.22639],[-118.25832,34.22639],[-118.25831,34.22638],[-118.2583,34.22637],[-118.25829,34.22637],[-118.25828,34.22636],[-118.25827,34.22635],[-118.25826,34.22635],[-118.25825,34.22634],[-118.25825,34.22633],[-118.25824,34.22633],[-118.25823,34.22632],[-118.25822,34.22632],[-118.25822,34.22631],[-118.25821,34.22631],[-118.2582,34.2263],[-118.25819,34.2263],[-118.25818,34.22629],[-118.25818,34.22628],[-118.25817,34.22628],[-118.25816,34.22628],[-118.25816,34.22627],[-118.25815,34.22626],[-118.25814,34.22626],[-118.25813,34.22625],[-118.25812,34.22625],[-118.25812,34.22624],[-118.25811,34.22624],[-118.2581,34.22623],[-118.25809,34.22623],[-118.25809,34.22622],[-118.25808,34.22622],[-118.25807,34.22621],[-118.25806,34.2262],[-118.25805,34.22619],[-118.25804,34.22619],[-118.25803,34.22618],[-118.25802,34.22617],[-118.25801,34.22617],[-118.258,34.22616],[-118.25799,34.22616],[-118.25799,34.22615],[-118.25798,34.22615],[-118.25797,34.22614],[-118.25796,34.22613],[-118.25795,34.22612],[-118.25794,34.22612],[-118.25793,34.22611],[-118.25792,34.2261],[-118.25791,34.2261],[-118.2579,34.22609],[-118.2579,34.22608],[-118.25789,34.22608],[-118.25788,34.22607],[-118.25787,34.22607],[-118.25786,34.22606],[-118.25785,34.22605],[-118.25784,34.22605],[-118.25784,34.22604],[-118.25783,34.22604],[-118.25782,34.22603],[-118.25781,34.22602],[-118.2578,34.22602],[-118.2578,34.22601],[-118.25779,34.22601],[-118.25778,34.226],[-118.25777,34.226],[-118.25777,34.22599],[-118.25776,34.22599],[-118.25775,34.22598],[-118.25774,34.22598],[-118.25773,34.22597],[-118.25772,34.22596],[-118.25771,34.22595],[-118.2577,34.22595],[-118.25769,34.22594],[-118.25768,34.22593],[-118.25767,34.22593],[-118.25766,34.22592],[-118.25765,34.22592],[-118.25765,34.22591],[-118.25764,34.22591],[-118.25763,34.2259],[-118.25762,34.2259],[-118.25762,34.22589],[-118.25761,34.22589],[-118.2576,34.22588],[-118.25759,34.22588],[-118.25758,34.22587],[-118.25757,34.22586],[-118.25756,34.22585],[-118.25755,34.22584],[-118.25755,34.22583],[-118.25754,34.22583],[-118.25754,34.22582],[-118.25754,34.22581],[-118.25753,34.2258],[-118.25753,34.22579],[-118.25753,34.22578],[-118.25754,34.22537],[-118.25755,34.22514],[-118.25758,34.22504],[-118.25759,34.22495],[-118.25757,34.22457],[-118.25758,34.22427]]]]},"properties":{"NAME_ALF":"CRESCENTA VALLEY PARK","NAMEA_ALF":"3901 DUNSMORE AVE"}},{"type":"Feature","geometry":{"type":"Polygon","coordinates":[[[-118.24778,34.24866],[-118.25163,34.24866],[-118.25172,34.24909],[-118.25132,34.24974],[-118.25143,34.24989],[-118.25165,34.25012],[-118.25177,34.25007],[-118.25194,34.24999],[-118.25213,34.24991],[-118.25251,34.24973],[-118.25284,34.24938],[-118.25287,34.24934],[-118.25303,34.24916],[-118.25326,34.24897],[-118.25335,34.24886],[-118.2537,34.24846],[-118.25372,34.24845],[-118.25373,34.24844],[-118.25375,34.24843],[-118.25377,34.24842],[-118.25378,34.24841],[-118.2538,34.24841],[-118.25382,34.2484],[-118.25384,34.2484],[-118.25386,34.2484],[-118.25388,34.2484],[-118.2539,34.2484],[-118.25387,34.24829],[-118.25382,34.24813],[-118.25378,34.24798],[-118.25372,34.24784],[-118.25363,34.24772],[-118.25353,34.24766],[-118.25338,34.24757],[-118.25319,34.24753],[-118.25313,34.24718],[-118.2541,34.24739],[-118.2539,34.24702],[-118.25392,34.24685],[-118.2543,34.24621],[-118.2553,34.24658],[-118.25551,34.24665],[-118.25612,34.24688],[-118.25726,34.24732],[-118.25734,34.24735],[-118.25727,34.24748],[-118.25717,34.24784],[-118.25692,34.24824],[-118.25658,34.2487],[-118.25646,34.24882],[-118.2563,34.24892],[-118.25573,34.2492],[-118.25501,34.24942],[-118.25481,34.24948],[-118.25497,34.24959],[-118.25499,34.24959],[-118.255,34.24959],[-118.25501,34.24959],[-118.25503,34.24959],[-118.25504,34.2496],[-118.25505,34.2496],[-118.25507,34.24961],[-118.25508,34.24961],[-118.25509,34.24962],[-118.2551,34.24963],[-118.25511,34.24963],[-118.25512,34.24964],[-118.25513,34.24965],[-118.25514,34.24966],[-118.25515,34.24967],[-118.25515,34.24968],[-118.25516,34.24969],[-118.25516,34.24971],[-118.25516,34.24972],[-118.25516,34.24973],[-118.25516,34.24974],[-118.25516,34.24975],[-118.25516,34.24976],[-118.25515,34.24978],[-118.25514,34.24979],[-118.25514,34.2498],[-118.25521,34.24982],[-118.25537,34.24988],[-118.25577,34.24995],[-118.25581,34.25068],[-118.25595,34.25099],[-118.25603,34.25117],[-118.25651,34.25226],[-118.24779,34.25229],[-118.24778,34.24866]]]},"properties":{"NAME_ALF":"DEUKMEJIAN WILDERNESS PARK","NAMEA_ALF":"3429 MARKRIDGE RD"}},{"type":"Feature","geometry":{"type":"Polygon","coordinates":[[[-118.22669,34.18745],[-118.2267,34.18745],[-118.22671,34.18745],[-118.22672,34.18745],[-118.22673,34.18745],[-118.22674,34.18745],[-118.22675,34.18745],[-118.22676,34.18745],[-118.22677,34.18745],[-118.22678,34.18745],[-118.22679,34.18745],[-118.2268,34.18745],[-118.22681,34.18745],[-118.22682,34.18745],[-118.22683,34.18745],[-118.22684,34.18745],[-118.22685,34.18745],[-118.22686,34.18745],[-118.22687,34.18745],[-118.22688,34.18745],[-118.22689,34.18745],[-118.2269,34.18745],[-118.22691,34.18745],[-118.22692,34.18745],[-118.22693,34.18745],[-118.22694,34.18745],[-118.22695,34.18745],[-118.22696,34.18745],[-118.22697,34.18745],[-118.22698,34.18744],[-118.22699,34.18744],[-118.227,34.18744],[-118.22701,34.18744],[-118.22702,34.18744],[-118.22724,34.18741],[-118.22727,34.18741],[-118.22735,34.18739],[-118.22737,34.18739],[-118.22745,34.18738],[-118.22746,34.18738],[-118.2276,34.18736],[-118.22761,34.18736],[-118.22762,34.18736],[-118.22763,34.18736],[-118.22764,34.18736],[-118.22765,34.18736],[-118.22766,34.18736],[-118.22767,34.18736],[-118.22768,34.18736],[-118.22769,34.18735],[-118.2277,34.18735],[-118.22771,34.18735],[-118.22772,34.18735],[-118.22773,34.18735],[-118.22774,34.18735],[-118.22775,34.18734],[-118.22776,34.18734],[-118.22777,34.18734],[-118.22778,34.18734],[-118.22778,34.18733],[-118.22779,34.18733],[-118.2278,34.18733],[-118.22781,34.18732],[-118.22782,34.18732],[-118.22783,34.18731],[-118.22784,34.18731],[-118.22785,34.18731],[-118.22786,34.1873],[-118.22787,34.18729],[-118.22788,34.18729],[-118.22789,34.18728],[-118.2279,34.18728],[-118.22791,34.18727],[-118.22792,34.18726],[-118.22793,34.18726],[-118.22794,34.18725],[-118.22795,34.18724],[-118.22796,34.18723],[-118.22797,34.18722],[-118.22798,34.18722],[-118.22798,34.18721],[-118.22799,34.1872],[-118.228,34.18719],[-118.228,34.18718],[-118.22801,34.18717],[-118.22802,34.18716],[-118.22802,34.18715],[-118.22803,34.18714],[-118.22804,34.18713],[-118.22805,34.18712],[-118.22806,34.18711],[-118.22807,34.18711],[-118.22808,34.1871],[-118.22809,34.18709],[-118.2281,34.18709],[-118.22811,34.18708],[-118.22812,34.18708],[-118.22813,34.18708],[-118.22814,34.18707],[-118.22815,34.18707],[-118.22815,34.18708],[-118.22814,34.18709],[-118.22814,34.1871],[-118.22807,34.18743],[-118.22805,34.18753],[-118.22804,34.18754],[-118.22804,34.18755],[-118.22804,34.18757],[-118.228,34.18774],[-118.22801,34.1878],[-118.22798,34.18792],[-118.22798,34.18794],[-118.22797,34.18796],[-118.22796,34.188],[-118.22788,34.18846],[-118.22786,34.18857],[-118.22786,34.18859],[-118.22785,34.18861],[-118.22776,34.18913],[-118.22769,34.18949],[-118.22756,34.18968],[-118.22738,34.18994],[-118.22736,34.18993],[-118.22731,34.18992],[-118.22731,34.18991],[-118.2273,34.18991],[-118.22729,34.18988],[-118.22729,34.18987],[-118.22729,34.18986],[-118.22728,34.18986],[-118.22728,34.18985],[-118.22728,34.18984],[-118.22727,34.18983],[-118.22727,34.18982],[-118.22727,34.18981],[-118.22727,34.1898],[-118.22726,34.1898],[-118.22726,34.18979],[-118.22725,34.18978],[-118.22725,34.18977],[-118.22725,34.18976],[-118.22724,34.18976],[-118.22724,34.18975],[-118.22724,34.18974],[-118.22723,34.18973],[-118.22723,34.18972],[-118.22722,34.18971],[-118.22722,34.1897],[-118.22721,34.18969],[-118.22721,34.18968],[-118.2272,34.18967],[-118.2272,34.18966],[-118.22719,34.18966],[-118.22719,34.18965],[-118.22718,34.18964],[-118.22718,34.18963],[-118.22718,34.18962],[-118.22717,34.18962],[-118.22717,34.18961],[-118.22716,34.1896],[-118.22715,34.18959],[-118.22715,34.18958],[-118.22714,34.18958],[-118.22714,34.18957],[-118.22713,34.18956],[-118.22713,34.18955],[-118.22712,34.18955],[-118.22712,34.18954],[-118.22711,34.18953],[-118.22711,34.18952],[-118.2271,34.18952],[-118.2271,34.18951],[-118.22709,34.1895],[-118.22708,34.1895],[-118.22708,34.18949],[-118.22707,34.18948],[-118.22707,34.18947],[-118.22706,34.18947],[-118.22705,34.18946],[-118.22705,34.18945],[-118.22704,34.18945],[-118.22704,34.18944],[-118.22703,34.18943],[-118.22702,34.18942],[-118.22701,34.18941],[-118.227,34.1894],[-118.227,34.18939],[-118.22699,34.18938],[-118.22698,34.18937],[-118.22697,34.18936],[-118.22697,34.18935],[-118.22696,34.18935],[-118.22696,34.18934],[-118.22695,34.18934],[-118.22695,34.18933],[-118.22694,34.18932],[-118.22693,34.18932],[-118.22693,34.18931],[-118.22692,34.1893],[-118.22692,34.18929],[-118.22691,34.18929],[-118.22691,34.18928],[-118.2269,34.18927],[-118.22689,34.18927],[-118.22689,34.18926],[-118.22688,34.18925],[-118.22645,34.18874],[-118.22601,34.18821],[-118.2259,34.18807],[-118.22589,34.18807],[-118.22589,34.18806],[-118.22588,34.18806],[-118.22588,34.18805],[-118.22587,34.18804],[-118.22587,34.18803],[-118.22586,34.18802],[-118.22585,34.18801],[-118.22585,34.188],[-118.22584,34.18799],[-118.22583,34.18798],[-118.22583,34.18797],[-118.22583,34.18796],[-118.22582,34.18796],[-118.22582,34.18795],[-118.22581,34.18794],[-118.22581,34.18793],[-118.2258,34.18792],[-118.2258,34.18791],[-118.2258,34.1879],[-118.2258,34.18789],[-118.22579,34.18789],[-118.22579,34.18788],[-118.22579,34.18787],[-118.22579,34.18786],[-118.22578,34.18785],[-118.22578,34.18784],[-118.22578,34.18783],[-118.22577,34.18782],[-118.22577,34.18781],[-118.22577,34.1878],[-118.22577,34.18779],[-118.22577,34.18778],[-118.22577,34.18777],[-118.22577,34.18776],[-118.22577,34.18775],[-118.22577,34.18774],[-118.22577,34.18773],[-118.22577,34.18772],[-118.22577,34.18771],[-118.22577,34.1877],[-118.22577,34.18769],[-118.22577,34.18768],[-118.22577,34.18767],[-118.22577,34.18766],[-118.22578,34.18759],[-118.22578,34.18758],[-118.22579,34.18757],[-118.22579,34.18756],[-118.22579,34.18755],[-118.2258,34.18754],[-118.2258,34.18753],[-118.22581,34.18752],[-118.22581,34.18751],[-118.22582,34.18751],[-118.22583,34.1875],[-118.22584,34.18749],[-118.22585,34.18749],[-118.22586,34.18748],[-118.22587,34.18747],[-118.22588,34.18747],[-118.22589,34.18747],[-118.2259,34.18747],[-118.22591,34.18746],[-118.22592,34.18746],[-118.22593,34.18746],[-118.22594,34.18746],[-118.22669,34.18745]]]},"properties":{"NAME_ALF":"GLORIETTA PARK","NAMEA_ALF":"2801 N VERDUGO RD"}},{"type":"Feature","geometry":{"type":"Polygon","coordinates":[[[-118.23115,34.1676],[-118.23126,34.1677],[-118.23134,34.16778],[-118.23136,34.1678],[-118.23165,34.16807],[-118.23176,34.16817],[-118.23176,34.16818],[-118.23199,34.16836],[-118.23198,34.16837],[-118.23198,34.16838],[-118.23197,34.16839],[-118.23196,34.1684],[-118.23196,34.16841],[-118.23196,34.16842],[-118.23195,34.16842],[-118.23195,34.16843],[-118.23195,34.16844],[-118.23194,34.16845],[-118.23194,34.16846],[-118.23193,34.16847],[-118.23193,34.16848],[-118.23193,34.16849],[-118.23193,34.1685],[-118.23192,34.16851],[-118.23192,34.16852],[-118.23192,34.16853],[-118.23192,34.16854],[-118.23192,34.16855],[-118.23192,34.16856],[-118.23192,34.16857],[-118.23191,34.16858],[-118.23191,34.16859],[-118.23191,34.1686],[-118.23191,34.16861],[-118.23191,34.16862],[-118.23192,34.16863],[-118.23192,34.16864],[-118.23192,34.16865],[-118.23192,34.16866],[-118.23192,34.16867],[-118.23192,34.16868],[-118.23192,34.16869],[-118.23193,34.1687],[-118.23193,34.16871],[-118.23193,34.16872],[-118.23193,34.16873],[-118.23194,34.16873],[-118.23194,34.16874],[-118.23194,34.16875],[-118.23194,34.16876],[-118.23195,34.16877],[-118.23196,34.16878],[-118.23196,34.16879],[-118.23196,34.1688],[-118.23197,34.16881],[-118.23197,34.16882],[-118.23198,34.16882],[-118.23208,34.169],[-118.23171,34.16951],[-118.23169,34.16956],[-118.23151,34.16993],[-118.23103,34.16969],[-118.23047,34.16942],[-118.23047,34.16941],[-118.23048,34.1694],[-118.23027,34.1693],[-118.23011,34.16923],[-118.22993,34.16915],[-118.22987,34.16913],[-118.2299,34.16908],[-118.22997,34.16897],[-118.23007,34.16883],[-118.23013,34.16874],[-118.23014,34.16874],[-118.23014,34.16873],[-118.23014,34.16872],[-118.23015,34.16872],[-118.23015,34.16871],[-118.23016,34.1687],[-118.23016,34.16869],[-118.23017,34.16869],[-118.23017,34.16868],[-118.23018,34.16867],[-118.23018,34.16866],[-118.23019,34.16866],[-118.23019,34.16865],[-118.23019,34.16864],[-118.2302,34.16864],[-118.2302,34.16863],[-118.23021,34.16863],[-118.23021,34.16862],[-118.23022,34.16861],[-118.23022,34.1686],[-118.23023,34.1686],[-118.23023,34.16859],[-118.23024,34.16858],[-118.23024,34.16857],[-118.23025,34.16857],[-118.23025,34.16856],[-118.23026,34.16855],[-118.23027,34.16854],[-118.23027,34.16853],[-118.23028,34.16853],[-118.23028,34.16852],[-118.23029,34.16851],[-118.2303,34.1685],[-118.2303,34.16849],[-118.23031,34.16849],[-118.23032,34.16848],[-118.23032,34.16847],[-118.23033,34.16847],[-118.23033,34.16846],[-118.23034,34.16845],[-118.23034,34.16844],[-118.23035,34.16844],[-118.23036,34.16843],[-118.23036,34.16842],[-118.23037,34.16842],[-118.23037,34.16841],[-118.23038,34.1684],[-118.23039,34.16839],[-118.2304,34.16838],[-118.23041,34.16837],[-118.23041,34.16836],[-118.23042,34.16836],[-118.23042,34.16835],[-118.23043,34.16834],[-118.23044,34.16833],[-118.23045,34.16832],[-118.23046,34.16831],[-118.23046,34.1683],[-118.23047,34.1683],[-118.23047,34.16829],[-118.23048,34.16828],[-118.23049,34.16828],[-118.23049,34.16827],[-118.2305,34.16826],[-118.23051,34.16825],[-118.23051,34.16824],[-118.23052,34.16824],[-118.23053,34.16823],[-118.23053,34.16822],[-118.23054,34.16821],[-118.23055,34.1682],[-118.23056,34.16819],[-118.23057,34.16818],[-118.23057,34.16817],[-118.23058,34.16817],[-118.23059,34.16816],[-118.23059,34.16815],[-118.2306,34.16815],[-118.2306,34.16814],[-118.23061,34.16813],[-118.23062,34.16813],[-118.23062,34.16812],[-118.23063,34.16812],[-118.23063,34.16811],[-118.23064,34.1681],[-118.23065,34.16809],[-118.23066,34.16808],[-118.23067,34.16807],[-118.23068,34.16806],[-118.23069,34.16805],[-118.23069,34.16804],[-118.2307,34.16804],[-118.23071,34.16803],[-118.23071,34.16802],[-118.23072,34.16802],[-118.23073,34.16801],[-118.23073,34.168],[-118.23074,34.168],[-118.23074,34.16799],[-118.23075,34.16799],[-118.23076,34.16798],[-118.23076,34.16797],[-118.23077,34.16797],[-118.23077,34.16796],[-118.23078,34.16795],[-118.23079,34.16795],[-118.23079,34.16794],[-118.2308,34.16793],[-118.23081,34.16793],[-118.23081,34.16792],[-118.23082,34.16791],[-118.23083,34.16791],[-118.23083,34.1679],[-118.23084,34.1679],[-118.23085,34.16789],[-118.23085,34.16788],[-118.23086,34.16788],[-118.23086,34.16787],[-118.23087,34.16786],[-118.23088,34.16786],[-118.23088,34.16785],[-118.23089,34.16784],[-118.2309,34.16784],[-118.2309,34.16783],[-118.23091,34.16783],[-118.23092,34.16782],[-118.23092,34.16781],[-118.23093,34.16781],[-118.23094,34.1678],[-118.23094,34.16779],[-118.23095,34.16779],[-118.23096,34.16778],[-118.23097,34.16777],[-118.23098,34.16776],[-118.23099,34.16775],[-118.23099,34.16774],[-118.231,34.16774],[-118.23101,34.16773],[-118.23102,34.16773],[-118.23102,34.16772],[-118.23103,34.16771],[-118.23104,34.16771],[-118.23104,34.1677],[-118.23105,34.1677],[-118.23106,34.16769],[-118.23106,34.16768],[-118.23107,34.16768],[-118.23108,34.16767],[-118.23109,34.16766],[-118.2311,34.16765],[-118.23111,34.16764],[-118.23112,34.16763],[-118.23113,34.16763],[-118.23113,34.16762],[-118.23114,34.16762],[-118.23114,34.16761],[-118.23115,34.1676]]]},"properties":{"NAME_ALF":"STENGEL BALLFIELD","NAMEA_ALF":"1601 CANADA BLVD"}},{"type":"Feature","geometry":{"type":"Polygon","coordinates":[[[-118.20062,34.15486],[-118.20041,34.15489],[-118.20014,34.15492],[-118.19901,34.15505],[-118.19855,34.15525],[-118.19835,34.15364],[-118.19954,34.15384],[-118.19956,34.15384],[-118.19959,34.1538],[-118.19988,34.1537],[-118.19989,34.1537],[-118.1999,34.1537],[-118.19991,34.15369],[-118.20001,34.15367],[-118.2001,34.15366],[-118.20018,34.15365],[-118.20023,34.15364],[-118.20028,34.15364],[-118.20034,34.15362],[-118.2004,34.15361],[-118.20048,34.15358],[-118.20053,34.15357],[-118.2006,34.15355],[-118.20065,34.15353],[-118.20069,34.15351],[-118.20073,34.1535],[-118.20078,34.15349],[-118.20084,34.15348],[-118.20091,34.15347],[-118.20098,34.15346],[-118.20111,34.15343],[-118.20112,34.15343],[-118.20113,34.15343],[-118.20114,34.15342],[-118.20115,34.15342],[-118.20116,34.15342],[-118.20117,34.15342],[-118.20118,34.15341],[-118.20119,34.15341],[-118.2012,34.15341],[-118.20121,34.1534],[-118.20122,34.1534],[-118.20123,34.15339],[-118.20124,34.15339],[-118.20125,34.15338],[-118.20126,34.15338],[-118.20127,34.15337],[-118.20128,34.15337],[-118.20129,34.15336],[-118.2013,34.15335],[-118.20131,34.15335],[-118.20132,34.15334],[-118.20133,34.15333],[-118.20134,34.15333],[-118.20135,34.15332],[-118.20136,34.15331],[-118.20137,34.15331],[-118.20137,34.1533],[-118.20138,34.1533],[-118.20139,34.15329],[-118.2014,34.15328],[-118.20141,34.15327],[-118.20141,34.15326],[-118.20142,34.15326],[-118.20143,34.15325],[-118.20143,34.15324],[-118.20144,34.15324],[-118.20145,34.15323],[-118.20145,34.15322],[-118.20146,34.15322],[-118.20147,34.1532],[-118.20151,34.15316],[-118.20153,34.15314],[-118.20153,34.15313],[-118.20164,34.15302],[-118.20165,34.15301],[-118.20166,34.153],[-118.20167,34.15299],[-118.20168,34.15298],[-118.20169,34.15297],[-118.2017,34.15296],[-118.20171,34.15296],[-118.20171,34.15295],[-118.20172,34.15294],[-118.20173,34.15294],[-118.20174,34.15293],[-118.20175,34.15292],[-118.20176,34.15292],[-118.20177,34.15291],[-118.20178,34.1529],[-118.20179,34.1529],[-118.2018,34.15289],[-118.20181,34.15288],[-118.20182,34.15288],[-118.20183,34.15287],[-118.20184,34.15287],[-118.20184,34.15286],[-118.20185,34.15286],[-118.20186,34.15285],[-118.20187,34.15285],[-118.20188,34.15285],[-118.20189,34.15284],[-118.2019,34.15284],[-118.20191,34.15284],[-118.20192,34.15283],[-118.20193,34.15283],[-118.20193,34.15282],[-118.20194,34.15282],[-118.20195,34.15282],[-118.20196,34.15281],[-118.20197,34.15281],[-118.20198,34.15281],[-118.20199,34.15281],[-118.202,34.1528],[-118.20201,34.1528],[-118.20202,34.1528],[-118.20203,34.15279],[-118.20204,34.15279],[-118.20205,34.15279],[-118.20206,34.15279],[-118.20207,34.15279],[-118.20207,34.15278],[-118.20208,34.15278],[-118.20209,34.15278],[-118.2021,34.15278],[-118.20211,34.15278],[-118.20212,34.15277],[-118.20213,34.15277],[-118.20214,34.15277],[-118.20215,34.15277],[-118.20216,34.15277],[-118.20217,34.15277],[-118.20218,34.15277],[-118.20219,34.15277],[-118.20265,34.15273],[-118.20266,34.15273],[-118.20267,34.15273],[-118.20268,34.15273],[-118.20269,34.15273],[-118.2027,34.15273],[-118.20271,34.15273],[-118.20272,34.15273],[-118.20273,34.15273],[-118.20274,34.15273],[-118.20275,34.15273],[-118.20276,34.15273],[-118.20277,34.15273],[-118.20278,34.15274],[-118.20279,34.15274],[-118.2028,34.15274],[-118.20281,34.15275],[-118.20282,34.15275],[-118.20283,34.15275],[-118.20284,34.15276],[-118.20285,34.15276],[-118.20286,34.15277],[-118.20287,34.15277],[-118.20287,34.15278],[-118.20288,34.15278],[-118.20289,34.15279],[-118.2029,34.15279],[-118.20291,34.1528],[-118.20291,34.15281],[-118.20292,34.15281],[-118.20293,34.15282],[-118.20292,34.15282],[-118.20291,34.15282],[-118.2029,34.15283],[-118.20289,34.15283],[-118.20288,34.15283],[-118.20287,34.15284],[-118.20286,34.15284],[-118.20285,34.15284],[-118.20284,34.15284],[-118.20283,34.15285],[-118.20282,34.15285],[-118.20281,34.15286],[-118.2028,34.15286],[-118.20279,34.15286],[-118.20279,34.15287],[-118.20278,34.15287],[-118.20277,34.15288],[-118.20276,34.15288],[-118.20275,34.15289],[-118.20274,34.15289],[-118.20274,34.1529],[-118.20273,34.1529],[-118.20272,34.1529],[-118.20271,34.15291],[-118.2027,34.15292],[-118.20269,34.15293],[-118.20268,34.15293],[-118.20267,34.15294],[-118.20266,34.15294],[-118.20266,34.15295],[-118.20265,34.15296],[-118.20264,34.15296],[-118.20264,34.15297],[-118.20263,34.15297],[-118.20262,34.15298],[-118.20261,34.15299],[-118.2026,34.153],[-118.20259,34.15301],[-118.20258,34.15302],[-118.20257,34.15303],[-118.20256,34.15304],[-118.20255,34.15305],[-118.20255,34.15306],[-118.20254,34.15306],[-118.20253,34.15307],[-118.20253,34.15308],[-118.20252,34.15308],[-118.20252,34.15309],[-118.20251,34.1531],[-118.2025,34.15311],[-118.2025,34.15312],[-118.20249,34.15313],[-118.20248,34.15314],[-118.20248,34.15315],[-118.20247,34.15316],[-118.20247,34.15317],[-118.20246,34.15318],[-118.20246,34.15319],[-118.20245,34.15319],[-118.20245,34.1532],[-118.20245,34.15321],[-118.20244,34.15322],[-118.20244,34.15323],[-118.20243,34.15324],[-118.20243,34.15325],[-118.20243,34.15326],[-118.20242,34.15326],[-118.20242,34.15327],[-118.20242,34.15328],[-118.20242,34.15329],[-118.20241,34.15329],[-118.20241,34.1533],[-118.20241,34.15331],[-118.2024,34.15332],[-118.2024,34.15333],[-118.2024,34.15334],[-118.20239,34.15335],[-118.20239,34.15336],[-118.20239,34.15337],[-118.20239,34.15338],[-118.20239,34.15339],[-118.20238,34.1534],[-118.20238,34.15341],[-118.20238,34.15342],[-118.20238,34.15343],[-118.20238,34.15344],[-118.20238,34.15345],[-118.20237,34.15346],[-118.20237,34.15347],[-118.20237,34.15348],[-118.20237,34.15349],[-118.20237,34.1535],[-118.20237,34.15351],[-118.20237,34.15352],[-118.20237,34.15353],[-118.20237,34.15354],[-118.20237,34.15355],[-118.20237,34.15356],[-118.20236,34.15357],[-118.20236,34.15358],[-118.20236,34.15359],[-118.20236,34.1536],[-118.20236,34.15361],[-118.20235,34.15362],[-118.20235,34.15363],[-118.20235,34.15364],[-118.20235,34.15365],[-118.20235,34.15366],[-118.20235,34.15367],[-118.20235,34.15368],[-118.20234,34.15369],[-118.20234,34.1537],[-118.20234,34.15371],[-118.20234,34.15372],[-118.20234,34.15373],[-118.20234,34.15374],[-118.20234,34.15375],[-118.20234,34.15376],[-118.20234,34.15377],[-118.20233,34.15378],[-118.20233,34.15379],[-118.20233,34.1538],[-118.20233,34.15381],[-118.20233,34.15382],[-118.20233,34.15383],[-118.20233,34.15384],[-118.20233,34.15385],[-118.20233,34.15386],[-118.20233,34.15387],[-118.20233,34.15388],[-118.20233,34.15389],[-118.20233,34.1539],[-118.20233,34.15391],[-118.20233,34.15392],[-118.20233,34.15393],[-118.20233,34.15394],[-118.20233,34.15395],[-118.20233,34.15396],[-118.20233,34.15397],[-118.20233,34.15398],[-118.20233,34.15399],[-118.20233,34.154],[-118.20234,34.15401],[-118.20234,34.15402],[-118.20234,34.15403],[-118.20234,34.15404],[-118.20234,34.15405],[-118.20234,34.15406],[-118.20234,34.15407],[-118.20235,34.15408],[-118.20235,34.15409],[-118.20235,34.1541],[-118.20235,34.15411],[-118.20236,34.15412],[-118.20236,34.15413],[-118.20237,34.15414],[-118.20237,34.15415],[-118.20237,34.15416],[-118.20229,34.15441],[-118.20221,34.15443],[-118.20218,34.15443],[-118.20216,34.15444],[-118.20215,34.15453],[-118.20215,34.1546],[-118.20203,34.15497],[-118.20172,34.15495],[-118.20165,34.15495],[-118.20148,34.15494],[-118.20145,34.15494],[-118.20136,34.15494],[-118.20118,34.15531],[-118.20058,34.15517],[-118.20062,34.15486]]]},"properties":{"NAME_ALF":"LOWER SCHOLL CANYON PARK","NAMEA_ALF":"2849 E GLENOAKS BLVD"}},{"type":"Feature","geometry":{"type":"Polygon","coordinates":[[[-118.20968,34.15146],[-118.20969,34.15146],[-118.2097,34.15146],[-118.20971,34.15146],[-118.20972,34.15146],[-118.20973,34.15147],[-118.20974,34.15147],[-118.20974,34.15148],[-118.20975,34.15148],[-118.20976,34.15149],[-118.2098,34.15156],[-118.20982,34.15158],[-118.20983,34.1516],[-118.20984,34.15161],[-118.20985,34.15163],[-118.20986,34.15165],[-118.20986,34.15166],[-118.20987,34.15166],[-118.20987,34.15167],[-118.20988,34.15168],[-118.20988,34.15169],[-118.20989,34.1517],[-118.20989,34.15171],[-118.2099,34.15172],[-118.2099,34.15173],[-118.20991,34.15174],[-118.20992,34.15175],[-118.20993,34.15178],[-118.21013,34.15212],[-118.21015,34.15216],[-118.21017,34.15219],[-118.21018,34.1522],[-118.21019,34.15221],[-118.21019,34.15222],[-118.2102,34.15224],[-118.21021,34.15225],[-118.21021,34.15226],[-118.21022,34.15227],[-118.21022,34.15228],[-118.21023,34.15228],[-118.21023,34.1523],[-118.21024,34.1523],[-118.21024,34.15231],[-118.21025,34.15231],[-118.21025,34.15232],[-118.21025,34.15233],[-118.21026,34.15234],[-118.21026,34.15235],[-118.21027,34.15235],[-118.21028,34.15238],[-118.21029,34.15239],[-118.21029,34.1524],[-118.2103,34.15241],[-118.2103,34.15242],[-118.2103,34.15243],[-118.2103,34.15244],[-118.2103,34.15245],[-118.2103,34.15246],[-118.21029,34.15246],[-118.21029,34.15247],[-118.21029,34.15248],[-118.21028,34.15248],[-118.21028,34.15249],[-118.21027,34.15249],[-118.21026,34.1525],[-118.21025,34.1525],[-118.21024,34.15251],[-118.21017,34.15254],[-118.21016,34.15255],[-118.20997,34.15264],[-118.20996,34.15264],[-118.20995,34.15265],[-118.20994,34.15265],[-118.20987,34.15268],[-118.20985,34.1527],[-118.20983,34.1527],[-118.20974,34.15274],[-118.20973,34.15275],[-118.20972,34.15275],[-118.20971,34.15275],[-118.2097,34.15275],[-118.20969,34.15274],[-118.20968,34.15274],[-118.20967,34.15274],[-118.20966,34.15273],[-118.20965,34.15273],[-118.20964,34.15272],[-118.20957,34.1526],[-118.20953,34.15253],[-118.20934,34.15221],[-118.20932,34.15217],[-118.20928,34.1521],[-118.20927,34.15208],[-118.20918,34.15194],[-118.20918,34.15193],[-118.20915,34.15189],[-118.20915,34.15188],[-118.2091,34.1518],[-118.2091,34.15179],[-118.2091,34.15178],[-118.2091,34.15177],[-118.2091,34.15176],[-118.2091,34.15175],[-118.20911,34.15174],[-118.20912,34.15173],[-118.20918,34.15169],[-118.20933,34.15161],[-118.20936,34.1516],[-118.20945,34.15155],[-118.20958,34.15149],[-118.20961,34.15148],[-118.20965,34.15146],[-118.20966,34.15146],[-118.20967,34.15146],[-118.20968,34.15146]]]},"properties":{"NAME_ALF":"GLENOAKS PARK","NAMEA_ALF":"2531 E GLENOAKS BLVD"}},{"type":"Feature","geometry":{"type":"Polygon","coordinates":[[[-118.24438,34.14499],[-118.24438,34.14457],[-118.24438,34.14455],[-118.24438,34.14454],[-118.24439,34.14454],[-118.2444,34.14453],[-118.24442,34.14453],[-118.24443,34.14452],[-118.24444,34.14452],[-118.24475,34.14452],[-118.24491,34.14453],[-118.24492,34.14499],[-118.24438,34.14499]]]},"properties":{"NAME_ALF":"GLENDALE HERITAGE GARDEN","NAMEA_ALF":"141 S CEDAR ST"}},{"type":"Feature","geometry":{"type":"Polygon","coordinates":[[[-118.23733,34.13682],[-118.23766,34.13674],[-118.23771,34.13673],[-118.23773,34.13672],[-118.23775,34.13672],[-118.23775,34.13675],[-118.23775,34.13676],[-118.23775,34.13681],[-118.23775,34.13685],[-118.23775,34.13687],[-118.23775,34.13688],[-118.23775,34.1369],[-118.23775,34.13693],[-118.23775,34.13703],[-118.23775,34.13704],[-118.23775,34.13705],[-118.23775,34.13706],[-118.23774,34.13707],[-118.23774,34.13708],[-118.23773,34.13709],[-118.23772,34.1371],[-118.23772,34.13711],[-118.23771,34.13711],[-118.2377,34.13712],[-118.23769,34.13712],[-118.23768,34.13713],[-118.23767,34.13713],[-118.23766,34.13713],[-118.23765,34.13714],[-118.23753,34.13717],[-118.23752,34.13717],[-118.2375,34.13717],[-118.23747,34.13718],[-118.23745,34.13719],[-118.23742,34.1372],[-118.23739,34.13721],[-118.23733,34.13722],[-118.23733,34.13721],[-118.23733,34.1372],[-118.23733,34.13719],[-118.23733,34.13718],[-118.23733,34.13716],[-118.23733,34.13682]],[[-118.23751,34.13714],[-118.23751,34.13713],[-118.2375,34.13712],[-118.23749,34.13712],[-118.23749,34.13711],[-118.23748,34.13711],[-118.23747,34.13711],[-118.23746,34.13711],[-118.23746,34.13712],[-118.23745,34.13712],[-118.23744,34.13713],[-118.23744,34.13714],[-118.23744,34.13715],[-118.23747,34.13715],[-118.23748,34.13714],[-118.23749,34.13714],[-118.23751,34.13714]]]},"properties":{"NAME_ALF":"WINDSOR MINI PARK","NAMEA_ALF":"1300 E WINDSOR RD"}},{"type":"Feature","geometry":{"type":"Polygon","coordinates":[[[-118.23936,34.21115],[-118.23875,34.21186],[-118.23755,34.21111],[-118.23816,34.21042],[-118.23936,34.21115]]]},"properties":{"NAME_ALF":"ROCKHAVEN SANITARIUM","NAMEA_ALF":"2713 HONOLULU AVE"}},{"type":"Feature","geometry":{"type":"Polygon","coordinates":[[[-118.19353,34.16057],[-118.19365,34.16038],[-118.19415,34.1604],[-118.19471,34.16019],[-118.19561,34.15988],[-118.19587,34.15951],[-118.19594,34.15917],[-118.19661,34.15894],[-118.19735,34.15858],[-118.1976,34.15811],[-118.19841,34.15785],[-118.19985,34.15727],[-118.20007,34.15707],[-118.20281,34.15759],[-118.20283,34.15755],[-118.20282,34.15724],[-118.20283,34.15724],[-118.20284,34.15724],[-118.20284,34.15725],[-118.20286,34.15725],[-118.20287,34.15725],[-118.20288,34.15725],[-118.20289,34.15726],[-118.20291,34.15726],[-118.20292,34.15727],[-118.20293,34.15727],[-118.20295,34.15727],[-118.20297,34.15728],[-118.20299,34.15729],[-118.203,34.15729],[-118.20302,34.1573],[-118.20303,34.15731],[-118.20304,34.15732],[-118.20307,34.15733],[-118.20309,34.15734],[-118.2031,34.15735],[-118.20311,34.15735],[-118.20312,34.15736],[-118.20313,34.15736],[-118.20314,34.15737],[-118.20315,34.15737],[-118.20316,34.15737],[-118.20317,34.15738],[-118.20318,34.15738],[-118.20318,34.15739],[-118.20319,34.15739],[-118.2032,34.1574],[-118.20321,34.1574],[-118.20322,34.1574],[-118.20323,34.15741],[-118.20324,34.15741],[-118.20324,34.15742],[-118.20325,34.15742],[-118.20326,34.15743],[-118.20327,34.15743],[-118.20328,34.15743],[-118.20329,34.15744],[-118.2033,34.15745],[-118.20331,34.15745],[-118.20332,34.15746],[-118.20333,34.15746],[-118.20334,34.15747],[-118.20335,34.15747],[-118.20336,34.15748],[-118.20337,34.15748],[-118.20338,34.15749],[-118.20342,34.1575],[-118.20343,34.15751],[-118.20344,34.15751],[-118.20345,34.15751],[-118.20346,34.15751],[-118.20347,34.15752],[-118.20349,34.15752],[-118.2035,34.15752],[-118.20351,34.15752],[-118.20352,34.15752],[-118.20353,34.15752],[-118.20354,34.15752],[-118.20355,34.15752],[-118.20356,34.15752],[-118.20358,34.15752],[-118.20359,34.15752],[-118.2036,34.15752],[-118.20361,34.15752],[-118.20362,34.15752],[-118.20363,34.15752],[-118.20364,34.15751],[-118.20365,34.15751],[-118.20366,34.15751],[-118.20367,34.15751],[-118.20368,34.15751],[-118.20369,34.1575],[-118.2037,34.1575],[-118.20371,34.15749],[-118.20372,34.15749],[-118.20373,34.15749],[-118.20375,34.15748],[-118.20377,34.15748],[-118.20377,34.15747],[-118.20383,34.1574],[-118.20385,34.15738],[-118.20386,34.15736],[-118.20387,34.15735],[-118.2039,34.15732],[-118.20404,34.15732],[-118.20405,34.15732],[-118.20406,34.15732],[-118.20407,34.15731],[-118.20408,34.15731],[-118.20409,34.15731],[-118.2041,34.15731],[-118.20411,34.15731],[-118.20412,34.15731],[-118.20413,34.15731],[-118.20414,34.15731],[-118.20415,34.15731],[-118.20416,34.15731],[-118.20417,34.15731],[-118.20418,34.15731],[-118.20419,34.15731],[-118.2042,34.15731],[-118.20421,34.15731],[-118.20422,34.15731],[-118.20423,34.15732],[-118.20424,34.15732],[-118.20425,34.15732],[-118.20426,34.15732],[-118.20427,34.15733],[-118.20428,34.15733],[-118.20429,34.15733],[-118.2043,34.15733],[-118.20431,34.15734],[-118.20432,34.15734],[-118.20519,34.15768],[-118.20522,34.15769],[-118.20525,34.1577],[-118.20546,34.15778],[-118.20561,34.15784],[-118.20566,34.15786],[-118.20598,34.15799],[-118.20589,34.15838],[-118.20589,34.15839],[-118.20588,34.1584],[-118.20588,34.15841],[-118.20588,34.15842],[-118.20588,34.15843],[-118.20587,34.15844],[-118.20587,34.15845],[-118.20587,34.15846],[-118.20586,34.15847],[-118.20586,34.15848],[-118.20586,34.15849],[-118.20585,34.1585],[-118.20585,34.15851],[-118.20584,34.15852],[-118.20584,34.15853],[-118.20583,34.15854],[-118.20583,34.15855],[-118.20582,34.15856],[-118.20582,34.15857],[-118.20581,34.15857],[-118.20581,34.15858],[-118.2058,34.15859],[-118.20579,34.1586],[-118.20579,34.15861],[-118.20578,34.15862],[-118.20577,34.15863],[-118.20577,34.15864],[-118.20576,34.15864],[-118.20576,34.15865],[-118.20575,34.15866],[-118.20574,34.15866],[-118.20574,34.15867],[-118.20573,34.15868],[-118.20572,34.15869],[-118.20571,34.1587],[-118.2057,34.15871],[-118.2057,34.15872],[-118.20569,34.15872],[-118.20568,34.15873],[-118.20567,34.15873],[-118.20567,34.15874],[-118.20566,34.15874],[-118.20565,34.15875],[-118.20564,34.15876],[-118.20563,34.15877],[-118.20562,34.15877],[-118.20562,34.15878],[-118.20561,34.15878],[-118.2056,34.15879],[-118.20559,34.15879],[-118.20558,34.1588],[-118.20557,34.15881],[-118.20556,34.15881],[-118.20555,34.15882],[-118.20554,34.15882],[-118.20553,34.15883],[-118.20552,34.15883],[-118.20551,34.15884],[-118.2055,34.15884],[-118.20549,34.15885],[-118.20548,34.15885],[-118.20547,34.15886],[-118.20546,34.15886],[-118.20545,34.15886],[-118.20544,34.15887],[-118.20543,34.15887],[-118.20542,34.15888],[-118.20541,34.15888],[-118.2054,34.15888],[-118.20539,34.15888],[-118.20538,34.15889],[-118.20537,34.15889],[-118.20536,34.1589],[-118.20535,34.1589],[-118.20534,34.1589],[-118.20533,34.1589],[-118.20532,34.1589],[-118.20531,34.15891],[-118.2053,34.15891],[-118.20529,34.15891],[-118.20528,34.15891],[-118.20527,34.15891],[-118.20526,34.15892],[-118.20525,34.15892],[-118.20524,34.15892],[-118.20523,34.15892],[-118.20522,34.15892],[-118.20521,34.15892],[-118.2052,34.15892],[-118.20519,34.15892],[-118.20518,34.15892],[-118.20517,34.15893],[-118.20492,34.15897],[-118.20489,34.15897],[-118.20459,34.15903],[-118.20457,34.15903],[-118.20437,34.15906],[-118.2043,34.15908],[-118.20394,34.15914],[-118.20385,34.15916],[-118.20383,34.15916],[-118.2038,34.15917],[-118.20379,34.15917],[-118.20378,34.15917],[-118.20377,34.15917],[-118.20376,34.15917],[-118.20375,34.15917],[-118.20374,34.15917],[-118.20373,34.15917],[-118.20372,34.15917],[-118.2037,34.15917],[-118.20369,34.15917],[-118.20368,34.15917],[-118.20367,34.15917],[-118.20365,34.15916],[-118.20364,34.15916],[-118.20363,34.15916],[-118.20361,34.15916],[-118.2036,34.15916],[-118.20359,34.15916],[-118.20358,34.15916],[-118.20357,34.15916],[-118.20356,34.15916],[-118.20355,34.15916],[-118.20354,34.15916],[-118.20353,34.15916],[-118.20351,34.15915],[-118.20291,34.15908],[-118.20233,34.1591],[-118.20198,34.1593],[-118.20181,34.15974],[-118.20167,34.16031],[-118.2013,34.1608],[-118.20037,34.16135],[-118.1997,34.16159],[-118.19795,34.16175],[-118.19611,34.16162],[-118.19499,34.16158],[-118.19377,34.16185],[-118.19356,34.16196],[-118.19353,34.16057]]]},"properties":{"NAME_ALF":"SCHOLL CANYON","NAMEA_ALF":"3200 E GLENOAKS BLVD"}},{"type":"Feature","geometry":{"type":"Polygon","coordinates":[[[-118.24736,34.14808],[-118.24715,34.14808],[-118.24685,34.14808],[-118.24673,34.14807],[-118.2467,34.14807],[-118.24669,34.14807],[-118.24667,34.14807],[-118.24666,34.14806],[-118.24665,34.14805],[-118.24663,34.14802],[-118.24663,34.148],[-118.24669,34.14783],[-118.24699,34.1471],[-118.2471,34.14684],[-118.24721,34.14657],[-118.24724,34.14648],[-118.24725,34.14647],[-118.24726,34.14645],[-118.24728,34.14643],[-118.24731,34.14643],[-118.24733,34.14643],[-118.24774,34.14643],[-118.2486,34.14643],[-118.24862,34.14643],[-118.24863,34.14643],[-118.24867,34.14643],[-118.24871,34.14644],[-118.24874,34.14644],[-118.24877,34.14646],[-118.24877,34.14647],[-118.24878,34.14648],[-118.24878,34.1465],[-118.24878,34.14653],[-118.24878,34.14661],[-118.24878,34.14663],[-118.24878,34.1467],[-118.24878,34.14675],[-118.24878,34.14676],[-118.24878,34.14677],[-118.24878,34.14681],[-118.24878,34.14686],[-118.24878,34.14693],[-118.24879,34.14694],[-118.2488,34.14695],[-118.2488,34.14699],[-118.24879,34.14717],[-118.24879,34.14718],[-118.2488,34.14726],[-118.2488,34.14738],[-118.24881,34.1475],[-118.24881,34.14769],[-118.24881,34.14798],[-118.24881,34.148],[-118.24881,34.14801],[-118.24881,34.14806],[-118.2488,34.14809],[-118.24878,34.1481],[-118.24875,34.14811],[-118.24865,34.14811],[-118.24857,34.14811],[-118.24828,34.14811],[-118.24825,34.1481],[-118.24773,34.1481],[-118.24764,34.14809],[-118.24752,34.14808],[-118.24741,34.14808],[-118.24736,34.14808]]]},"properties":{"NAME_ALF":"CITY HALL","NAMEA_ALF":"613 E BROADWAY"}},{"type":"Feature","geometry":{"type":"Polygon","coordinates":[[[-118.23172,34.16569],[-118.23173,34.16568],[-118.23174,34.16567],[-118.23175,34.16566],[-118.23176,34.16566],[-118.23176,34.16565],[-118.23177,34.16565],[-118.23178,34.16564],[-118.23179,34.16563],[-118.2318,34.16563],[-118.23181,34.16562],[-118.23182,34.16561],[-118.23183,34.1656],[-118.23184,34.1656],[-118.23185,34.16559],[-118.23185,34.16558],[-118.23186,34.16557],[-118.23187,34.16557],[-118.23212,34.16527],[-118.23214,34.16525],[-118.23215,34.16524],[-118.23216,34.16523],[-118.23217,34.16523],[-118.23219,34.16522],[-118.23221,34.16522],[-118.23222,34.16522],[-118.23224,34.16522],[-118.23226,34.16522],[-118.23227,34.16523],[-118.23257,34.16541],[-118.23261,34.16544],[-118.23279,34.16556],[-118.23283,34.16559],[-118.23285,34.1656],[-118.23299,34.16566],[-118.23304,34.16568],[-118.23303,34.16569],[-118.23304,34.1657],[-118.23305,34.16571],[-118.23304,34.16572],[-118.23303,34.16573],[-118.23303,34.16574],[-118.23302,34.16575],[-118.23301,34.16576],[-118.23301,34.16577],[-118.233,34.16577],[-118.233,34.16578],[-118.23299,34.16579],[-118.23298,34.1658],[-118.23297,34.16581],[-118.23297,34.16582],[-118.23296,34.16582],[-118.23296,34.16583],[-118.23295,34.16584],[-118.23294,34.16585],[-118.23294,34.16586],[-118.23293,34.16586],[-118.23293,34.16587],[-118.23292,34.16588],[-118.23292,34.16589],[-118.23291,34.16589],[-118.2329,34.1659],[-118.2329,34.16591],[-118.23289,34.16591],[-118.23289,34.16592],[-118.23288,34.16593],[-118.23287,34.16594],[-118.23286,34.16595],[-118.23285,34.16596],[-118.23284,34.16597],[-118.23283,34.16598],[-118.23283,34.16599],[-118.23282,34.16599],[-118.23282,34.166],[-118.23281,34.16601],[-118.2328,34.16601],[-118.2328,34.16602],[-118.23279,34.16602],[-118.23278,34.16603],[-118.23278,34.16604],[-118.23277,34.16604],[-118.23277,34.16605],[-118.23276,34.16606],[-118.23275,34.16606],[-118.23275,34.16607],[-118.23274,34.16608],[-118.23273,34.16608],[-118.23273,34.16609],[-118.23272,34.16609],[-118.23271,34.1661],[-118.23271,34.16611],[-118.2327,34.16611],[-118.23269,34.16612],[-118.23269,34.16613],[-118.23268,34.16613],[-118.23267,34.16614],[-118.23266,34.16615],[-118.23265,34.16616],[-118.23264,34.16617],[-118.23263,34.16617],[-118.23263,34.16618],[-118.23262,34.16619],[-118.23261,34.16619],[-118.23261,34.1662],[-118.2326,34.1662],[-118.23259,34.16621],[-118.23258,34.16622],[-118.23257,34.16623],[-118.23256,34.16623],[-118.23256,34.16624],[-118.23255,34.16624],[-118.23254,34.16625],[-118.23253,34.16626],[-118.23252,34.16627],[-118.23251,34.16627],[-118.2325,34.16628],[-118.23249,34.16629],[-118.23248,34.16629],[-118.23247,34.1663],[-118.23171,34.16688],[-118.23083,34.16756],[-118.23045,34.16795],[-118.23044,34.16795],[-118.23044,34.16796],[-118.23043,34.16797],[-118.23042,34.16798],[-118.23041,34.16799],[-118.2304,34.168],[-118.23039,34.16801],[-118.23038,34.16802],[-118.23037,34.16803],[-118.23036,34.16804],[-118.23035,34.16804],[-118.23035,34.16805],[-118.23034,34.16806],[-118.23033,34.16807],[-118.23032,34.16809],[-118.2303,34.1681],[-118.23018,34.16824],[-118.2301,34.16833],[-118.23005,34.16842],[-118.22999,34.16848],[-118.22992,34.16859],[-118.22922,34.16969],[-118.2292,34.16964],[-118.22918,34.16959],[-118.22917,34.16954],[-118.22922,34.16939],[-118.22931,34.16915],[-118.22963,34.16819],[-118.22977,34.16789],[-118.22984,34.16776],[-118.22992,34.16765],[-118.22993,34.16763],[-118.22995,34.1676],[-118.22996,34.16759],[-118.22997,34.16758],[-118.23001,34.16753],[-118.23009,34.16743],[-118.23015,34.16736],[-118.23025,34.16727],[-118.23036,34.16715],[-118.23037,34.16714],[-118.23037,34.16713],[-118.23038,34.16713],[-118.23039,34.16712],[-118.23039,34.16711],[-118.2304,34.16711],[-118.23041,34.1671],[-118.23042,34.1671],[-118.23042,34.16709],[-118.23043,34.16709],[-118.23044,34.16708],[-118.23045,34.16708],[-118.23046,34.16707],[-118.23047,34.16707],[-118.23048,34.16706],[-118.23049,34.16706],[-118.2305,34.16705],[-118.23051,34.16704],[-118.23052,34.16703],[-118.23053,34.16703],[-118.23078,34.16678],[-118.23079,34.16677],[-118.23082,34.16673],[-118.2308,34.16672],[-118.2308,34.16671],[-118.23103,34.16647],[-118.23104,34.16646],[-118.23109,34.16642],[-118.23112,34.16638],[-118.23116,34.16634],[-118.23128,34.16619],[-118.23172,34.16569]]]},"properties":{"NAME_ALF":"CIVIC AUDITORIUM","NAMEA_ALF":"1401 N VERDUGO RD"}},{"type":"Feature","geometry":{"type":"Polygon","coordinates":[[[-118.20095,34.18069],[-118.20094,34.18069],[-118.20093,34.18069],[-118.20092,34.18069],[-118.20091,34.18069],[-118.2009,34.18068],[-118.20088,34.18068],[-118.20087,34.18068],[-118.20086,34.18068],[-118.20085,34.18067],[-118.20084,34.18067],[-118.20083,34.18067],[-118.20082,34.18067],[-118.20081,34.18067],[-118.2008,34.18067],[-118.20079,34.18067],[-118.20078,34.18066],[-118.20077,34.18066],[-118.20076,34.18066],[-118.20075,34.18066],[-118.20074,34.18066],[-118.20073,34.18066],[-118.20072,34.18066],[-118.20071,34.18066],[-118.2007,34.18066],[-118.20069,34.18066],[-118.20068,34.18066],[-118.20067,34.18066],[-118.20066,34.18066],[-118.20065,34.18066],[-118.20064,34.18066],[-118.20063,34.18066],[-118.20062,34.18066],[-118.20061,34.18066],[-118.2006,34.18066],[-118.20059,34.18066],[-118.20058,34.18065],[-118.20057,34.18065],[-118.20056,34.18065],[-118.20055,34.18065],[-118.20054,34.18064],[-118.20053,34.18064],[-118.20052,34.18064],[-118.20051,34.18063],[-118.2005,34.18062],[-118.20049,34.18061],[-118.20034,34.1805],[-118.20033,34.1805],[-118.20032,34.18049],[-118.20032,34.18048],[-118.20031,34.18048],[-118.2003,34.18047],[-118.20029,34.18047],[-118.20029,34.18046],[-118.20028,34.18046],[-118.20028,34.18045],[-118.20027,34.18044],[-118.20027,34.18043],[-118.20028,34.18043],[-118.2003,34.18043],[-118.20031,34.18043],[-118.20032,34.18043],[-118.20033,34.18043],[-118.20034,34.18042],[-118.20035,34.18042],[-118.20036,34.18042],[-118.20036,34.18041],[-118.20037,34.18041],[-118.20038,34.1804],[-118.20039,34.1804],[-118.20039,34.18039],[-118.2004,34.18039],[-118.20041,34.18038],[-118.20042,34.18038],[-118.20043,34.18037],[-118.20044,34.18037],[-118.20045,34.18037],[-118.20046,34.18036],[-118.20047,34.18035],[-118.20048,34.18035],[-118.20049,34.18035],[-118.2005,34.18035],[-118.20051,34.18034],[-118.20052,34.18034],[-118.20053,34.18034],[-118.20054,34.18033],[-118.20055,34.18033],[-118.20056,34.18033],[-118.20057,34.18033],[-118.20076,34.18027],[-118.20078,34.17999],[-118.20083,34.17993],[-118.20101,34.17973],[-118.20114,34.1796],[-118.20115,34.1796],[-118.20116,34.17959],[-118.20117,34.17959],[-118.20118,34.17959],[-118.20119,34.17958],[-118.2012,34.17958],[-118.2012,34.17957],[-118.20121,34.17957],[-118.20122,34.17957],[-118.20123,34.17956],[-118.20124,34.17956],[-118.20125,34.17956],[-118.20126,34.17955],[-118.20127,34.17955],[-118.20128,34.17954],[-118.20129,34.17954],[-118.2013,34.17954],[-118.20131,34.17954],[-118.20132,34.17954],[-118.20133,34.17955],[-118.20134,34.17955],[-118.20135,34.17955],[-118.20136,34.17955],[-118.20137,34.17956],[-118.20138,34.17956],[-118.20139,34.17956],[-118.2014,34.17956],[-118.20141,34.17957],[-118.20142,34.17957],[-118.20143,34.17957],[-118.20144,34.17957],[-118.20154,34.17962],[-118.20184,34.1798],[-118.20185,34.17981],[-118.20185,34.17982],[-118.20186,34.17982],[-118.20186,34.17983],[-118.20187,34.17984],[-118.20187,34.17985],[-118.20188,34.17985],[-118.20188,34.17986],[-118.20189,34.17987],[-118.20189,34.17988],[-118.20189,34.17989],[-118.2019,34.1799],[-118.2019,34.17991],[-118.2019,34.17992],[-118.2019,34.17993],[-118.20191,34.17994],[-118.20191,34.17995],[-118.20191,34.17996],[-118.20191,34.17997],[-118.20191,34.17998],[-118.20191,34.17999],[-118.20191,34.18],[-118.20191,34.18001],[-118.20191,34.18002],[-118.20191,34.18003],[-118.20191,34.18004],[-118.2019,34.18005],[-118.2019,34.18006],[-118.2019,34.18007],[-118.20189,34.18008],[-118.20189,34.18009],[-118.20189,34.1801],[-118.20188,34.18011],[-118.20188,34.18012],[-118.20188,34.18013],[-118.20187,34.18013],[-118.20187,34.18014],[-118.20186,34.18014],[-118.20186,34.18015],[-118.20185,34.18016],[-118.20185,34.18017],[-118.20184,34.18018],[-118.20184,34.18019],[-118.20183,34.18019],[-118.20183,34.1802],[-118.20183,34.18021],[-118.20182,34.18022],[-118.20182,34.18023],[-118.20181,34.18024],[-118.20181,34.18025],[-118.20181,34.18026],[-118.2018,34.18026],[-118.2018,34.18027],[-118.2018,34.18028],[-118.20215,34.18029],[-118.20217,34.18029],[-118.20224,34.18027],[-118.20224,34.18036],[-118.20224,34.18037],[-118.20223,34.18041],[-118.20223,34.18044],[-118.20224,34.18053],[-118.20177,34.18055],[-118.20177,34.18056],[-118.20177,34.18057],[-118.20177,34.18058],[-118.20176,34.18059],[-118.20176,34.1806],[-118.20176,34.18061],[-118.20176,34.18062],[-118.20175,34.18063],[-118.20175,34.18064],[-118.20175,34.18065],[-118.20175,34.18066],[-118.20175,34.18067],[-118.20174,34.18068],[-118.20174,34.18069],[-118.20174,34.1807],[-118.20174,34.18071],[-118.20174,34.18072],[-118.20174,34.18073],[-118.20171,34.18092],[-118.20171,34.18093],[-118.20171,34.18094],[-118.20171,34.18095],[-118.20171,34.18096],[-118.20171,34.18097],[-118.20171,34.18098],[-118.20172,34.18098],[-118.20172,34.18099],[-118.20172,34.181],[-118.20172,34.18101],[-118.20172,34.18102],[-118.20172,34.18103],[-118.20172,34.18104],[-118.20172,34.18105],[-118.20172,34.18106],[-118.20172,34.18107],[-118.20173,34.18107],[-118.20173,34.18108],[-118.20173,34.18109],[-118.20173,34.1811],[-118.20173,34.18111],[-118.20173,34.18112],[-118.20174,34.18113],[-118.20174,34.18114],[-118.20174,34.18115],[-118.20174,34.18116],[-118.20175,34.18117],[-118.20175,34.18118],[-118.20175,34.18119],[-118.20175,34.1812],[-118.20176,34.18121],[-118.20176,34.18122],[-118.20176,34.18123],[-118.20176,34.18124],[-118.20176,34.18125],[-118.20176,34.18126],[-118.20175,34.18127],[-118.20175,34.18128],[-118.20175,34.18129],[-118.20175,34.1813],[-118.20175,34.18131],[-118.20174,34.18132],[-118.20173,34.18133],[-118.20172,34.18133],[-118.20171,34.18133],[-118.2017,34.18133],[-118.20169,34.18133],[-118.20153,34.18117],[-118.20142,34.18106],[-118.2013,34.18096],[-118.20114,34.18081],[-118.20113,34.1808],[-118.20113,34.18079],[-118.20112,34.18079],[-118.20111,34.18078],[-118.20111,34.18077],[-118.2011,34.18077],[-118.20109,34.18076],[-118.20108,34.18075],[-118.20107,34.18075],[-118.20106,34.18074],[-118.20105,34.18073],[-118.20104,34.18072],[-118.20103,34.18072],[-118.20102,34.18071],[-118.20101,34.18071],[-118.201,34.18071],[-118.20099,34.1807],[-118.20098,34.1807],[-118.20097,34.18069],[-118.20096,34.18069],[-118.20095,34.18069]]]},"properties":{"NAME_ALF":"EMERALD ISLE PARK","NAMEA_ALF":"2130 LENORE DR"}},{"type":"Feature","geometry":{"type":"Polygon","coordinates":[[[-118.23781,34.1643],[-118.23781,34.16429],[-118.23782,34.16428],[-118.23783,34.16427],[-118.23783,34.16426],[-118.23784,34.16425],[-118.23785,34.16424],[-118.23785,34.16423],[-118.23786,34.16423],[-118.23786,34.16422],[-118.23787,34.16421],[-118.23788,34.1642],[-118.23789,34.16419],[-118.23789,34.16418],[-118.2379,34.16417],[-118.23791,34.16416],[-118.23791,34.16415],[-118.23792,34.16415],[-118.23792,34.16414],[-118.23793,34.16413],[-118.23793,34.16412],[-118.23794,34.16412],[-118.23794,34.16411],[-118.23795,34.1641],[-118.23796,34.16409],[-118.23797,34.16408],[-118.23797,34.16407],[-118.23798,34.16407],[-118.23798,34.16406],[-118.23799,34.16405],[-118.238,34.16404],[-118.238,34.16403],[-118.23801,34.16402],[-118.23802,34.16401],[-118.23802,34.164],[-118.23803,34.16399],[-118.23804,34.16399],[-118.23804,34.16398],[-118.23805,34.16397],[-118.23806,34.16397],[-118.23806,34.16396],[-118.23807,34.16395],[-118.23808,34.16394],[-118.23809,34.16393],[-118.2381,34.16392],[-118.23811,34.16391],[-118.23812,34.1639],[-118.23813,34.16389],[-118.23814,34.16388],[-118.23815,34.16388],[-118.23815,34.16387],[-118.23816,34.16386],[-118.23817,34.16386],[-118.23817,34.16385],[-118.23818,34.16385],[-118.23819,34.16384],[-118.2382,34.16383],[-118.23821,34.16382],[-118.23822,34.16382],[-118.23822,34.16381],[-118.23823,34.16381],[-118.23824,34.1638],[-118.23825,34.1638],[-118.23825,34.16379],[-118.23826,34.16378],[-118.23827,34.16378],[-118.23828,34.16377],[-118.23829,34.16377],[-118.23829,34.16376],[-118.2383,34.16376],[-118.23831,34.16375],[-118.23832,34.16375],[-118.23833,34.16374],[-118.23834,34.16373],[-118.23835,34.16373],[-118.23836,34.16372],[-118.23837,34.16372],[-118.23838,34.16372],[-118.23838,34.16371],[-118.23839,34.16371],[-118.2384,34.1637],[-118.23841,34.1637],[-118.23842,34.16369],[-118.23843,34.16369],[-118.23844,34.16368],[-118.23846,34.16367],[-118.23847,34.16367],[-118.23848,34.16366],[-118.23849,34.16366],[-118.2385,34.16365],[-118.23851,34.16365],[-118.23852,34.16365],[-118.23853,34.16364],[-118.23854,34.16364],[-118.23855,34.16364],[-118.23856,34.16363],[-118.23857,34.16363],[-118.23858,34.16362],[-118.23859,34.16362],[-118.2386,34.16362],[-118.23861,34.16361],[-118.23862,34.16361],[-118.23863,34.16361],[-118.23864,34.1636],[-118.23865,34.1636],[-118.23866,34.1636],[-118.23867,34.16359],[-118.23868,34.16359],[-118.23869,34.16359],[-118.2387,34.16358],[-118.23871,34.16358],[-118.23872,34.16357],[-118.23873,34.16357],[-118.23874,34.16357],[-118.23875,34.16357],[-118.23876,34.16356],[-118.23877,34.16356],[-118.23878,34.16356],[-118.23879,34.16355],[-118.2388,34.16355],[-118.23881,34.16355],[-118.23882,34.16355],[-118.23883,34.16354],[-118.23884,34.16354],[-118.23885,34.16354],[-118.23886,34.16354],[-118.23887,34.16354],[-118.23888,34.16353],[-118.23889,34.16353],[-118.2389,34.16353],[-118.23891,34.16353],[-118.23892,34.16353],[-118.23892,34.16352],[-118.23893,34.16352],[-118.23895,34.16352],[-118.23896,34.16352],[-118.23897,34.16352],[-118.23898,34.16352],[-118.23899,34.16352],[-118.239,34.16352],[-118.23901,34.16352],[-118.23902,34.16352],[-118.23903,34.16351],[-118.23904,34.16351],[-118.23905,34.16351],[-118.23906,34.16351],[-118.23907,34.16351],[-118.23908,34.16351],[-118.23909,34.16351],[-118.2391,34.16351],[-118.23911,34.16352],[-118.23912,34.16352],[-118.23913,34.16352],[-118.23913,34.16354],[-118.23913,34.16355],[-118.23912,34.16401],[-118.23912,34.16406],[-118.23912,34.16411],[-118.23891,34.16429],[-118.23885,34.16435],[-118.23884,34.16436],[-118.23882,34.16438],[-118.23873,34.16446],[-118.23872,34.16448],[-118.23861,34.16459],[-118.23856,34.16461],[-118.2385,34.16464],[-118.23848,34.16465],[-118.23836,34.16471],[-118.23835,34.16472],[-118.23831,34.1647],[-118.2383,34.16469],[-118.23791,34.16445],[-118.23776,34.16436],[-118.23777,34.16434],[-118.23778,34.16433],[-118.23779,34.16432],[-118.2378,34.16431],[-118.2378,34.1643],[-118.23781,34.1643]]]},"properties":{"NAME_ALF":"NIBLEY PARK","NAMEA_ALF":"1103 E MOUNTAIN ST"}},{"type":"Feature","geometry":{"type":"Polygon","coordinates":[[[-118.25573,34.14905],[-118.25574,34.14913],[-118.25571,34.14913],[-118.25564,34.14913],[-118.25539,34.14914],[-118.25535,34.14914],[-118.2553,34.14914],[-118.25528,34.14914],[-118.25524,34.14914],[-118.25524,34.14912],[-118.25523,34.14905],[-118.25526,34.14905],[-118.25545,34.14905],[-118.25573,34.14905]]]},"properties":{"NAME_ALF":"CHESS PARK","NAMEA_ALF":"227 N BRAND BLVD"}},{"type":"Feature","geometry":{"type":"Polygon","coordinates":[[[-118.2304,34.19869],[-118.23043,34.19869],[-118.23045,34.1987],[-118.23047,34.1987],[-118.23048,34.19871],[-118.23049,34.19871],[-118.23078,34.19899],[-118.2308,34.199],[-118.23081,34.19901],[-118.23096,34.19915],[-118.23097,34.19917],[-118.23097,34.19922],[-118.23097,34.19924],[-118.23095,34.19926],[-118.23094,34.19926],[-118.23086,34.19926],[-118.2308,34.19926],[-118.23064,34.19925],[-118.23049,34.19925],[-118.23036,34.19924],[-118.23033,34.19924],[-118.23031,34.19924],[-118.23028,34.19923],[-118.23025,34.19921],[-118.23024,34.19918],[-118.23023,34.19916],[-118.23022,34.19914],[-118.23023,34.19911],[-118.23025,34.19905],[-118.23032,34.19874],[-118.23033,34.19873],[-118.23034,34.19872],[-118.23036,34.19871],[-118.23038,34.1987],[-118.2304,34.19869]]]},"properties":{"NAME_ALF":"SPARR HEIGHTS COMMUNITY CENTER","NAMEA_ALF":"1613 GLENCOE WAY"}},{"type":"Feature","geometry":{"type":"Polygon","coordinates":[[[-118.23039,34.17433],[-118.23019,34.17434],[-118.23018,34.17434],[-118.23016,34.17434],[-118.23006,34.17434],[-118.2299,34.17434],[-118.22989,34.17434],[-118.22974,34.17434],[-118.22973,34.17434],[-118.22971,34.17434],[-118.22968,34.17435],[-118.22964,34.17435],[-118.22957,34.17435],[-118.22954,34.17435],[-118.22952,34.17435],[-118.22949,34.17435],[-118.22941,34.17435],[-118.2293,34.17435],[-118.22917,34.17433],[-118.22909,34.17431],[-118.22908,34.17364],[-118.22908,34.17346],[-118.22908,34.1734],[-118.22909,34.17316],[-118.22909,34.17307],[-118.22909,34.17297],[-118.2291,34.17283],[-118.22911,34.17251],[-118.22913,34.17221],[-118.22914,34.17206],[-118.22914,34.172],[-118.22917,34.17175],[-118.22917,34.17169],[-118.22919,34.17157],[-118.22919,34.17153],[-118.2292,34.17143],[-118.22922,34.17134],[-118.22924,34.17119],[-118.22926,34.17107],[-118.22928,34.171],[-118.22929,34.17093],[-118.22931,34.17084],[-118.22932,34.17076],[-118.22933,34.1707],[-118.22934,34.17063],[-118.22934,34.17055],[-118.22934,34.17049],[-118.22934,34.17044],[-118.22933,34.17039],[-118.22933,34.17034],[-118.22932,34.1703],[-118.22931,34.17023],[-118.2293,34.17018],[-118.22929,34.17015],[-118.22928,34.17009],[-118.22927,34.17004],[-118.22969,34.1694],[-118.2297,34.16939],[-118.2297,34.16938],[-118.22982,34.1692],[-118.22983,34.16918],[-118.22986,34.16914],[-118.22987,34.16913],[-118.22993,34.16915],[-118.23027,34.1693],[-118.23048,34.1694],[-118.23047,34.16941],[-118.23047,34.16942],[-118.23103,34.16969],[-118.23151,34.16993],[-118.23169,34.16956],[-118.23188,34.16964],[-118.23226,34.16984],[-118.23222,34.17024],[-118.23221,34.17049],[-118.23218,34.17084],[-118.23211,34.17121],[-118.23208,34.17168],[-118.23187,34.17164],[-118.23197,34.17208],[-118.23214,34.17233],[-118.2323,34.1723],[-118.23242,34.17251],[-118.23257,34.17279],[-118.23281,34.17325],[-118.23265,34.17329],[-118.23238,34.17335],[-118.23214,34.17341],[-118.23164,34.17352],[-118.23055,34.17378],[-118.23056,34.1738],[-118.23079,34.17436],[-118.23073,34.17435],[-118.23054,34.17434],[-118.23039,34.17433]]]},"properties":{"NAME_ALF":"VERDUGO PARK","NAMEA_ALF":"1621 CANADA BLVD"}},{"type":"Feature","geometry":{"type":"Polygon","coordinates":[[[-118.25461,34.12408],[-118.25458,34.12409],[-118.25435,34.12411],[-118.25428,34.12412],[-118.2541,34.12413],[-118.25366,34.12418],[-118.25365,34.12418],[-118.25358,34.12419],[-118.25354,34.12421],[-118.25358,34.12407],[-118.25358,34.12405],[-118.25358,34.12404],[-118.25359,34.12403],[-118.25359,34.12401],[-118.25368,34.12375],[-118.25411,34.12384],[-118.25418,34.12367],[-118.25419,34.12365],[-118.25421,34.12359],[-118.25405,34.12343],[-118.25424,34.12331],[-118.25426,34.1233],[-118.25429,34.12328],[-118.25432,34.12333],[-118.25476,34.12376],[-118.25478,34.12379],[-118.25479,34.1238],[-118.2548,34.12383],[-118.25482,34.12389],[-118.25482,34.12394],[-118.25478,34.12422],[-118.25477,34.12422],[-118.25476,34.12419],[-118.25475,34.12419],[-118.25473,34.12419],[-118.2547,34.12418],[-118.25467,34.12416],[-118.25464,34.12413],[-118.25462,34.12411],[-118.25461,34.12408]]]},"properties":{"NAME_ALF":"CERRITOS PARK","NAMEA_ALF":"3690 SAN FERNANDO RD"}},{"type":"Feature","geometry":{"type":"Polygon","coordinates":[[[-118.22796,34.17294],[-118.22797,34.17291],[-118.22809,34.17262],[-118.2281,34.17258],[-118.22811,34.17256],[-118.22812,34.17253],[-118.22814,34.17248],[-118.22815,34.17245],[-118.22817,34.17242],[-118.22821,34.17232],[-118.22821,34.17231],[-118.22822,34.17226],[-118.22827,34.17214],[-118.22858,34.17132],[-118.22872,34.17099],[-118.22873,34.17096],[-118.22886,34.17065],[-118.22895,34.17048],[-118.22898,34.17044],[-118.22906,34.17051],[-118.22907,34.17053],[-118.2291,34.17056],[-118.22911,34.17059],[-118.22911,34.1706],[-118.22911,34.17063],[-118.22909,34.17076],[-118.22907,34.17088],[-118.22904,34.17104],[-118.22901,34.17122],[-118.229,34.17127],[-118.22897,34.17143],[-118.22897,34.17147],[-118.22895,34.17161],[-118.22895,34.17164],[-118.22895,34.17165],[-118.22894,34.17178],[-118.22892,34.17195],[-118.22892,34.17199],[-118.2289,34.17216],[-118.22889,34.17232],[-118.22889,34.17233],[-118.22889,34.17234],[-118.22889,34.17242],[-118.22888,34.17243],[-118.22888,34.17246],[-118.22888,34.17254],[-118.22888,34.17261],[-118.22887,34.17281],[-118.22887,34.17286],[-118.22887,34.17291],[-118.22887,34.17296],[-118.22886,34.17299],[-118.22886,34.17302],[-118.22886,34.17306],[-118.22886,34.17311],[-118.22886,34.17314],[-118.22854,34.1731],[-118.22853,34.17316],[-118.22853,34.17322],[-118.22845,34.17322],[-118.22789,34.17311],[-118.22796,34.17294]]]},"properties":{"NAME_ALF":"BABE HERMAN LITTLE LEAGUE FIELD","NAMEA_ALF":"1726 CANADA BLVD"}},{"type":"Feature","geometry":{"type":"MultiPolygon","coordinates":[[[[-118.26453,34.14079],[-118.26452,34.14078],[-118.26451,34.14078],[-118.26451,34.14077],[-118.2645,34.14077],[-118.2645,34.14076],[-118.2645,34.14075],[-118.2645,34.14074],[-118.2645,34.14072],[-118.2645,34.14071],[-118.2645,34.14048],[-118.2645,34.14046],[-118.2645,34.14045],[-118.2645,34.14044],[-118.2645,34.14028],[-118.2645,34.14026],[-118.2645,34.14022],[-118.2645,34.14019],[-118.2645,34.1399],[-118.2645,34.13986],[-118.2645,34.13983],[-118.2645,34.13981],[-118.2645,34.13889],[-118.2645,34.13881],[-118.2645,34.1388],[-118.26451,34.13879],[-118.26452,34.13878],[-118.26453,34.13878],[-118.26454,34.13878],[-118.26455,34.13878],[-118.26457,34.13878],[-118.2646,34.13878],[-118.26469,34.13878],[-118.26475,34.13878],[-118.2648,34.13878],[-118.26486,34.13878],[-118.26493,34.13878],[-118.265,34.13878],[-118.26518,34.13878],[-118.26524,34.13878],[-118.26534,34.13878],[-118.26545,34.13878],[-118.26547,34.13878],[-118.26551,34.13878],[-118.26556,34.13878],[-118.2656,34.13878],[-118.26637,34.13877],[-118.2664,34.13877],[-118.26649,34.13877],[-118.2665,34.13877],[-118.26651,34.13877],[-118.26652,34.13877],[-118.26653,34.13878],[-118.26654,34.13878],[-118.26655,34.13878],[-118.26656,34.13878],[-118.26657,34.13879],[-118.26658,34.13879],[-118.26659,34.1388],[-118.2666,34.13881],[-118.2666,34.13882],[-118.26661,34.13882],[-118.26661,34.13883],[-118.26662,34.13884],[-118.26662,34.13885],[-118.26662,34.13886],[-118.26662,34.13889],[-118.26662,34.14002],[-118.26662,34.14011],[-118.26663,34.14064],[-118.26663,34.14065],[-118.26663,34.14067],[-118.26663,34.14068],[-118.26663,34.14071],[-118.26663,34.14072],[-118.26662,34.14073],[-118.26662,34.14074],[-118.26661,34.14075],[-118.2666,34.14076],[-118.26659,34.14077],[-118.26658,34.14077],[-118.26657,34.14078],[-118.26656,34.14078],[-118.26655,34.14078],[-118.26654,34.14078],[-118.26653,34.14078],[-118.26652,34.14078],[-118.26651,34.14078],[-118.2662,34.14079],[-118.26563,34.14079],[-118.26543,34.14079],[-118.26539,34.14079],[-118.26538,34.14079],[-118.26502,34.14079],[-118.26501,34.14079],[-118.26464,34.14079],[-118.26458,34.14079],[-118.26455,34.14079],[-118.26454,34.14079],[-118.26453,34.14079]],[[-118.26592,34.13988],[-118.26588,34.1399],[-118.26584,34.13991],[-118.26581,34.13986],[-118.2658,34.13985],[-118.26579,34.13984],[-118.26577,34.13985],[-118.26573,34.13979],[-118.26576,34.13977],[-118.26573,34.13972],[-118.26572,34.13972],[-118.26569,34.13973],[-118.26548,34.13981],[-118.26538,34.13985],[-118.26537,34.13985],[-118.26536,34.13985],[-118.26535,34.13984],[-118.26534,34.13984],[-118.26533,34.13983],[-118.26532,34.13983],[-118.26531,34.13983],[-118.2653,34.13983],[-118.26529,34.13983],[-118.26528,34.13983],[-118.26527,34.13983],[-118.26526,34.13983],[-118.26525,34.13983],[-118.26524,34.13983],[-118.26523,34.13983],[-118.26522,34.13983],[-118.26521,34.13983],[-118.26521,34.13984],[-118.2652,34.13984],[-118.26519,34.13985],[-118.26519,34.13984],[-118.26514,34.13985],[-118.26513,34.13982],[-118.2651,34.13983],[-118.26511,34.13986],[-118.2651,34.13986],[-118.2651,34.13987],[-118.26509,34.13987],[-118.26508,34.13988],[-118.26507,34.13988],[-118.26506,34.13988],[-118.26506,34.13989],[-118.26505,34.13989],[-118.26504,34.1399],[-118.26503,34.1399],[-118.26504,34.13991],[-118.26503,34.13991],[-118.26502,34.13992],[-118.26501,34.13993],[-118.26501,34.13994],[-118.265,34.13994],[-118.26499,34.13995],[-118.26499,34.13996],[-118.26498,34.13996],[-118.26498,34.13997],[-118.26497,34.13998],[-118.26496,34.13999],[-118.26496,34.14],[-118.26496,34.14001],[-118.26496,34.14002],[-118.26496,34.14003],[-118.26496,34.14004],[-118.26496,34.14005],[-118.26496,34.14006],[-118.26497,34.14006],[-118.26497,34.14007],[-118.26497,34.14008],[-118.26498,34.14008],[-118.26498,34.14009],[-118.26499,34.14009],[-118.26499,34.1401],[-118.265,34.1401],[-118.265,34.14011],[-118.26501,34.14011],[-118.26502,34.14012],[-118.26503,34.14012],[-118.26504,34.14012],[-118.26503,34.14012],[-118.26502,34.14012],[-118.26501,34.14012],[-118.265,34.14012],[-118.26498,34.14012],[-118.26497,34.14012],[-118.26496,34.14012],[-118.26495,34.14012],[-118.26494,34.14012],[-118.26493,34.14012],[-118.26492,34.14012],[-118.2649,34.14012],[-118.26489,34.14013],[-118.26488,34.14013],[-118.26487,34.14013],[-118.26486,34.14013],[-118.26485,34.14013],[-118.26484,34.14013],[-118.26483,34.14013],[-118.26482,34.14013],[-118.2648,34.14014],[-118.26478,34.14014],[-118.26475,34.14015],[-118.26474,34.14014],[-118.2647,34.14018],[-118.26469,34.14018],[-118.2647,34.14019],[-118.2647,34.14025],[-118.26462,34.14024],[-118.2646,34.14024],[-118.2646,34.14025],[-118.2646,34.14026],[-118.2646,34.14038],[-118.26459,34.14038],[-118.26459,34.14039],[-118.26459,34.1404],[-118.26459,34.14042],[-118.26458,34.14042],[-118.26458,34.14045],[-118.2646,34.14045],[-118.2646,34.14048],[-118.2646,34.14053],[-118.2646,34.14054],[-118.2646,34.14065],[-118.26462,34.14066],[-118.26462,34.14071],[-118.26467,34.14072],[-118.26467,34.14073],[-118.26472,34.14073],[-118.26474,34.14073],[-118.26475,34.14072],[-118.26478,34.14071],[-118.26479,34.1407],[-118.2648,34.14072],[-118.26481,34.14072],[-118.26483,34.14071],[-118.26484,34.14072],[-118.26484,34.14073],[-118.26485,34.14076],[-118.26501,34.14076],[-118.26502,34.14076],[-118.26518,34.14076],[-118.26524,34.14076],[-118.2653,34.14071],[-118.26531,34.14071],[-118.26533,34.14069],[-118.26534,34.14068],[-118.26545,34.14068],[-118.26568,34.14068],[-118.26569,34.14068],[-118.26578,34.14068],[-118.26587,34.14068],[-118.26593,34.14068],[-118.26593,34.14067],[-118.26593,34.14066],[-118.26593,34.14063],[-118.26593,34.14062],[-118.26592,34.14001],[-118.26592,34.13995],[-118.26592,34.13993],[-118.26592,34.13988]]],[[[-118.26703,34.14089],[-118.26703,34.14124],[-118.26691,34.14124],[-118.26672,34.14124],[-118.2667,34.14124],[-118.26669,34.14089],[-118.26681,34.14089],[-118.26691,34.14089],[-118.26703,34.14089]]]]},"properties":{"NAME_ALF":"PACIFIC PARK & COMMUNITY CENTER","NAMEA_ALF":"501 S PACIFIC AVE"}},{"type":"Feature","geometry":{"type":"Polygon","coordinates":[[[-118.24318,34.19971],[-118.2432,34.19968],[-118.24321,34.19966],[-118.24322,34.19967],[-118.24327,34.19968],[-118.24328,34.19972],[-118.2433,34.19974],[-118.24331,34.19976],[-118.24334,34.19977],[-118.24337,34.19978],[-118.24339,34.19978],[-118.24347,34.19978],[-118.24352,34.19978],[-118.24357,34.19979],[-118.24358,34.19979],[-118.24358,34.1998],[-118.24358,34.19984],[-118.24358,34.19987],[-118.24358,34.19989],[-118.24358,34.1999],[-118.24358,34.19993],[-118.24357,34.2001],[-118.24357,34.20011],[-118.24357,34.20016],[-118.24354,34.20017],[-118.2435,34.20019],[-118.24348,34.2002],[-118.24347,34.20023],[-118.24347,34.20042],[-118.24345,34.20057],[-118.24345,34.20059],[-118.24344,34.2006],[-118.24342,34.2006],[-118.24342,34.20061],[-118.2434,34.20061],[-118.24328,34.20062],[-118.24318,34.20063],[-118.24316,34.20064],[-118.24307,34.20065],[-118.24301,34.20065],[-118.24299,34.20065],[-118.24296,34.20054],[-118.24296,34.20046],[-118.24296,34.20038],[-118.24298,34.20029],[-118.24299,34.20023],[-118.24309,34.19996],[-118.24318,34.19971]]]},"properties":{"NAME_ALF":"OAKMONT VIEW PARK","NAMEA_ALF":"2940 OAKMONT VIEW DR"}},{"type":"Feature","geometry":{"type":"Polygon","coordinates":[[[-118.24187,34.1326],[-118.24187,34.13259],[-118.24187,34.13258],[-118.24187,34.13257],[-118.24187,34.13256],[-118.24186,34.13255],[-118.2418,34.13232],[-118.2418,34.13231],[-118.24187,34.13231],[-118.24193,34.13231],[-118.24193,34.1323],[-118.24191,34.13225],[-118.24215,34.13225],[-118.24216,34.13225],[-118.24217,34.13225],[-118.24219,34.13225],[-118.24221,34.13229],[-118.24224,34.13234],[-118.24226,34.13237],[-118.24227,34.13239],[-118.24228,34.1324],[-118.24228,34.13242],[-118.24228,34.13244],[-118.24229,34.13245],[-118.24229,34.13251],[-118.24229,34.13253],[-118.24228,34.13254],[-118.24228,34.13256],[-118.24227,34.13257],[-118.24226,34.13258],[-118.24225,34.13259],[-118.24224,34.13259],[-118.24223,34.1326],[-118.24221,34.1326],[-118.2422,34.1326],[-118.24219,34.1326],[-118.24208,34.1326],[-118.242,34.1326],[-118.24192,34.1326],[-118.2419,34.1326],[-118.24189,34.1326],[-118.24188,34.1326],[-118.24187,34.1326]]]},"properties":{"NAME_ALF":"ADAMS SQUARE MINI PARK","NAMEA_ALF":"1020 E PALMER AVE"}},{"type":"Feature","geometry":{"type":"Polygon","coordinates":[[[-118.24396,34.13895],[-118.24396,34.13894],[-118.24395,34.1389],[-118.24396,34.1389],[-118.24396,34.13884],[-118.24396,34.13878],[-118.24396,34.13873],[-118.24396,34.13839],[-118.24396,34.13836],[-118.24396,34.1383],[-118.24396,34.13824],[-118.24396,34.1382],[-118.24399,34.13817],[-118.24401,34.13816],[-118.24401,34.13815],[-118.24402,34.13815],[-118.24403,34.13815],[-118.24404,34.13815],[-118.24404,34.13814],[-118.24405,34.13814],[-118.24414,34.13814],[-118.24422,34.13814],[-118.24431,34.13814],[-118.24441,34.13814],[-118.24451,34.13814],[-118.24462,34.13814],[-118.24472,34.13814],[-118.24478,34.13814],[-118.24479,34.13814],[-118.24481,34.13814],[-118.24482,34.13814],[-118.24488,34.13814],[-118.24497,34.13814],[-118.24505,34.13814],[-118.24508,34.13814],[-118.24509,34.13814],[-118.24516,34.13814],[-118.24517,34.13814],[-118.24522,34.13814],[-118.24531,34.13814],[-118.24539,34.13814],[-118.24546,34.13814],[-118.24546,34.13817],[-118.24546,34.1382],[-118.24546,34.13824],[-118.24546,34.13829],[-118.24546,34.1383],[-118.24546,34.13837],[-118.24546,34.13843],[-118.24546,34.13845],[-118.24546,34.13852],[-118.24546,34.13856],[-118.24554,34.13856],[-118.24561,34.13856],[-118.24569,34.13856],[-118.24577,34.13856],[-118.24585,34.13856],[-118.24593,34.13856],[-118.24602,34.13856],[-118.2461,34.13856],[-118.24616,34.13856],[-118.24616,34.13862],[-118.24615,34.1387],[-118.24615,34.13877],[-118.24615,34.13884],[-118.24615,34.13891],[-118.24615,34.13893],[-118.24615,34.13894],[-118.24612,34.13894],[-118.24607,34.13894],[-118.24597,34.13894],[-118.2459,34.13894],[-118.24581,34.13894],[-118.24572,34.13894],[-118.24564,34.13894],[-118.24555,34.13894],[-118.24546,34.13894],[-118.24537,34.13894],[-118.24527,34.13894],[-118.2452,34.13894],[-118.24511,34.13894],[-118.24503,34.13894],[-118.24495,34.13894],[-118.24487,34.13894],[-118.24485,34.13894],[-118.24485,34.13895],[-118.24481,34.13895],[-118.2448,34.13895],[-118.24478,34.13895],[-118.24477,34.13895],[-118.24476,34.13895],[-118.24475,34.13895],[-118.24474,34.13895],[-118.24473,34.13895],[-118.24472,34.13895],[-118.24471,34.13895],[-118.2447,34.13895],[-118.24469,34.13895],[-118.24468,34.13895],[-118.24467,34.13895],[-118.24466,34.13895],[-118.24465,34.13895],[-118.24464,34.13895],[-118.24463,34.13895],[-118.24462,34.13895],[-118.24461,34.13895],[-118.2446,34.13895],[-118.24459,34.13895],[-118.24458,34.13895],[-118.24457,34.13895],[-118.24456,34.13895],[-118.24455,34.13895],[-118.24454,34.13895],[-118.24453,34.13895],[-118.24452,34.13895],[-118.24451,34.13895],[-118.2445,34.13895],[-118.24449,34.13895],[-118.24448,34.13895],[-118.24448,34.13896],[-118.24447,34.13896],[-118.24446,34.13896],[-118.24445,34.13896],[-118.24444,34.13896],[-118.24443,34.13896],[-118.24442,34.13896],[-118.24441,34.13896],[-118.2444,34.13896],[-118.24439,34.13896],[-118.24438,34.13896],[-118.24437,34.13896],[-118.24435,34.13896],[-118.24433,34.13896],[-118.24431,34.13896],[-118.24428,34.13896],[-118.24427,34.13896],[-118.24426,34.13896],[-118.24425,34.13896],[-118.24424,34.13896],[-118.24423,34.13896],[-118.24421,34.13896],[-118.2442,34.13896],[-118.24419,34.13896],[-118.24418,34.13896],[-118.24417,34.13896],[-118.24416,34.13896],[-118.24414,34.13896],[-118.24413,34.13896],[-118.24412,34.13896],[-118.24411,34.13896],[-118.2441,34.13896],[-118.24409,34.13897],[-118.24408,34.13897],[-118.24407,34.13897],[-118.24406,34.13897],[-118.24405,34.13897],[-118.24404,34.13897],[-118.24403,34.13897],[-118.24402,34.13897],[-118.24401,34.13897],[-118.244,34.13897],[-118.24399,34.13897],[-118.24398,34.13897],[-118.24398,34.13896],[-118.24397,34.13896],[-118.24396,34.13896],[-118.24396,34.13895]]]},"properties":{"NAME_ALF":"MAPLE PARK AND COMMUNITY CENTER","NAMEA_ALF":"820 E MAPLE ST"}},{"type":"Feature","geometry":{"type":"Polygon","coordinates":[[[-118.26714,34.15243],[-118.26714,34.15244],[-118.26714,34.15246],[-118.26714,34.15277],[-118.26714,34.15278],[-118.26713,34.15278],[-118.26708,34.15278],[-118.26707,34.15278],[-118.26684,34.15278],[-118.26683,34.15278],[-118.26681,34.15278],[-118.2668,34.15278],[-118.26678,34.15278],[-118.26678,34.15276],[-118.26678,34.15248],[-118.26678,34.15247],[-118.26678,34.15246],[-118.26679,34.15245],[-118.2668,34.15244],[-118.26681,34.15243],[-118.26682,34.15243],[-118.26683,34.15243],[-118.26684,34.15243],[-118.26688,34.15243],[-118.26714,34.15243]]]},"properties":{"NAME_ALF":"MILFORD MINI PARK","NAMEA_ALF":"601 W MILFORD AVE"}},{"type":"Feature","geometry":{"type":"Polygon","coordinates":[[[-118.25436,34.14266],[-118.25436,34.1427],[-118.25436,34.14281],[-118.25436,34.14283],[-118.25437,34.14334],[-118.25437,34.14432],[-118.25437,34.14437],[-118.25426,34.14437],[-118.25423,34.14437],[-118.25403,34.14437],[-118.25397,34.14437],[-118.25393,34.14437],[-118.25392,34.14437],[-118.2539,34.14437],[-118.25387,34.14437],[-118.25379,34.14437],[-118.25371,34.14437],[-118.25369,34.14437],[-118.25367,34.14437],[-118.25365,34.14437],[-118.25301,34.14438],[-118.253,34.14438],[-118.2529,34.14438],[-118.25287,34.14438],[-118.25286,34.14438],[-118.25283,34.14438],[-118.25282,34.14438],[-118.25276,34.14438],[-118.25272,34.14439],[-118.25271,34.14438],[-118.2527,34.14438],[-118.25269,34.14438],[-118.25268,34.14438],[-118.25268,34.14437],[-118.25267,34.14437],[-118.25266,34.14436],[-118.25266,34.14435],[-118.25266,34.14434],[-118.25266,34.14433],[-118.25266,34.14432],[-118.25266,34.14363],[-118.25266,34.14354],[-118.25266,34.14343],[-118.25266,34.14341],[-118.25265,34.14305],[-118.25265,34.14303],[-118.25265,34.14301],[-118.25265,34.14292],[-118.25265,34.14279],[-118.25265,34.14273],[-118.25265,34.14272],[-118.25265,34.14271],[-118.25266,34.14271],[-118.25266,34.1427],[-118.25267,34.14269],[-118.25268,34.14269],[-118.25269,34.14269],[-118.2527,34.14268],[-118.25276,34.14268],[-118.25311,34.14268],[-118.25312,34.14268],[-118.25315,34.14268],[-118.25357,34.14267],[-118.25362,34.14267],[-118.25399,34.14267],[-118.25427,34.14266],[-118.25436,34.14266]]]},"properties":{"NAME_ALF":"ADULT RECREATION CENTER & CENTRAL PARK","NAMEA_ALF":"201 E COLORADO ST "}}]}