{"type":"FeatureCollection","generated_at":"2026-09-26T23:14:03Z","source":"California HCD, Housing Element Annual Progress Report Table A2 (data.ca.gov)","source_url":"https://data.ca.gov/dataset/housing-element-annual-progress-report-apr-data-by-jurisdiction-and-year","notes":["Only projects that add homes (ADUs, single-family, 2\u20134 and 5+ units). Commercial, remodel, solar and demolition permits are not included.","Approved = entitlement approval date. Construction started = building permit issued. Completed = certificate of occupancy.","Yearly reports repeat open projects; they are merged by the city's tracking ID. Locations are geocoded by HCD."],"features":[{"type":"Feature","geometry":{"type":"Point","coordinates":[-118.224175,34.177951]},"properties":{"id":"BCB2009526","addr":"1830 Rosita Dr Unit A","cat":"ADU","approved":"2021-01-08","started":"2021-08-13","units":1,"zone_group":"single_family","hood":"Verdugo Woodlands","fire":"Very High","liquefaction":true,"approved_year":2021,"started_year":2021,"status":"started"}},{"type":"Feature","geometry":{"type":"Point","coordinates":[-118.28168,34.168058]},"properties":{"id":"BCB2009850","addr":"1152 Rosedale Ave","cat":"Single-family home","approved":"2020-04-23","started":"2021-08-06","done":"2022-09-23","units":1,"zone_group":"multifamily","hood":"Grandview","approved_year":2020,"started_year":2021,"done_year":2022,"status":"done"}},{"type":"Feature","geometry":{"type":"Point","coordinates":[-118.285951,34.18377]},"properties":{"id":"BCB2012470","addr":"1944 Chilton Dr Unit A","cat":"ADU","approved":"2020-08-25","started":"2021-08-18","units":1,"zone_group":"single_family","hood":"El Miradero","fire":"Moderate","approved_year":2020,"started_year":2021,"status":"started"}},{"type":"Feature","geometry":{"type":"Point","coordinates":[-118.250042,34.225836]},"properties":{"id":"BCB2015146","addr":"3246 Altura Ave Unit: Unit A","cat":"ADU","approved":"2018-02-13","started":"2018-02-13","done":"2023-04-26","units":1,"zone_group":"multifamily","hood":"Crescenta Highlands","fire":"Moderate","approved_year":2018,"started_year":2018,"done_year":2023,"status":"done"}},{"type":"Feature","geometry":{"type":"Point","coordinates":[-118.283469,34.172164]},"properties":{"id":"BCB2018879","addr":"1229 Ruberta Ave Unit A","cat":"ADU","approved":"2021-06-23","started":"2021-09-15","done":"2022-02-03","units":1,"zone_group":"single_family","hood":"Grandview","approved_year":2021,"started_year":2021,"done_year":2022,"status":"done"}},{"type":"Feature","geometry":{"type":"Point","coordinates":[-118.281899,34.181681]},"properties":{"id":"BCB2102954","addr":"1518 Thompson Ave Unit A","cat":"ADU","approved":"2021-08-27","started":"2021-09-14","done":"2023-03-08","units":1,"zone_group":"single_family","hood":"El Miradero","fire":"High","approved_year":2021,"started_year":2021,"done_year":2023,"status":"done"}},{"type":"Feature","geometry":{"type":"Point","coordinates":[-118.278339,34.183676]},"properties":{"id":"BCB2010369","addr":"1650 Vista Dr Unit A","cat":"ADU","approved":"2021-09-17","started":"2021-10-26","units":1,"zone_group":"single_family","hood":"El Miradero","fire":"Very High","approved_year":2021,"started_year":2021,"status":"started"}},{"type":"Feature","geometry":{"type":"Point","coordinates":[-118.278941,34.173292]},"properties":{"id":"BCB2020117","addr":"1520 Grandview Ave., Unit Aa","cat":"ADU","approved":"2021-07-29","started":"2021-10-14","done":"2023-10-10","units":1,"zone_group":"single_family","hood":"Glenwood","fire":"Moderate","approved_year":2021,"started_year":2021,"done_year":2023,"status":"done"}},{"type":"Feature","geometry":{"type":"Point","coordinates":[-118.276506,34.164071]},"properties":{"id":"BCB2109056","addr":"1150 Norton Ave Unit A","cat":"ADU","approved":"2021-08-05","started":"2021-10-12","done":"2022-03-23","units":1,"zone_group":"single_family","hood":"Glenwood","approved_year":2021,"started_year":2021,"done_year":2022,"status":"done"}},{"type":"Feature","geometry":{"type":"Point","coordinates":[-118.227905,34.154994]},"properties":{"id":"BCB2110949","addr":"620 Glenmore Blvd","cat":"ADU","approved":"2021-10-15","started":"2021-10-25","done":"2022-05-17","units":1,"zone_group":"single_family","hood":"Woodbury","fire":"Very High","approved_year":2021,"started_year":2021,"done_year":2022,"status":"done"}},{"type":"Feature","geometry":{"type":"Point","coordinates":[-118.288239,34.18499]},"properties":{"id":"BCB1921670","addr":"2055 Chilton Dr","cat":"ADU","approved":"2021-03-26","started":"2021-11-09","done":"2021-11-12","units":1,"zone_group":"single_family","hood":"El Miradero","fire":"Moderate","approved_year":2021,"started_year":2021,"done_year":2021,"status":"done"}},{"type":"Feature","geometry":{"type":"Point","coordinates":[-118.226275,34.154809]},"properties":{"id":"BCB2100946","addr":"1905 E Chevy Chase Dr Unit Aa","cat":"ADU","approved":"2021-10-27","started":"2021-11-30","done":"2023-07-26","units":1,"zone_group":"multifamily","hood":"Woodbury","fire":"Very High","approved_year":2021,"started_year":2021,"done_year":2023,"status":"done"}},{"type":"Feature","geometry":{"type":"Point","coordinates":[-118.242856,34.140808]},"properties":{"id":"BCB2009891","addr":"1006 E Lomita Ave","cat":"ADU","approved":"2021-11-16","started":"2021-12-01","done":"2023-11-02","units":1,"zone_group":"multifamily","hood":"Mariposa","approved_year":2021,"started_year":2021,"done_year":2023,"status":"done"}},{"type":"Feature","geometry":{"type":"Point","coordinates":[-118.270027,34.169281]},"properties":{"id":"BCB2110236","addr":"1437 Ardmore Ave, Unit A","cat":"ADU","approved":"2021-11-19","started":"2021-12-08","done":"2025-05-15","units":1,"zone_group":"single_family","hood":"Glenwood","approved_year":2021,"started_year":2021,"done_year":2025,"status":"done"}},{"type":"Feature","geometry":{"type":"Point","coordinates":[-118.273496,34.156963]},"properties":{"id":"BCB1915815","addr":"753 Omar St Unit A","cat":"ADU","approved":"2021-12-15","started":"2021-12-15","done":"2022-09-22","units":1,"zone_group":"single_family","hood":"Pelanconi","approved_year":2021,"started_year":2021,"done_year":2022,"status":"done"}},{"type":"Feature","geometry":{"type":"Point","coordinates":[-118.289799,34.177508]},"properties":{"id":"PDRNRAF2104367","addr":"1247 Allen Ave","cat":"Single-family home","approved":"2021-07-22","units":1,"zone_group":"single_family","hood":"Grandview","approved_year":2021,"status":"approved"}},{"type":"Feature","geometry":{"type":"Point","coordinates":[-118.285984,34.184958]},"properties":{"id":"PDRNRAF2106002","addr":"2012 Rangeview Dr","cat":"Single-family home","approved":"2021-08-12","units":1,"zone_group":"single_family","hood":"El Miradero","fire":"High","approved_year":2021,"status":"approved"}},{"type":"Feature","geometry":{"type":"Point","coordinates":[-118.209769,34.164481]},"properties":{"id":"PDRNRAF2100167","addr":"2745 Kennington Dr","cat":"Single-family home","approved":"2021-06-20","units":1,"zone_group":"single_family","hood":"Chevy Chase","fire":"Very High","approved_year":2021,"status":"approved"}},{"type":"Feature","geometry":{"type":"Point","coordinates":[-118.235352,34.206739]},"properties":{"id":"PDRNRAF2101413","addr":"3651 Roselawn Ave","cat":"Single-family home","approved":"2021-05-13","units":1,"zone_group":"single_family","hood":"Sparr Heights","fire":"High","approved_year":2021,"status":"approved"}},{"type":"Feature","geometry":{"type":"Point","coordinates":[-118.279312,34.164946]},"properties":{"id":"PADU2108337","addr":"1204 Cleveland Rd","cat":"ADU","approved":"2021-11-02","units":1,"zone_group":"single_family","hood":"Glenwood","approved_year":2021,"status":"approved"}},{"type":"Feature","geometry":{"type":"Point","coordinates":[-118.288962,34.176605]},"properties":{"id":"PADU2101634","addr":"1234 Irving Ave","cat":"ADU","approved":"2021-03-26","units":1,"zone_group":"single_family","hood":"Grandview","approved_year":2021,"status":"approved"}},{"type":"Feature","geometry":{"type":"Point","coordinates":[-118.238754,34.165003]},"properties":{"id":"PADU2106440","addr":"1330 Rossmoyne Ave","cat":"ADU","approved":"2021-08-03","units":1,"zone_group":"single_family","hood":"Rossmoyne","fire":"Very High","approved_year":2021,"status":"approved"}},{"type":"Feature","geometry":{"type":"Point","coordinates":[-118.276385,34.168016]},"properties":{"id":"PADU2106068","addr":"1336 Graynold Ave","cat":"ADU","approved":"2021-08-02","units":1,"zone_group":"single_family","hood":"Glenwood","approved_year":2021,"status":"approved"}},{"type":"Feature","geometry":{"type":"Point","coordinates":[-118.285327,34.17843]},"properties":{"id":"PADU2106568","addr":"1344 Thompson Ave","cat":"ADU","approved":"2021-08-24","units":1,"zone_group":"single_family","hood":"El Miradero","approved_year":2021,"status":"approved"}},{"type":"Feature","geometry":{"type":"Point","coordinates":[-118.288225,34.180629]},"properties":{"id":"PADU2120467","addr":"1349 Linden Ave","cat":"ADU","approved":"2021-12-10","units":1,"zone_group":"single_family","hood":"El Miradero","approved_year":2021,"status":"approved"}},{"type":"Feature","geometry":{"type":"Point","coordinates":[-118.226275,34.154809]},"properties":{"id":"PADU2100853","addr":"1905 E Chevy Chase Dr Aa","cat":"ADU","approved":"2021-10-27","units":1,"zone_group":"multifamily","hood":"Woodbury","fire":"Very High","approved_year":2021,"status":"approved"}},{"type":"Feature","geometry":{"type":"Point","coordinates":[-118.252435,34.227315]},"properties":{"id":"PADU2107449","addr":"3346 Altura Ave","cat":"ADU","approved":"2021-07-26","units":1,"zone_group":"single_family","hood":"Crescenta Highlands","fire":"Moderate","approved_year":2021,"status":"approved"}},{"type":"Feature","geometry":{"type":"Point","coordinates":[-118.254624,34.225398]},"properties":{"id":"PADU1823952","addr":"3445 Montrose Ave","cat":"ADU","approved":"2021-03-17","units":1,"zone_group":"multifamily","hood":"Crescenta Highlands","fire":"Very High","liquefaction":true,"approved_year":2021,"status":"approved"}},{"type":"Feature","geometry":{"type":"Point","coordinates":[-118.26346,34.166999]},"properties":{"id":"PADU2117559","addr":"412 Spencer St","cat":"ADU","approved":"2021-11-23","units":1,"zone_group":"single_family","hood":"Verdugo Viejo","fire":"High","approved_year":2021,"status":"approved"}},{"type":"Feature","geometry":{"type":"Point","coordinates":[-118.265244,34.150813]},"properties":{"id":"PADU2105720","addr":"515 Myrtle St","cat":"ADU","approved":"2021-08-12","units":1,"zone_group":"multifamily","hood":"Vineyard","approved_year":2021,"status":"approved"}},{"type":"Feature","geometry":{"type":"Point","coordinates":[-118.267831,34.165518]},"properties":{"id":"PADU2106628","addr":"551 Clement Dr","cat":"ADU","approved":"2021-08-03","units":1,"zone_group":"single_family","hood":"Glenwood","approved_year":2021,"status":"approved"}},{"type":"Feature","geometry":{"type":"Point","coordinates":[-118.24181,34.1398]},"properties":{"id":"PADU2103121","addr":"601 S Adams St","cat":"ADU","approved":"2021-08-25","units":1,"zone_group":"multifamily","hood":"Mariposa","approved_year":2021,"status":"approved"}},{"type":"Feature","geometry":{"type":"Point","coordinates":[-118.247168,34.139949]},"properties":{"id":"PADU2102463","addr":"625 E Chestnut St","cat":"ADU","approved":"2021-04-28","units":1,"zone_group":"multifamily","hood":"Mariposa","approved_year":2021,"status":"approved"}},{"type":"Feature","geometry":{"type":"Point","coordinates":[-118.238246,34.144404]},"properties":{"id":"BCB2006814","addr":"1232 E Harvard St., Unit A","cat":"ADU","approved":"2020-10-28","started":"2020-10-28","done":"2022-02-02","units":1,"zone_group":"multifamily","hood":"Citrus Grove","approved_year":2020,"started_year":2020,"done_year":2022,"status":"done"}},{"type":"Feature","geometry":{"type":"Point","coordinates":[-118.224611,34.176394]},"properties":{"id":"BCB2011215","addr":"1825 Tamerlane Dr. Unit A","cat":"ADU","approved":"2020-11-04","started":"2020-11-04","done":"2021-03-10","units":1,"zone_group":"single_family","hood":"Verdugo Woodlands","fire":"Very High","liquefaction":true,"approved_year":2020,"started_year":2020,"done_year":2021,"status":"done"}},{"type":"Feature","geometry":{"type":"Point","coordinates":[-118.297678,34.161951]},"properties":{"id":"BCB2004304","addr":"409 Winchester Ave., Unit A","cat":"ADU","approved":"2020-12-21","started":"2020-12-21","done":"2021-12-14","units":1,"zone_group":"single_family","hood":"Riverside Rancho","fire":"High","liquefaction":true,"approved_year":2020,"started_year":2020,"done_year":2021,"status":"done"}},{"type":"Feature","geometry":{"type":"Point","coordinates":[-118.239552,34.209978]},"properties":{"id":"BCB2007144","addr":"2755 Sycamore Ave., Unit A","cat":"ADU","approved":"2020-12-28","started":"2020-12-28","done":"2021-05-28","units":1,"zone_group":"single_family","hood":"Montrose","fire":"Very High","approved_year":2020,"started_year":2020,"done_year":2021,"status":"done"}},{"type":"Feature","geometry":{"type":"Point","coordinates":[-118.239552,34.209978]},"properties":{"id":"BCB2007163","addr":"2755 Sycamore Ave., Unit Aa -Jadu","cat":"ADU","approved":"2020-12-28","started":"2020-12-28","done":"2021-06-25","units":1,"zone_group":"single_family","hood":"Montrose","fire":"Very High","approved_year":2020,"started_year":2020,"done_year":2021,"status":"done"}},{"type":"Feature","geometry":{"type":"Point","coordinates":[-118.267605,34.15404]},"properties":{"id":"BCB2011006","addr":"617 W Doran St Unit A","cat":"ADU","approved":"2020-12-17","started":"2021-02-16","done":"2021-11-18","units":1,"zone_group":"multifamily","hood":"Vineyard","approved_year":2020,"started_year":2021,"done_year":2021,"status":"done"}},{"type":"Feature","geometry":{"type":"Point","coordinates":[-118.285053,34.177084]},"properties":{"id":"BCB2011559","addr":"1320 Raymond Ave, Unit A","cat":"ADU","approved":"2021-02-01","started":"2021-02-01","done":"2022-01-12","units":1,"zone_group":"single_family","hood":"El Miradero","approved_year":2021,"started_year":2021,"done_year":2022,"status":"done"}},{"type":"Feature","geometry":{"type":"Point","coordinates":[-118.285739,34.172307]},"properties":{"id":"BCB2012552","addr":"1606 Glenwood Rd","cat":"ADU","approved":"2020-12-09","started":"2021-02-25","done":"2021-05-14","units":1,"zone_group":"single_family","hood":"Grandview","approved_year":2020,"started_year":2021,"done_year":2021,"status":"done"}},{"type":"Feature","geometry":{"type":"Point","coordinates":[-118.236333,34.135601]},"properties":{"id":"BCB1923256","addr":"1327 E Acacia Ave Unit Aa","cat":"ADU","approved":"2020-09-28","started":"2021-03-08","done":"2023-09-06","units":1,"zone_group":"multifamily","hood":"Somerset","fire":"Very High","approved_year":2020,"started_year":2021,"done_year":2023,"status":"done"}},{"type":"Feature","geometry":{"type":"Point","coordinates":[-118.260859,34.244392]},"properties":{"id":"BCB2011316","addr":"3739 Santa Carlotta St","cat":"ADU","approved":"2020-10-12","started":"2021-03-15","units":1,"zone_group":"single_family","hood":"Crescenta Highlands","fire":"High","approved_year":2020,"started_year":2021,"status":"started"}},{"type":"Feature","geometry":{"type":"Point","coordinates":[-118.244608,34.137169]},"properties":{"id":"BCB2015021","addr":"815 E Windsor Rd Unit A","cat":"ADU","approved":"2021-02-18","started":"2021-03-29","done":"2022-01-10","units":1,"zone_group":"multifamily","hood":"Mariposa","approved_year":2021,"started_year":2021,"done_year":2022,"status":"done"}},{"type":"Feature","geometry":{"type":"Point","coordinates":[-118.237157,34.151732]},"properties":{"id":"BCB2006633","addr":"1309 E Lexington Dr Unit Aa","cat":"ADU","approved":"2021-03-16","started":"2021-04-15","done":"2022-10-26","units":1,"zone_group":"multifamily","hood":"Citrus Grove","dam":true,"approved_year":2021,"started_year":2021,"done_year":2022,"status":"done"}},{"type":"Feature","geometry":{"type":"Point","coordinates":[-118.227846,34.192916]},"properties":{"id":"BCB2016070","addr":"3046 N Verdugo Rd Unit A","cat":"ADU","approved":"2021-03-19","started":"2021-04-22","done":"2022-01-28","units":1,"zone_group":"single_family","hood":"Montecito Park","fire":"Very High","liquefaction":true,"approved_year":2021,"started_year":2021,"done_year":2022,"status":"done"}},{"type":"Feature","geometry":{"type":"Point","coordinates":[-118.22528,34.171513]},"properties":{"id":"BCB2016959","addr":"1833 Kirkby Rd Unit A","cat":"ADU","approved":"2020-11-09","started":"2021-04-14","done":"2021-08-06","units":1,"zone_group":"single_family","hood":"Verdugo Woodlands","fire":"Very High","liquefaction":true,"approved_year":2020,"started_year":2021,"done_year":2021,"status":"done"}},{"type":"Feature","geometry":{"type":"Point","coordinates":[-118.267143,34.165548]},"properties":{"id":"BCB2020379","addr":"535 Clement Dr Unit A","cat":"ADU","approved":"2021-03-02","started":"2021-04-05","done":"2021-09-09","units":1,"zone_group":"single_family","hood":"Glenwood","approved_year":2021,"started_year":2021,"done_year":2021,"status":"done"}},{"type":"Feature","geometry":{"type":"Point","coordinates":[-118.265587,34.151609]},"properties":{"id":"BCB1922886","addr":"521 W Lexington Dr Unit A","cat":"ADU","approved":"2019-11-13","started":"2019-11-13","done":"2021-05-27","units":1,"zone_group":"multifamily","hood":"Vineyard","approved_year":2019,"started_year":2019,"done_year":2021,"status":"done"}},{"type":"Feature","geometry":{"type":"Point","coordinates":[-118.271655,34.167901]},"properties":{"id":"BCB2012986","addr":"1360 Virginia Ave Unit A","cat":"ADU","approved":"2021-01-26","started":"2021-05-19","done":"2022-09-01","units":1,"zone_group":"single_family","hood":"Glenwood","approved_year":2021,"started_year":2021,"done_year":2022,"status":"done"}},{"type":"Feature","geometry":{"type":"Point","coordinates":[-118.229046,34.185605]},"properties":{"id":"BCB2016649","addr":"2704 Canada Blvd Unit A","cat":"ADU","approved":"2021-05-20","started":"2021-05-20","done":"2021-12-30","units":1,"zone_group":"single_family","hood":"Verdugo Woodlands","fire":"Very High","liquefaction":true,"approved_year":2021,"started_year":2021,"done_year":2021,"status":"done"}},{"type":"Feature","geometry":{"type":"Point","coordinates":[-118.28041,34.163552]},"properties":{"id":"BCB2107018","addr":"916 Cleveland Rd Unit Aa","cat":"ADU","approved":"2021-04-28","started":"2021-05-05","done":"2022-04-11","units":1,"zone_group":"single_family","hood":"Pelanconi","approved_year":2021,"started_year":2021,"done_year":2022,"status":"done"}},{"type":"Feature","geometry":{"type":"Point","coordinates":[-118.255088,34.23234]},"properties":{"id":"BCB2015383","addr":"3461 Maryann St Unit A","cat":"ADU","approved":"2021-02-20","started":"2021-06-08","done":"2023-02-01","units":1,"zone_group":"single_family","hood":"Crescenta Highlands","approved_year":2021,"started_year":2021,"done_year":2023,"status":"done"}},{"type":"Feature","geometry":{"type":"Point","coordinates":[-118.28567,34.176355]},"properties":{"id":"BCB2018991","addr":"1724 W Kenne Th Rd Unit A","cat":"ADU","approved":"2021-03-26","started":"2021-06-03","done":"2022-03-03","units":1,"zone_group":"single_family","hood":"El Miradero","approved_year":2021,"started_year":2021,"done_year":2022,"status":"done"}},{"type":"Feature","geometry":{"type":"Point","coordinates":[-118.26085,34.160489]},"properties":{"id":"BB1701872","addr":"1017 San Rafael Ave","cat":"5+ units","approved":"2018-07-18","started":"2018-07-18","done":"2021-01-04","units":5,"zone_group":"multifamily","hood":"Verdugo Viejo","dam":true,"approved_year":2018,"started_year":2018,"done_year":2021,"status":"done"}},{"type":"Feature","geometry":{"type":"Point","coordinates":[-118.239279,34.152551]},"properties":{"id":"BCB1900847","addr":"1204 Richard Pl. Unit A","cat":"ADU","approved":"2019-10-01","started":"2019-10-01","done":"2021-05-05","units":1,"zone_group":"single_family","hood":"Citrus Grove","approved_year":2019,"started_year":2019,"done_year":2021,"status":"done"}},{"type":"Feature","geometry":{"type":"Point","coordinates":[-118.229963,34.140225]},"properties":{"id":"BCB1913535","addr":"1536 Rock Glen Ave. Unit A","cat":"ADU","approved":"2019-10-03","started":"2019-10-03","done":"2022-07-13","units":1,"zone_group":"single_family","hood":"Somerset","fire":"Very High","approved_year":2019,"started_year":2019,"done_year":2022,"status":"done"}},{"type":"Feature","geometry":{"type":"Point","coordinates":[-118.267408,34.166441]},"properties":{"id":"BCB1915913","addr":"537 Spencer St. Unit A","cat":"ADU","approved":"2019-10-17","started":"2019-10-17","done":"2022-04-29","units":1,"zone_group":"single_family","hood":"Glenwood","approved_year":2019,"started_year":2019,"done_year":2022,"status":"done"}},{"type":"Feature","geometry":{"type":"Point","coordinates":[-118.272066,34.166719]},"properties":{"id":"BCB1900625","addr":"1329 Virginia Ave.","cat":"Single-family home","approved":"2018-03-01","started":"2019-05-15","done":"2023-10-27","units":1,"zone_group":"single_family","hood":"Glenwood","approved_year":2018,"started_year":2019,"done_year":2023,"status":"done"}},{"type":"Feature","geometry":{"type":"Point","coordinates":[-118.285153,34.184563]},"properties":{"id":"BCB1923804","addr":"1980 Rangeview Dr.","cat":"Single-family home","approved":"2020-06-02","started":"2020-06-02","done":"2022-05-20","units":1,"zone_group":"single_family","hood":"El Miradero","fire":"High","approved_year":2020,"started_year":2020,"done_year":2022,"status":"done"}},{"type":"Feature","geometry":{"type":"Point","coordinates":[-118.207417,34.152498]},"properties":{"id":"BCB1913151","addr":"2641 E Glenoaks Blvd.","cat":"Single-family home","approved":"2020-07-16","started":"2020-07-16","done":"2023-01-24","units":1,"zone_group":"single_family","hood":"Glenoaks Canyon","fire":"Very High","approved_year":2020,"started_year":2020,"done_year":2023,"status":"done"}},{"type":"Feature","geometry":{"type":"Point","coordinates":[-118.27177,34.161987]},"properties":{"id":"BCB1907720","addr":"725 Palm Dr., Unit A","cat":"ADU","approved":"2020-01-07","started":"2020-01-07","done":"2020-09-03","units":1,"zone_group":"single_family","hood":"Glenwood","dam":true,"approved_year":2020,"started_year":2020,"done_year":2020,"status":"done"}},{"type":"Feature","geometry":{"type":"Point","coordinates":[-118.226719,34.199532]},"properties":{"id":"BCB1807834","addr":"3310 Sparr Blvd., Unit A","cat":"ADU","approved":"2020-02-20","started":"2020-02-20","done":"2021-04-12","units":1,"zone_group":"single_family","hood":"Montecito Park","fire":"Very High","liquefaction":true,"approved_year":2020,"started_year":2020,"done_year":2021,"status":"done"}},{"type":"Feature","geometry":{"type":"Point","coordinates":[-118.227302,34.196235]},"properties":{"id":"BCB2019167","addr":"3155 Sparr Blvd","cat":"ADU","approved":"2021-03-19","started":"2021-06-22","done":"2022-12-08","units":1,"zone_group":"single_family","hood":"Montecito Park","fire":"Very High","liquefaction":true,"approved_year":2021,"started_year":2021,"done_year":2022,"status":"done"}},{"type":"Feature","geometry":{"type":"Point","coordinates":[-118.264413,34.235881]},"properties":{"id":"BCB2020113","addr":"4330 Acampo Ave Unit A","cat":"ADU","approved":"2021-02-10","started":"2021-06-23","done":"2021-06-25","units":1,"zone_group":"single_family","hood":"Crescenta Highlands","fire":"Moderate","approved_year":2021,"started_year":2021,"done_year":2021,"status":"done"}},{"type":"Feature","geometry":{"type":"Point","coordinates":[-118.270591,34.152231]},"properties":{"id":"BCB1910507","addr":"713 W Milford St Unit A","cat":"ADU","approved":"2020-05-06","started":"2021-07-01","done":"2022-02-18","units":1,"zone_group":"multifamily","hood":"Vineyard","approved_year":2020,"started_year":2021,"done_year":2022,"status":"done"}},{"type":"Feature","geometry":{"type":"Point","coordinates":[-118.265631,34.166241]},"properties":{"id":"BCB2006214","addr":"1347 N Pacific Ave Unit A","cat":"ADU","approved":"2021-06-02","started":"2021-07-29","done":"2021-08-12","units":1,"zone_group":"single_family","hood":"Verdugo Viejo","approved_year":2021,"started_year":2021,"done_year":2021,"status":"done"}},{"type":"Feature","geometry":{"type":"Point","coordinates":[-118.262749,34.14168]},"properties":{"id":"BCB2013376","addr":"443 W Elk Ave Apt C","cat":"ADU","approved":"2021-03-03","started":"2021-07-19","done":"2023-04-25","units":1,"zone_group":"multifamily","hood":"Pacific-Edison","approved_year":2021,"started_year":2021,"done_year":2023,"status":"done"}},{"type":"Feature","geometry":{"type":"Point","coordinates":[-118.23991,34.130817]},"properties":{"id":"BCB2017603","addr":"1135 Scofield Dr","cat":"ADU","approved":"2021-05-12","started":"2021-07-22","done":"2022-01-19","units":1,"zone_group":"single_family","hood":"Adams Hill","fire":"High","approved_year":2021,"started_year":2021,"done_year":2022,"status":"done"}},{"type":"Feature","geometry":{"type":"Point","coordinates":[-118.229292,34.196084]},"properties":{"id":"BCB2019992","addr":"3162 N Verdugo Rd Unit A","cat":"ADU","approved":"2021-05-14","started":"2021-07-12","done":"2022-05-12","units":1,"zone_group":"single_family","hood":"Montecito Park","fire":"Very High","liquefaction":true,"approved_year":2021,"started_year":2021,"done_year":2022,"status":"done"}},{"type":"Feature","geometry":{"type":"Point","coordinates":[-118.284665,34.179782]},"properties":{"id":"BCB1922428","addr":"1811 Bel Aire Dr., Unit A","cat":"ADU","approved":"2020-03-06","started":"2020-03-06","done":"2021-04-12","units":1,"zone_group":"single_family","hood":"El Miradero","approved_year":2020,"started_year":2020,"done_year":2021,"status":"done"}},{"type":"Feature","geometry":{"type":"Point","coordinates":[-118.226416,34.15418]},"properties":{"id":"BCB1911776","addr":"512 Hill Dr., Unit A","cat":"ADU","approved":"2020-05-11","started":"2020-05-11","done":"2021-11-02","units":1,"zone_group":"multifamily","hood":"Woodbury","fire":"Very High","approved_year":2020,"started_year":2020,"done_year":2021,"status":"done"}},{"type":"Feature","geometry":{"type":"Point","coordinates":[-118.248231,34.163744]},"properties":{"id":"BCB1916181","addr":"600 E. Stocker St.,\nUnit A","cat":"ADU","approved":"2020-05-06","started":"2020-05-06","done":"2020-09-14","units":1,"zone_group":"single_family","hood":"Rossmoyne","fire":"Very High","approved_year":2020,"started_year":2020,"done_year":2020,"status":"done"}},{"type":"Feature","geometry":{"type":"Point","coordinates":[-118.269219,34.160866]},"properties":{"id":"BCB1921038","addr":"631 W Dryden St., Unit A","cat":"ADU","approved":"2020-06-18","started":"2020-06-18","done":"2021-07-15","units":1,"zone_group":"multifamily","hood":"Glenwood","dam":true,"approved_year":2020,"started_year":2020,"done_year":2021,"status":"done"}},{"type":"Feature","geometry":{"type":"Point","coordinates":[-118.245717,34.157589]},"properties":{"id":"BCB1920318","addr":"828 Monterey Rd., Unit A","cat":"ADU","approved":"2020-08-18","started":"2020-08-18","done":"2023-04-26","units":1,"zone_group":"single_family","hood":"Rossmoyne","approved_year":2020,"started_year":2020,"done_year":2023,"status":"done"}},{"type":"Feature","geometry":{"type":"Point","coordinates":[-118.231317,34.1784]},"properties":{"id":"BCB1901771","addr":"1609 Wabasso Way, Unit A","cat":"ADU","approved":"2020-08-20","started":"2020-08-20","done":"2020-09-09","units":1,"zone_group":"single_family","hood":"Verdugo Woodlands","fire":"Very High","liquefaction":true,"approved_year":2020,"started_year":2020,"done_year":2020,"status":"done"}},{"type":"Feature","geometry":{"type":"Point","coordinates":[-118.23263,34.178535]},"properties":{"id":"BCB1923355","addr":"1541 Wabasso Way, Unit A","cat":"ADU","approved":"2020-08-24","started":"2020-08-24","done":"2021-10-27","units":1,"zone_group":"single_family","hood":"Verdugo Woodlands","fire":"Very High","liquefaction":true,"approved_year":2020,"started_year":2020,"done_year":2021,"status":"done"}},{"type":"Feature","geometry":{"type":"Point","coordinates":[-118.236008,34.12684]},"properties":{"id":"BCB1729816","addr":"1830 Marion Dr","cat":"Single-family home","approved":"2017-02-23","started":"2021-08-25","units":1,"zone_group":"single_family","hood":"Adams Hill","fire":"Very High","approved_year":2017,"started_year":2021,"status":"started"}},{"type":"Feature","geometry":{"type":"Point","coordinates":[-118.274328,34.175987]},"properties":{"id":"BCB2015138","addr":"881 Cumberland Rd Unit A","cat":"ADU","approved":"2021-03-29","started":"2021-08-02","done":"2022-02-04","units":1,"zone_group":"single_family","hood":"Glenwood","fire":"Very High","approved_year":2021,"started_year":2021,"done_year":2022,"status":"done"}},{"type":"Feature","geometry":{"type":"Point","coordinates":[-118.225279,34.185539]},"properties":{"id":"BCB2015376","addr":"2658 Bogue Dr Unit A","cat":"ADU","approved":"2021-08-06","started":"2021-08-24","done":"2022-10-18","units":1,"zone_group":"single_family","hood":"Verdugo Woodlands","fire":"Very High","approved_year":2021,"started_year":2021,"done_year":2022,"status":"done"}},{"type":"Feature","geometry":{"type":"Point","coordinates":[-118.289076,34.179753]},"properties":{"id":"BCB2019705","addr":"1314 Linden Ave Unit Aa","cat":"ADU","approved":"2021-07-23","started":"2021-08-11","done":"2022-03-25","units":1,"zone_group":"single_family","hood":"El Miradero","approved_year":2021,"started_year":2021,"done_year":2022,"status":"done"}},{"type":"Feature","geometry":{"type":"Point","coordinates":[-118.232127,34.181849]},"properties":{"id":"BCB2103838","addr":"1601 Capistrano Ave Unit A","cat":"ADU","approved":"2021-04-26","started":"2021-08-23","done":"2022-12-19","units":1,"zone_group":"single_family","hood":"Verdugo Woodlands","fire":"Very High","liquefaction":true,"approved_year":2021,"started_year":2021,"done_year":2022,"status":"done"}},{"type":"Feature","geometry":{"type":"Point","coordinates":[-118.278258,34.181176]},"properties":{"id":"BCB2018589","addr":"1640 W Mountain St, Unit A","cat":"ADU","approved":"2021-06-17","started":"2021-09-16","done":"2022-06-02","units":1,"zone_group":"single_family","hood":"El Miradero","fire":"Very High","approved_year":2021,"started_year":2021,"done_year":2022,"status":"done"}},{"type":"Feature","geometry":{"type":"Point","coordinates":[-118.281149,34.173058]},"properties":{"id":"BCB2019494","addr":"1500 W Kenneth Rd Unit A","cat":"ADU","approved":"2021-08-23","started":"2021-09-03","done":"2022-06-15","units":1,"zone_group":"single_family","hood":"El Miradero","approved_year":2021,"started_year":2021,"done_year":2022,"status":"done"}},{"type":"Feature","geometry":{"type":"Point","coordinates":[-118.266913,34.171234]},"properties":{"id":"BCB1921307","addr":"1544 Ridgeway Dr., Unit A","cat":"ADU","approved":"2020-09-28","started":"2020-09-28","done":"2021-11-08","units":1,"zone_group":"single_family","hood":"Glenwood","fire":"Moderate","approved_year":2020,"started_year":2020,"done_year":2021,"status":"done"}},{"type":"Feature","geometry":{"type":"Point","coordinates":[-118.284191,34.176343]},"properties":{"id":"BCB2006307","addr":"1321 Western Ave., Unit A","cat":"ADU","approved":"2020-09-11","started":"2020-09-11","done":"2021-02-02","units":1,"zone_group":"single_family","hood":"El Miradero","approved_year":2020,"started_year":2020,"done_year":2021,"status":"done"}},{"type":"Feature","geometry":{"type":"Point","coordinates":[-118.258891,34.1687]},"properties":{"id":"BCB1917969","addr":"252 W. Kenneth Rd","cat":"ADU","approved":"2020-10-26","started":"2020-10-26","units":1,"zone_group":"single_family","hood":"Verdugo Viejo","fire":"Very High","approved_year":2020,"started_year":2020,"status":"started"}},{"type":"Feature","geometry":{"type":"Point","coordinates":[-118.223707,34.199515]},"properties":{"id":"BCB2012970","addr":"2033 Oak Valley Rd. Unit A","cat":"ADU","approved":"2020-11-04","started":"2020-11-04","done":"2022-11-04","units":1,"zone_group":"single_family","hood":"Montecito Park","fire":"Very High","liquefaction":true,"approved_year":2020,"started_year":2020,"done_year":2022,"status":"done"}},{"type":"Feature","geometry":{"type":"Point","coordinates":[-118.283797,34.170888]},"properties":{"id":"BCB1830163","addr":"1506 Glenwood Ave., Unit A","cat":"ADU","approved":"2020-12-10","started":"2020-12-10","done":"2021-08-18","units":1,"zone_group":"single_family","hood":"Grandview","approved_year":2020,"started_year":2020,"done_year":2021,"status":"done"}},{"type":"Feature","geometry":{"type":"Point","coordinates":[-118.2649,34.149839]},"properties":{"id":"BCB2004149","addr":"505 W California Ave., Unit A","cat":"ADU","approved":"2020-12-14","started":"2020-12-14","done":"2022-04-27","units":1,"zone_group":"multifamily","hood":"Vineyard","approved_year":2020,"started_year":2020,"done_year":2022,"status":"done"}},{"type":"Feature","geometry":{"type":"Point","coordinates":[-118.271033,34.162683]},"properties":{"id":"BCB2010441","addr":"708 South St., Unit  Aa - Jadu","cat":"ADU","approved":"2020-12-22","started":"2020-12-22","units":1,"zone_group":"single_family","hood":"Glenwood","dam":true,"approved_year":2020,"started_year":2020,"status":"started"}},{"type":"Feature","geometry":{"type":"Point","coordinates":[-118.267903,34.151608]},"properties":{"id":"BCB1827612","addr":"625 W. Lexington Dr. Unit A","cat":"ADU","approved":"2019-04-26","started":"2019-04-26","done":"2023-06-23","units":1,"zone_group":"multifamily","hood":"Vineyard","approved_year":2019,"started_year":2019,"done_year":2023,"status":"done"}},{"type":"Feature","geometry":{"type":"Point","coordinates":[-118.286922,34.184263]},"properties":{"id":"BCB1827446","addr":"2014 Chilton Dr. Unit A","cat":"ADU","approved":"2019-07-24","started":"2019-07-24","done":"2021-09-21","units":1,"zone_group":"single_family","hood":"El Miradero","fire":"Moderate","approved_year":2019,"started_year":2019,"done_year":2021,"status":"done"}},{"type":"Feature","geometry":{"type":"Point","coordinates":[-118.233263,34.168303]},"properties":{"id":"BCB2011136","addr":"1701 Las Flores Dr., Unit A","cat":"ADU","approved":"2020-12-30","started":"2020-12-30","done":"2021-08-27","units":1,"zone_group":"single_family","hood":"Greenbriar","fire":"Very High","approved_year":2020,"started_year":2020,"done_year":2021,"status":"done"}},{"type":"Feature","geometry":{"type":"Point","coordinates":[-118.231541,34.153595]},"properties":{"id":"BCB2012434","addr":"1506 Lynglen Dr., Unit A","cat":"ADU","approved":"2020-12-10","started":"2020-12-10","done":"2021-02-03","units":1,"zone_group":"single_family","hood":"Woodbury","fire":"Very High","approved_year":2020,"started_year":2020,"done_year":2021,"status":"done"}},{"type":"Feature","geometry":{"type":"Point","coordinates":[-118.237233,34.14614]},"properties":{"id":"BCB1718826","addr":"1308 E Broadway","cat":"Single-family home","approved":"2017-06-22","started":"2018-09-07","done":"2021-11-03","units":1,"zone_group":"multifamily","hood":"Citrus Grove","approved_year":2017,"started_year":2018,"done_year":2021,"status":"done"}},{"type":"Feature","geometry":{"type":"Point","coordinates":[-118.271481,34.170939]},"properties":{"id":"BCB2002389","addr":"722 W Kenneth Rd","cat":"Single-family home","approved":"2019-12-12","started":"2021-02-18","done":"2024-05-29","units":1,"zone_group":"single_family","hood":"Glenwood","fire":"Moderate","approved_year":2019,"started_year":2021,"done_year":2024,"status":"done"}},{"type":"Feature","geometry":{"type":"Point","coordinates":[-118.292639,34.178069]},"properties":{"id":"BCB2003063","addr":"1213 Elm Ave","cat":"Single-family home","approved":"2019-11-14","started":"2021-02-10","done":"2024-09-06","units":1,"zone_group":"single_family","hood":"Grandview","approved_year":2019,"started_year":2021,"done_year":2024,"status":"done"}},{"type":"Feature","geometry":{"type":"Point","coordinates":[-118.23768,34.135484]},"properties":{"id":"BCB2005764","addr":"1244 E Acacia Ave Unit A","cat":"ADU","approved":"2020-12-16","started":"2021-02-22","done":"2021-11-18","units":1,"zone_group":"multifamily","hood":"Adams Hill","fire":"Very High","approved_year":2020,"started_year":2021,"done_year":2021,"status":"done"}},{"type":"Feature","geometry":{"type":"Point","coordinates":[-118.23768,34.135484]},"properties":{"id":"BCB2005766","addr":"1244 E Acacia Ave Unit B","cat":"ADU","approved":"2020-12-16","started":"2021-02-23","units":1,"zone_group":"multifamily","hood":"Adams Hill","fire":"Very High","approved_year":2020,"started_year":2021,"status":"started"}},{"type":"Feature","geometry":{"type":"Point","coordinates":[-118.231705,34.189261]},"properties":{"id":"BCB1901529","addr":"1625 Sant Maria Ave Unit A","cat":"ADU","approved":"2019-07-12","started":"2019-07-12","done":"2021-06-10","units":1,"zone_group":"single_family","hood":"Verdugo Woodlands","fire":"Very High","liquefaction":true,"approved_year":2019,"started_year":2019,"done_year":2021,"status":"done"}},{"type":"Feature","geometry":{"type":"Point","coordinates":[-118.234203,34.182602]},"properties":{"id":"BCB1905370","addr":"1502 El Rito Ave. Unit A","cat":"ADU","approved":"2019-08-30","started":"2019-08-30","done":"2022-05-10","units":1,"zone_group":"single_family","hood":"Verdugo Woodlands","fire":"Very High","liquefaction":true,"approved_year":2019,"started_year":2019,"done_year":2022,"status":"done"}},{"type":"Feature","geometry":{"type":"Point","coordinates":[-118.20623,34.155333]},"properties":{"id":"BCB1911288","addr":"2748 Hollister Ter. Unit A","cat":"ADU","approved":"2019-10-11","started":"2019-10-11","units":1,"zone_group":"single_family","hood":"Glenoaks Canyon","fire":"Very High","approved_year":2019,"started_year":2019,"status":"started"}},{"type":"Feature","geometry":{"type":"Point","coordinates":[-118.228911,34.156534]},"properties":{"id":"BCB1809172","addr":"669 Atkins Dr.","cat":"Single-family home","approved":"2018-01-11","started":"2019-04-11","done":"2021-09-28","units":1,"zone_group":"single_family","hood":"Woodbury","fire":"Very High","approved_year":2018,"started_year":2019,"done_year":2021,"status":"done"}},{"type":"Feature","geometry":{"type":"Point","coordinates":[-118.25794,34.153634]},"properties":{"id":"BB1811030","addr":"520 N. Central Ave.","cat":"5+ units","approved":"2018-11-20","started":"2019-04-17","done":"2023-07-18","units":53,"zone_group":"mixed_use","hood":"City Center","approved_year":2018,"started_year":2019,"done_year":2023,"status":"done"}},{"type":"Feature","geometry":{"type":"Point","coordinates":[-118.23398,34.177417]},"properties":{"id":"BCB1808768","addr":"1410 Colina Dr.","cat":"Single-family home","approved":"2017-07-11","started":"2019-09-11","done":"2022-05-17","units":1,"zone_group":"single_family","hood":"Verdugo Woodlands","fire":"Very High","approved_year":2017,"started_year":2019,"done_year":2022,"status":"done"}},{"type":"Feature","geometry":{"type":"Point","coordinates":[-118.237229,34.163308]},"properties":{"id":"BCB2003155","addr":"1244 Moncado Dr., Unit A","cat":"ADU","approved":"2020-02-20","started":"2020-02-20","units":1,"zone_group":"single_family","hood":"Rossmoyne","fire":"Very High","liquefaction":true,"approved_year":2020,"started_year":2020,"status":"started"}},{"type":"Feature","geometry":{"type":"Point","coordinates":[-118.244328,34.215442]},"properties":{"id":"BCB1907994","addr":"3912 Ramsdell Ave., Unit A","cat":"ADU","approved":"2019-04-23","started":"2019-04-23","units":1,"zone_group":"single_family","hood":"Montrose","fire":"High","approved_year":2019,"started_year":2019,"status":"started"}},{"type":"Feature","geometry":{"type":"Point","coordinates":[-118.235667,34.208733]},"properties":{"id":"BB1629267","addr":"2608 Honolulu Ave","cat":"5+ units","approved":"2020-05-20","started":"2020-05-20","done":"2024-02-26","units":4,"zone_group":"commercial","hood":"Montrose","approved_year":2020,"started_year":2020,"done_year":2024,"status":"done"}},{"type":"Feature","geometry":{"type":"Point","coordinates":[-118.247104,34.164779]},"properties":{"id":"BCB1909655","addr":"1226 Howard St.,\nUnit A","cat":"ADU","approved":"2020-02-21","started":"2020-02-21","done":"2020-09-01","units":1,"zone_group":"single_family","hood":"Rossmoyne","fire":"Very High","approved_year":2020,"started_year":2020,"done_year":2020,"status":"done"}},{"type":"Feature","geometry":{"type":"Point","coordinates":[-118.22673,34.180684]},"properties":{"id":"BCB1909901","addr":"1748 Opechee Way, Unit A","cat":"ADU","approved":"2020-02-13","started":"2020-02-13","done":"2020-12-09","units":1,"zone_group":"single_family","hood":"Verdugo Woodlands","fire":"Very High","liquefaction":true,"approved_year":2020,"started_year":2020,"done_year":2020,"status":"done"}},{"type":"Feature","geometry":{"type":"Point","coordinates":[-118.261839,34.232125]},"properties":{"id":"BCB1920701","addr":"4223 Boston Ave., Unit A","cat":"ADU","approved":"2020-02-12","started":"2020-02-12","done":"2020-12-17","units":1,"zone_group":"single_family","hood":"Crescenta Highlands","fire":"Moderate","approved_year":2020,"started_year":2020,"done_year":2020,"status":"done"}},{"type":"Feature","geometry":{"type":"Point","coordinates":[-118.229498,34.20048]},"properties":{"id":"BCB1920038","addr":"3409 Downing Ave., Unit A","cat":"ADU","approved":"2020-02-21","started":"2020-02-21","units":1,"zone_group":"single_family","hood":"Sparr Heights","fire":"Very High","liquefaction":true,"approved_year":2020,"started_year":2020,"status":"started"}},{"type":"Feature","geometry":{"type":"Point","coordinates":[-118.246563,34.16246]},"properties":{"id":"BCB1729618","addr":"1143 Geneva St. Unit A","cat":"ADU","approved":"2020-03-04","started":"2020-03-04","done":"2021-10-21","units":1,"zone_group":"single_family","hood":"Rossmoyne","fire":"Very High","approved_year":2020,"started_year":2020,"done_year":2021,"status":"done"}},{"type":"Feature","geometry":{"type":"Point","coordinates":[-118.23839,34.159242]},"properties":{"id":"BCB1918412","addr":"921 Verdugo Circle Dr., Unit A","cat":"ADU","approved":"2020-05-12","started":"2020-05-12","done":"2020-11-18","units":1,"zone_group":"single_family","hood":"Woodbury","fire":"Very High","liquefaction":true,"approved_year":2020,"started_year":2020,"done_year":2020,"status":"done"}},{"type":"Feature","geometry":{"type":"Point","coordinates":[-118.23225,34.187812]},"properties":{"id":"BCB1919800","addr":"2844 Hermosita Dr., Unit A","cat":"ADU","approved":"2020-07-13","started":"2020-07-13","done":"2021-04-06","units":1,"zone_group":"single_family","hood":"Verdugo Woodlands","fire":"Very High","liquefaction":true,"approved_year":2020,"started_year":2020,"done_year":2021,"status":"done"}},{"type":"Feature","geometry":{"type":"Point","coordinates":[-118.277901,34.166328]},"properties":{"id":"BCB1921783","addr":"1250 Idlewood Rd.,\nUnit A","cat":"ADU","approved":"2020-08-05","started":"2020-08-05","done":"2021-05-24","units":1,"zone_group":"single_family","hood":"Glenwood","approved_year":2020,"started_year":2020,"done_year":2021,"status":"done"}},{"type":"Feature","geometry":{"type":"Point","coordinates":[-118.284203,34.164449]},"properties":{"id":"BCB1918685","addr":"1029 Newby St., Unit A","cat":"ADU","approved":"2020-09-16","started":"2020-09-16","done":"2021-10-06","units":1,"zone_group":"single_family","hood":"Grandview","liquefaction":true,"approved_year":2020,"started_year":2020,"done_year":2021,"status":"done"}},{"type":"Feature","geometry":{"type":"Point","coordinates":[-118.266201,34.160813]},"properties":{"id":"BCB2003052","addr":"539 W Dryden St. Unit A","cat":"ADU","approved":"2020-09-14","started":"2020-09-14","done":"2021-05-07","units":1,"zone_group":"multifamily","hood":"Glenwood","dam":true,"approved_year":2020,"started_year":2020,"done_year":2021,"status":"done"}},{"type":"Feature","geometry":{"type":"Point","coordinates":[-118.284531,34.164138]},"properties":{"id":"BCB1916593","addr":"1017 Newby St.,\nUnit A","cat":"ADU","approved":"2020-10-29","started":"2020-10-29","done":"2022-05-03","units":1,"zone_group":"single_family","hood":"Grandview","liquefaction":true,"approved_year":2020,"started_year":2020,"done_year":2022,"status":"done"}},{"type":"Feature","geometry":{"type":"Point","coordinates":[-118.246677,34.161925]},"properties":{"id":"BCB1912076","addr":"1127 Geneva St.,\nUnit A","cat":"ADU","approved":"2020-11-10","started":"2020-11-10","done":"2021-12-17","units":1,"zone_group":"single_family","hood":"Rossmoyne","fire":"High","approved_year":2020,"started_year":2020,"done_year":2021,"status":"done"}},{"type":"Feature","geometry":{"type":"Point","coordinates":[-118.293755,34.18018]},"properties":{"id":"BCB2015660","addr":"1238 Alameda Ave Unit A","cat":"ADU","approved":"2021-02-11","started":"2021-03-31","done":"2021-10-15","units":1,"zone_group":"single_family","hood":"Grandview","approved_year":2021,"started_year":2021,"done_year":2021,"status":"done"}},{"type":"Feature","geometry":{"type":"Point","coordinates":[-118.211887,34.17275]},"properties":{"id":"BCB2005743","addr":"1462 Belleau Rd Unit Aa","cat":"ADU","approved":"2020-12-31","started":"2021-05-06","done":"2023-06-26","units":1,"zone_group":"single_family","hood":"Chevy Chase","fire":"Very High","approved_year":2020,"started_year":2021,"done_year":2023,"status":"done"}},{"type":"Feature","geometry":{"type":"Point","coordinates":[-118.29286,34.177485]},"properties":{"id":"BCB2014464","addr":"1950 Glenwood Rd Unit A","cat":"ADU","approved":"2021-02-05","started":"2021-05-20","done":"2021-11-19","units":1,"zone_group":"single_family","hood":"Grandview","approved_year":2021,"started_year":2021,"done_year":2021,"status":"done"}},{"type":"Feature","geometry":{"type":"Point","coordinates":[-118.265188,34.145861]},"properties":{"id":"BCB2016825","addr":"523 Ivy St Unit Aa","cat":"ADU","approved":"2021-01-25","started":"2021-05-18","done":"2022-03-07","units":1,"zone_group":"multifamily","hood":"Moorpark","approved_year":2021,"started_year":2021,"done_year":2022,"status":"done"}},{"type":"Feature","geometry":{"type":"Point","coordinates":[-118.288962,34.176605]},"properties":{"id":"BCB2101662","addr":"1234 Irving Ave Unit A","cat":"ADU","approved":"2021-03-16","started":"2021-05-19","done":"2022-07-11","units":1,"zone_group":"single_family","hood":"Grandview","approved_year":2021,"started_year":2021,"done_year":2022,"status":"done"}},{"type":"Feature","geometry":{"type":"Point","coordinates":[-118.277754,34.163326]},"properties":{"id":"BCB2008424","addr":"1112 Graynold Ave Unit A","cat":"ADU","approved":"2021-04-16","started":"2021-06-21","done":"2022-06-30","units":1,"zone_group":"single_family","hood":"Glenwood","approved_year":2021,"started_year":2021,"done_year":2022,"status":"done"}},{"type":"Feature","geometry":{"type":"Point","coordinates":[-118.234521,34.152989]},"properties":{"id":"BCB2014729","addr":"437 Canyon Dr Unit Aa","cat":"ADU","approved":"2021-05-12","started":"2021-06-02","done":"2023-01-24","units":1,"zone_group":"single_family","hood":"Woodbury","fire":"High","approved_year":2021,"started_year":2021,"done_year":2023,"status":"done"}},{"type":"Feature","geometry":{"type":"Point","coordinates":[-118.27815,34.165457]},"properties":{"id":"BCB2018766","addr":"1226 Idlewood Rd","cat":"ADU","approved":"2021-08-10","started":"2022-06-11","units":1,"zone_group":"single_family","hood":"Glenwood","approved_year":2021,"started_year":2022,"status":"started"}},{"type":"Feature","geometry":{"type":"Point","coordinates":[-118.253018,34.223727]},"properties":{"id":"BCB2010968","addr":"4016 New York Ave Unit A","cat":"ADU","approved":"2021-07-02","started":"2021-07-02","done":"2022-01-05","units":1,"zone_group":"multifamily","hood":"Crescenta Highlands","fire":"Very High","liquefaction":true,"approved_year":2021,"started_year":2021,"done_year":2022,"status":"done"}},{"type":"Feature","geometry":{"type":"Point","coordinates":[-118.227987,34.185286]},"properties":{"id":"BCB2017885","addr":"1722 Don Carlos Ave Unit A","cat":"ADU","approved":"2021-07-15","started":"2021-07-22","done":"2022-05-19","units":1,"zone_group":"single_family","hood":"Verdugo Woodlands","fire":"Very High","liquefaction":true,"approved_year":2021,"started_year":2021,"done_year":2022,"status":"done"}},{"type":"Feature","geometry":{"type":"Point","coordinates":[-118.288279,34.180502]},"properties":{"id":"BCB2105321","addr":"1342 Linden Ave Unit A","cat":"ADU","approved":"2021-07-07","started":"2021-07-29","done":"2021-12-09","units":1,"zone_group":"single_family","hood":"El Miradero","approved_year":2021,"started_year":2021,"done_year":2021,"status":"done"}},{"type":"Feature","geometry":{"type":"Point","coordinates":[-118.266154,34.234155]},"properties":{"id":"BCB1915488","addr":"4206 Lowell Ave Unit A","cat":"ADU","approved":"2019-09-12","started":"2021-08-10","done":"2022-08-18","units":1,"zone_group":"single_family","hood":"Crescenta Highlands","fire":"High","approved_year":2019,"started_year":2021,"done_year":2022,"status":"done"}},{"type":"Feature","geometry":{"type":"Point","coordinates":[-118.29218,34.180116]},"properties":{"id":"BCB1918340","addr":"1265 Spazier Ave Unit A","cat":"ADU","approved":"2021-04-13","started":"2021-08-19","units":1,"zone_group":"single_family","hood":"Grandview","approved_year":2021,"started_year":2021,"status":"started"}},{"type":"Feature","geometry":{"type":"Point","coordinates":[-118.300112,34.162891]},"properties":{"id":"BCB2007286","addr":"335 Raymond Ave","cat":"ADU","approved":"2020-12-22","started":"2021-08-05","done":"2023-02-02","units":1,"zone_group":"multifamily","hood":"Riverside Rancho","liquefaction":true,"approved_year":2020,"started_year":2021,"done_year":2023,"status":"done"}},{"type":"Feature","geometry":{"type":"Point","coordinates":[-118.290848,34.182926]},"properties":{"id":"BCB2007221","addr":"1354 Alameda Ave., Unit A","cat":"ADU","approved":"2020-12-07","started":"2020-12-07","done":"2021-11-08","units":1,"zone_group":"single_family","hood":"El Miradero","approved_year":2020,"started_year":2020,"done_year":2021,"status":"done"}},{"type":"Feature","geometry":{"type":"Point","coordinates":[-118.290848,34.182926]},"properties":{"id":"BCB2007224","addr":"1354 Alameda Ave., Unit Aa - Jadu","cat":"ADU","approved":"2020-12-07","started":"2020-12-07","done":"2021-11-08","units":1,"zone_group":"single_family","hood":"El Miradero","approved_year":2020,"started_year":2020,"done_year":2021,"status":"done"}},{"type":"Feature","geometry":{"type":"Point","coordinates":[-118.237036,34.135601]},"properties":{"id":"BCB1910581","addr":"1315 E Acacia Ave Unit A","cat":"ADU","approved":"2019-10-22","started":"2021-01-05","done":"2022-01-25","units":1,"zone_group":"multifamily","hood":"Somerset","fire":"Very High","approved_year":2019,"started_year":2021,"done_year":2022,"status":"done"}},{"type":"Feature","geometry":{"type":"Point","coordinates":[-118.234895,34.135018]},"properties":{"id":"BCB2007235","addr":"1370 Hilda Ave Unit A","cat":"ADU","approved":"2020-08-19","started":"2021-01-07","done":"2024-11-26","units":1,"zone_group":"multifamily","hood":"Adams Hill","fire":"Very High","liquefaction":true,"approved_year":2020,"started_year":2021,"done_year":2024,"status":"done"}},{"type":"Feature","geometry":{"type":"Point","coordinates":[-118.251368,34.230054]},"properties":{"id":"BCB2011500","addr":"3315 Mary St Unit A","cat":"ADU","approved":"2020-11-25","started":"2021-02-12","done":"2021-04-12","units":1,"zone_group":"single_family","hood":"Crescenta Highlands","approved_year":2020,"started_year":2021,"done_year":2021,"status":"done"}},{"type":"Feature","geometry":{"type":"Point","coordinates":[-118.20623,34.155333]},"properties":{"id":"BCB2013555","addr":"2748 Hollister Ter Unit A","cat":"ADU","approved":"2020-11-06","started":"2021-02-12","done":"2023-03-07","units":1,"zone_group":"single_family","hood":"Glenoaks Canyon","fire":"Very High","approved_year":2020,"started_year":2021,"done_year":2023,"status":"done"}},{"type":"Feature","geometry":{"type":"Point","coordinates":[-118.206408,34.152818]},"properties":{"id":"BCB2014447","addr":"2703 E Glenoaks Blvd Unit A","cat":"ADU","approved":"2020-12-23","started":"2021-02-23","done":"2021-03-05","units":1,"zone_group":"single_family","hood":"Glenoaks Canyon","fire":"Very High","approved_year":2020,"started_year":2021,"done_year":2021,"status":"done"}},{"type":"Feature","geometry":{"type":"Point","coordinates":[-118.23974,34.155453]},"properties":{"id":"BCB2101713","addr":"1014 Monterey Rd Unit A","cat":"ADU","approved":"2021-07-29","started":"2021-09-07","done":"2023-04-18","units":1,"zone_group":"multifamily","hood":"Woodbury","fire":"Moderate","liquefaction":true,"approved_year":2021,"started_year":2021,"done_year":2023,"status":"done"}},{"type":"Feature","geometry":{"type":"Point","coordinates":[-118.285466,34.181536]},"properties":{"id":"BCB1826123","addr":"1420 Allen Ave Unit A","cat":"ADU","approved":"2021-10-21","started":"2021-10-21","done":"2022-04-26","units":1,"zone_group":"single_family","hood":"El Miradero","fire":"Moderate","approved_year":2021,"started_year":2021,"done_year":2022,"status":"done"}},{"type":"Feature","geometry":{"type":"Point","coordinates":[-118.231335,34.201817]},"properties":{"id":"BCB2017499","addr":"3444 Rosemary Ave","cat":"ADU","approved":"2021-01-22","started":"2021-10-14","done":"2022-06-16","units":1,"zone_group":"single_family","hood":"Sparr Heights","fire":"Moderate","liquefaction":true,"approved_year":2021,"started_year":2021,"done_year":2022,"status":"done"}},{"type":"Feature","geometry":{"type":"Point","coordinates":[-118.275731,34.156116]},"properties":{"id":"BCB2101883","addr":"709 Dale Ave Unit A","cat":"ADU","approved":"2021-06-30","started":"2021-10-05","done":"2022-07-12","units":1,"zone_group":"single_family","hood":"Pelanconi","approved_year":2021,"started_year":2021,"done_year":2022,"status":"done"}},{"type":"Feature","geometry":{"type":"Point","coordinates":[-118.260285,34.147994]},"properties":{"id":"BB1828965","addr":"354 W Wilson Ave","cat":"5+ units","approved":"2019-05-21","started":"2021-10-19","done":"2025-07-31","units":6,"zone_group":"multifamily","hood":"Vineyard","approved_year":2019,"started_year":2021,"done_year":2025,"status":"done"}},{"type":"Feature","geometry":{"type":"Point","coordinates":[-118.300968,34.163712]},"properties":{"id":"BCB2015491","addr":"401 Thompson Ave, Unit A","cat":"ADU","approved":"2021-09-17","started":"2021-11-22","done":"2023-08-11","units":1,"zone_group":"multifamily","hood":"Riverside Rancho","liquefaction":true,"approved_year":2021,"started_year":2021,"done_year":2023,"status":"done"}},{"type":"Feature","geometry":{"type":"Point","coordinates":[-118.285327,34.17843]},"properties":{"id":"BCB2106696","addr":"1344 Thompson Ave, Unit A","cat":"ADU","approved":"2021-08-24","started":"2021-11-05","done":"2023-06-09","units":1,"zone_group":"single_family","hood":"El Miradero","approved_year":2021,"started_year":2021,"done_year":2023,"status":"done"}},{"type":"Feature","geometry":{"type":"Point","coordinates":[-118.272888,34.162251]},"properties":{"id":"BCB2019369","addr":"813 Palm Dr","cat":"ADU","approved":"2021-12-13","started":"2021-12-27","done":"2022-11-01","units":1,"zone_group":"single_family","hood":"Glenwood","dam":true,"approved_year":2021,"started_year":2021,"done_year":2022,"status":"done"}},{"type":"Feature","geometry":{"type":"Point","coordinates":[-118.236106,34.145397]},"properties":{"id":"BCB2114363","addr":"1336 Carlton Dr Unit A","cat":"ADU","approved":"2021-12-06","started":"2021-12-10","done":"2022-09-20","units":1,"zone_group":"multifamily","hood":"Citrus Grove","approved_year":2021,"started_year":2021,"done_year":2022,"status":"done"}},{"type":"Feature","geometry":{"type":"Point","coordinates":[-118.262233,34.178528]},"properties":{"id":"PDRNRAF2105697","addr":"420 Nesmuth Rd","cat":"Single-family home","approved":"2021-06-18","units":1,"zone_group":"single_family","hood":"Brockmont","fire":"Very High","approved_year":2021,"status":"approved"}},{"type":"Feature","geometry":{"type":"Point","coordinates":[-118.290246,34.175657]},"properties":{"id":"BCB2017869","addr":"1831 Glenwood Rd Unit A","cat":"ADU","approved":"2021-02-25","started":"2021-02-25","done":"2021-07-01","units":1,"zone_group":"single_family","hood":"Grandview","approved_year":2021,"started_year":2021,"done_year":2021,"status":"done"}},{"type":"Feature","geometry":{"type":"Point","coordinates":[-118.252103,34.154649]},"properties":{"id":"BCB2017895","addr":"312 E Doran St Unit A","cat":"ADU","approved":"2021-02-23","started":"2021-02-17","units":1,"zone_group":"multifamily","hood":"City Center","approved_year":2021,"started_year":2021,"status":"started"}},{"type":"Feature","geometry":{"type":"Point","coordinates":[-118.246793,34.145202]},"properties":{"id":"BCB2008492","addr":"130 Franklin Ct Unit Aa","cat":"ADU","approved":"2020-11-17","started":"2021-03-09","done":"2022-09-20","units":1,"zone_group":"multifamily","hood":"Citrus Grove","approved_year":2020,"started_year":2021,"done_year":2022,"status":"done"}},{"type":"Feature","geometry":{"type":"Point","coordinates":[-118.229046,34.185605]},"properties":{"id":"BCB2016651","addr":"2704 Canada Blvd Unit Aa","cat":"ADU","approved":"2021-05-20","started":"2021-05-20","done":"2021-12-30","units":1,"zone_group":"single_family","hood":"Verdugo Woodlands","fire":"Very High","liquefaction":true,"approved_year":2021,"started_year":2021,"done_year":2021,"status":"done"}},{"type":"Feature","geometry":{"type":"Point","coordinates":[-118.294444,34.176367]},"properties":{"id":"BCB2017522","addr":"1135 Elm Ave Unit A","cat":"ADU","approved":"2021-05-05","started":"2021-05-05","done":"2022-09-21","units":1,"zone_group":"multifamily","hood":"Grandview","approved_year":2021,"started_year":2021,"done_year":2022,"status":"done"}},{"type":"Feature","geometry":{"type":"Point","coordinates":[-118.274502,34.161509]},"properties":{"id":"BCB2004522","addr":"1013 Highland Ave Unit A","cat":"ADU","approved":"2021-04-20","started":"2021-06-04","done":"2025-08-04","units":1,"zone_group":"single_family","hood":"Glenwood","dam":true,"approved_year":2021,"started_year":2021,"done_year":2025,"status":"done"}},{"type":"Feature","geometry":{"type":"Point","coordinates":[-118.248333,34.132679]},"properties":{"id":"BCB2012655","addr":"541 E Palmer Ave Unit: Unit A","cat":"ADU","approved":"2021-06-22","started":"2021-07-19","done":"2022-03-29","units":1,"zone_group":"multifamily","hood":"Mariposa","approved_year":2021,"started_year":2021,"done_year":2022,"status":"done"}},{"type":"Feature","geometry":{"type":"Point","coordinates":[-118.288905,34.182802]},"properties":{"id":"BCB2017728","addr":"2018 Bel Aire Dr Unit A","cat":"ADU","approved":"2021-05-11","started":"2021-08-26","done":"2022-01-07","units":1,"zone_group":"single_family","hood":"El Miradero","approved_year":2021,"started_year":2021,"done_year":2022,"status":"done"}},{"type":"Feature","geometry":{"type":"Point","coordinates":[-118.265244,34.150813]},"properties":{"id":"BCB2105760","addr":"515 Myrtle St Unit A","cat":"ADU","approved":"2021-08-12","started":"2021-08-12","done":"2022-03-15","units":1,"zone_group":"multifamily","hood":"Vineyard","approved_year":2021,"started_year":2021,"done_year":2022,"status":"done"}},{"type":"Feature","geometry":{"type":"Point","coordinates":[-118.231929,34.138059]},"properties":{"id":"BCB2107124","addr":"1436 E Windsor Rd Unit A","cat":"ADU","approved":"2021-05-21","started":"2021-08-20","done":"2022-03-23","units":1,"zone_group":"single_family","hood":"Somerset","fire":"Very High","approved_year":2021,"started_year":2021,"done_year":2022,"status":"done"}},{"type":"Feature","geometry":{"type":"Point","coordinates":[-118.293503,34.161106]},"properties":{"id":"BCB2010788","addr":"515 Sonora Ave Unit A","cat":"ADU","approved":"2021-03-29","started":"2021-09-09","done":"2022-08-05","units":1,"zone_group":"multifamily","hood":"Riverside Rancho","fire":"High","liquefaction":true,"approved_year":2021,"started_year":2021,"done_year":2022,"status":"done"}},{"type":"Feature","geometry":{"type":"Point","coordinates":[-118.197636,34.17767]},"properties":{"id":"BCB2009353","addr":"3520 Saint Elizabeth Rd, Unit A","cat":"ADU","approved":"2020-07-14","started":"2021-10-27","done":"2023-08-10","units":1,"zone_group":"single_family","hood":"Chevy Chase","fire":"Very High","approved_year":2020,"started_year":2021,"done_year":2023,"status":"done"}},{"type":"Feature","geometry":{"type":"Point","coordinates":[-118.256684,34.232233]},"properties":{"id":"BCB2009726","addr":"3536 Community Ave Unit A","cat":"ADU","approved":"2021-10-07","started":"2021-10-11","done":"2022-04-01","units":1,"zone_group":"single_family","hood":"Crescenta Highlands","approved_year":2021,"started_year":2021,"done_year":2022,"status":"done"}},{"type":"Feature","geometry":{"type":"Point","coordinates":[-118.291552,34.170995]},"properties":{"id":"BCB2010354","addr":"1049 Raymond Ave Unit A","cat":"ADU","approved":"2021-09-29","started":"2021-10-19","done":"2022-12-08","units":1,"zone_group":"multifamily","hood":"Grandview","approved_year":2021,"started_year":2021,"done_year":2022,"status":"done"}},{"type":"Feature","geometry":{"type":"Point","coordinates":[-118.2361,34.127389]},"properties":{"id":"BCB1729813","addr":"1800 Marion Dr","cat":"Single-family home","approved":"2017-02-23","started":"2021-08-25","units":1,"zone_group":"single_family","hood":"Adams Hill","fire":"Very High","approved_year":2017,"started_year":2021,"status":"started"}},{"type":"Feature","geometry":{"type":"Point","coordinates":[-118.287968,34.171071]},"properties":{"id":"BCB2015159","addr":"1118 Winchester Ave Unit A","cat":"ADU","approved":"2021-08-05","started":"2021-08-05","done":"2022-09-07","units":1,"zone_group":"multifamily","hood":"Grandview","approved_year":2021,"started_year":2021,"done_year":2022,"status":"done"}},{"type":"Feature","geometry":{"type":"Point","coordinates":[-118.250516,34.228398]},"properties":{"id":"BCB2016567","addr":"3252 Community Ave Unit A","cat":"ADU","approved":"2021-02-09","started":"2021-08-18","done":"2021-09-14","units":1,"zone_group":"single_family","hood":"Crescenta Highlands","approved_year":2021,"started_year":2021,"done_year":2021,"status":"done"}},{"type":"Feature","geometry":{"type":"Point","coordinates":[-118.235763,34.1358]},"properties":{"id":"BB2106587","addr":"842 Fischer St Unit A","cat":"ADU","approved":"2021-06-10","started":"2021-09-27","done":"2022-03-02","units":1,"zone_group":"multifamily","hood":"Somerset","fire":"Very High","approved_year":2021,"started_year":2021,"done_year":2022,"status":"done"}},{"type":"Feature","geometry":{"type":"Point","coordinates":[-118.284712,34.165163]},"properties":{"id":"BCB2010552","addr":"1037 Rosedale Ave, Unit A","cat":"ADU","approved":"2021-02-02","started":"2021-09-07","done":"2022-07-27","units":1,"zone_group":"single_family","hood":"Grandview","liquefaction":true,"approved_year":2021,"started_year":2021,"done_year":2022,"status":"done"}},{"type":"Feature","geometry":{"type":"Point","coordinates":[-118.26891,34.159672]},"properties":{"id":"BCB2017768","addr":"644 W Glenoaks Blvd Unit A","cat":"ADU","approved":"2021-02-10","started":"2021-09-03","units":1,"zone_group":"multifamily","hood":"Glenwood","approved_year":2021,"started_year":2021,"status":"started"}},{"type":"Feature","geometry":{"type":"Point","coordinates":[-118.198759,34.172427]},"properties":{"id":"BCB2019570","addr":"3271 Buckingham Rd Unit A","cat":"ADU","approved":"2021-08-26","started":"2021-09-24","done":"2023-02-08","units":1,"zone_group":"single_family","hood":"Chevy Chase","fire":"Very High","approved_year":2021,"started_year":2021,"done_year":2023,"status":"done"}},{"type":"Feature","geometry":{"type":"Point","coordinates":[-118.291332,34.171201]},"properties":{"id":"BCB2019854","addr":"1057 Raymond Ave Unit A","cat":"ADU","approved":"2021-07-28","started":"2021-09-02","done":"2023-01-05","units":1,"zone_group":"multifamily","hood":"Grandview","approved_year":2021,"started_year":2021,"done_year":2023,"status":"done"}},{"type":"Feature","geometry":{"type":"Point","coordinates":[-118.264928,34.1524]},"properties":{"id":"BCB2106211","addr":"505 W Milford St","cat":"ADU","approved":"2021-11-09","started":"2021-11-24","done":"2022-06-23","units":1,"zone_group":"multifamily","hood":"Vineyard","approved_year":2021,"started_year":2021,"done_year":2022,"status":"done"}},{"type":"Feature","geometry":{"type":"Point","coordinates":[-118.262395,34.148947]},"properties":{"id":"BB2013369","addr":"421 Salem St","cat":"2\u20134 units","approved":"2020-06-30","started":"2021-12-23","done":"2023-07-12","units":3,"zone_group":"multifamily","hood":"Vineyard","approved_year":2020,"started_year":2021,"done_year":2023,"status":"done"}},{"type":"Feature","geometry":{"type":"Point","coordinates":[-118.291512,34.161325]},"properties":{"id":"BCB2017250","addr":"617 Hazel St","cat":"ADU","approved":"2021-06-16","started":"2021-12-22","done":"2023-06-01","units":1,"zone_group":"multifamily","hood":"Grand Central","fire":"Moderate","liquefaction":true,"approved_year":2021,"started_year":2021,"done_year":2023,"status":"done"}},{"type":"Feature","geometry":{"type":"Point","coordinates":[-118.260077,34.234536]},"properties":{"id":"BCB2017616","addr":"3712 3Rd Ave","cat":"ADU","approved":"2021-10-04","started":"2021-12-15","done":"2024-08-29","units":1,"zone_group":"single_family","hood":"Crescenta Highlands","approved_year":2021,"started_year":2021,"done_year":2024,"status":"done"}},{"type":"Feature","geometry":{"type":"Point","coordinates":[-118.26184,34.232292]},"properties":{"id":"BCB2107830","addr":"4227 Boston Ave","cat":"ADU","approved":"2021-10-13","started":"2021-10-19","done":"2022-09-29","units":1,"zone_group":"single_family","hood":"Crescenta Highlands","fire":"Moderate","approved_year":2021,"started_year":2021,"done_year":2022,"status":"done"}},{"type":"Feature","geometry":{"type":"Point","coordinates":[-118.290241,34.177014]},"properties":{"id":"PADU2116088","addr":"1224 Allen Ave","cat":"ADU","approved":"2021-09-16","units":1,"zone_group":"single_family","hood":"Grandview","approved_year":2021,"status":"approved"}},{"type":"Feature","geometry":{"type":"Point","coordinates":[-118.286703,34.16749]},"properties":{"id":"BCB2020250","addr":"1049 Sonora Ave Unit A","cat":"ADU","approved":"2021-06-16","started":"2021-09-27","done":"2023-11-14","units":1,"zone_group":"multifamily","hood":"Grandview","approved_year":2021,"started_year":2021,"done_year":2023,"status":"done"}},{"type":"Feature","geometry":{"type":"Point","coordinates":[-118.233447,34.202295]},"properties":{"id":"BCB2101685","addr":"3451 Sierra Vista Ave Unit A","cat":"ADU","approved":"2021-08-23","started":"2021-09-07","done":"2021-12-02","units":1,"zone_group":"single_family","hood":"Sparr Heights","fire":"Moderate","liquefaction":true,"approved_year":2021,"started_year":2021,"done_year":2021,"status":"done"}},{"type":"Feature","geometry":{"type":"Point","coordinates":[-118.230204,34.157746]},"properties":{"id":"BCB2102108","addr":"718 Luring Dr Unit A","cat":"ADU","approved":"2021-06-08","started":"2021-09-23","done":"2023-04-26","units":1,"zone_group":"single_family","hood":"Woodbury","fire":"Very High","approved_year":2021,"started_year":2021,"done_year":2023,"status":"done"}},{"type":"Feature","geometry":{"type":"Point","coordinates":[-118.27934,34.160522]},"properties":{"id":"BCB2114190","addr":"826 Norton Ave Unit Aa","cat":"ADU","approved":"2021-08-13","started":"2021-09-20","done":"2022-10-25","units":1,"zone_group":"single_family","hood":"Pelanconi","approved_year":2021,"started_year":2021,"done_year":2022,"status":"done"}},{"type":"Feature","geometry":{"type":"Point","coordinates":[-118.28742,34.174905]},"properties":{"id":"BCB2100169","addr":"1227 Raymond Ave","cat":"ADU","approved":"2021-10-11","started":"2021-10-15","done":"2023-01-19","units":1,"zone_group":"single_family","hood":"Grandview","approved_year":2021,"started_year":2021,"done_year":2023,"status":"done"}},{"type":"Feature","geometry":{"type":"Point","coordinates":[-118.278592,34.178945]},"properties":{"id":"BCB2101981","addr":"1515 El Miradero Ave","cat":"ADU","approved":"2021-09-29","started":"2021-10-04","done":"2022-09-23","units":1,"zone_group":"single_family","hood":"El Miradero","fire":"Very High","approved_year":2021,"started_year":2021,"done_year":2022,"status":"done"}},{"type":"Feature","geometry":{"type":"Point","coordinates":[-118.301049,34.163559]},"properties":{"id":"BCB2005976","addr":"332 Thompson Ave Unit C","cat":"ADU","approved":"2021-11-18","started":"2021-11-30","done":"2022-05-09","units":1,"zone_group":"multifamily","hood":"Riverside Rancho","liquefaction":true,"approved_year":2021,"started_year":2021,"done_year":2022,"status":"done"}},{"type":"Feature","geometry":{"type":"Point","coordinates":[-118.299056,34.164445]},"properties":{"id":"PADU2103531","addr":"1743 Lake St A","cat":"ADU","approved":"2021-03-23","units":1,"zone_group":"multifamily","hood":"Riverside Rancho","liquefaction":true,"approved_year":2021,"status":"approved"}},{"type":"Feature","geometry":{"type":"Point","coordinates":[-118.223927,34.182717]},"properties":{"id":"PADU2112614","addr":"1840 Fern Ln A","cat":"ADU","approved":"2021-11-24","units":1,"zone_group":"single_family","hood":"Verdugo Woodlands","fire":"Very High","liquefaction":true,"approved_year":2021,"status":"approved"}},{"type":"Feature","geometry":{"type":"Point","coordinates":[-118.215094,34.150851]},"properties":{"id":"PADU2105190","addr":"2276 Hollister Ter","cat":"ADU","approved":"2021-11-05","units":1,"zone_group":"single_family","hood":"Glenoaks Canyon","fire":"Very High","dam":true,"approved_year":2021,"status":"approved"}},{"type":"Feature","geometry":{"type":"Point","coordinates":[-118.269842,34.14953]},"properties":{"id":"PADU2111681","addr":"240 Chester St","cat":"ADU","approved":"2021-12-08","units":1,"zone_group":"multifamily","hood":"Vineyard","approved_year":2021,"status":"approved"}},{"type":"Feature","geometry":{"type":"Point","coordinates":[-118.227905,34.154994]},"properties":{"id":"PADU2110421","addr":"620 Glenmore Blvd","cat":"ADU","approved":"2021-10-15","units":1,"zone_group":"single_family","hood":"Woodbury","fire":"Very High","approved_year":2021,"status":"approved"}},{"type":"Feature","geometry":{"type":"Point","coordinates":[-118.267887,34.152404]},"properties":{"id":"PADU2102045","addr":"625 W Milford St","cat":"ADU","approved":"2021-06-25","units":1,"zone_group":"multifamily","hood":"Vineyard","approved_year":2021,"status":"approved"}},{"type":"Feature","geometry":{"type":"Point","coordinates":[-118.269686,34.164052]},"properties":{"id":"PADU2101355","addr":"628 W Stocker St A","cat":"ADU","approved":"2021-04-16","units":1,"zone_group":"multifamily","hood":"Glenwood","approved_year":2021,"status":"approved"}},{"type":"Feature","geometry":{"type":"Point","coordinates":[-118.287986,34.187024]},"properties":{"id":"BCB2013417","addr":"2095 W Mountain St Unit A","cat":"ADU","approved":"2021-10-11","started":"2021-11-24","units":1,"zone_group":"single_family","hood":"El Miradero","fire":"Very High","approved_year":2021,"started_year":2021,"status":"started"}},{"type":"Feature","geometry":{"type":"Point","coordinates":[-118.249865,34.138119]},"properties":{"id":"BCB2017950","addr":"505 Raleigh St, Unit A","cat":"ADU","approved":"2021-11-04","started":"2021-11-18","done":"2023-02-17","units":1,"zone_group":"multifamily","hood":"Mariposa","approved_year":2021,"started_year":2021,"done_year":2023,"status":"done"}},{"type":"Feature","geometry":{"type":"Point","coordinates":[-118.253905,34.231616]},"properties":{"id":"BCB2100748","addr":"3425 Maryann St","cat":"ADU","approved":"2021-01-12","started":"2021-01-12","done":"2022-11-08","units":1,"zone_group":"single_family","hood":"Crescenta Highlands","approved_year":2021,"started_year":2021,"done_year":2022,"status":"done"}},{"type":"Feature","geometry":{"type":"Point","coordinates":[-118.26869,34.162002]},"properties":{"id":"BCB2112302","addr":"1136 N Kenilworth Ave. Unit A","cat":"ADU","approved":"2021-10-27","started":"2021-11-17","done":"2022-05-27","units":1,"zone_group":"multifamily","hood":"Glenwood","dam":true,"approved_year":2021,"started_year":2021,"done_year":2022,"status":"done"}},{"type":"Feature","geometry":{"type":"Point","coordinates":[-118.260602,34.157349]},"properties":{"id":"BB1919741","addr":"360 Burchett St","cat":"5+ units","approved":"2019-05-20","started":"2021-12-21","done":"2025-07-29","units":6,"zone_group":"multifamily","hood":"Fremont Park","approved_year":2019,"started_year":2021,"done_year":2025,"status":"done"}},{"type":"Feature","geometry":{"type":"Point","coordinates":[-118.291512,34.161325]},"properties":{"id":"BCB2012906","addr":"617 Hazel St","cat":"Single-family home","approved":"2020-06-11","started":"2021-12-08","done":"2023-06-01","units":1,"zone_group":"multifamily","hood":"Grand Central","fire":"Moderate","liquefaction":true,"approved_year":2020,"started_year":2021,"done_year":2023,"status":"done"}},{"type":"Feature","geometry":{"type":"Point","coordinates":[-118.255869,34.242226]},"properties":{"id":"BCB2106462","addr":"3515 Paraiso Way","cat":"ADU","approved":"2021-09-15","started":"2021-12-15","done":"2023-06-30","units":1,"zone_group":"single_family","hood":"Crescenta Highlands","fire":"Very High","approved_year":2021,"started_year":2021,"done_year":2023,"status":"done"}},{"type":"Feature","geometry":{"type":"Point","coordinates":[-118.244764,34.169276]},"properties":{"id":"PDRNRAF2110658","addr":"820 Misty Isle Dr","cat":"Single-family home","approved":"2021-10-28","units":1,"zone_group":"single_family","hood":"Rossmoyne","fire":"Very High","approved_year":2021,"status":"approved"}},{"type":"Feature","geometry":{"type":"Point","coordinates":[-118.262109,34.145811]},"properties":{"id":"PDRNRAF2105036","addr":"426 Ivy St","cat":"2\u20134 units","approved":"2021-06-02","units":4,"zone_group":"multifamily","hood":"Moorpark","approved_year":2021,"status":"approved"}},{"type":"Feature","geometry":{"type":"Point","coordinates":[-118.27852,34.172404]},"properties":{"id":"PADU2109786","addr":"1027 W Kenneth Rd","cat":"ADU","approved":"2021-06-07","units":1,"zone_group":"single_family","hood":"Glenwood","approved_year":2021,"status":"approved"}},{"type":"Feature","geometry":{"type":"Point","coordinates":[-118.284962,34.172376]},"properties":{"id":"PADU2103412","addr":"1211 Justin Ave","cat":"ADU","approved":"2021-12-10","units":1,"zone_group":"single_family","hood":"Grandview","approved_year":2021,"status":"approved"}},{"type":"Feature","geometry":{"type":"Point","coordinates":[-118.286633,34.181601]},"properties":{"id":"PADU2104619","addr":"1407 Lee Dr","cat":"ADU","approved":"2021-08-16","units":1,"zone_group":"single_family","hood":"El Miradero","approved_year":2021,"status":"approved"}},{"type":"Feature","geometry":{"type":"Point","coordinates":[-118.242521,34.130928]},"properties":{"id":"PADU2105866","addr":"1252 Crescent Dr","cat":"ADU","approved":"2021-11-23","units":1,"zone_group":"single_family","hood":"Adams Hill","fire":"Moderate","approved_year":2021,"status":"approved"}},{"type":"Feature","geometry":{"type":"Point","coordinates":[-118.287505,34.179618]},"properties":{"id":"PADU2108278","addr":"1336 Allen Ave","cat":"ADU","approved":"2021-10-04","units":1,"zone_group":"single_family","hood":"El Miradero","approved_year":2021,"status":"approved"}},{"type":"Feature","geometry":{"type":"Point","coordinates":[-118.27323,34.16805]},"properties":{"id":"PADU2106608","addr":"1359 Highland Ave","cat":"ADU","approved":"2021-04-25","units":1,"zone_group":"single_family","hood":"Glenwood","approved_year":2021,"status":"approved"}},{"type":"Feature","geometry":{"type":"Point","coordinates":[-118.225798,34.182236]},"properties":{"id":"PADU2114389","addr":"2411 N Verdugo Rd","cat":"ADU","approved":"2021-10-29","units":1,"zone_group":"single_family","hood":"Verdugo Woodlands","fire":"Very High","liquefaction":true,"approved_year":2021,"status":"approved"}},{"type":"Feature","geometry":{"type":"Point","coordinates":[-118.275731,34.156116]},"properties":{"id":"PADU2101689","addr":"709 Dale Ave A","cat":"ADU","approved":"2021-06-30","units":1,"zone_group":"single_family","hood":"Pelanconi","approved_year":2021,"status":"approved"}},{"type":"Feature","geometry":{"type":"Point","coordinates":[-118.276372,34.1586]},"properties":{"id":"PADU2101150","addr":"900 Patterson Ave","cat":"ADU","approved":"2021-06-14","units":1,"zone_group":"single_family","hood":"Pelanconi","dam":true,"approved_year":2021,"status":"approved"}},{"type":"Feature","geometry":{"type":"Point","coordinates":[-118.251025,34.22195]},"properties":{"id":"PADU2103693","addr":"3305 Honolulu Ave","cat":"ADU","approved":"2021-11-05","units":1,"zone_group":"multifamily","hood":"Crescenta Highlands","fire":"Very High","liquefaction":true,"approved_year":2021,"status":"approved"}},{"type":"Feature","geometry":{"type":"Point","coordinates":[-118.263358,34.169235]},"properties":{"id":"PADU2106679","addr":"358 W Kenneth Rd","cat":"ADU","approved":"2021-11-03","units":1,"zone_group":"single_family","hood":"Verdugo Viejo","fire":"Very High","approved_year":2021,"status":"approved"}},{"type":"Feature","geometry":{"type":"Point","coordinates":[-118.265425,34.150758]},"properties":{"id":"PADU2110367","addr":"516 Myrtle St","cat":"ADU","approved":"2021-12-09","units":1,"zone_group":"multifamily","hood":"Vineyard","approved_year":2021,"status":"approved"}},{"type":"Feature","geometry":{"type":"Point","coordinates":[-118.230204,34.157746]},"properties":{"id":"PADU2102003","addr":"718 Luring Dr","cat":"ADU","approved":"2021-06-08","units":1,"zone_group":"single_family","hood":"Woodbury","fire":"Very High","approved_year":2021,"status":"approved"}},{"type":"Feature","geometry":{"type":"Point","coordinates":[-118.275965,34.16645]},"properties":{"id":"PADU2101639","addr":"929 Glenwood Rd","cat":"ADU","approved":"2021-03-26","units":1,"zone_group":"single_family","hood":"Glenwood","approved_year":2021,"status":"approved"}},{"type":"Feature","geometry":{"type":"Point","coordinates":[-118.243,34.160786]},"properties":{"id":"PADU2106174","addr":"938 E Dryden St","cat":"ADU","approved":"2021-08-20","units":1,"zone_group":"single_family","hood":"Rossmoyne","fire":"Moderate","approved_year":2021,"status":"approved"}},{"type":"Feature","geometry":{"type":"Point","coordinates":[-118.27581,34.156217]},"properties":{"id":"PADU2101899","addr":"715 Dale Ave A","cat":"ADU","approved":"2021-06-30","units":1,"zone_group":"single_family","hood":"Pelanconi","approved_year":2021,"status":"approved"}},{"type":"Feature","geometry":{"type":"Point","coordinates":[-118.240428,34.158329]},"properties":{"id":"PADU2102537","addr":"825 N Glendale Ave","cat":"ADU","approved":"2021-04-02","units":1,"zone_group":"single_family","hood":"Woodbury","fire":"High","liquefaction":true,"approved_year":2021,"status":"approved"}},{"type":"Feature","geometry":{"type":"Point","coordinates":[-118.225601,34.198322]},"properties":{"id":"BSFD-001032-2022","addr":"3251 Vickers Drive, Unit A, Glendale, Ca 91208","cat":"ADU","approved":"2023-08-21","started":"2023-08-31","done":"2024-02-07","units":1,"zone_group":"single_family","hood":"Montecito Park","fire":"Very High","liquefaction":true,"approved_year":2023,"started_year":2023,"done_year":2024,"status":"done"}},{"type":"Feature","geometry":{"type":"Point","coordinates":[-118.28807,34.167859]},"properties":{"id":"PDRNRAF2115117","addr":"1037 Ruberta Ave","cat":"2\u20134 units","approved":"2021-11-18","units":2,"zone_group":"multifamily","hood":"Grandview","approved_year":2021,"status":"approved"}},{"type":"Feature","geometry":{"type":"Point","coordinates":[-118.288279,34.180502]},"properties":{"id":"PADU2105068","addr":"1342 Linden Ave","cat":"ADU","approved":"2021-07-07","units":1,"zone_group":"single_family","hood":"El Miradero","approved_year":2021,"status":"approved"}},{"type":"Feature","geometry":{"type":"Point","coordinates":[-118.276888,34.162967]},"properties":{"id":"PADU2102844","addr":"1121 Norton Ave","cat":"ADU","approved":"2021-06-11","units":1,"zone_group":"single_family","hood":"Glenwood","approved_year":2021,"status":"approved"}},{"type":"Feature","geometry":{"type":"Point","coordinates":[-118.281899,34.181681]},"properties":{"id":"PADU2100968","addr":"1518 Thompson Ave","cat":"ADU","approved":"2021-08-27","units":1,"zone_group":"single_family","hood":"El Miradero","fire":"High","approved_year":2021,"status":"approved"}},{"type":"Feature","geometry":{"type":"Point","coordinates":[-118.249361,34.137115]},"properties":{"id":"BB1527021","addr":"518 E Windsor Rd","cat":"5+ units","approved":"2018-02-14","started":"2018-02-14","done":"2021-04-20","units":34,"zone_group":"multifamily","hood":"Mariposa","approved_year":2018,"started_year":2018,"done_year":2021,"status":"done"}},{"type":"Feature","geometry":{"type":"Point","coordinates":[-118.263047,34.1498]},"properties":{"id":"BCB1829316","addr":"436 W. California Ave. Unit A","cat":"ADU","approved":"2019-01-30","started":"2019-01-30","done":"2021-01-14","units":1,"zone_group":"multifamily","hood":"Vineyard","approved_year":2019,"started_year":2019,"done_year":2021,"status":"done"}},{"type":"Feature","geometry":{"type":"Point","coordinates":[-118.25947,34.161062]},"properties":{"id":"BB1702163","addr":"1029 Melrose Ave.","cat":"5+ units","approved":"2016-10-18","started":"2019-08-15","done":"2023-04-12","units":6,"zone_group":"multifamily","hood":"Verdugo Viejo","dam":true,"approved_year":2016,"started_year":2019,"done_year":2023,"status":"done"}},{"type":"Feature","geometry":{"type":"Point","coordinates":[-118.240794,34.148972]},"properties":{"id":"BCB1812687","addr":"1120 Stanley Ave. Unit A","cat":"ADU","approved":"2019-07-12","started":"2019-07-12","done":"2022-04-11","units":1,"zone_group":"multifamily","hood":"Citrus Grove","approved_year":2019,"started_year":2019,"done_year":2022,"status":"done"}},{"type":"Feature","geometry":{"type":"Point","coordinates":[-118.291092,34.182697]},"properties":{"id":"BCB1906888","addr":"1346 Alameda Ave. Unit A","cat":"ADU","approved":"2019-10-09","started":"2019-10-09","done":"2021-11-24","units":1,"zone_group":"single_family","hood":"El Miradero","approved_year":2019,"started_year":2019,"done_year":2021,"status":"done"}},{"type":"Feature","geometry":{"type":"Point","coordinates":[-118.286743,34.183105]},"properties":{"id":"BCB1726457","addr":"1953 Bellevue Dr.","cat":"Single-family home","approved":"2017-06-22","started":"2019-04-18","done":"2025-09-26","units":1,"zone_group":"single_family","hood":"El Miradero","fire":"Moderate","approved_year":2017,"started_year":2019,"done_year":2025,"status":"done"}},{"type":"Feature","geometry":{"type":"Point","coordinates":[-118.257334,34.171803]},"properties":{"id":"BCB1829975","addr":"1650 Cumberland Ter.","cat":"Single-family home","approved":"2018-08-28","started":"2019-04-22","done":"2022-03-07","units":1,"zone_group":"single_family","hood":"Brockmont","fire":"Very High","approved_year":2018,"started_year":2019,"done_year":2022,"status":"done"}},{"type":"Feature","geometry":{"type":"Point","coordinates":[-118.256602,34.153789]},"properties":{"id":"BB1829904","addr":"521 N. Orange St.","cat":"5+ units","approved":"2017-08-10","started":"2019-04-26","done":"2023-07-18","units":45,"zone_group":"mixed_use","hood":"City Center","approved_year":2017,"started_year":2019,"done_year":2023,"status":"done"}},{"type":"Feature","geometry":{"type":"Point","coordinates":[-118.265534,34.148921]},"properties":{"id":"BCB1810485","addr":"521 Salem St.","cat":"2\u20134 units","approved":"2018-03-21","started":"2019-09-05","done":"2023-03-21","units":1,"zone_group":"multifamily","hood":"Vineyard","approved_year":2018,"started_year":2019,"done_year":2023,"status":"done"}},{"type":"Feature","geometry":{"type":"Point","coordinates":[-118.209294,34.173408]},"properties":{"id":"BCB1904053","addr":"1627 Sheridan Rd., Unit A","cat":"ADU","approved":"2019-02-26","started":"2019-02-26","units":1,"zone_group":"single_family","hood":"Chevy Chase","fire":"Very High","approved_year":2019,"started_year":2019,"status":"started"}},{"type":"Feature","geometry":{"type":"Point","coordinates":[-118.266253,34.153211]},"properties":{"id":"BCB1911059","addr":"537 Alexander St., Unit A","cat":"ADU","approved":"2020-01-03","started":"2020-01-03","done":"2021-04-09","units":1,"zone_group":"multifamily","hood":"Vineyard","approved_year":2020,"started_year":2020,"done_year":2021,"status":"done"}},{"type":"Feature","geometry":{"type":"Point","coordinates":[-118.289679,34.175941]},"properties":{"id":"BCB1915129","addr":"1212 Irving Ave., Unit A","cat":"ADU","approved":"2020-02-14","started":"2020-02-14","done":"2020-07-21","units":1,"zone_group":"single_family","hood":"Grandview","approved_year":2020,"started_year":2020,"done_year":2020,"status":"done"}},{"type":"Feature","geometry":{"type":"Point","coordinates":[-118.228787,34.188662]},"properties":{"id":"BCB1922510","addr":"1704 Sombra Dr.,\nUnit A","cat":"ADU","approved":"2020-02-26","started":"2020-02-26","done":"2022-12-12","units":1,"zone_group":"single_family","hood":"Verdugo Woodlands","fire":"Very High","liquefaction":true,"approved_year":2020,"started_year":2020,"done_year":2022,"status":"done"}},{"type":"Feature","geometry":{"type":"Point","coordinates":[-118.224862,34.177189]},"properties":{"id":"BCB1922757","addr":"1816 Hillside Dr., Unit A","cat":"ADU","approved":"2020-03-06","started":"2020-03-06","done":"2020-11-20","units":1,"zone_group":"single_family","hood":"Verdugo Woodlands","fire":"Very High","liquefaction":true,"approved_year":2020,"started_year":2020,"done_year":2020,"status":"done"}},{"type":"Feature","geometry":{"type":"Point","coordinates":[-118.226653,34.186816]},"properties":{"id":"BCB1922791","addr":"1764 Woodland Ave., Unit A","cat":"ADU","approved":"2020-04-29","started":"2020-04-29","units":1,"zone_group":"single_family","hood":"Verdugo Woodlands","fire":"Very High","liquefaction":true,"dam":true,"approved_year":2020,"started_year":2020,"status":"started"}},{"type":"Feature","geometry":{"type":"Point","coordinates":[-118.266269,34.154042]},"properties":{"id":"BCB1906885","addr":"537 W Doran St Unit A","cat":"ADU","approved":"2020-05-07","started":"2020-05-07","done":"2021-08-20","units":1,"zone_group":"multifamily","hood":"Vineyard","approved_year":2020,"started_year":2020,"done_year":2021,"status":"done"}},{"type":"Feature","geometry":{"type":"Point","coordinates":[-118.252485,34.172604]},"properties":{"id":"BCB1723406","addr":"1819 Deermont Rd","cat":"Single-family home","approved":"2018-03-29","started":"2018-03-29","done":"2021-04-07","units":1,"zone_group":"single_family","hood":"Brockmont","fire":"Very High","approved_year":2018,"started_year":2018,"done_year":2021,"status":"done"}},{"type":"Feature","geometry":{"type":"Point","coordinates":[-118.202974,34.168586]},"properties":{"id":"BCB1815855","addr":"2951 St. Gregory Rd.","cat":"Single-family home","approved":"2017-09-14","started":"2019-07-23","done":"2025-04-21","units":1,"zone_group":"single_family","hood":"Chevy Chase","fire":"Very High","approved_year":2017,"started_year":2019,"done_year":2025,"status":"done"}},{"type":"Feature","geometry":{"type":"Point","coordinates":[-118.230163,34.204271]},"properties":{"id":"BCB1820580","addr":"3540 Buena Vista Ave","cat":"Single-family home","approved":"2018-08-25","started":"2019-11-12","units":1,"zone_group":"single_family","hood":"Sparr Heights","fire":"Moderate","approved_year":2018,"started_year":2019,"status":"started"}},{"type":"Feature","geometry":{"type":"Point","coordinates":[-118.281788,34.176921]},"properties":{"id":"BCB1924746","addr":"1368 Winchester Ave.","cat":"Single-family home","approved":"2020-07-23","started":"2020-07-23","done":"2023-01-30","units":1,"zone_group":"single_family","hood":"El Miradero","fire":"Moderate","approved_year":2020,"started_year":2020,"done_year":2023,"status":"done"}},{"type":"Feature","geometry":{"type":"Point","coordinates":[-118.259531,34.13491]},"properties":{"id":"BCB1925276","addr":"335 W Acacia Ave","cat":"Single-family home","approved":"2020-12-24","started":"2020-12-24","done":"2023-02-08","units":1,"zone_group":"multifamily","hood":"Pacific-Edison","approved_year":2020,"started_year":2020,"done_year":2023,"status":"done"}},{"type":"Feature","geometry":{"type":"Point","coordinates":[-118.267613,34.161684]},"properties":{"id":"BCB1915302","addr":"570 Palm Dr.,\nUnit A","cat":"ADU","approved":"2020-01-02","started":"2020-01-02","done":"2021-08-18","units":1,"zone_group":"multifamily","hood":"Glenwood","dam":true,"approved_year":2020,"started_year":2020,"done_year":2021,"status":"done"}},{"type":"Feature","geometry":{"type":"Point","coordinates":[-118.28831,34.178341]},"properties":{"id":"BCB1916315","addr":"1849 W. Kenneth Rd., Unit A","cat":"ADU","approved":"2020-01-31","started":"2020-01-31","done":"2020-10-15","units":1,"zone_group":"single_family","hood":"El Miradero","approved_year":2020,"started_year":2020,"done_year":2020,"status":"done"}},{"type":"Feature","geometry":{"type":"Point","coordinates":[-118.251272,34.233482]},"properties":{"id":"BCB1910004","addr":"3313 Fairmount Ave., Unit A","cat":"ADU","approved":"2020-02-03","started":"2020-02-03","done":"2023-02-10","units":1,"zone_group":"single_family","hood":"Crescenta Highlands","fire":"Moderate","approved_year":2020,"started_year":2020,"done_year":2023,"status":"done"}},{"type":"Feature","geometry":{"type":"Point","coordinates":[-118.236407,34.193054]},"properties":{"id":"BCB1918125","addr":"1460 Beaudry Blvd., Unit A","cat":"ADU","approved":"2020-02-28","started":"2020-02-28","done":"2020-08-03","units":1,"zone_group":"single_family","hood":"Oakmont","fire":"Very High","liquefaction":true,"approved_year":2020,"started_year":2020,"done_year":2020,"status":"done"}},{"type":"Feature","geometry":{"type":"Point","coordinates":[-118.274439,34.172193]},"properties":{"id":"BCB1903992","addr":"1512 Ben Lomond Dr., Unit A","cat":"ADU","approved":"2020-06-16","started":"2020-06-16","units":1,"zone_group":"single_family","hood":"Glenwood","fire":"Moderate","approved_year":2020,"started_year":2020,"status":"started"}},{"type":"Feature","geometry":{"type":"Point","coordinates":[-118.265626,34.161544]},"properties":{"id":"BCB191649","addr":"522 Palm Dr.,\nUnit A","cat":"ADU","approved":"2020-05-07","started":"2020-05-07","done":"2021-04-02","units":1,"zone_group":"multifamily","hood":"Glenwood","dam":true,"approved_year":2020,"started_year":2020,"done_year":2021,"status":"done"}},{"type":"Feature","geometry":{"type":"Point","coordinates":[-118.228867,34.198372]},"properties":{"id":"BCB1925212","addr":"1801 Glencoe Way Unit A","cat":"ADU","approved":"2020-05-21","started":"2020-05-21","done":"2020-10-05","units":1,"zone_group":"single_family","hood":"Montecito Park","fire":"Very High","liquefaction":true,"approved_year":2020,"started_year":2020,"done_year":2020,"status":"done"}},{"type":"Feature","geometry":{"type":"Point","coordinates":[-118.250815,34.227743]},"properties":{"id":"BCB1910558","addr":"3257 Prospect Ave., Unit A","cat":"ADU","approved":"2020-06-01","started":"2020-06-01","done":"2021-09-13","units":1,"zone_group":"single_family","hood":"Crescenta Highlands","approved_year":2020,"started_year":2020,"done_year":2021,"status":"done"}},{"type":"Feature","geometry":{"type":"Point","coordinates":[-118.237606,34.163081]},"properties":{"id":"BCB1917089","addr":"1241 Moncado Dr.,\nUnit A","cat":"ADU","approved":"2020-07-16","started":"2020-07-16","done":"2021-01-07","units":1,"zone_group":"single_family","hood":"Rossmoyne","fire":"Very High","liquefaction":true,"approved_year":2020,"started_year":2020,"done_year":2021,"status":"done"}},{"type":"Feature","geometry":{"type":"Point","coordinates":[-118.199031,34.175829]},"properties":{"id":"BCB1806437","addr":"3399 E Chevy Chase Dr., Unit A","cat":"ADU","approved":"2020-08-12","started":"2020-08-12","done":"2022-06-27","units":1,"zone_group":"single_family","hood":"Chevy Chase","fire":"Very High","approved_year":2020,"started_year":2020,"done_year":2022,"status":"done"}},{"type":"Feature","geometry":{"type":"Point","coordinates":[-118.234684,34.166475]},"properties":{"id":"BCB1823131","addr":"1444 E Mountain St. Unit A","cat":"ADU","approved":"2020-08-05","started":"2020-08-05","done":"2021-01-20","units":1,"zone_group":"single_family","hood":"Rossmoyne","fire":"Very High","liquefaction":true,"approved_year":2020,"started_year":2020,"done_year":2021,"status":"done"}},{"type":"Feature","geometry":{"type":"Point","coordinates":[-118.274458,34.156065]},"properties":{"id":"BCB2008388","addr":"838 Grange St., Unit A","cat":"ADU","approved":"2020-08-10","started":"2020-08-10","done":"2022-01-27","units":1,"zone_group":"single_family","hood":"Pelanconi","approved_year":2020,"started_year":2020,"done_year":2022,"status":"done"}},{"type":"Feature","geometry":{"type":"Point","coordinates":[-118.277943,34.166184]},"properties":{"id":"BCB2004520","addr":"1246 Idlewood Rd. Unit A","cat":"ADU","approved":"2020-09-14","started":"2020-09-14","done":"2021-05-05","units":1,"zone_group":"single_family","hood":"Glenwood","approved_year":2020,"started_year":2020,"done_year":2021,"status":"done"}},{"type":"Feature","geometry":{"type":"Point","coordinates":[-118.270236,34.156443]},"properties":{"id":"PADU2115545","addr":"705 Patterson Ave","cat":"ADU","approved":"2021-09-02","units":1,"zone_group":"single_family","hood":"Fremont Park","approved_year":2021,"status":"approved"}},{"type":"Feature","geometry":{"type":"Point","coordinates":[-118.263226,34.23251]},"properties":{"id":"BCB2004375","addr":"3844 Mayfield Ave. Unit A","cat":"ADU","approved":"2020-09-25","started":"2020-09-25","done":"2021-03-29","units":1,"zone_group":"single_family","hood":"Crescenta Highlands","fire":"Moderate","approved_year":2020,"started_year":2020,"done_year":2021,"status":"done"}},{"type":"Feature","geometry":{"type":"Point","coordinates":[-118.284069,34.171085]},"properties":{"id":"BCB2007137","addr":"1516 Glenwood Rd., Unit A","cat":"ADU","approved":"2020-09-16","started":"2020-09-16","done":"2022-01-04","units":1,"zone_group":"single_family","hood":"Grandview","approved_year":2020,"started_year":2020,"done_year":2022,"status":"done"}},{"type":"Feature","geometry":{"type":"Point","coordinates":[-118.249352,34.228967]},"properties":{"id":"BCB2008377","addr":"3214 Maryann St., Unit A","cat":"ADU","approved":"2020-09-23","started":"2020-09-23","done":"2021-09-20","units":1,"zone_group":"multifamily","hood":"Crescenta Highlands","approved_year":2020,"started_year":2020,"done_year":2021,"status":"done"}},{"type":"Feature","geometry":{"type":"Point","coordinates":[-118.300953,34.165756]},"properties":{"id":"BCB2006347","addr":"1836 Lake St., Unit Aa - Jadu","cat":"ADU","approved":"2020-10-29","started":"2020-10-29","done":"2021-10-14","units":1,"zone_group":"multifamily","hood":"Riverside Rancho","liquefaction":true,"approved_year":2020,"started_year":2020,"done_year":2021,"status":"done"}},{"type":"Feature","geometry":{"type":"Point","coordinates":[-118.259744,34.137651]},"properties":{"id":"BCB2010393","addr":"342 W Maple St., Unit C","cat":"ADU","approved":"2020-11-19","started":"2020-11-19","done":"2021-08-04","units":1,"zone_group":"multifamily","hood":"Pacific-Edison","approved_year":2020,"started_year":2020,"done_year":2021,"status":"done"}},{"type":"Feature","geometry":{"type":"Point","coordinates":[-118.272637,34.157557]},"properties":{"id":"BCB2012248","addr":"756 Patterson Ave., Unit A","cat":"ADU","approved":"2020-12-24","started":"2020-12-24","done":"2021-05-20","units":1,"zone_group":"single_family","hood":"Pelanconi","approved_year":2020,"started_year":2020,"done_year":2021,"status":"done"}},{"type":"Feature","geometry":{"type":"Point","coordinates":[-118.293041,34.180933]},"properties":{"id":"BCB2018791","addr":"1269 Alameda Ave","cat":"ADU","approved":"2021-01-20","started":"2021-04-26","done":"2021-06-29","units":1,"zone_group":"single_family","hood":"Grandview","approved_year":2021,"started_year":2021,"done_year":2021,"status":"done"}},{"type":"Feature","geometry":{"type":"Point","coordinates":[-118.286656,34.173038]},"properties":{"id":"BCB2020095","addr":"1637 Glenwood Rd Unit A","cat":"ADU","approved":"2021-05-24","started":"2021-05-10","done":"2022-05-05","units":1,"zone_group":"single_family","hood":"Grandview","approved_year":2021,"started_year":2021,"done_year":2022,"status":"done"}},{"type":"Feature","geometry":{"type":"Point","coordinates":[-118.303251,34.161527]},"properties":{"id":"BCB1922260","addr":"221 Thompson Ave., Unit A","cat":"ADU","approved":"2020-06-25","started":"2020-06-25","done":"2021-06-25","units":1,"zone_group":"single_family","hood":"Riverside Rancho","fire":"Moderate","liquefaction":true,"approved_year":2020,"started_year":2020,"done_year":2021,"status":"done"}},{"type":"Feature","geometry":{"type":"Point","coordinates":[-118.26906,34.15161]},"properties":{"id":"BCB1921926","addr":"653 W. Lexington Dr., Unit A","cat":"ADU","approved":"2020-07-15","started":"2020-07-15","done":"2021-06-08","units":1,"zone_group":"multifamily","hood":"Vineyard","approved_year":2020,"started_year":2020,"done_year":2021,"status":"done"}},{"type":"Feature","geometry":{"type":"Point","coordinates":[-118.273363,34.167591]},"properties":{"id":"BCB1925873","addr":"1345 Highland Ave., Unit A","cat":"ADU","approved":"2020-07-02","started":"2020-07-02","done":"2023-04-24","units":1,"zone_group":"single_family","hood":"Glenwood","approved_year":2020,"started_year":2020,"done_year":2023,"status":"done"}},{"type":"Feature","geometry":{"type":"Point","coordinates":[-118.249317,34.169863]},"properties":{"id":"BCB2004689","addr":"1546 Campbell St. Jadu","cat":"ADU","approved":"2020-07-27","started":"2020-07-27","done":"2021-04-29","units":1,"zone_group":"single_family","hood":"Rossmoyne","fire":"Very High","approved_year":2020,"started_year":2020,"done_year":2021,"status":"done"}},{"type":"Feature","geometry":{"type":"Point","coordinates":[-118.293644,34.180286]},"properties":{"id":"BCB2006008","addr":"1244 Alameda Ave., Unit A","cat":"ADU","approved":"2020-07-16","started":"2020-07-16","done":"2021-12-28","units":1,"zone_group":"single_family","hood":"Grandview","approved_year":2020,"started_year":2020,"done_year":2021,"status":"done"}},{"type":"Feature","geometry":{"type":"Point","coordinates":[-118.275626,34.158332]},"properties":{"id":"BCB1924814","addr":"848 Patterson Ave. Unit A","cat":"ADU","approved":"2020-08-20","started":"2020-08-20","done":"2021-05-26","units":1,"zone_group":"single_family","hood":"Pelanconi","dam":true,"approved_year":2020,"started_year":2020,"done_year":2021,"status":"done"}},{"type":"Feature","geometry":{"type":"Point","coordinates":[-118.282648,34.17612]},"properties":{"id":"BCB1924619","addr":"1336 Winchester Ave., Unit A","cat":"ADU","approved":"2020-09-21","started":"2020-09-21","done":"2021-04-26","units":1,"zone_group":"single_family","hood":"El Miradero","fire":"Moderate","approved_year":2020,"started_year":2020,"done_year":2021,"status":"done"}},{"type":"Feature","geometry":{"type":"Point","coordinates":[-118.280871,34.177004]},"properties":{"id":"BCB2003170","addr":"1611 Bel Aire Dr., Unit Aa - Jadu","cat":"ADU","approved":"2020-09-24","started":"2020-09-24","done":"2022-04-30","units":1,"zone_group":"single_family","hood":"El Miradero","fire":"High","approved_year":2020,"started_year":2020,"done_year":2022,"status":"done"}},{"type":"Feature","geometry":{"type":"Point","coordinates":[-118.235714,34.182834]},"properties":{"id":"BCB1922512","addr":"1420 El Rito Ave., Unit A","cat":"ADU","approved":"2020-11-16","started":"2020-11-16","done":"2023-01-06","units":1,"zone_group":"single_family","hood":"Verdugo Woodlands","fire":"Very High","liquefaction":true,"approved_year":2020,"started_year":2020,"done_year":2023,"status":"done"}},{"type":"Feature","geometry":{"type":"Point","coordinates":[-118.240966,34.149029]},"properties":{"id":"BCB2011606","addr":"1119 Stanley Ave. Unit Aa","cat":"ADU","approved":"2020-11-23","started":"2020-11-23","done":"2021-02-25","units":1,"zone_group":"multifamily","hood":"Citrus Grove","approved_year":2020,"started_year":2020,"done_year":2021,"status":"done"}},{"type":"Feature","geometry":{"type":"Point","coordinates":[-118.24484,34.172051]},"properties":{"id":"BCB2009760","addr":"1710 Thorncrest Dr., Unit A","cat":"ADU","approved":"2020-12-22","started":"2020-12-22","done":"2021-09-07","units":1,"zone_group":"single_family","hood":"Greenbriar","fire":"Very High","approved_year":2020,"started_year":2020,"done_year":2021,"status":"done"}},{"type":"Feature","geometry":{"type":"Point","coordinates":[-118.271033,34.162683]},"properties":{"id":"BCB2010438","addr":"708 South St., Unit A","cat":"ADU","approved":"2020-12-22","started":"2020-12-22","units":1,"zone_group":"single_family","hood":"Glenwood","dam":true,"approved_year":2020,"started_year":2020,"status":"started"}},{"type":"Feature","geometry":{"type":"Point","coordinates":[-118.224754,34.172926]},"properties":{"id":"BCB2019380","addr":"1840 Sherer Ln Unit A","cat":"ADU","approved":"2020-12-23","started":"2020-12-23","done":"2021-10-07","units":1,"zone_group":"single_family","hood":"Verdugo Woodlands","fire":"Very High","liquefaction":true,"approved_year":2020,"started_year":2020,"done_year":2021,"status":"done"}},{"type":"Feature","geometry":{"type":"Point","coordinates":[-118.260608,34.149829]},"properties":{"id":"BB1611697","addr":"364 W. California","cat":"5+ units","approved":"2015-12-22","started":"2017-12-15","done":"2021-03-31","units":5,"zone_group":"multifamily","hood":"Vineyard","approved_year":2015,"started_year":2017,"done_year":2021,"status":"done"}},{"type":"Feature","geometry":{"type":"Point","coordinates":[-118.289495,34.17619]},"properties":{"id":"BCB1913603","addr":"1221 Irving, Unit A","cat":"ADU","approved":"2019-09-18","started":"2019-09-18","done":"2021-01-12","units":1,"zone_group":"single_family","hood":"Grandview","approved_year":2019,"started_year":2019,"done_year":2021,"status":"done"}},{"type":"Feature","geometry":{"type":"Point","coordinates":[-118.280023,34.176397]},"properties":{"id":"BCB1921221","addr":"1549 Bel Aire Dr Unit A","cat":"ADU","approved":"2020-12-23","started":"2021-02-03","done":"2023-07-17","units":1,"zone_group":"single_family","hood":"El Miradero","fire":"High","approved_year":2020,"started_year":2021,"done_year":2023,"status":"done"}},{"type":"Feature","geometry":{"type":"Point","coordinates":[-118.273467,34.16723]},"properties":{"id":"BCB2012836","addr":"1335 Highland Ave","cat":"ADU","approved":"2020-12-21","started":"2021-02-03","done":"2021-11-19","units":1,"zone_group":"single_family","hood":"Glenwood","approved_year":2020,"started_year":2021,"done_year":2021,"status":"done"}},{"type":"Feature","geometry":{"type":"Point","coordinates":[-118.207112,34.14982]},"properties":{"id":"BCB1815266","addr":"265 Edwards Pl","cat":"Single-family home","approved":"2018-01-11","started":"2021-03-17","units":1,"zone_group":"single_family","hood":"Glenoaks Canyon","fire":"Very High","approved_year":2018,"started_year":2021,"status":"started"}},{"type":"Feature","geometry":{"type":"Point","coordinates":[-118.252117,34.229393]},"properties":{"id":"BCB2010301","addr":"3336 Community Ave, Unit A","cat":"ADU","approved":"2021-01-06","started":"2021-03-11","done":"2021-10-07","units":1,"zone_group":"single_family","hood":"Crescenta Highlands","approved_year":2021,"started_year":2021,"done_year":2021,"status":"done"}},{"type":"Feature","geometry":{"type":"Point","coordinates":[-118.256372,34.130945]},"properties":{"id":"BCB2015070","addr":"1234 S Orange St Unit A","cat":"ADU","approved":"2021-04-28","started":"2021-03-22","done":"2022-07-11","units":1,"zone_group":"multifamily","hood":"Tropico","approved_year":2021,"started_year":2021,"done_year":2022,"status":"done"}},{"type":"Feature","geometry":{"type":"Point","coordinates":[-118.218233,34.171803]},"properties":{"id":"BCB2016855","addr":"1950 Crestshire Dr Unit A","cat":"ADU","approved":"2020-12-22","started":"2021-03-09","done":"2022-01-04","units":1,"zone_group":"single_family","hood":"Verdugo Woodlands","fire":"Very High","approved_year":2020,"started_year":2021,"done_year":2022,"status":"done"}},{"type":"Feature","geometry":{"type":"Point","coordinates":[-118.279337,34.167995]},"properties":{"id":"BCB2006630","addr":"1320 Bruce Ave Unit A","cat":"ADU","approved":"2020-10-26","started":"2021-04-14","done":"2022-12-22","units":1,"zone_group":"single_family","hood":"Glenwood","approved_year":2020,"started_year":2021,"done_year":2022,"status":"done"}},{"type":"Feature","geometry":{"type":"Point","coordinates":[-118.260729,34.15165]},"properties":{"id":"BCB2009496","addr":"364 W Lexington Dr Unit A","cat":"ADU","approved":"2020-10-15","started":"2021-04-21","done":"2023-01-18","units":1,"zone_group":"multifamily","hood":"Vineyard","approved_year":2020,"started_year":2021,"done_year":2023,"status":"done"}},{"type":"Feature","geometry":{"type":"Point","coordinates":[-118.267785,34.145015]},"properties":{"id":"BCB2012402","addr":"625 Hawthorne St Unit A","cat":"ADU","approved":"2021-04-01","started":"2021-04-02","done":"2021-11-12","units":1,"zone_group":"multifamily","hood":"Moorpark","approved_year":2021,"started_year":2021,"done_year":2021,"status":"done"}},{"type":"Feature","geometry":{"type":"Point","coordinates":[-118.290128,34.182073]},"properties":{"id":"BCB2014941","addr":"1351 Spazier Ave, Unit A","cat":"ADU","approved":"2020-11-20","started":"2021-04-29","done":"2021-08-27","units":1,"zone_group":"single_family","hood":"El Miradero","approved_year":2020,"started_year":2021,"done_year":2021,"status":"done"}},{"type":"Feature","geometry":{"type":"Point","coordinates":[-118.268841,34.158086]},"properties":{"id":"BCB2019704","addr":"924 Beulah St Unit A","cat":"ADU","approved":"2021-03-11","started":"2021-04-15","done":"2021-07-26","units":1,"zone_group":"single_family","hood":"Fremont Park","approved_year":2021,"started_year":2021,"done_year":2021,"status":"done"}},{"type":"Feature","geometry":{"type":"Point","coordinates":[-118.277346,34.175945]},"properties":{"id":"BCB2102033","addr":"1026 Cumberland Rd Unit Aa","cat":"ADU","approved":"2021-04-08","started":"2021-04-22","done":"2021-05-25","units":1,"zone_group":"single_family","hood":"Glenwood","fire":"Very High","approved_year":2021,"started_year":2021,"done_year":2021,"status":"done"}},{"type":"Feature","geometry":{"type":"Point","coordinates":[-118.234881,34.140539]},"properties":{"id":"BCB1802688","addr":"504 Griswold St","cat":"Single-family home","approved":"2017-03-02","started":"2021-06-02","units":1,"zone_group":"multifamily","hood":"Somerset","approved_year":2017,"started_year":2021,"status":"started"}},{"type":"Feature","geometry":{"type":"Point","coordinates":[-118.230064,34.175501]},"properties":{"id":"BCB2001438","addr":"1641 Fernbrook, Unit Aa","cat":"ADU","approved":"2020-07-14","started":"2021-02-10","done":"2021-08-11","units":1,"zone_group":"single_family","hood":"Verdugo Woodlands","fire":"Very High","liquefaction":true,"approved_year":2020,"started_year":2021,"done_year":2021,"status":"done"}},{"type":"Feature","geometry":{"type":"Point","coordinates":[-118.231134,34.1784]},"properties":{"id":"BCB2007900","addr":"1613 Wabasso, Unit Aa","cat":"ADU","approved":"2020-08-18","started":"2020-08-27","done":"2021-04-05","units":1,"zone_group":"single_family","hood":"Verdugo Woodlands","fire":"Very High","liquefaction":true,"approved_year":2020,"started_year":2020,"done_year":2021,"status":"done"}},{"type":"Feature","geometry":{"type":"Point","coordinates":[-118.242037,34.138064]},"properties":{"id":"BCB2005670","addr":"1020 Raleigh St Unit A","cat":"ADU","approved":"2020-11-23","started":"2021-01-12","done":"2021-12-06","units":1,"zone_group":"multifamily","hood":"Mariposa","approved_year":2020,"started_year":2021,"done_year":2021,"status":"done"}},{"type":"Feature","geometry":{"type":"Point","coordinates":[-118.230904,34.139002]},"properties":{"id":"BCB2014166","addr":"1512 E Maple St Unit A","cat":"ADU","approved":"2020-11-24","started":"2021-01-06","done":"2023-05-25","units":1,"zone_group":"multifamily","hood":"Somerset","fire":"Very High","approved_year":2020,"started_year":2021,"done_year":2023,"status":"done"}},{"type":"Feature","geometry":{"type":"Point","coordinates":[-118.251368,34.230054]},"properties":{"id":"BCB2011512","addr":"3315 Mary St, Unit Aa","cat":"ADU","approved":"2020-11-25","started":"2021-02-12","done":"2022-06-01","units":1,"zone_group":"single_family","hood":"Crescenta Highlands","approved_year":2020,"started_year":2021,"done_year":2022,"status":"done"}},{"type":"Feature","geometry":{"type":"Point","coordinates":[-118.237018,34.153339]},"properties":{"id":"BCB2005215","addr":"508 N Verdugo Rd Unit A","cat":"ADU","approved":"2021-02-25","started":"2021-04-14","done":"2023-06-29","units":1,"zone_group":"single_family","hood":"Woodbury","fire":"Moderate","liquefaction":true,"approved_year":2021,"started_year":2021,"done_year":2023,"status":"done"}},{"type":"Feature","geometry":{"type":"Point","coordinates":[-118.240824,34.209014]},"properties":{"id":"BCB2009144","addr":"3618 Glenwood Ave Unit A","cat":"ADU","approved":"2020-09-17","started":"2021-04-29","done":"2021-11-09","units":1,"zone_group":"single_family","hood":"Montrose","fire":"Very High","liquefaction":true,"approved_year":2020,"started_year":2021,"done_year":2021,"status":"done"}},{"type":"Feature","geometry":{"type":"Point","coordinates":[-118.258522,34.23159]},"properties":{"id":"BCB2019160","addr":"3650 Altura Ave Unit A","cat":"ADU","approved":"2021-03-25","started":"2021-04-07","done":"2022-02-08","units":1,"zone_group":"single_family","hood":"Crescenta Highlands","fire":"Moderate","approved_year":2021,"started_year":2021,"done_year":2022,"status":"done"}},{"type":"Feature","geometry":{"type":"Point","coordinates":[-118.28041,34.163552]},"properties":{"id":"BCB1920460","addr":"916 Cleveland Rd Unit A","cat":"ADU","approved":"2021-04-28","started":"2021-05-05","done":"2022-04-11","units":1,"zone_group":"single_family","hood":"Pelanconi","approved_year":2021,"started_year":2021,"done_year":2022,"status":"done"}},{"type":"Feature","geometry":{"type":"Point","coordinates":[-118.227843,34.178421]},"properties":{"id":"BCB2017456","addr":"1721 Wabasso Way Unit A","cat":"ADU","approved":"2020-12-30","started":"2021-05-03","done":"2021-06-07","units":1,"zone_group":"single_family","hood":"Verdugo Woodlands","fire":"Very High","liquefaction":true,"approved_year":2020,"started_year":2021,"done_year":2021,"status":"done"}},{"type":"Feature","geometry":{"type":"Point","coordinates":[-118.294444,34.176367]},"properties":{"id":"BCB2017524","addr":"1135 Elm Ave Unit Aa","cat":"ADU","approved":"2021-05-05","started":"2021-05-05","done":"2021-11-03","units":1,"zone_group":"multifamily","hood":"Grandview","approved_year":2021,"started_year":2021,"done_year":2021,"status":"done"}},{"type":"Feature","geometry":{"type":"Point","coordinates":[-118.277173,34.168406]},"properties":{"id":"BCB2018558","addr":"1347 Idlewood Rd Unit A","cat":"ADU","approved":"2021-05-18","started":"2021-05-18","done":"2023-04-18","units":1,"zone_group":"single_family","hood":"Glenwood","approved_year":2021,"started_year":2021,"done_year":2023,"status":"done"}},{"type":"Feature","geometry":{"type":"Point","coordinates":[-118.277173,34.168406]},"properties":{"id":"BCB2018564","addr":"1347 Idlewood Rd Unit Aa","cat":"ADU","approved":"2021-04-06","started":"2021-05-18","done":"2023-04-18","units":1,"zone_group":"single_family","hood":"Glenwood","approved_year":2021,"started_year":2021,"done_year":2023,"status":"done"}},{"type":"Feature","geometry":{"type":"Point","coordinates":[-118.269825,34.161714]},"properties":{"id":"BCB2006754","addr":"630 Palm Dr Unit A","cat":"ADU","approved":"2021-07-27","started":"2021-06-10","done":"2023-06-14","units":1,"zone_group":"multifamily","hood":"Glenwood","dam":true,"approved_year":2021,"started_year":2021,"done_year":2023,"status":"done"}},{"type":"Feature","geometry":{"type":"Point","coordinates":[-118.238692,34.152721]},"properties":{"id":"BCB2018542","addr":"500 Galer Pl Unit A","cat":"ADU","approved":"2021-04-28","started":"2021-06-14","done":"2022-03-15","units":1,"zone_group":"single_family","hood":"Citrus Grove","approved_year":2021,"started_year":2021,"done_year":2022,"status":"done"}},{"type":"Feature","geometry":{"type":"Point","coordinates":[-118.23728,34.163667]},"properties":{"id":"BCB2004444","addr":"1204 Don Jose Dr","cat":"ADU","approved":"2021-06-14","started":"2021-07-01","done":"2024-02-01","units":1,"zone_group":"single_family","hood":"Rossmoyne","fire":"Very High","liquefaction":true,"approved_year":2021,"started_year":2021,"done_year":2024,"status":"done"}},{"type":"Feature","geometry":{"type":"Point","coordinates":[-118.285539,34.176259]},"properties":{"id":"BCB2014287","addr":"1718 W Kenneth Rd","cat":"ADU","approved":"2021-04-26","started":"2021-07-09","done":"2022-05-09","units":1,"zone_group":"single_family","hood":"El Miradero","approved_year":2021,"started_year":2021,"done_year":2022,"status":"done"}},{"type":"Feature","geometry":{"type":"Point","coordinates":[-118.230227,34.204111]},"properties":{"id":"BCB2017332","addr":"3537 Buena Vista Ave Unit A","cat":"ADU","approved":"2021-04-13","started":"2021-07-30","done":"2024-04-12","units":1,"zone_group":"single_family","hood":"Sparr Heights","fire":"Moderate","approved_year":2021,"started_year":2021,"done_year":2024,"status":"done"}},{"type":"Feature","geometry":{"type":"Point","coordinates":[-118.26258,34.167015]},"properties":{"id":"BCB2018858","addr":"1375 N Columbus Ave Unit A","cat":"ADU","approved":"2021-04-12","started":"2021-07-29","done":"2022-09-13","units":1,"zone_group":"single_family","hood":"Verdugo Viejo","fire":"High","approved_year":2021,"started_year":2021,"done_year":2022,"status":"done"}},{"type":"Feature","geometry":{"type":"Point","coordinates":[-118.194302,34.172761]},"properties":{"id":"BCB1831255","addr":"3440 Linda Vista Rd","cat":"Single-family home","approved":"2021-05-13","started":"2021-05-17","done":"2024-12-30","units":1,"zone_group":"single_family","hood":"Chevy Chase","fire":"Very High","approved_year":2021,"started_year":2021,"done_year":2024,"status":"done"}},{"type":"Feature","geometry":{"type":"Point","coordinates":[-118.280374,34.1751]},"properties":{"id":"BCB1918342","addr":"1353 Ruberta Ave Unit A","cat":"ADU","approved":"2021-02-11","started":"2021-05-19","units":1,"zone_group":"single_family","hood":"El Miradero","fire":"Moderate","approved_year":2021,"started_year":2021,"status":"started"}},{"type":"Feature","geometry":{"type":"Point","coordinates":[-118.274564,34.16138]},"properties":{"id":"BCB2006504","addr":"1011 Highland Ave Unit A","cat":"ADU","approved":"2020-04-19","started":"2021-05-05","done":"2024-06-04","units":1,"zone_group":"single_family","hood":"Glenwood","dam":true,"approved_year":2020,"started_year":2021,"done_year":2024,"status":"done"}},{"type":"Feature","geometry":{"type":"Point","coordinates":[-118.242849,34.173395]},"properties":{"id":"BCB2011747","addr":"1734 Royal Blvd Unit A","cat":"ADU","approved":"2021-05-10","started":"2021-05-25","done":"2021-11-01","units":1,"zone_group":"single_family","hood":"Greenbriar","fire":"Very High","approved_year":2021,"started_year":2021,"done_year":2021,"status":"done"}},{"type":"Feature","geometry":{"type":"Point","coordinates":[-118.265449,34.154046]},"properties":{"id":"BCB2013236","addr":"517 W Doran St Unit B","cat":"ADU","approved":"2021-03-26","started":"2021-05-21","done":"2025-08-26","units":1,"zone_group":"multifamily","hood":"Vineyard","approved_year":2021,"started_year":2021,"done_year":2025,"status":"done"}},{"type":"Feature","geometry":{"type":"Point","coordinates":[-118.303502,34.159632]},"properties":{"id":"BCB2013658","addr":"1728 Riverside Dr","cat":"Single-family home","approved":"2020-06-25","started":"2021-05-26","done":"2023-03-03","units":1,"zone_group":"single_family","hood":"Riverside Rancho","fire":"High","liquefaction":true,"approved_year":2020,"started_year":2021,"done_year":2023,"status":"done"}},{"type":"Feature","geometry":{"type":"Point","coordinates":[-118.265426,34.15161]},"properties":{"id":"BCB1914002","addr":"517 W Lexington Dr","cat":"ADU","approved":"2021-03-30","started":"2021-06-07","done":"2022-07-22","units":1,"zone_group":"multifamily","hood":"Vineyard","approved_year":2021,"started_year":2021,"done_year":2022,"status":"done"}},{"type":"Feature","geometry":{"type":"Point","coordinates":[-118.259077,34.15081]},"properties":{"id":"BB1619864","addr":"325 W Myrtle St","cat":"5+ units","approved":"2018-02-23","started":"2018-02-23","done":"2022-04-27","units":10,"zone_group":"multifamily","hood":"Vineyard","approved_year":2018,"started_year":2018,"done_year":2022,"status":"done"}},{"type":"Feature","geometry":{"type":"Point","coordinates":[-118.265386,34.148894]},"properties":{"id":"BB1800561","addr":"348-350 Salem St.","cat":"5+ units","approved":"2017-08-10","started":"2019-06-11","done":"2021-10-01","units":12,"zone_group":"multifamily","hood":"Vineyard","approved_year":2017,"started_year":2019,"done_year":2021,"status":"done"}},{"type":"Feature","geometry":{"type":"Point","coordinates":[-118.25808,34.164287]},"properties":{"id":"BB1827561","addr":"1212 Viola","cat":"5+ units","approved":"2018-06-21","started":"2019-08-07","done":"2022-12-07","units":6,"zone_group":"multifamily","hood":"Verdugo Viejo","fire":"High","dam":true,"approved_year":2018,"started_year":2019,"done_year":2022,"status":"done"}},{"type":"Feature","geometry":{"type":"Point","coordinates":[-118.270947,34.148885]},"properties":{"id":"BCB1816794","addr":"723 Salem St. Unit A","cat":"ADU","approved":"2019-07-19","started":"2019-07-19","done":"2022-03-24","units":1,"zone_group":"multifamily","hood":"Vineyard","approved_year":2019,"started_year":2019,"done_year":2022,"status":"done"}},{"type":"Feature","geometry":{"type":"Point","coordinates":[-118.240512,34.14061]},"properties":{"id":"BCB1821488","addr":"1129 E. Lomita Ave Unit A","cat":"ADU","approved":"2019-07-16","started":"2019-07-16","done":"2021-12-06","units":1,"zone_group":"multifamily","hood":"Mariposa","approved_year":2019,"started_year":2019,"done_year":2021,"status":"done"}},{"type":"Feature","geometry":{"type":"Point","coordinates":[-118.291069,34.177936]},"properties":{"id":"BCB1816773","addr":"1237 Linden Ave","cat":"Single-family home","approved":"2018-04-26","started":"2019-01-08","done":"2023-07-17","units":1,"zone_group":"single_family","hood":"Grandview","approved_year":2018,"started_year":2019,"done_year":2023,"status":"done"}},{"type":"Feature","geometry":{"type":"Point","coordinates":[-118.265313,34.165043]},"properties":{"id":"BCB1915888","addr":"1316 N. Pacific Ave., Unit A","cat":"ADU","approved":"2020-01-06","started":"2020-01-06","done":"2021-02-03","units":1,"zone_group":"single_family","hood":"Verdugo Viejo","approved_year":2020,"started_year":2020,"done_year":2021,"status":"done"}},{"type":"Feature","geometry":{"type":"Point","coordinates":[-118.291894,34.170675]},"properties":{"id":"BCB1919688","addr":"1039 Raymond Ave., Unit A","cat":"ADU","approved":"2020-01-16","started":"2020-01-16","done":"2020-10-23","units":1,"zone_group":"multifamily","hood":"Grandview","approved_year":2020,"started_year":2020,"done_year":2020,"status":"done"}},{"type":"Feature","geometry":{"type":"Point","coordinates":[-118.265925,34.167812]},"properties":{"id":"BCB1908429","addr":"1430 N. Pacific Ave., Unit A","cat":"ADU","approved":"2020-02-06","started":"2020-02-06","done":"2020-03-06","units":1,"zone_group":"single_family","hood":"Verdugo Viejo","fire":"Moderate","approved_year":2020,"started_year":2020,"done_year":2020,"status":"done"}},{"type":"Feature","geometry":{"type":"Point","coordinates":[-118.273672,34.161587]},"properties":{"id":"BCB1909026","addr":"813 W Dryden St., Unit A","cat":"ADU","approved":"2020-02-21","started":"2020-02-21","done":"2020-07-29","units":1,"zone_group":"single_family","hood":"Glenwood","dam":true,"approved_year":2020,"started_year":2020,"done_year":2020,"status":"done"}},{"type":"Feature","geometry":{"type":"Point","coordinates":[-118.250153,34.13211]},"properties":{"id":"BCB2007936","addr":"1210 Mariposa St","cat":"Single-family home","approved":"2021-03-04","started":"2021-09-20","done":"2022-12-27","units":1,"zone_group":"multifamily","hood":"Adams Hill","approved_year":2021,"started_year":2021,"done_year":2022,"status":"done"}},{"type":"Feature","geometry":{"type":"Point","coordinates":[-118.293503,34.161106]},"properties":{"id":"BCB2010784","addr":"515 Sonora Ave Unit B","cat":"ADU","approved":"2021-03-29","started":"2021-09-09","done":"2022-08-05","units":1,"zone_group":"multifamily","hood":"Riverside Rancho","fire":"High","liquefaction":true,"approved_year":2021,"started_year":2021,"done_year":2022,"status":"done"}},{"type":"Feature","geometry":{"type":"Point","coordinates":[-118.27934,34.160522]},"properties":{"id":"BCB2013649","addr":"826 Norton Ave Unit A","cat":"ADU","approved":"2021-04-16","started":"2021-09-20","units":1,"zone_group":"single_family","hood":"Pelanconi","approved_year":2021,"started_year":2021,"status":"started"}},{"type":"Feature","geometry":{"type":"Point","coordinates":[-118.23352,34.20133]},"properties":{"id":"BCB2016476","addr":"3423 Sierra Vista Ave Unit Aa","cat":"ADU","approved":"2021-06-17","started":"2021-09-17","done":"2023-03-02","units":1,"zone_group":"single_family","hood":"Sparr Heights","fire":"Moderate","liquefaction":true,"approved_year":2021,"started_year":2021,"done_year":2023,"status":"done"}},{"type":"Feature","geometry":{"type":"Point","coordinates":[-118.276888,34.162967]},"properties":{"id":"BCB2103080","addr":"1121 Norton Ave Unit A","cat":"ADU","approved":"2021-03-17","started":"2021-09-14","done":"2022-06-28","units":1,"zone_group":"single_family","hood":"Glenwood","approved_year":2021,"started_year":2021,"done_year":2022,"status":"done"}},{"type":"Feature","geometry":{"type":"Point","coordinates":[-118.276385,34.168016]},"properties":{"id":"BCB2106081","addr":"1336 Graynold Ave Unit A","cat":"ADU","approved":"2021-08-02","started":"2021-09-28","done":"2023-01-05","units":1,"zone_group":"single_family","hood":"Glenwood","approved_year":2021,"started_year":2021,"done_year":2023,"status":"done"}},{"type":"Feature","geometry":{"type":"Point","coordinates":[-118.243,34.160786]},"properties":{"id":"BCB2106308","addr":"938 E Dryden St, Unit A","cat":"ADU","approved":"2021-08-20","started":"2021-11-04","done":"2022-10-26","units":1,"zone_group":"single_family","hood":"Rossmoyne","fire":"Moderate","approved_year":2021,"started_year":2021,"done_year":2022,"status":"done"}},{"type":"Feature","geometry":{"type":"Point","coordinates":[-118.226008,34.181832]},"properties":{"id":"BCB2107103","addr":"1765 Brook Ln, Unit A","cat":"ADU","approved":"2021-09-29","started":"2021-11-03","done":"2022-07-21","units":1,"zone_group":"single_family","hood":"Verdugo Woodlands","fire":"Very High","liquefaction":true,"approved_year":2021,"started_year":2021,"done_year":2022,"status":"done"}},{"type":"Feature","geometry":{"type":"Point","coordinates":[-118.270236,34.156443]},"properties":{"id":"BCB2111184","addr":"705 Patterson Ave","cat":"ADU","approved":"2021-09-02","started":"2022-01-05","done":"2023-01-13","units":1,"zone_group":"single_family","hood":"Fremont Park","approved_year":2021,"started_year":2022,"done_year":2023,"status":"done"}},{"type":"Feature","geometry":{"type":"Point","coordinates":[-118.266911,34.171929]},"properties":{"id":"BCB2108388","addr":"1560 Ridgeway Dr","cat":"ADU","approved":"2021-09-07","started":"2022-01-12","done":"2023-03-23","units":1,"zone_group":"single_family","hood":"Glenwood","fire":"High","approved_year":2021,"started_year":2022,"done_year":2023,"status":"done"}},{"type":"Feature","geometry":{"type":"Point","coordinates":[-118.261806,34.234292]},"properties":{"id":"BCB2110110","addr":"4329 Boston Ave Unit A","cat":"ADU","approved":"2022-03-09","started":"2022-06-30","done":"2023-02-28","units":1,"zone_group":"single_family","hood":"Crescenta Highlands","approved_year":2022,"started_year":2022,"done_year":2023,"status":"done"}},{"type":"Feature","geometry":{"type":"Point","coordinates":[-118.275928,34.158699]},"properties":{"id":"BCB2200377 PADU2118433","addr":"830 Highland Ave Unit A (Also Known As 826 Highand)","cat":"ADU","approved":"2022-07-22","started":"2022-07-22","done":"2024-02-15","units":1,"zone_group":"single_family","hood":"Pelanconi","dam":true,"approved_year":2022,"started_year":2022,"done_year":2024,"status":"done"}},{"type":"Feature","geometry":{"type":"Point","coordinates":[-118.258938,34.140815]},"properties":{"id":"BCB2202027","addr":"320 Vine St, Unit A","cat":"ADU","approved":"2022-06-06","started":"2022-07-26","done":"2023-08-14","units":1,"zone_group":"multifamily","hood":"Pacific-Edison","approved_year":2022,"started_year":2022,"done_year":2023,"status":"done"}},{"type":"Feature","geometry":{"type":"Point","coordinates":[-118.266951,34.145021]},"properties":{"id":"BCB2106827","addr":"605 Hawthorne St","cat":"ADU","approved":"2022-04-08","started":"2022-07-28","units":1,"zone_group":"multifamily","hood":"Moorpark","approved_year":2022,"started_year":2022,"status":"started"}},{"type":"Feature","geometry":{"type":"Point","coordinates":[-118.26139,34.234704]},"properties":{"id":"BCB2120837","addr":"3750 4Th Ave, Unit A","cat":"ADU","approved":"2022-06-01","started":"2022-08-22","done":"2023-05-12","units":1,"zone_group":"single_family","hood":"Crescenta Highlands","approved_year":2022,"started_year":2022,"done_year":2023,"status":"done"}},{"type":"Feature","geometry":{"type":"Point","coordinates":[-118.253006,34.239032]},"properties":{"id":"BCB2204388","addr":"4835 New York Avenue Unit: Unit A","cat":"ADU","approved":"2022-07-25","started":"2022-09-02","done":"2023-05-02","units":1,"zone_group":"single_family","hood":"Crescenta Highlands","fire":"High","approved_year":2022,"started_year":2022,"done_year":2023,"status":"done"}},{"type":"Feature","geometry":{"type":"Point","coordinates":[-118.247947,34.154706]},"properties":{"id":"BCB2206907  PADU2204426","addr":"539 Howard St, Unit A","cat":"ADU","approved":"2022-06-06","started":"2022-09-12","done":"2023-06-13","units":1,"zone_group":"single_family","hood":"City Center","approved_year":2022,"started_year":2022,"done_year":2023,"status":"done"}},{"type":"Feature","geometry":{"type":"Point","coordinates":[-118.267937,34.154861]},"properties":{"id":"BCB2002713","addr":"625 Pioneer Dr","cat":"ADU","approved":"2022-05-13","started":"2022-08-01","done":"2025-08-18","units":1,"zone_group":"multifamily","hood":"Vineyard","approved_year":2022,"started_year":2022,"done_year":2025,"status":"done"}},{"type":"Feature","geometry":{"type":"Point","coordinates":[-118.241782,34.135447]},"properties":{"id":"BB1830355","addr":"913 S Adams St","cat":"5+ units","approved":"2018-04-12","started":"2021-12-23","units":18,"zone_group":"multifamily","hood":"Mariposa","approved_year":2018,"started_year":2021,"status":"started"}},{"type":"Feature","geometry":{"type":"Point","coordinates":[-118.279312,34.164946]},"properties":{"id":"BCB2108348","addr":"1204 Cleveland Rd, Unit A","cat":"ADU","approved":"2021-11-02","started":"2021-12-08","done":"2023-05-19","units":1,"zone_group":"single_family","hood":"Glenwood","approved_year":2021,"started_year":2021,"done_year":2023,"status":"done"}},{"type":"Feature","geometry":{"type":"Point","coordinates":[-118.240914,34.141438]},"properties":{"id":"PADU2102845","addr":"1119 E Elk Ave","cat":"ADU","approved":"2021-09-29","units":1,"zone_group":"multifamily","hood":"Mariposa","approved_year":2021,"status":"approved"}},{"type":"Feature","geometry":{"type":"Point","coordinates":[-118.285034,34.16908]},"properties":{"id":"PADU2110823","addr":"1125 Sonora Ave","cat":"ADU","approved":"2021-09-08","units":1,"zone_group":"multifamily","hood":"Grandview","approved_year":2021,"status":"approved"}},{"type":"Feature","geometry":{"type":"Point","coordinates":[-118.236106,34.145397]},"properties":{"id":"PADU2120203","addr":"1336 Carlton Dr","cat":"ADU","approved":"2021-12-06","units":1,"zone_group":"multifamily","hood":"Citrus Grove","approved_year":2021,"status":"approved"}},{"type":"Feature","geometry":{"type":"Point","coordinates":[-118.226275,34.154809]},"properties":{"id":"PADU2100852","addr":"1905 E Chevy Chase Dr A","cat":"ADU","approved":"2021-10-27","units":1,"zone_group":"multifamily","hood":"Woodbury","fire":"Very High","approved_year":2021,"status":"approved"}},{"type":"Feature","geometry":{"type":"Point","coordinates":[-118.217309,34.172368]},"properties":{"id":"BCB1917970","addr":"1981 Crestshire Dr Unit A","cat":"ADU","approved":"2021-03-19","started":"2021-06-14","done":"2022-08-08","units":1,"zone_group":"single_family","hood":"Verdugo Woodlands","fire":"Very High","approved_year":2021,"started_year":2021,"done_year":2022,"status":"done"}},{"type":"Feature","geometry":{"type":"Point","coordinates":[-118.259309,34.137707]},"properties":{"id":"BCB2006216","addr":"331 W Maple St Unit A","cat":"ADU","approved":"2021-04-21","started":"2021-06-04","done":"2023-12-26","units":1,"zone_group":"multifamily","hood":"Pacific-Edison","approved_year":2021,"started_year":2021,"done_year":2023,"status":"done"}},{"type":"Feature","geometry":{"type":"Point","coordinates":[-118.287333,34.174913]},"properties":{"id":"BCB2012743","addr":"1226 Raymond Ave Unit A\nGlendale, Ca 91201","cat":"ADU","approved":"2021-03-11","started":"2021-06-09","done":"2024-11-12","units":1,"zone_group":"single_family","hood":"Grandview","approved_year":2021,"started_year":2021,"done_year":2024,"status":"done"}},{"type":"Feature","geometry":{"type":"Point","coordinates":[-118.281489,34.175585]},"properties":{"id":"BCB2014773","addr":"1344 Justin Ave Unit A","cat":"ADU","approved":"2021-02-21","started":"2021-06-14","done":"2023-01-13","units":1,"zone_group":"single_family","hood":"El Miradero","fire":"Moderate","approved_year":2021,"started_year":2021,"done_year":2023,"status":"done"}},{"type":"Feature","geometry":{"type":"Point","coordinates":[-118.265225,34.241105]},"properties":{"id":"BCB2016867","addr":"3944 Vista Ct Unit A","cat":"ADU","approved":"2021-06-09","started":"2021-06-09","done":"2022-04-29","units":1,"zone_group":"single_family","hood":"Crescenta Highlands","approved_year":2021,"started_year":2021,"done_year":2022,"status":"done"}},{"type":"Feature","geometry":{"type":"Point","coordinates":[-118.291536,34.18228]},"properties":{"id":"BCB2019468","addr":"1330 Alameda Ave Unit Aa","cat":"ADU","approved":"2021-06-24","started":"2021-06-29","done":"2023-06-13","units":1,"zone_group":"single_family","hood":"El Miradero","approved_year":2021,"started_year":2021,"done_year":2023,"status":"done"}},{"type":"Feature","geometry":{"type":"Point","coordinates":[-118.269686,34.164052]},"properties":{"id":"BCB2101372","addr":"628 W Stocker St Unit A","cat":"ADU","approved":"2021-04-16","started":"2021-06-02","done":"2022-03-02","units":1,"zone_group":"multifamily","hood":"Glenwood","approved_year":2021,"started_year":2021,"done_year":2022,"status":"done"}},{"type":"Feature","geometry":{"type":"Point","coordinates":[-118.25542,34.234816]},"properties":{"id":"PADU2104113","addr":"3507 Danny Dr","cat":"ADU","approved":"2021-11-15","units":1,"zone_group":"single_family","hood":"Crescenta Highlands","approved_year":2021,"status":"approved"}},{"type":"Feature","geometry":{"type":"Point","coordinates":[-118.260077,34.234536]},"properties":{"id":"PADU2100904","addr":"3712 3Rd Ave","cat":"ADU","approved":"2021-10-04","units":1,"zone_group":"single_family","hood":"Crescenta Highlands","approved_year":2021,"status":"approved"}},{"type":"Feature","geometry":{"type":"Point","coordinates":[-118.248854,34.151972]},"properties":{"id":"PADU2106498","addr":"400 N Isabel St","cat":"ADU","approved":"2021-12-08","units":1,"zone_group":"multifamily","hood":"City Center","approved_year":2021,"status":"approved"}},{"type":"Feature","geometry":{"type":"Point","coordinates":[-118.271287,34.161907]},"properties":{"id":"PADU2101466","addr":"715 Palm Dr","cat":"ADU","approved":"2021-08-19","units":1,"zone_group":"single_family","hood":"Glenwood","dam":true,"approved_year":2021,"status":"approved"}},{"type":"Feature","geometry":{"type":"Point","coordinates":[-118.263923,34.243622]},"properties":{"id":"BCB2102004","addr":"4721 Moore St Unit A","cat":"ADU","approved":"2021-06-02","started":"2021-06-11","done":"2022-03-08","units":1,"zone_group":"single_family","hood":"Crescenta Highlands","fire":"Moderate","approved_year":2021,"started_year":2021,"done_year":2022,"status":"done"}},{"type":"Feature","geometry":{"type":"Point","coordinates":[-118.20831,34.169305]},"properties":{"id":"BCB1801568","addr":"2940 Edgewick Rd","cat":"Single-family home","approved":"2017-09-14","started":"2021-07-06","units":1,"zone_group":"single_family","hood":"Chevy Chase","fire":"Very High","approved_year":2017,"started_year":2021,"status":"started"}},{"type":"Feature","geometry":{"type":"Point","coordinates":[-118.262146,34.23523]},"properties":{"id":"BCB1917704","addr":"3809 4Th Ave","cat":"ADU","approved":"2021-01-21","started":"2021-07-27","done":"2022-10-31","units":1,"zone_group":"single_family","hood":"Crescenta Highlands","approved_year":2021,"started_year":2021,"done_year":2022,"status":"done"}},{"type":"Feature","geometry":{"type":"Point","coordinates":[-118.265012,34.14498]},"properties":{"id":"BCB1923056","addr":"518 Hawthorne St Unit A","cat":"ADU","approved":"2021-03-29","started":"2021-07-30","done":"2022-06-09","units":1,"zone_group":"multifamily","hood":"Moorpark","approved_year":2021,"started_year":2021,"done_year":2022,"status":"done"}},{"type":"Feature","geometry":{"type":"Point","coordinates":[-118.264864,34.243197]},"properties":{"id":"BCB2012285","addr":"3932 Los Olivos Ln Unit: Unit A","cat":"ADU","approved":"2021-06-29","started":"2021-07-02","done":"2025-03-10","units":1,"zone_group":"single_family","hood":"Crescenta Highlands","fire":"Moderate","approved_year":2021,"started_year":2021,"done_year":2025,"status":"done"}},{"type":"Feature","geometry":{"type":"Point","coordinates":[-118.260414,34.165915]},"properties":{"id":"BCB2015264","addr":"1320 Valley View Rd Unit A","cat":"ADU","approved":"2021-03-17","started":"2021-07-07","done":"2021-07-29","units":1,"zone_group":"single_family","hood":"Verdugo Viejo","fire":"High","approved_year":2021,"started_year":2021,"done_year":2021,"status":"done"}},{"type":"Feature","geometry":{"type":"Point","coordinates":[-118.267831,34.165518]},"properties":{"id":"BCB2106690","addr":"551 Clement Dr Unit A","cat":"ADU","approved":"2021-08-03","started":"2021-08-31","done":"2022-07-05","units":1,"zone_group":"single_family","hood":"Glenwood","approved_year":2021,"started_year":2021,"done_year":2022,"status":"done"}},{"type":"Feature","geometry":{"type":"Point","coordinates":[-118.229049,34.185881]},"properties":{"id":"BCB2107748","addr":"2712 Canada Blvd Unit A","cat":"ADU","approved":"2021-06-10","started":"2021-08-25","done":"2022-02-08","units":1,"zone_group":"single_family","hood":"Verdugo Woodlands","fire":"Very High","liquefaction":true,"approved_year":2021,"started_year":2021,"done_year":2022,"status":"done"}},{"type":"Feature","geometry":{"type":"Point","coordinates":[-118.277498,34.169412]},"properties":{"id":"BCB2013486","addr":"1112 Olmsted Dr Unit A","cat":"ADU","approved":"2021-05-06","started":"2021-09-20","done":"2022-06-09","units":1,"zone_group":"single_family","hood":"Glenwood","approved_year":2021,"started_year":2021,"done_year":2022,"status":"done"}},{"type":"Feature","geometry":{"type":"Point","coordinates":[-118.269634,34.158941]},"properties":{"id":"BCB2019145","addr":"663 Arden Ave Unit A","cat":"ADU","approved":"2021-08-05","started":"2021-09-15","done":"2022-03-25","units":1,"zone_group":"single_family","hood":"Fremont Park","approved_year":2021,"started_year":2021,"done_year":2022,"status":"done"}},{"type":"Feature","geometry":{"type":"Point","coordinates":[-118.281149,34.173058]},"properties":{"id":"BCB2019496","addr":"1500 W Kenneth Rd Unit Aa","cat":"ADU","approved":"2021-08-23","started":"2021-09-03","done":"2022-06-15","units":1,"zone_group":"single_family","hood":"El Miradero","approved_year":2021,"started_year":2021,"done_year":2022,"status":"done"}},{"type":"Feature","geometry":{"type":"Point","coordinates":[-118.239967,34.209001]},"properties":{"id":"BCB2100740","addr":"3734 La Crescenta Ave Unit A","cat":"ADU","approved":"2021-06-24","started":"2021-09-29","units":1,"zone_group":"single_family","hood":"Montrose","fire":"Very High","approved_year":2021,"started_year":2021,"status":"started"}},{"type":"Feature","geometry":{"type":"Point","coordinates":[-118.28424,34.171209]},"properties":{"id":"BCB2105148","addr":"1520 Glenwood Rd Unit A","cat":"ADU","approved":"2021-08-02","started":"2021-09-20","done":"2022-07-27","units":1,"zone_group":"single_family","hood":"Grandview","approved_year":2021,"started_year":2021,"done_year":2022,"status":"done"}},{"type":"Feature","geometry":{"type":"Point","coordinates":[-118.278941,34.173292]},"properties":{"id":"BCB1914239","addr":"1520 Grandview Ave., Unit A","cat":"ADU","approved":"2019-07-18","started":"2019-07-18","done":"2023-11-09","units":1,"zone_group":"single_family","hood":"Glenwood","fire":"Moderate","approved_year":2019,"started_year":2019,"done_year":2023,"status":"done"}},{"type":"Feature","geometry":{"type":"Point","coordinates":[-118.288704,34.176852]},"properties":{"id":"BCB2015725","addr":"1246 Irving Ave Unit A","cat":"ADU","approved":"2021-09-13","started":"2021-10-04","done":"2022-03-17","units":1,"zone_group":"single_family","hood":"Grandview","approved_year":2021,"started_year":2021,"done_year":2022,"status":"done"}},{"type":"Feature","geometry":{"type":"Point","coordinates":[-118.238513,34.209269]},"properties":{"id":"BCB2101637","addr":"2716 Sycamore Ave","cat":"ADU","approved":"2021-07-14","started":"2021-10-22","done":"2023-04-19","units":1,"zone_group":"single_family","hood":"Montrose","fire":"High","approved_year":2021,"started_year":2021,"done_year":2023,"status":"done"}},{"type":"Feature","geometry":{"type":"Point","coordinates":[-118.271287,34.161907]},"properties":{"id":"BCB2101642","addr":"715 Palm Dr","cat":"ADU","approved":"2021-08-19","started":"2021-10-07","done":"2022-10-11","units":1,"zone_group":"single_family","hood":"Glenwood","dam":true,"approved_year":2021,"started_year":2021,"done_year":2022,"status":"done"}},{"type":"Feature","geometry":{"type":"Point","coordinates":[-118.27581,34.156217]},"properties":{"id":"BCB2101903","addr":"715 Dale Ave Unit A","cat":"ADU","approved":"2021-06-30","started":"2021-10-05","done":"2022-07-21","units":1,"zone_group":"single_family","hood":"Pelanconi","approved_year":2021,"started_year":2021,"done_year":2022,"status":"done"}},{"type":"Feature","geometry":{"type":"Point","coordinates":[-118.274048,34.15955]},"properties":{"id":"BCB2103017","addr":"820 Arden Ave","cat":"ADU","approved":"2021-06-09","started":"2021-10-21","done":"2022-06-22","units":1,"zone_group":"single_family","hood":"Pelanconi","dam":true,"approved_year":2021,"started_year":2021,"done_year":2022,"status":"done"}},{"type":"Feature","geometry":{"type":"Point","coordinates":[-118.26651,34.169609]},"properties":{"id":"BCB2004641","addr":"500 W Kenneth Rd","cat":"ADU","approved":"2021-09-30","started":"2021-11-18","done":"2024-08-15","units":1,"zone_group":"single_family","hood":"Verdugo Viejo","fire":"Moderate","approved_year":2021,"started_year":2021,"done_year":2024,"status":"done"}},{"type":"Feature","geometry":{"type":"Point","coordinates":[-118.225261,34.17149]},"properties":{"id":"BCB2104753","addr":"1861 Kirkby Rd Unit A","cat":"ADU","approved":"2021-10-15","started":"2021-11-19","done":"2022-08-12","units":1,"zone_group":"single_family","hood":"Verdugo Woodlands","fire":"Very High","liquefaction":true,"approved_year":2021,"started_year":2021,"done_year":2022,"status":"done"}},{"type":"Feature","geometry":{"type":"Point","coordinates":[-118.26125,34.1408]},"properties":{"id":"BCB2105033","addr":"406 Vine St, Unit A","cat":"ADU","approved":"2021-11-04","started":"2021-11-04","done":"2022-07-27","units":1,"zone_group":"multifamily","hood":"Pacific-Edison","approved_year":2021,"started_year":2021,"done_year":2022,"status":"done"}},{"type":"Feature","geometry":{"type":"Point","coordinates":[-118.253865,34.224926]},"properties":{"id":"PDRNRAF2106786","addr":"3419 Montrose Ave","cat":"Single-family home","approved":"2021-11-29","units":1,"zone_group":"multifamily","hood":"Crescenta Highlands","fire":"Very High","liquefaction":true,"approved_year":2021,"status":"approved"}},{"type":"Feature","geometry":{"type":"Point","coordinates":[-118.264977,34.154893]},"properties":{"id":"PDRNRAF2113614","addr":"515 Pioneer Dr","cat":"5+ units","approved":"2021-09-23","units":340,"zone_group":"multifamily","hood":"Vineyard","approved_year":2021,"status":"approved"}},{"type":"Feature","geometry":{"type":"Point","coordinates":[-118.243983,34.146234]},"properties":{"id":"PDR2107450","addr":"900 E Broadway","cat":"5+ units","approved":"2021-05-05","units":127,"zone_group":"commercial","hood":"Citrus Grove","approved_year":2021,"status":"approved"}},{"type":"Feature","geometry":{"type":"Point","coordinates":[-118.243414,34.146229]},"properties":{"id":"PDR2107484","addr":"920 E Broadway","cat":"5+ units","approved":"2021-05-20","units":40,"zone_group":"commercial","hood":"Citrus Grove","approved_year":2021,"status":"approved"}},{"type":"Feature","geometry":{"type":"Point","coordinates":[-118.284834,34.166375]},"properties":{"id":"PADU2112653","addr":"1061 Davis Ave","cat":"ADU","approved":"2021-11-17","units":1,"zone_group":"single_family","hood":"Grandview","approved_year":2021,"status":"approved"}},{"type":"Feature","geometry":{"type":"Point","coordinates":[-118.270027,34.169281]},"properties":{"id":"PADU2113704","addr":"1437 Ardmore Ave","cat":"ADU","approved":"2021-11-19","units":1,"zone_group":"single_family","hood":"Glenwood","approved_year":2021,"status":"approved"}},{"type":"Feature","geometry":{"type":"Point","coordinates":[-118.232127,34.181849]},"properties":{"id":"PADU2104832","addr":"1601 Capistrano Ave A","cat":"ADU","approved":"2021-04-26","units":1,"zone_group":"single_family","hood":"Verdugo Woodlands","fire":"Very High","liquefaction":true,"approved_year":2021,"status":"approved"}},{"type":"Feature","geometry":{"type":"Point","coordinates":[-118.238513,34.209269]},"properties":{"id":"PADU2101596","addr":"2716 Sycamore Ave","cat":"ADU","approved":"2021-07-14","units":1,"zone_group":"single_family","hood":"Montrose","fire":"High","approved_year":2021,"status":"approved"}},{"type":"Feature","geometry":{"type":"Point","coordinates":[-118.221783,34.156119]},"properties":{"id":"PADU2105124","addr":"531 Solway St","cat":"ADU","approved":"2021-12-13","units":1,"zone_group":"single_family","hood":"Chevy Chase","fire":"Very High","approved_year":2021,"status":"approved"}},{"type":"Feature","geometry":{"type":"Point","coordinates":[-118.274048,34.15955]},"properties":{"id":"PADU2102985","addr":"820 Arden Ave","cat":"ADU","approved":"2021-06-09","units":1,"zone_group":"single_family","hood":"Pelanconi","dam":true,"approved_year":2021,"status":"approved"}},{"type":"Feature","geometry":{"type":"Point","coordinates":[-118.267882,34.159054]},"properties":{"id":"PADU2103991","addr":"922 Beulah St","cat":"ADU","approved":"2021-03-11","units":1,"zone_group":"single_family","hood":"Fremont Park","approved_year":2021,"status":"approved"}},{"type":"Feature","geometry":{"type":"Point","coordinates":[-118.302693,34.160954]},"properties":{"id":"BCB1917651","addr":"212 Jesse Ave.,\nUnit A","cat":"ADU","approved":"2020-02-03","started":"2020-02-03","done":"2020-05-27","units":1,"zone_group":"single_family","hood":"Riverside Rancho","fire":"Moderate","liquefaction":true,"approved_year":2020,"started_year":2020,"done_year":2020,"status":"done"}},{"type":"Feature","geometry":{"type":"Point","coordinates":[-118.280179,34.169012]},"properties":{"id":"BCB1921340","addr":"1344 Grandview Ave., Unit A","cat":"ADU","approved":"2020-05-26","started":"2020-05-26","done":"2020-08-31","units":1,"zone_group":"single_family","hood":"Glenwood","approved_year":2020,"started_year":2020,"done_year":2020,"status":"done"}},{"type":"Feature","geometry":{"type":"Point","coordinates":[-118.272466,34.159181]},"properties":{"id":"BCB1924771","addr":"732 Arden Ave., Unit A","cat":"ADU","approved":"2020-05-20","started":"2020-05-20","done":"2022-01-20","units":1,"zone_group":"single_family","hood":"Pelanconi","approved_year":2020,"started_year":2020,"done_year":2022,"status":"done"}},{"type":"Feature","geometry":{"type":"Point","coordinates":[-118.26576,34.145864]},"properties":{"id":"BCB1901399","addr":"535 Ivy St., Unit A","cat":"ADU","approved":"2020-06-15","started":"2020-06-15","done":"2022-02-17","units":1,"zone_group":"multifamily","hood":"Moorpark","approved_year":2020,"started_year":2020,"done_year":2022,"status":"done"}},{"type":"Feature","geometry":{"type":"Point","coordinates":[-118.28791,34.167934]},"properties":{"id":"BCB2002124","addr":"1036 Ruberta Ave., Unit A","cat":"ADU","approved":"2020-07-08","started":"2020-07-08","done":"2021-08-18","units":1,"zone_group":"multifamily","hood":"Grandview","approved_year":2020,"started_year":2020,"done_year":2021,"status":"done"}},{"type":"Feature","geometry":{"type":"Point","coordinates":[-118.261732,34.150797]},"properties":{"id":"BCB1908650","addr":"405 Myrtle St., Unit A","cat":"ADU","approved":"2020-10-26","started":"2020-10-26","done":"2022-12-30","units":1,"zone_group":"multifamily","hood":"Vineyard","approved_year":2020,"started_year":2020,"done_year":2022,"status":"done"}},{"type":"Feature","geometry":{"type":"Point","coordinates":[-118.259541,34.135709]},"properties":{"id":"BCB1916142","addr":"336 W Garfield Ave., Unit A","cat":"ADU","approved":"2020-10-20","started":"2020-10-20","done":"2021-03-04","units":1,"zone_group":"multifamily","hood":"Pacific-Edison","approved_year":2020,"started_year":2020,"done_year":2021,"status":"done"}},{"type":"Feature","geometry":{"type":"Point","coordinates":[-118.294507,34.178767]},"properties":{"id":"BCB1730299","addr":"2045 Glenwood Ave. Unit A","cat":"ADU","approved":"2018-12-18","started":"2018-12-12","done":"2021-08-24","units":1,"zone_group":"single_family","hood":"Grandview","approved_year":2018,"started_year":2018,"done_year":2021,"status":"done"}},{"type":"Feature","geometry":{"type":"Point","coordinates":[-118.243946,34.151116]},"properties":{"id":"BB1804765","addr":"337 N. Cedar St.","cat":"2\u20134 units","approved":"2018-04-16","started":"2019-04-18","done":"2023-02-06","units":4,"zone_group":"multifamily","hood":"Citrus Grove","approved_year":2018,"started_year":2019,"done_year":2023,"status":"done"}},{"type":"Feature","geometry":{"type":"Point","coordinates":[-118.260583,34.150805]},"properties":{"id":"BB1812843","addr":"361 Myrtle St.","cat":"5+ units","approved":"2018-04-16","started":"2019-04-30","done":"2023-08-30","units":12,"zone_group":"multifamily","hood":"Vineyard","approved_year":2018,"started_year":2019,"done_year":2023,"status":"done"}},{"type":"Feature","geometry":{"type":"Point","coordinates":[-118.264619,34.174255]},"properties":{"id":"BCB1904780","addr":"415 Audraine Dr. Unit A","cat":"ADU","approved":"2019-07-12","started":"2019-07-12","done":"2021-02-23","units":1,"zone_group":"single_family","hood":"Brockmont","fire":"Very High","approved_year":2019,"started_year":2019,"done_year":2021,"status":"done"}},{"type":"Feature","geometry":{"type":"Point","coordinates":[-118.241924,34.209356]},"properties":{"id":"BCB1910773","addr":"3651 Glenwood Ave., Unit A","cat":"ADU","approved":"2019-11-08","started":"2019-11-08","done":"2022-07-25","units":1,"zone_group":"single_family","hood":"Montrose","fire":"Very High","liquefaction":true,"approved_year":2019,"started_year":2019,"done_year":2022,"status":"done"}},{"type":"Feature","geometry":{"type":"Point","coordinates":[-118.223666,34.188262]},"properties":{"id":"BCB1902339","addr":"1849 Los Encinos","cat":"Single-family home","approved":"2020-03-18","started":"2020-03-18","done":"2022-06-10","units":1,"zone_group":"single_family","hood":"Verdugo Woodlands","fire":"Very High","approved_year":2020,"started_year":2020,"done_year":2022,"status":"done"}},{"type":"Feature","geometry":{"type":"Point","coordinates":[-118.246834,34.15699]},"properties":{"id":"BCB1910020","addr":"715 Geneva St.\nUnit A","cat":"ADU","approved":"2020-01-10","started":"2020-01-10","done":"2023-08-17","units":1,"zone_group":"single_family","hood":"Rossmoyne","approved_year":2020,"started_year":2020,"done_year":2023,"status":"done"}},{"type":"Feature","geometry":{"type":"Point","coordinates":[-118.265203,34.147951]},"properties":{"id":"BCB1913478","addr":"512 W. Wilson Ave., Unit A","cat":"ADU","approved":"2020-01-06","started":"2020-01-06","done":"2020-09-24","units":1,"zone_group":"multifamily","hood":"Vineyard","approved_year":2020,"started_year":2020,"done_year":2020,"status":"done"}},{"type":"Feature","geometry":{"type":"Point","coordinates":[-118.272771,34.169629]},"properties":{"id":"BCB1911180","addr":"1435 Highland Ave., Unit A","cat":"ADU","approved":"2020-02-04","started":"2020-02-04","done":"2020-11-09","units":1,"zone_group":"single_family","hood":"Glenwood","approved_year":2020,"started_year":2020,"done_year":2020,"status":"done"}},{"type":"Feature","geometry":{"type":"Point","coordinates":[-118.23661,34.147077]},"properties":{"id":"BCB1914534","addr":"1326 Barrington Way, Unit A","cat":"ADU","approved":"2020-04-09","started":"2020-04-09","done":"2021-01-07","units":1,"zone_group":"multifamily","hood":"Citrus Grove","approved_year":2020,"started_year":2020,"done_year":2021,"status":"done"}},{"type":"Feature","geometry":{"type":"Point","coordinates":[-118.248144,34.217497]},"properties":{"id":"BCB2001853","addr":"3151 Hermosa Ave., Unit A","cat":"ADU","approved":"2020-06-03","started":"2020-06-03","done":"2024-09-30","units":1,"zone_group":"single_family","hood":"Montrose","fire":"Very High","approved_year":2020,"started_year":2020,"done_year":2024,"status":"done"}},{"type":"Feature","geometry":{"type":"Point","coordinates":[-118.243595,34.160995]},"properties":{"id":"BCB1915652","addr":"1109 Cordova Ave., Unit A","cat":"ADU","approved":"2020-09-14","started":"2020-09-14","done":"2021-04-14","units":1,"zone_group":"single_family","hood":"Rossmoyne","fire":"High","approved_year":2020,"started_year":2020,"done_year":2021,"status":"done"}},{"type":"Feature","geometry":{"type":"Point","coordinates":[-118.21474,34.152842]},"properties":{"id":"BCB1918729","addr":"2308 Pennerton Dr., Unit A","cat":"ADU","approved":"2020-09-15","started":"2020-09-15","done":"2021-02-26","units":1,"zone_group":"single_family","hood":"Glenoaks Canyon","fire":"Very High","approved_year":2020,"started_year":2020,"done_year":2021,"status":"done"}},{"type":"Feature","geometry":{"type":"Point","coordinates":[-118.292641,34.179679]},"properties":{"id":"BCB2005685","addr":"1249 Spazier Ave., Unit A","cat":"ADU","approved":"2020-09-24","started":"2020-09-24","done":"2021-09-23","units":1,"zone_group":"single_family","hood":"Grandview","approved_year":2020,"started_year":2020,"done_year":2021,"status":"done"}},{"type":"Feature","geometry":{"type":"Point","coordinates":[-118.292641,34.179679]},"properties":{"id":"BCB2005687","addr":"1249 Spazier Ave., Unit Aa - Jadu","cat":"ADU","approved":"2020-09-24","started":"2020-09-24","done":"2020-11-10","units":1,"zone_group":"single_family","hood":"Grandview","approved_year":2020,"started_year":2020,"done_year":2020,"status":"done"}},{"type":"Feature","geometry":{"type":"Point","coordinates":[-118.265207,34.149783]},"properties":{"id":"BCB2003145","addr":"512 W California Ave., Unit A","cat":"ADU","approved":"2020-10-20","started":"2020-10-20","done":"2021-02-16","units":1,"zone_group":"multifamily","hood":"Vineyard","approved_year":2020,"started_year":2020,"done_year":2021,"status":"done"}},{"type":"Feature","geometry":{"type":"Point","coordinates":[-118.243258,34.211015]},"properties":{"id":"BCB1922973","addr":"2910 Oakendale Pl., Unit A","cat":"ADU","approved":"2020-12-09","started":"2020-12-09","done":"2021-10-13","units":1,"zone_group":"single_family","hood":"Montrose","fire":"Very High","liquefaction":true,"approved_year":2020,"started_year":2020,"done_year":2021,"status":"done"}},{"type":"Feature","geometry":{"type":"Point","coordinates":[-118.297678,34.161951]},"properties":{"id":"BCB2004303","addr":"409 Winchester Ave., Unit B","cat":"ADU","approved":"2020-12-21","started":"2020-12-21","done":"2021-12-14","units":1,"zone_group":"single_family","hood":"Riverside Rancho","fire":"High","liquefaction":true,"approved_year":2020,"started_year":2020,"done_year":2021,"status":"done"}},{"type":"Feature","geometry":{"type":"Point","coordinates":[-118.301267,34.164965]},"properties":{"id":"BCB2012947","addr":"416 Irving Ave., Unit Aa - Jadu","cat":"ADU","approved":"2020-12-30","started":"2020-12-30","done":"2021-01-07","units":1,"zone_group":"multifamily","hood":"Riverside Rancho","liquefaction":true,"approved_year":2020,"started_year":2020,"done_year":2021,"status":"done"}},{"type":"Feature","geometry":{"type":"Point","coordinates":[-118.301267,34.164965]},"properties":{"id":"BCB2013699","addr":"416 Irving Ave., Unit A","cat":"ADU","approved":"2020-12-22","started":"2020-12-22","done":"2021-04-07","units":1,"zone_group":"multifamily","hood":"Riverside Rancho","liquefaction":true,"approved_year":2020,"started_year":2020,"done_year":2021,"status":"done"}},{"type":"Feature","geometry":{"type":"Point","coordinates":[-118.284881,34.167762]},"properties":{"id":"BB1512335","addr":"1407 W. Glenoaks","cat":"5+ units","approved":"2016-03-10","started":"2017-11-30","done":"2021-12-23","units":55,"zone_group":"commercial","hood":"Grandview","approved_year":2016,"started_year":2017,"done_year":2021,"status":"done"}},{"type":"Feature","geometry":{"type":"Point","coordinates":[-118.200608,34.169182]},"properties":{"id":"BCB1629473","addr":"3063 Hollywell","cat":"Single-family home","approved":"2016-08-25","started":"2017-09-07","done":"2021-02-26","units":1,"zone_group":"single_family","hood":"Chevy Chase","fire":"Very High","approved_year":2016,"started_year":2017,"done_year":2021,"status":"done"}},{"type":"Feature","geometry":{"type":"Point","coordinates":[-118.247597,34.153892]},"properties":{"id":"BCB2009137","addr":"520 Howard St Unit A","cat":"ADU","approved":"2020-12-11","started":"2021-01-04","done":"2023-09-06","units":1,"zone_group":"single_family","hood":"City Center","approved_year":2020,"started_year":2021,"done_year":2023,"status":"done"}},{"type":"Feature","geometry":{"type":"Point","coordinates":[-118.286026,34.174541]},"properties":{"id":"BCB2013081","addr":"1238 Western Ave","cat":"ADU","approved":"2020-12-24","started":"2021-01-11","done":"2021-12-01","units":1,"zone_group":"single_family","hood":"Grandview","approved_year":2020,"started_year":2021,"done_year":2021,"status":"done"}},{"type":"Feature","geometry":{"type":"Point","coordinates":[-118.2875,34.176386]},"properties":{"id":"BCB2013464","addr":"1254 Thompson Ave Unit A","cat":"ADU","approved":"2020-11-19","started":"2021-01-20","done":"2021-03-30","units":1,"zone_group":"single_family","hood":"Grandview","approved_year":2020,"started_year":2021,"done_year":2021,"status":"done"}},{"type":"Feature","geometry":{"type":"Point","coordinates":[-118.271853,34.150003]},"properties":{"id":"BCB2007242","addr":"743 W California Ave Unit A","cat":"ADU","approved":"2020-09-10","started":"2021-02-09","done":"2021-08-11","units":1,"zone_group":"industrial","hood":"Vineyard","approved_year":2020,"started_year":2021,"done_year":2021,"status":"done"}},{"type":"Feature","geometry":{"type":"Point","coordinates":[-118.282828,34.172693]},"properties":{"id":"BCB1920356","addr":"1250 Ruberta Ave Unit A","cat":"ADU","approved":"2021-03-26","started":"2021-04-07","done":"2021-11-16","units":1,"zone_group":"single_family","hood":"Grandview","approved_year":2021,"started_year":2021,"done_year":2021,"status":"done"}},{"type":"Feature","geometry":{"type":"Point","coordinates":[-118.268285,34.16075]},"properties":{"id":"BCB1920426","addr":"606 W Dryden St","cat":"ADU","approved":"2021-03-26","started":"2021-04-05","done":"2024-03-06","units":1,"zone_group":"multifamily","hood":"Glenwood","dam":true,"approved_year":2021,"started_year":2021,"done_year":2024,"status":"done"}},{"type":"Feature","geometry":{"type":"Point","coordinates":[-118.246779,34.156976]},"properties":{"id":"BCB2017333","addr":"712 Geneva St Unit A","cat":"ADU","approved":"2021-02-18","started":"2021-04-07","done":"2022-02-04","units":1,"zone_group":"single_family","hood":"Rossmoyne","approved_year":2021,"started_year":2021,"done_year":2022,"status":"done"}},{"type":"Feature","geometry":{"type":"Point","coordinates":[-118.226084,34.181205]},"properties":{"id":"BCB2100030","addr":"1763 June Ln Unit A","cat":"ADU","approved":"2021-02-26","started":"2021-05-19","done":"2022-04-01","units":1,"zone_group":"single_family","hood":"Verdugo Woodlands","fire":"Very High","liquefaction":true,"approved_year":2021,"started_year":2021,"done_year":2022,"status":"done"}},{"type":"Feature","geometry":{"type":"Point","coordinates":[-118.256372,34.130945]},"properties":{"id":"BCB2107787","addr":"1234 S Orange St Unit A","cat":"ADU","approved":"2021-04-02","started":"2021-05-19","units":1,"zone_group":"multifamily","hood":"Tropico","approved_year":2021,"started_year":2021,"status":"started"}},{"type":"Feature","geometry":{"type":"Point","coordinates":[-118.242705,34.151785]},"properties":{"id":"BCB2017085","addr":"1003 E Lexington Dr","cat":"ADU","approved":"2021-05-11","started":"2021-06-17","units":1,"zone_group":"multifamily","hood":"Citrus Grove","approved_year":2021,"started_year":2021,"status":"started"}},{"type":"Feature","geometry":{"type":"Point","coordinates":[-118.248333,34.132679]},"properties":{"id":"BCB2012657","addr":"541 E Palmer Ave Unit Aa","cat":"ADU","approved":"2021-06-22","started":"2021-07-19","done":"2022-03-29","units":1,"zone_group":"multifamily","hood":"Mariposa","approved_year":2021,"started_year":2021,"done_year":2022,"status":"done"}},{"type":"Feature","geometry":{"type":"Point","coordinates":[-118.240264,34.176303]},"properties":{"id":"BCB2012669","addr":"1095 Kildonan Dr Unit A","cat":"ADU","approved":"2021-06-24","started":"2021-07-29","units":1,"zone_group":"single_family","hood":"Greenbriar","fire":"Very High","approved_year":2021,"started_year":2021,"status":"started"}},{"type":"Feature","geometry":{"type":"Point","coordinates":[-118.236023,34.127031]},"properties":{"id":"BCB1729818","addr":"1820 Marion Dr","cat":"Single-family home","approved":"2017-02-23","started":"2021-08-25","units":1,"zone_group":"single_family","hood":"Adams Hill","fire":"Very High","approved_year":2017,"started_year":2021,"status":"started"}},{"type":"Feature","geometry":{"type":"Point","coordinates":[-118.238754,34.165003]},"properties":{"id":"BCB1921662","addr":"1330 Rossmoyne Ave","cat":"ADU","approved":"2021-04-19","started":"2021-08-03","units":1,"zone_group":"single_family","hood":"Rossmoyne","fire":"Very High","approved_year":2021,"started_year":2021,"status":"started"}},{"type":"Feature","geometry":{"type":"Point","coordinates":[-118.231958,34.139059]},"properties":{"id":"BCB2115237","addr":"1437 E Maple St, Unit F","cat":"ADU","approved":"2021-10-22","started":"2022-06-02","done":"2023-07-19","units":1,"zone_group":"multifamily","hood":"Somerset","fire":"Very High","approved_year":2021,"started_year":2022,"done_year":2023,"status":"done"}},{"type":"Feature","geometry":{"type":"Point","coordinates":[-118.285807,34.166713]},"properties":{"id":"BCB2108327","addr":"1051 Grover Ave Apt C","cat":"ADU","approved":"2022-05-20","started":"2022-06-08","done":"2023-05-12","units":1,"zone_group":"single_family","hood":"Grandview","approved_year":2022,"started_year":2022,"done_year":2023,"status":"done"}},{"type":"Feature","geometry":{"type":"Point","coordinates":[-118.266562,34.162427]},"properties":{"id":"BCB2119559","addr":"540 South St, Unit A","cat":"ADU","approved":"2022-07-25","started":"2022-08-23","done":"2024-03-07","units":1,"zone_group":"multifamily","hood":"Glenwood","dam":true,"approved_year":2022,"started_year":2022,"done_year":2024,"status":"done"}},{"type":"Feature","geometry":{"type":"Point","coordinates":[-118.267112,34.161649]},"properties":{"id":"BCB2015987","addr":"558 Palm Dr Unit A","cat":"ADU","approved":"2021-02-01","started":"2021-06-17","done":"2023-05-25","units":1,"zone_group":"multifamily","hood":"Glenwood","dam":true,"approved_year":2021,"started_year":2021,"done_year":2023,"status":"done"}},{"type":"Feature","geometry":{"type":"Point","coordinates":[-118.244988,34.211537]},"properties":{"id":"BCB2117476","addr":"3545 El Lado Dr, Unit A","cat":"ADU","approved":"2022-07-26","started":"2022-08-30","done":"2023-04-27","units":1,"zone_group":"single_family","hood":"Whiting Woods","fire":"Very High","liquefaction":true,"approved_year":2022,"started_year":2022,"done_year":2023,"status":"done"}},{"type":"Feature","geometry":{"type":"Point","coordinates":[-118.233314,34.180702]},"properties":{"id":"BCB1913584","addr":"1515 Opechee Way","cat":"Single-family home","approved":"2019-05-23","started":"2019-10-01","units":1,"zone_group":"single_family","hood":"Verdugo Woodlands","fire":"Very High","liquefaction":true,"approved_year":2019,"started_year":2019,"status":"started"}},{"type":"Feature","geometry":{"type":"Point","coordinates":[-118.252364,34.13814]},"properties":{"id":"BB1808927","addr":"712 S Louise St","cat":"5+ units","approved":"2020-11-24","started":"2020-11-24","units":10,"zone_group":"multifamily","hood":"Mariposa","approved_year":2020,"started_year":2020,"status":"started"}},{"type":"Feature","geometry":{"type":"Point","coordinates":[-118.23623,34.180105]},"properties":{"id":"BCB2012399","addr":"1407 Opechee Way Unit A","cat":"ADU","approved":"2021-05-12","started":"2021-05-20","units":1,"zone_group":"single_family","hood":"Verdugo Woodlands","fire":"Very High","liquefaction":true,"approved_year":2021,"started_year":2021,"status":"started"}},{"type":"Feature","geometry":{"type":"Point","coordinates":[-118.243983,34.212712]},"properties":{"id":"BCB2106307","addr":"2945 Sycamore Ave Unit A","cat":"ADU","approved":"2021-07-14","started":"2021-09-08","done":"2023-05-04","units":1,"zone_group":"single_family","hood":"Montrose","fire":"Very High","liquefaction":true,"approved_year":2021,"started_year":2021,"done_year":2023,"status":"done"}},{"type":"Feature","geometry":{"type":"Point","coordinates":[-118.288225,34.180629]},"properties":{"id":"BCB2114838","addr":"1349 Linden Ave Unit A","cat":"ADU","approved":"2021-12-10","started":"2021-12-20","done":"2022-11-29","units":1,"zone_group":"single_family","hood":"El Miradero","approved_year":2021,"started_year":2021,"done_year":2022,"status":"done"}},{"type":"Feature","geometry":{"type":"Point","coordinates":[-118.284962,34.172376]},"properties":{"id":"BCB2110074","addr":"1211 Justin Ave, Unit A","cat":"ADU","approved":"2021-12-13","started":"2022-01-26","done":"2023-12-28","units":1,"zone_group":"single_family","hood":"Grandview","approved_year":2021,"started_year":2022,"done_year":2023,"status":"done"}},{"type":"Feature","geometry":{"type":"Point","coordinates":[-118.210023,34.151756]},"properties":{"id":"BCB2106700","addr":"409 Arcade Pl","cat":"ADU","approved":"2021-12-14","started":"2022-02-11","done":"2022-10-25","units":1,"zone_group":"single_family","hood":"Glenoaks Canyon","fire":"Very High","approved_year":2021,"started_year":2022,"done_year":2022,"status":"done"}},{"type":"Feature","geometry":{"type":"Point","coordinates":[-118.266615,34.156485]},"properties":{"id":"BCB2108762","addr":"545 Patterson Ave, Unit A","cat":"ADU","approved":"2021-09-17","started":"2022-02-15","done":"2023-08-14","units":1,"zone_group":"single_family","hood":"Fremont Park","approved_year":2021,"started_year":2022,"done_year":2023,"status":"done"}},{"type":"Feature","geometry":{"type":"Point","coordinates":[-118.252656,34.158681]},"properties":{"id":"BB2202579","addr":"908 N Louise St Unit A","cat":"ADU","approved":"2022-02-25","started":"2022-02-25","done":"2022-08-03","units":1,"zone_group":"multifamily","hood":"Rossmoyne","approved_year":2022,"started_year":2022,"done_year":2022,"status":"done"}},{"type":"Feature","geometry":{"type":"Point","coordinates":[-118.272397,34.158347]},"properties":{"id":"BCB2205839","addr":"728 Burchett Street Unit: Unit A","cat":"ADU","approved":"2022-09-06","started":"2022-09-29","done":"2023-02-24","units":1,"zone_group":"single_family","hood":"Pelanconi","approved_year":2022,"started_year":2022,"done_year":2023,"status":"done"}},{"type":"Feature","geometry":{"type":"Point","coordinates":[-118.276011,34.159348]},"properties":{"id":"BCB2207116","addr":"904 Burchett Unit: Unit A","cat":"ADU","approved":"2022-09-21","started":"2022-10-10","done":"2025-02-05","units":1,"zone_group":"single_family","hood":"Pelanconi","dam":true,"approved_year":2022,"started_year":2022,"done_year":2025,"status":"done"}},{"type":"Feature","geometry":{"type":"Point","coordinates":[-118.233075,34.157879]},"properties":{"id":"BCB2206087","addr":"1439 E Glenoaks Boulevard Unit: A","cat":"ADU","approved":"2022-10-03","started":"2022-10-12","done":"2023-05-17","units":1,"zone_group":"single_family","hood":"College Hills","fire":"Very High","liquefaction":true,"approved_year":2022,"started_year":2022,"done_year":2023,"status":"done"}},{"type":"Feature","geometry":{"type":"Point","coordinates":[-118.28017,34.183532]},"properties":{"id":"BCB2200262","addr":"1619 Thompson Ave","cat":"ADU","approved":"2022-10-19","started":"2022-10-19","units":1,"zone_group":"single_family","hood":"El Miradero","fire":"Very High","approved_year":2022,"started_year":2022,"status":"started"}},{"type":"Feature","geometry":{"type":"Point","coordinates":[-118.253865,34.224926]},"properties":{"id":"BCB2201550","addr":"3419 Montrose Avenue Unit: A","cat":"ADU","approved":"2022-10-19","started":"2022-11-15","done":"2023-12-22","units":1,"zone_group":"multifamily","hood":"Crescenta Highlands","fire":"Very High","liquefaction":true,"approved_year":2022,"started_year":2022,"done_year":2023,"status":"done"}},{"type":"Feature","geometry":{"type":"Point","coordinates":[-118.296926,34.174013]},"properties":{"id":"BCB2200049","addr":"1035 Elm Ave, Unit C","cat":"ADU","approved":"2022-11-17","started":"2022-11-17","done":"2024-06-13","units":1,"zone_group":"multifamily","hood":"Grandview","liquefaction":true,"approved_year":2022,"started_year":2022,"done_year":2024,"status":"done"}},{"type":"Feature","geometry":{"type":"Point","coordinates":[-118.233686,34.141323]},"properties":{"id":"BCB2211649","addr":"415 S Verdugo Road Unit: Unit A","cat":"ADU","approved":"2022-11-17","started":"2022-11-17","done":"2024-10-09","units":1,"zone_group":"multifamily","hood":"Somerset","fire":"Moderate","approved_year":2022,"started_year":2022,"done_year":2024,"status":"done"}},{"type":"Feature","geometry":{"type":"Point","coordinates":[-118.235562,34.163872]},"properties":{"id":"BCB2207659","addr":"1324 Ethel St\nGlendale, Ca 91207","cat":"ADU","approved":"2022-11-30","started":"2022-11-30","done":"2023-08-07","units":1,"zone_group":"single_family","hood":"Rossmoyne","fire":"Very High","liquefaction":true,"approved_year":2022,"started_year":2022,"done_year":2023,"status":"done"}},{"type":"Feature","geometry":{"type":"Point","coordinates":[-118.227709,34.152036]},"properties":{"id":"BCB2207485","addr":"1714 Orchard Avenue Unit: Unit A","cat":"ADU","approved":"2022-12-05","started":"2022-12-05","done":"2023-09-14","units":1,"zone_group":"multifamily","hood":"Woodbury","fire":"Very High","approved_year":2022,"started_year":2022,"done_year":2023,"status":"done"}},{"type":"Feature","geometry":{"type":"Point","coordinates":[-118.290241,34.177014]},"properties":{"id":"BCB2116108","addr":"1224 Allen Ave","cat":"ADU","approved":"2022-12-01","started":"2022-12-19","done":"2024-03-22","units":1,"zone_group":"single_family","hood":"Grandview","approved_year":2022,"started_year":2022,"done_year":2024,"status":"done"}},{"type":"Feature","geometry":{"type":"Point","coordinates":[-118.252966,34.244411]},"properties":{"id":"BCB2113792","addr":"5135 New York Ave","cat":"Single-family home","approved":"2022-05-31","started":"2022-07-22","units":1,"zone_group":"single_family","hood":"Crescenta Highlands","fire":"Very High","approved_year":2022,"started_year":2022,"status":"started"}},{"type":"Feature","geometry":{"type":"Point","coordinates":[-118.226452,34.153414]},"properties":{"id":"BCB2120449","addr":"419 Hill Drive\nGlendale, Ca 91206","cat":"2\u20134 units","approved":"2022-09-30","started":"2022-10-05","done":"2023-03-20","units":1,"zone_group":"multifamily","hood":"Woodbury","fire":"Very High","dam":true,"approved_year":2022,"started_year":2022,"done_year":2023,"status":"done"}},{"type":"Feature","geometry":{"type":"Point","coordinates":[-118.224799,34.189598]},"properties":{"id":"BCB2210309  PADU2210302","addr":"1843 Oakwood Avenue, Unit A, Glendale, Ca 91208","cat":"ADU","approved":"2023-01-10","started":"2023-01-10","units":1,"zone_group":"single_family","hood":"Verdugo Woodlands","fire":"Very High","approved_year":2023,"started_year":2023,"status":"started"}},{"type":"Feature","geometry":{"type":"Point","coordinates":[-118.278934,34.163136]},"properties":{"id":"BB2206185    \nPADU2206178","addr":"1014 W Glenoaks Boulevard, Unit A\nGlendale, Ca 91202","cat":"ADU","approved":"2022-12-02","started":"2023-01-18","done":"2023-06-30","units":1,"zone_group":"multifamily","hood":"Glenwood","approved_year":2022,"started_year":2023,"done_year":2023,"status":"done"}},{"type":"Feature","geometry":{"type":"Point","coordinates":[-118.240885,34.137162]},"properties":{"id":"BSFD-003020-2023  PADU2204490","addr":"1119 E Windsor Road, Unit Aa, Glendale, Ca 91205","cat":"ADU","approved":"2023-01-23","started":"2023-01-23","done":"2023-09-13","units":1,"zone_group":"multifamily","hood":"Mariposa","approved_year":2023,"started_year":2023,"done_year":2023,"status":"done"}},{"type":"Feature","geometry":{"type":"Point","coordinates":[-118.26989,34.169754]},"properties":{"id":"BCB2209732   PADU2209158","addr":"1451 Ardmore # A Ave\nGlendale, Ca 91202","cat":"ADU","approved":"2023-01-29","started":"2023-02-21","done":"2023-10-11","units":1,"zone_group":"single_family","hood":"Glenwood","approved_year":2023,"started_year":2023,"done_year":2023,"status":"done"}},{"type":"Feature","geometry":{"type":"Point","coordinates":[-118.292426,34.172975]},"properties":{"id":"BB2208590    PADU2208586","addr":"1818 W Glenoaks Boulevard,Unit F\nGlendale, Ca 91203","cat":"ADU","approved":"2023-02-08","started":"2023-02-22","done":"2023-09-08","units":1,"zone_group":"multifamily","hood":"Grandview","approved_year":2023,"started_year":2023,"done_year":2023,"status":"done"}},{"type":"Feature","geometry":{"type":"Point","coordinates":[-118.23351,34.201462]},"properties":{"id":"BCB2119685  \nPADU2119683","addr":"3427 Sierra Vista Ave\nGlendale, Ca 91208","cat":"ADU","approved":"2023-02-24","started":"2023-02-24","done":"2025-03-07","units":1,"zone_group":"single_family","hood":"Sparr Heights","fire":"Moderate","liquefaction":true,"approved_year":2023,"started_year":2023,"done_year":2025,"status":"done"}},{"type":"Feature","geometry":{"type":"Point","coordinates":[-118.279956,34.160602]},"properties":{"id":"BCB2211114   PADU2208694","addr":"934 Zook Drive, Unit A\nGlendale, Ca 91202","cat":"ADU","approved":"2022-12-21","started":"2023-03-27","done":"2024-02-28","units":1,"zone_group":"single_family","hood":"Pelanconi","liquefaction":true,"approved_year":2022,"started_year":2023,"done_year":2024,"status":"done"}},{"type":"Feature","geometry":{"type":"Point","coordinates":[-118.261728,34.147981]},"properties":{"id":"BCB2205519   PADU2204238","addr":"406 W Wilson Avenue, Unit A, Glendale, Ca 91203","cat":"ADU","approved":"2023-03-27","started":"2023-04-03","done":"2023-05-22","units":1,"zone_group":"multifamily","hood":"Vineyard","approved_year":2023,"started_year":2023,"done_year":2023,"status":"done"}},{"type":"Feature","geometry":{"type":"Point","coordinates":[-118.288198,34.175792]},"properties":{"id":"BCB2206674    PADU2204473","addr":"1235 Thompson Ave\nGlendale, Ca 91201","cat":"ADU","approved":"2023-03-31","started":"2023-04-05","done":"2025-08-14","units":1,"zone_group":"single_family","hood":"Grandview","approved_year":2023,"started_year":2023,"done_year":2025,"status":"done"}},{"type":"Feature","geometry":{"type":"Point","coordinates":[-118.225965,34.154854]},"properties":{"id":"BCB2115537  \nPADU2115453","addr":"1912 E Chevy Chase Drive, Unit D\nGlendale, Ca 91206","cat":"ADU","approved":"2023-04-14","started":"2023-04-06","done":"2024-03-28","units":1,"zone_group":"multifamily","hood":"Woodbury","fire":"Very High","approved_year":2023,"started_year":2023,"done_year":2024,"status":"done"}},{"type":"Feature","geometry":{"type":"Point","coordinates":[-118.262922,34.247994]},"properties":{"id":"BCB2208890    PADU2206287","addr":"5012 Glencove Avenue,  Unit A, Glendale, Ca 91214","cat":"ADU","approved":"2023-04-10","started":"2023-04-10","done":"2024-03-05","units":1,"zone_group":"single_family","hood":"Crescenta Highlands","fire":"Very High","approved_year":2023,"started_year":2023,"done_year":2024,"status":"done"}},{"type":"Feature","geometry":{"type":"Point","coordinates":[-118.252745,34.165653]},"properties":{"id":"BSFD-001899-2022  PADU-000402-2022","addr":"1307 Louise N # A St\nGlendale, Ca 91207","cat":"ADU","approved":"2023-03-18","started":"2023-04-19","done":"2025-04-02","units":1,"zone_group":"single_family","hood":"Rossmoyne","fire":"Very High","dam":true,"approved_year":2023,"started_year":2023,"done_year":2025,"status":"done"}},{"type":"Feature","geometry":{"type":"Point","coordinates":[-118.240979,34.155919]},"properties":{"id":"BCB2119643","addr":"915 Monterey Road, Unit A, Glendale, Ca 91206","cat":"ADU","approved":"2023-04-26","started":"2023-04-26","done":"2024-03-07","units":1,"zone_group":"multifamily","hood":"Woodbury","fire":"Moderate","liquefaction":true,"approved_year":2023,"started_year":2023,"done_year":2024,"status":"done"}},{"type":"Feature","geometry":{"type":"Point","coordinates":[-118.23004,34.14354]},"properties":{"id":"BCB2210334 \nPADU2209170","addr":"1520 Orange Grove Ave Unit: # A, Glendale, Ca 91205","cat":"ADU","approved":"2023-04-27","started":"2023-04-27","done":"2023-12-04","units":1,"zone_group":"multifamily","hood":"Citrus Grove","fire":"Very High","approved_year":2023,"started_year":2023,"done_year":2023,"status":"done"}},{"type":"Feature","geometry":{"type":"Point","coordinates":[-118.252994,34.135834]},"properties":{"id":"BCB2203947   PADU2208706","addr":"214 E Garfield Avenue, Unit A, Glendale, Ca 91205","cat":"ADU","approved":"2023-05-04","started":"2023-05-04","units":1,"zone_group":"multifamily","hood":"Mariposa","approved_year":2023,"started_year":2023,"status":"started"}},{"type":"Feature","geometry":{"type":"Point","coordinates":[-118.256321,34.140436]},"properties":{"id":"BSFD-002096-2022","addr":"126 W Lomita Avenue\nGlendale, Ca 91204","cat":"ADU","approved":"2023-05-04","started":"2023-05-09","done":"2024-07-30","units":1,"zone_group":"multifamily","hood":"Pacific-Edison","approved_year":2023,"started_year":2023,"done_year":2024,"status":"done"}},{"type":"Feature","geometry":{"type":"Point","coordinates":[-118.287822,34.168018]},"properties":{"id":"BCB2211855   \nPADU2211317","addr":"1040 Ruberta Ave, # A\nGlendale, Ca 91201","cat":"ADU","approved":"2023-05-30","started":"2023-05-30","done":"2024-07-23","units":1,"zone_group":"multifamily","hood":"Grandview","approved_year":2023,"started_year":2023,"done_year":2024,"status":"done"}},{"type":"Feature","geometry":{"type":"Point","coordinates":[-118.252914,34.226745]},"properties":{"id":"BSFD-001552-2022   PADU-000283-2022","addr":"3361 Encinal Avenue, Unit A, Glendale, Ca 91214","cat":"ADU","approved":"2023-06-05","started":"2023-06-26","done":"2023-09-22","units":1,"zone_group":"single_family","hood":"Crescenta Highlands","fire":"Moderate","approved_year":2023,"started_year":2023,"done_year":2023,"status":"done"}},{"type":"Feature","geometry":{"type":"Point","coordinates":[-118.26186,34.22958]},"properties":{"id":"BSFD-002755-2023  PADU-000370-2022","addr":"4013 Boston Avenue, Unit A, Glendale, Ca 91214","cat":"ADU","approved":"2023-06-27","started":"2023-07-05","done":"2024-05-22","units":1,"zone_group":"single_family","hood":"Crescenta Highlands","fire":"Very High","approved_year":2023,"started_year":2023,"done_year":2024,"status":"done"}},{"type":"Feature","geometry":{"type":"Point","coordinates":[-118.237394,34.143523]},"properties":{"id":"BSFD-000585-2022  PADU-000029-2022","addr":"1306 Orange Grove Avenue, Glendale, Ca 91205","cat":"ADU","approved":"2023-06-07","started":"2023-07-07","units":1,"zone_group":"multifamily","hood":"Citrus Grove","approved_year":2023,"started_year":2023,"status":"started"}},{"type":"Feature","geometry":{"type":"Point","coordinates":[-118.264207,34.148013]},"properties":{"id":"BCB2207752","addr":"467 W Wilson Ave\nGlendale, Ca 91203","cat":"ADU","approved":"2023-01-30","started":"2023-07-19","done":"2024-07-16","units":1,"zone_group":"multifamily","hood":"Vineyard","approved_year":2023,"started_year":2023,"done_year":2024,"status":"done"}},{"type":"Feature","geometry":{"type":"Point","coordinates":[-118.290589,34.17022]},"properties":{"id":"BB2111231  PADU2102482","addr":"1042 Western Avenue,  Unit A, Glendale, Ca 91201","cat":"ADU","approved":"2023-07-28","started":"2023-07-28","done":"2024-04-10","units":1,"zone_group":"multifamily","hood":"Grandview","approved_year":2023,"started_year":2023,"done_year":2024,"status":"done"}},{"type":"Feature","geometry":{"type":"Point","coordinates":[-118.236073,34.140655]},"properties":{"id":"BSFD-003483-2023","addr":"500 Fischer Street, Unit Aa, Glendale, Ca 91205","cat":"ADU","approved":"2023-07-28","started":"2023-08-08","done":"2024-06-05","units":1,"zone_group":"multifamily","hood":"Somerset","approved_year":2023,"started_year":2023,"done_year":2024,"status":"done"}},{"type":"Feature","geometry":{"type":"Point","coordinates":[-118.270989,34.149997]},"properties":{"id":"BMULTI-003265-2023  PADU-000342-2022","addr":"723 W California Avenue, Glendale, Ca 91203","cat":"ADU","approved":"2023-08-03","started":"2023-08-14","done":"2024-01-23","units":1,"zone_group":"multifamily","hood":"Vineyard","approved_year":2023,"started_year":2023,"done_year":2024,"status":"done"}},{"type":"Feature","geometry":{"type":"Point","coordinates":[-118.245238,34.138065]},"properties":{"id":"BSFD-003559-2023       PADU-000825-2023","addr":"800 Raleigh Street\nGlendale, Ca 91205","cat":"ADU","approved":"2023-09-12","started":"2023-09-15","done":"2024-05-23","units":1,"zone_group":"multifamily","hood":"Mariposa","approved_year":2023,"started_year":2023,"done_year":2024,"status":"done"}},{"type":"Feature","geometry":{"type":"Point","coordinates":[-118.2468,34.145334]},"properties":{"id":"BCB2212343  PADU2212336","addr":"126 Franklin Court, Unit A, Glendale, Ca 91205","cat":"ADU","approved":"2022-11-16","started":"2023-09-26","done":"2025-07-07","units":1,"zone_group":"multifamily","hood":"Citrus Grove","approved_year":2022,"started_year":2023,"done_year":2025,"status":"done"}},{"type":"Feature","geometry":{"type":"Point","coordinates":[-118.282009,34.185411]},"properties":{"id":"BCB2200970  PADU2200966","addr":"1626 Allen Ave\nGlendale, Ca 91201","cat":"ADU","approved":"2023-10-12","started":"2023-10-12","done":"2024-05-23","units":1,"zone_group":"single_family","hood":"El Miradero","fire":"Very High","approved_year":2023,"started_year":2023,"done_year":2024,"status":"done"}},{"type":"Feature","geometry":{"type":"Point","coordinates":[-118.237605,34.158166]},"properties":{"id":"BSFD-003957-2023    PADU-000171-2022","addr":"989 Verdugo Circle Drive, Unit A, Glendale, Ca 91206","cat":"ADU","approved":"2023-10-25","started":"2023-10-24","done":"2025-03-24","units":1,"zone_group":"single_family","hood":"Woodbury","fire":"Very High","liquefaction":true,"approved_year":2023,"started_year":2023,"done_year":2025,"status":"done"}},{"type":"Feature","geometry":{"type":"Point","coordinates":[-118.239688,34.210063]},"properties":{"id":"BCB2209011  PADU2209003","addr":"2759 Sycamore Ave\nGlendale, Ca 91020","cat":"ADU","approved":"2023-11-28","started":"2023-11-28","done":"2024-03-22","units":1,"zone_group":"single_family","hood":"Montrose","fire":"Very High","approved_year":2023,"started_year":2023,"done_year":2024,"status":"done"}},{"type":"Feature","geometry":{"type":"Point","coordinates":[-118.234167,34.163376]},"properties":{"id":"BCB2120454 PADU2120451","addr":"1235 N Verdugo Road, Unit C, Glendale, Ca 91202","cat":"ADU","approved":"2023-12-22","started":"2023-12-22","done":"2024-05-15","units":1,"zone_group":"multifamily","hood":"College Hills","fire":"Very High","liquefaction":true,"approved_year":2023,"started_year":2023,"done_year":2024,"status":"done"}},{"type":"Feature","geometry":{"type":"Point","coordinates":[-118.265837,34.148002]},"properties":{"id":"BCB2120875  PADU2118811","addr":"529 W Wilson Ave\nGlendale, Ca 91203","cat":"ADU","approved":"2023-09-28","started":"2023-12-27","done":"2025-10-03","units":1,"zone_group":"multifamily","hood":"Vineyard","approved_year":2023,"started_year":2023,"done_year":2025,"status":"done"}},{"type":"Feature","geometry":{"type":"Point","coordinates":[-118.206905,34.17107]},"properties":{"id":"BSFD-007661-2023  PDRNRAF2002198","addr":"3035 Edgewick Rd\nGlendale, Ca 91206","cat":"Single-family home","approved":"2023-05-31","units":1,"zone_group":"single_family","hood":"Chevy Chase","fire":"Very High","approved_year":2023,"status":"approved"}},{"type":"Feature","geometry":{"type":"Point","coordinates":[-118.22528,34.185595]},"properties":{"id":"BSFD-006641-2023  PDR-000219-2022","addr":"2667 Bogue Drive\nGlendale, Ca 91208","cat":"Single-family home","approved":"2023-06-07","started":"2025-11-12","units":1,"zone_group":"single_family","hood":"Verdugo Woodlands","fire":"Very High","approved_year":2023,"started_year":2025,"status":"started"}},{"type":"Feature","geometry":{"type":"Point","coordinates":[-118.291674,34.17669]},"properties":{"id":"BCB2118112","addr":"1915 Glenwood Rd","cat":"ADU","approved":"2022-07-15","started":"2022-08-02","done":"2023-01-24","units":1,"zone_group":"single_family","hood":"Grandview","approved_year":2022,"started_year":2022,"done_year":2023,"status":"done"}},{"type":"Feature","geometry":{"type":"Point","coordinates":[-118.22908,34.188401]},"properties":{"id":"BCB2114109","addr":"2854 Canada Blvd, Unit A","cat":"ADU","approved":"2022-08-05","started":"2022-08-05","done":"2023-05-03","units":1,"zone_group":"single_family","hood":"Verdugo Woodlands","fire":"Very High","liquefaction":true,"approved_year":2022,"started_year":2022,"done_year":2023,"status":"done"}},{"type":"Feature","geometry":{"type":"Point","coordinates":[-118.291396,34.177628]},"properties":{"id":"BCB2106737","addr":"1227 Linden Ave, Unit A","cat":"ADU","approved":"2021-11-01","started":"2022-03-07","done":"2023-07-03","units":1,"zone_group":"single_family","hood":"Grandview","approved_year":2021,"started_year":2022,"done_year":2023,"status":"done"}},{"type":"Feature","geometry":{"type":"Point","coordinates":[-118.275626,34.158332]},"properties":{"id":"BCB2200623","addr":"848 Patterson Ave Unit A","cat":"ADU","approved":"2022-04-29","started":"2022-05-16","done":"2023-01-30","units":1,"zone_group":"single_family","hood":"Pelanconi","dam":true,"approved_year":2022,"started_year":2022,"done_year":2023,"status":"done"}},{"type":"Feature","geometry":{"type":"Point","coordinates":[-118.2753,34.164436]},"properties":{"id":"BCB2019454","addr":"1210 Alma St, Unit A","cat":"ADU","approved":"2021-12-13","started":"2022-03-15","done":"2024-06-10","units":1,"zone_group":"single_family","hood":"Glenwood","approved_year":2021,"started_year":2022,"done_year":2024,"status":"done"}},{"type":"Feature","geometry":{"type":"Point","coordinates":[-118.27493,34.157251]},"properties":{"id":"BCB2016426","addr":"824 Omar St, Unit A","cat":"ADU","approved":"2022-03-11","started":"2022-03-24","done":"2024-03-08","units":1,"zone_group":"single_family","hood":"Pelanconi","approved_year":2022,"started_year":2022,"done_year":2024,"status":"done"}},{"type":"Feature","geometry":{"type":"Point","coordinates":[-118.225798,34.182236]},"properties":{"id":"BCB2114410","addr":"2411 N Verdugo Rd, Unit A","cat":"ADU","approved":"2021-10-29","started":"2022-03-30","done":"2023-02-24","units":1,"zone_group":"single_family","hood":"Verdugo Woodlands","fire":"Very High","liquefaction":true,"approved_year":2021,"started_year":2022,"done_year":2023,"status":"done"}},{"type":"Feature","geometry":{"type":"Point","coordinates":[-118.289202,34.169917]},"properties":{"id":"BCB2117468","addr":"1056 Winchester Ave Unit A","cat":"ADU","approved":"2022-04-11","started":"2022-04-20","done":"2023-09-14","units":1,"zone_group":"multifamily","hood":"Grandview","approved_year":2022,"started_year":2022,"done_year":2023,"status":"done"}},{"type":"Feature","geometry":{"type":"Point","coordinates":[-118.275965,34.16645]},"properties":{"id":"BCB2101687","addr":"929 Glenwood Rd, Unit A","cat":"ADU","approved":"2022-05-19","started":"2022-05-19","done":"2023-08-29","units":1,"zone_group":"single_family","hood":"Glenwood","approved_year":2022,"started_year":2022,"done_year":2023,"status":"done"}},{"type":"Feature","geometry":{"type":"Point","coordinates":[-118.21371,34.149619]},"properties":{"id":"BCB2118402","addr":"2347 E Glenoaks Blvd","cat":"ADU","approved":"2022-05-27","started":"2022-05-27","done":"2023-10-31","units":1,"zone_group":"single_family","hood":"Glenoaks Canyon","fire":"Very High","approved_year":2022,"started_year":2022,"done_year":2023,"status":"done"}},{"type":"Feature","geometry":{"type":"Point","coordinates":[-118.259325,34.230746]},"properties":{"id":"BCB2120206","addr":"3659 Encinal Ave, Unit A","cat":"ADU","approved":"2022-06-06","started":"2022-06-13","done":"2023-05-01","units":1,"zone_group":"single_family","hood":"Crescenta Highlands","fire":"Moderate","approved_year":2022,"started_year":2022,"done_year":2023,"status":"done"}},{"type":"Feature","geometry":{"type":"Point","coordinates":[-118.24196,34.160188]},"properties":{"id":"BCB2118822","addr":"960 E Glenoaks Blvd, Unit A","cat":"ADU","approved":"2022-06-07","started":"2022-06-14","done":"2023-04-18","units":1,"zone_group":"single_family","hood":"Rossmoyne","fire":"Moderate","approved_year":2022,"started_year":2022,"done_year":2023,"status":"done"}},{"type":"Feature","geometry":{"type":"Point","coordinates":[-118.273152,34.172275]},"properties":{"id":"BCB2113870","addr":"1524 Ard Eevin Ave Unit A","cat":"ADU","approved":"2021-09-08","started":"2022-06-21","done":"2023-06-23","units":1,"zone_group":"single_family","hood":"Glenwood","fire":"High","approved_year":2021,"started_year":2022,"done_year":2023,"status":"done"}},{"type":"Feature","geometry":{"type":"Point","coordinates":[-118.267259,34.1752]},"properties":{"id":"BCB2015399","addr":"1725 Ridgeway Dr, Unit A","cat":"ADU","approved":"2021-05-14","started":"2022-07-18","done":"2025-01-16","units":1,"zone_group":"single_family","hood":"Brockmont","fire":"Very High","approved_year":2021,"started_year":2022,"done_year":2025,"status":"done"}},{"type":"Feature","geometry":{"type":"Point","coordinates":[-118.299056,34.164445]},"properties":{"id":"BCB2103547","addr":"1743 Lake St, Unit A","cat":"ADU","approved":"2021-09-14","started":"2022-07-25","done":"2024-09-09","units":1,"zone_group":"multifamily","hood":"Riverside Rancho","liquefaction":true,"approved_year":2021,"started_year":2022,"done_year":2024,"status":"done"}},{"type":"Feature","geometry":{"type":"Point","coordinates":[-118.225292,34.186649]},"properties":{"id":"BCB2115974","addr":"2739 Mira Vista Dr, Unit A","cat":"ADU","approved":"2022-06-28","started":"2022-07-29","done":"2023-05-24","units":1,"zone_group":"recreation","hood":"Verdugo Woodlands","fire":"Very High","approved_year":2022,"started_year":2022,"done_year":2023,"status":"done"}},{"type":"Feature","geometry":{"type":"Point","coordinates":[-118.252969,34.236208]},"properties":{"id":"BCB2118019 PADU2118018","addr":"4706 New York Ave","cat":"ADU","approved":"2022-09-20","started":"2022-09-20","done":"2025-12-03","units":1,"zone_group":"single_family","hood":"Crescenta Highlands","fire":"High","approved_year":2022,"started_year":2022,"done_year":2025,"status":"done"}},{"type":"Feature","geometry":{"type":"Point","coordinates":[-118.230292,34.140284]},"properties":{"id":"BB2112380","addr":"1527 Rock Glen # A Ave","cat":"ADU","approved":"2022-09-29","started":"2022-09-29","units":1,"zone_group":"multifamily","hood":"Somerset","fire":"Very High","approved_year":2022,"started_year":2022,"status":"started"}},{"type":"Feature","geometry":{"type":"Point","coordinates":[-118.286831,34.184278]},"properties":{"id":"BCB2206985","addr":"2015 Chilton # A Dr, Ca 91201","cat":"ADU","approved":"2022-11-30","started":"2022-12-23","done":"2024-12-18","units":1,"zone_group":"single_family","hood":"El Miradero","fire":"Moderate","approved_year":2022,"started_year":2022,"done_year":2024,"status":"done"}},{"type":"Feature","geometry":{"type":"Point","coordinates":[-118.243983,34.146234]},"properties":{"id":"PDBP2106442, BB2116542","addr":"900 E Broadway","cat":"5+ units","approved":"2021-05-27","started":"2022-02-03","done":"2024-10-21","units":140,"zone_group":"commercial","hood":"Citrus Grove","approved_year":2021,"started_year":2022,"done_year":2024,"status":"done"}},{"type":"Feature","geometry":{"type":"Point","coordinates":[-118.260081,34.150752]},"properties":{"id":"BB2017014 PDR1913994","addr":"350 Myrtle St","cat":"5+ units","approved":"2020-01-03","started":"2022-12-28","units":5,"zone_group":"multifamily","hood":"Vineyard","approved_year":2020,"started_year":2022,"status":"started"}},{"type":"Feature","geometry":{"type":"Point","coordinates":[-118.253865,34.224926]},"properties":{"id":"BCB2201546","addr":"3419 Montrose Ave, Unit A","cat":"2\u20134 units","approved":"2022-10-20","started":"2022-11-15","done":"2023-03-09","units":1,"zone_group":"multifamily","hood":"Crescenta Highlands","fire":"Very High","liquefaction":true,"approved_year":2022,"started_year":2022,"done_year":2023,"status":"done"}},{"type":"Feature","geometry":{"type":"Point","coordinates":[-118.251218,34.164956]},"properties":{"id":"BCB2113743 PADU2110991","addr":"1227 Campbell, Unit A\nGlendale, Ca 91207","cat":"ADU","approved":"2023-01-18","started":"2023-01-18","units":1,"zone_group":"single_family","hood":"Rossmoyne","fire":"Very High","dam":true,"approved_year":2023,"started_year":2023,"status":"started"}},{"type":"Feature","geometry":{"type":"Point","coordinates":[-118.264952,34.154049]},"properties":{"id":"BCB2121200 PADU2121194","addr":"505 W Doran Street, Unit A, Glendale, Ca 91203","cat":"ADU","approved":"2022-09-16","started":"2023-01-24","units":1,"zone_group":"multifamily","hood":"Vineyard","approved_year":2022,"started_year":2023,"status":"started"}},{"type":"Feature","geometry":{"type":"Point","coordinates":[-118.285614,34.186046]},"properties":{"id":"BCB2107857   \nPADU2107876","addr":"2033 W Mountain Street, Unit A\nGlendale, Ca 91201","cat":"ADU","approved":"2023-01-19","started":"2023-02-14","units":1,"zone_group":"single_family","hood":"El Miradero","fire":"High","approved_year":2023,"started_year":2023,"status":"started"}},{"type":"Feature","geometry":{"type":"Point","coordinates":[-118.253287,34.215272]},"properties":{"id":"BCB2110689  PADU2110675","addr":"3801 Lockerbie Court, Unit A, Glendale, Ca 91208","cat":"ADU","approved":"2023-02-21","started":"2023-03-01","units":1,"zone_group":"single_family","hood":"Whiting Woods","fire":"Very High","approved_year":2023,"started_year":2023,"status":"started"}},{"type":"Feature","geometry":{"type":"Point","coordinates":[-118.253287,34.215272]},"properties":{"id":"BCB2110686 PADU2110673","addr":"3801 Lockerbie Court, Unit Aa, Glendale, Ca 91208","cat":"ADU","approved":"2023-02-21","started":"2023-03-02","units":1,"zone_group":"single_family","hood":"Whiting Woods","fire":"Very High","approved_year":2023,"started_year":2023,"status":"started"}},{"type":"Feature","geometry":{"type":"Point","coordinates":[-118.258694,34.236679]},"properties":{"id":"BCB2208910    PADU2202537","addr":"3636 Virginia Street, Unit A, Glendale, Ca 91214","cat":"ADU","approved":"2023-02-16","started":"2023-03-02","done":"2024-03-11","units":1,"zone_group":"single_family","hood":"Crescenta Highlands","approved_year":2023,"started_year":2023,"done_year":2024,"status":"done"}},{"type":"Feature","geometry":{"type":"Point","coordinates":[-118.243651,34.166121]},"properties":{"id":"BCB2209021  PADU2211538","addr":"1321 Cedar Court Road, Unit A, Glendale, Ca 91207","cat":"ADU","approved":"2022-12-28","started":"2023-03-14","done":"2023-01-16","units":1,"zone_group":"single_family","hood":"Rossmoyne","fire":"Very High","approved_year":2022,"started_year":2023,"done_year":2023,"status":"done"}},{"type":"Feature","geometry":{"type":"Point","coordinates":[-118.295711,34.173464]},"properties":{"id":"BB2207253    \nPADU2204129","addr":"1040 Linden Avenue, Unit C, Glendale, Ca 91201","cat":"ADU","approved":"2022-12-14","started":"2023-03-22","done":"2023-10-20","units":1,"zone_group":"multifamily","hood":"Grandview","liquefaction":true,"approved_year":2022,"started_year":2023,"done_year":2023,"status":"done"}},{"type":"Feature","geometry":{"type":"Point","coordinates":[-118.266074,34.170015]},"properties":{"id":"BCB2207579 PADU2206332","addr":"1511 N Pacific Ave\nGlendale, Ca 91202","cat":"ADU","approved":"2023-03-02","started":"2023-03-24","done":"2024-10-09","units":1,"zone_group":"single_family","hood":"Verdugo Viejo","fire":"Moderate","approved_year":2023,"started_year":2023,"done_year":2024,"status":"done"}},{"type":"Feature","geometry":{"type":"Point","coordinates":[-118.276063,34.160741]},"properties":{"id":"BSFD-000263-2022    \nPADU-000002-2022","addr":"930 Alma Street\nGlendale, Ca 91202","cat":"ADU","approved":"2023-04-04","started":"2023-04-14","done":"2024-03-29","units":1,"zone_group":"single_family","hood":"Pelanconi","dam":true,"approved_year":2023,"started_year":2023,"done_year":2024,"status":"done"}},{"type":"Feature","geometry":{"type":"Point","coordinates":[-118.25842,34.170701]},"properties":{"id":"BCB2206002 \nPADU2208703","addr":"1629 Cumberland Terrace, Unit A\nGlendale, Ca 91202","cat":"ADU","approved":"2023-02-14","started":"2023-04-18","units":1,"zone_group":"single_family","hood":"Brockmont","fire":"Very High","approved_year":2023,"started_year":2023,"status":"started"}},{"type":"Feature","geometry":{"type":"Point","coordinates":[-118.228953,34.175809]},"properties":{"id":"BCB2211755 PADU2211747","addr":"1836 Canada Blvd, Unit A, Glendale, Ca 91208","cat":"ADU","approved":"2023-05-04","started":"2023-05-04","done":"2023-11-14","units":1,"zone_group":"single_family","hood":"Verdugo Woodlands","fire":"Very High","liquefaction":true,"approved_year":2023,"started_year":2023,"done_year":2023,"status":"done"}},{"type":"Feature","geometry":{"type":"Point","coordinates":[-118.250284,34.156823]},"properties":{"id":"BB2208091   PADU2207036","addr":"711 N Jackson Street, Unit A, Glendale, Ca 91206","cat":"ADU","approved":"2023-06-22","started":"2023-05-18","done":"2024-02-28","units":1,"zone_group":"multifamily","hood":"Rossmoyne","approved_year":2023,"started_year":2023,"done_year":2024,"status":"done"}},{"type":"Feature","geometry":{"type":"Point","coordinates":[-118.250284,34.156823]},"properties":{"id":"BB2208094   \nPADU2207037","addr":"711 N Jackson Street, Unit B, Glendale, Ca 91206","cat":"ADU","approved":"2023-06-22","started":"2023-05-18","done":"2024-02-28","units":1,"zone_group":"multifamily","hood":"Rossmoyne","approved_year":2023,"started_year":2023,"done_year":2024,"status":"done"}},{"type":"Feature","geometry":{"type":"Point","coordinates":[-118.267077,34.165496]},"properties":{"id":"BCB2205840   PADU2205832","addr":"534 Clement Drive, Unit A, Glendale, Ca 91202","cat":"ADU","approved":"2023-05-23","started":"2023-05-23","done":"2023-10-18","units":1,"zone_group":"single_family","hood":"Glenwood","approved_year":2023,"started_year":2023,"done_year":2023,"status":"done"}},{"type":"Feature","geometry":{"type":"Point","coordinates":[-118.240987,34.144418]},"properties":{"id":"BSFD-002249-2022  \nPADU-000193-2022","addr":"1116 E Harvard Street, Unit A, Glendale, Ca 91205","cat":"ADU","approved":"2023-05-30","started":"2023-06-02","done":"2023-08-10","units":1,"zone_group":"multifamily","hood":"Citrus Grove","approved_year":2023,"started_year":2023,"done_year":2023,"status":"done"}},{"type":"Feature","geometry":{"type":"Point","coordinates":[-118.231455,34.190194]},"properties":{"id":"BSFD-003842-2023   PADU-000713-2023","addr":"1633 Santa Rosa Avenue\nGlendale, Ca 91208","cat":"ADU","approved":"2023-06-21","started":"2023-06-29","done":"2024-02-08","units":1,"zone_group":"single_family","hood":"Verdugo Woodlands","fire":"Very High","liquefaction":true,"approved_year":2023,"started_year":2023,"done_year":2024,"status":"done"}},{"type":"Feature","geometry":{"type":"Point","coordinates":[-118.237814,34.137156]},"properties":{"id":"BSFD-001490-2022 \nPADU-000234-202","addr":"1237 E Windsor Road, Unit A, Glendale, Ca 91205","cat":"ADU","approved":"2023-07-05","started":"2023-07-07","done":"2024-05-23","units":1,"zone_group":"multifamily","hood":"Somerset","fire":"High","approved_year":2023,"started_year":2023,"done_year":2024,"status":"done"}},{"type":"Feature","geometry":{"type":"Point","coordinates":[-118.267183,34.164684]},"properties":{"id":"BCB2203590 PADU2109703","addr":"543 Glenwood Road, Unit A, Glendale, Ca 91202","cat":"ADU","approved":"2023-07-19","started":"2023-07-19","done":"2025-01-16","units":1,"zone_group":"multifamily","hood":"Glenwood","approved_year":2023,"started_year":2023,"done_year":2025,"status":"done"}},{"type":"Feature","geometry":{"type":"Point","coordinates":[-118.247649,34.152254]},"properties":{"id":"BSFD-002398-2022","addr":"409 N Howard Street, Unit A, Glendale, Ca 91206","cat":"ADU","approved":"2023-07-18","started":"2023-07-25","done":"2024-02-12","units":1,"zone_group":"single_family","hood":"City Center","approved_year":2023,"started_year":2023,"done_year":2024,"status":"done"}},{"type":"Feature","geometry":{"type":"Point","coordinates":[-118.231134,34.1784]},"properties":{"id":"BCB2101407","addr":"1613 Wabasso Way, Unit A, Glendale, Ca 91208","cat":"ADU","approved":"2023-09-13","started":"2023-08-25","done":"2025-02-03","units":1,"zone_group":"single_family","hood":"Verdugo Woodlands","fire":"Very High","liquefaction":true,"approved_year":2023,"started_year":2023,"done_year":2025,"status":"done"}},{"type":"Feature","geometry":{"type":"Point","coordinates":[-118.295889,34.176112]},"properties":{"id":"BSFD-001554-2022PADU-000092-2022","addr":"2319 E Glenoaks Boulevard, Glendale, Ca 91206","cat":"ADU","approved":"2023-08-29","started":"2023-09-12","done":"2024-06-21","units":1,"zone_group":"commercial","hood":"Grandview","approved_year":2023,"started_year":2023,"done_year":2024,"status":"done"}},{"type":"Feature","geometry":{"type":"Point","coordinates":[-118.246455,34.215493]},"properties":{"id":"BCB2207109    \nPADU2207103","addr":"3079 Honolulu Ave\nGlendale, Ca 91214","cat":"ADU","approved":"2023-09-07","started":"2023-09-12","done":"2024-05-23","units":1,"zone_group":"single_family","hood":"Montrose","fire":"Very High","approved_year":2023,"started_year":2023,"done_year":2024,"status":"done"}},{"type":"Feature","geometry":{"type":"Point","coordinates":[-118.236613,34.139177]},"properties":{"id":"BSFD-000236-2022 PADU2212753","addr":"1323 E Maple Street\nGlendale, Ca 91205","cat":"ADU","approved":"2023-10-09","started":"2023-10-02","done":"2025-07-02","units":1,"zone_group":"multifamily","hood":"Somerset","fire":"Moderate","approved_year":2023,"started_year":2023,"done_year":2025,"status":"done"}},{"type":"Feature","geometry":{"type":"Point","coordinates":[-118.277725,34.16057]},"properties":{"id":"BSFD-009734-2023  PADU-000528-2022","addr":"861 Pelanconi Avenue\nGlendale, Ca 91202","cat":"ADU","approved":"2023-09-16","started":"2023-10-09","done":"2024-04-09","units":1,"zone_group":"single_family","hood":"Pelanconi","dam":true,"approved_year":2023,"started_year":2023,"done_year":2024,"status":"done"}},{"type":"Feature","geometry":{"type":"Point","coordinates":[-118.262879,34.149801]},"properties":{"id":"BMULTI-006876-2023   PADU-001438-2023","addr":"434 W California Avenue, Unit B, Glendale, Ca 91203","cat":"ADU","approved":"2023-10-13","started":"2023-10-16","done":"2024-04-22","units":1,"zone_group":"multifamily","hood":"Vineyard","approved_year":2023,"started_year":2023,"done_year":2024,"status":"done"}},{"type":"Feature","geometry":{"type":"Point","coordinates":[-118.240378,34.169868]},"properties":{"id":"BSFD-004312-2023   PADU-000899-2023","addr":"970 Kirkton Place\nGlendale, Ca 91207","cat":"ADU","approved":"2023-10-10","started":"2023-11-16","done":"2024-07-22","units":1,"zone_group":"single_family","hood":"Greenbriar","fire":"Very High","approved_year":2023,"started_year":2023,"done_year":2024,"status":"done"}},{"type":"Feature","geometry":{"type":"Point","coordinates":[-118.236154,34.152772]},"properties":{"id":"BCB2112918 PDRNRAF1918486","addr":"411 La Loma Rd","cat":"Single-family home","approved":"2020-08-13","started":"2023-05-23","units":1,"zone_group":"single_family","hood":"Woodbury","fire":"Moderate","approved_year":2020,"started_year":2023,"status":"started"}},{"type":"Feature","geometry":{"type":"Point","coordinates":[-118.245131,34.13165]},"properties":{"id":"BCB2209303 PDRNRAF1918581","addr":"1226 Vista Ct","cat":"Single-family home","approved":"2022-01-27","started":"2023-08-21","done":"2024-11-18","units":1,"zone_group":"single_family","hood":"Adams Hill","approved_year":2022,"started_year":2023,"done_year":2024,"status":"done"}},{"type":"Feature","geometry":{"type":"Point","coordinates":[-118.240645,34.143563]},"properties":{"id":"BB2209106      PADU2208976","addr":"1125 Orange Grove Avenue Unit: Unit C\nGlendale, Ca 91205","cat":"ADU","approved":"2023-01-13","started":"2023-03-28","done":"2024-07-31","units":1,"zone_group":"multifamily","hood":"Citrus Grove","approved_year":2023,"started_year":2023,"done_year":2024,"status":"done"}},{"type":"Feature","geometry":{"type":"Point","coordinates":[-118.240645,34.143563]},"properties":{"id":"BB2209105      \nPADU2208975","addr":"1125 Orange Grove Avenue Unit: Unit B\nGlendale, Ca 91205","cat":"ADU","approved":"2023-01-13","started":"2023-03-28","done":"2024-07-31","units":1,"zone_group":"multifamily","hood":"Citrus Grove","approved_year":2023,"started_year":2023,"done_year":2024,"status":"done"}},{"type":"Feature","geometry":{"type":"Point","coordinates":[-118.225352,34.186347]},"properties":{"id":"BSFD-009484-2023  PDRNRAF2204144","addr":"2727 Mira Vista Dr\nGlendale, Ca 91208","cat":"Single-family home","approved":"2023-02-23","units":1,"zone_group":"recreation","hood":"Verdugo Woodlands","fire":"Very High","approved_year":2023,"status":"approved"}},{"type":"Feature","geometry":{"type":"Point","coordinates":[-118.229459,34.181878]},"properties":{"id":"PDR-001303-2023","addr":"1661 Capistrano Avenue\nGlendale, Ca 91208","cat":"Single-family home","approved":"2023-09-28","units":1,"zone_group":"single_family","hood":"Verdugo Woodlands","fire":"Very High","liquefaction":true,"approved_year":2023,"status":"approved"}},{"type":"Feature","geometry":{"type":"Point","coordinates":[-118.260238,34.152688]},"properties":{"id":"BB1812802","addr":"352 W. Milford St.","cat":"5+ units","approved":"2017-07-13","started":"2019-07-30","done":"2024-05-14","units":32,"zone_group":"multifamily","hood":"Vineyard","approved_year":2017,"started_year":2019,"done_year":2024,"status":"done"}},{"type":"Feature","geometry":{"type":"Point","coordinates":[-118.260771,34.135874]},"properties":{"id":"BCB2010898","addr":"817 S Columbus Ave., Unit A","cat":"ADU","approved":"2020-10-26","started":"2020-10-26","done":"2023-03-29","units":1,"zone_group":"multifamily","hood":"Pacific-Edison","approved_year":2020,"started_year":2020,"done_year":2023,"status":"done"}},{"type":"Feature","geometry":{"type":"Point","coordinates":[-118.268697,34.162532]},"properties":{"id":"BCB2006315","addr":"592 South St Unit A","cat":"ADU","approved":"2020-08-03","started":"2021-02-05","done":"2023-03-07","units":1,"zone_group":"multifamily","hood":"Glenwood","dam":true,"approved_year":2020,"started_year":2021,"done_year":2023,"status":"done"}},{"type":"Feature","geometry":{"type":"Point","coordinates":[-118.236333,34.135601]},"properties":{"id":"BCB1923258","addr":"1327 E Acacia Ave Unit A","cat":"ADU","approved":"2020-09-18","started":"2021-03-08","done":"2023-08-21","units":1,"zone_group":"multifamily","hood":"Somerset","fire":"Very High","approved_year":2020,"started_year":2021,"done_year":2023,"status":"done"}},{"type":"Feature","geometry":{"type":"Point","coordinates":[-118.244942,34.132605]},"properties":{"id":"BCB2015256","addr":"804 E Palmer Ave Unit A","cat":"ADU","approved":"2021-04-22","started":"2021-04-22","done":"2025-12-18","units":1,"zone_group":"multifamily","hood":"Adams Hill","dam":true,"approved_year":2021,"started_year":2021,"done_year":2025,"status":"done"}},{"type":"Feature","geometry":{"type":"Point","coordinates":[-118.259309,34.137707]},"properties":{"id":"BCB2006218","addr":"331 W Maple St Unit B","cat":"ADU","approved":"2021-04-21","started":"2021-06-04","done":"2023-12-26","units":1,"zone_group":"multifamily","hood":"Pacific-Edison","approved_year":2021,"started_year":2021,"done_year":2023,"status":"done"}},{"type":"Feature","geometry":{"type":"Point","coordinates":[-118.227116,34.181497]},"properties":{"id":"BCB2107192","addr":"2328 Sylvan Ln, Unit A","cat":"ADU","approved":"2021-11-04","started":"2022-02-02","done":"2023-06-26","units":1,"zone_group":"single_family","hood":"Verdugo Woodlands","fire":"Very High","liquefaction":true,"approved_year":2021,"started_year":2022,"done_year":2023,"status":"done"}},{"type":"Feature","geometry":{"type":"Point","coordinates":[-118.251025,34.22195]},"properties":{"id":"BCB2103825","addr":"3305 Honolulu Ave, Unit A","cat":"ADU","approved":"2021-11-05","started":"2022-02-09","done":"2023-02-21","units":1,"zone_group":"multifamily","hood":"Crescenta Highlands","fire":"Very High","liquefaction":true,"approved_year":2021,"started_year":2022,"done_year":2023,"status":"done"}},{"type":"Feature","geometry":{"type":"Point","coordinates":[-118.294183,34.173372]},"properties":{"id":"BCB2110942","addr":"1065 Allen Ave","cat":"ADU","approved":"2021-12-30","started":"2022-02-15","done":"2024-08-21","units":1,"zone_group":"multifamily","hood":"Grandview","approved_year":2021,"started_year":2022,"done_year":2024,"status":"done"}},{"type":"Feature","geometry":{"type":"Point","coordinates":[-118.245551,34.21487]},"properties":{"id":"BCB2010955","addr":"3038 Honolulu Ave, Unit Aa","cat":"ADU","approved":"2021-10-05","started":"2022-03-10","done":"2023-06-21","units":1,"zone_group":"single_family","hood":"Montrose","fire":"Very High","approved_year":2021,"started_year":2022,"done_year":2023,"status":"done"}},{"type":"Feature","geometry":{"type":"Point","coordinates":[-118.285392,34.183488]},"properties":{"id":"BCB2105847","addr":"1930 Chilton Dr, Unit A","cat":"ADU","approved":"2022-01-03","started":"2022-04-07","done":"2024-03-25","units":1,"zone_group":"single_family","hood":"El Miradero","fire":"High","approved_year":2022,"started_year":2022,"done_year":2024,"status":"done"}},{"type":"Feature","geometry":{"type":"Point","coordinates":[-118.287352,34.18448]},"properties":{"id":"BCB2016737","addr":"2026 Chilton Dr Unit: Unit A","cat":"ADU","approved":"2021-08-31","started":"2021-08-31","done":"2023-06-02","units":1,"zone_group":"single_family","hood":"El Miradero","fire":"Moderate","approved_year":2021,"started_year":2021,"done_year":2023,"status":"done"}},{"type":"Feature","geometry":{"type":"Point","coordinates":[-118.27532,34.159158]},"properties":{"id":"BCB2116428","addr":"849 Burchett St, Unit A","cat":"ADU","approved":"2021-12-20","started":"2022-06-14","units":1,"zone_group":"single_family","hood":"Pelanconi","dam":true,"approved_year":2021,"started_year":2022,"status":"started"}},{"type":"Feature","geometry":{"type":"Point","coordinates":[-118.275756,34.158436]},"properties":{"id":"BCB2106990 PADU2106832","addr":"851 Patterson Ave, Unit A","cat":"ADU","approved":"2021-11-18","started":"2022-06-15","done":"2025-09-08","units":1,"zone_group":"single_family","hood":"Pelanconi","dam":true,"approved_year":2021,"started_year":2022,"done_year":2025,"status":"done"}},{"type":"Feature","geometry":{"type":"Point","coordinates":[-118.278088,34.179422]},"properties":{"id":"BCB2116447","addr":"1531 El Miradero Ave","cat":"ADU","approved":"2021-12-30","started":"2022-06-17","done":"2024-10-30","units":1,"zone_group":"single_family","hood":"El Miradero","fire":"Very High","approved_year":2021,"started_year":2022,"done_year":2024,"status":"done"}},{"type":"Feature","geometry":{"type":"Point","coordinates":[-118.249021,34.160983]},"properties":{"id":"BCB2019173","addr":"1020 N Isabel St, Unit A","cat":"ADU","approved":"2022-06-15","started":"2022-07-05","units":1,"zone_group":"single_family","hood":"Rossmoyne","approved_year":2022,"started_year":2022,"status":"started"}},{"type":"Feature","geometry":{"type":"Point","coordinates":[-118.292801,34.158877]},"properties":{"id":"BCB2201480","addr":"1401 Fairfield St, Unit A","cat":"ADU","approved":"2022-04-20","started":"2022-07-07","done":"2023-06-16","units":1,"zone_group":"single_family","hood":"Riverside Rancho","fire":"Very High","liquefaction":true,"approved_year":2022,"started_year":2022,"done_year":2023,"status":"done"}},{"type":"Feature","geometry":{"type":"Point","coordinates":[-118.246977,34.159963]},"properties":{"id":"BCB2100718 PADU2212267","addr":"1007 Geneva St","cat":"ADU","approved":"2022-03-23","started":"2022-07-12","done":"2024-03-12","units":1,"zone_group":"single_family","hood":"Rossmoyne","fire":"Moderate","approved_year":2022,"started_year":2022,"done_year":2024,"status":"done"}},{"type":"Feature","geometry":{"type":"Point","coordinates":[-118.246902,34.160548]},"properties":{"id":"BCB2107172","addr":"1018 Geneva St, Unit A","cat":"ADU","approved":"2021-10-11","started":"2022-07-12","done":"2023-05-30","units":1,"zone_group":"single_family","hood":"Rossmoyne","fire":"Moderate","approved_year":2021,"started_year":2022,"done_year":2023,"status":"done"}},{"type":"Feature","geometry":{"type":"Point","coordinates":[-118.284598,34.172721]},"properties":{"id":"BCB2114671","addr":"1225 Justin Ave, Unit A","cat":"ADU","approved":"2022-05-04","started":"2022-07-22","done":"2024-01-09","units":1,"zone_group":"single_family","hood":"Grandview","approved_year":2022,"started_year":2022,"done_year":2024,"status":"done"}},{"type":"Feature","geometry":{"type":"Point","coordinates":[-118.232529,34.151103]},"properties":{"id":"BCB2117473","addr":"317 Sinclair Ave, Unit A","cat":"ADU","approved":"2022-03-08","started":"2022-07-28","done":"2023-10-19","units":1,"zone_group":"commercial","hood":"Woodbury","fire":"Moderate","approved_year":2022,"started_year":2022,"done_year":2023,"status":"done"}},{"type":"Feature","geometry":{"type":"Point","coordinates":[-118.266562,34.162427]},"properties":{"id":"BCB2119558","addr":"540 South St, Unit Aa","cat":"ADU","approved":"2022-07-25","started":"2022-08-23","done":"2023-06-23","units":1,"zone_group":"multifamily","hood":"Glenwood","dam":true,"approved_year":2022,"started_year":2022,"done_year":2023,"status":"done"}},{"type":"Feature","geometry":{"type":"Point","coordinates":[-118.231864,34.141659]},"properties":{"id":"BCB2204604","addr":"329 Lafayette St Unit A","cat":"ADU","approved":"2022-08-03","started":"2022-08-31","done":"2023-03-02","units":1,"zone_group":"multifamily","hood":"Somerset","fire":"High","approved_year":2022,"started_year":2022,"done_year":2023,"status":"done"}},{"type":"Feature","geometry":{"type":"Point","coordinates":[-118.238357,34.129077]},"properties":{"id":"BCB2114007","addr":"1449 Marion Unit: Unit A","cat":"ADU","approved":"2022-06-13","started":"2022-09-09","done":"2023-02-03","units":1,"zone_group":"single_family","hood":"Adams Hill","fire":"Very High","approved_year":2022,"started_year":2022,"done_year":2023,"status":"done"}},{"type":"Feature","geometry":{"type":"Point","coordinates":[-118.272775,34.156831]},"properties":{"id":"BCB1924293","addr":"735 Omar St","cat":"ADU","approved":"2022-09-23","started":"2022-09-23","done":"2024-10-10","units":1,"zone_group":"single_family","hood":"Pelanconi","approved_year":2022,"started_year":2022,"done_year":2024,"status":"done"}},{"type":"Feature","geometry":{"type":"Point","coordinates":[-118.272397,34.158347]},"properties":{"id":"BCB2205838","addr":"728 Burchett Street Unit: Unit Aa","cat":"ADU","approved":"2022-09-06","started":"2022-09-29","done":"2023-02-24","units":1,"zone_group":"single_family","hood":"Pelanconi","approved_year":2022,"started_year":2022,"done_year":2023,"status":"done"}},{"type":"Feature","geometry":{"type":"Point","coordinates":[-118.285164,34.166052]},"properties":{"id":"BCB2206451","addr":"1049 Davis Ave, Unit B","cat":"ADU","approved":"2022-10-10","started":"2022-10-10","done":"2023-10-03","units":1,"zone_group":"single_family","hood":"Grandview","liquefaction":true,"approved_year":2022,"started_year":2022,"done_year":2023,"status":"done"}},{"type":"Feature","geometry":{"type":"Point","coordinates":[-118.240247,34.137159]},"properties":{"id":"BCB2116349","addr":"1135 E Windsor Rd","cat":"ADU","approved":"2022-09-26","started":"2022-10-11","done":"2025-12-18","units":1,"zone_group":"multifamily","hood":"Mariposa","approved_year":2022,"started_year":2022,"done_year":2025,"status":"done"}},{"type":"Feature","geometry":{"type":"Point","coordinates":[-118.240197,34.140554]},"properties":{"id":"BCB2204863","addr":"1136 E Lomita Ave","cat":"ADU","approved":"2022-10-11","started":"2022-10-13","done":"2023-05-25","units":1,"zone_group":"multifamily","hood":"Mariposa","approved_year":2022,"started_year":2022,"done_year":2023,"status":"done"}},{"type":"Feature","geometry":{"type":"Point","coordinates":[-118.233386,34.139058]},"properties":{"id":"BCB2210745","addr":"1401 E Maple St","cat":"ADU","approved":"2022-11-01","started":"2022-11-01","done":"2023-02-21","units":1,"zone_group":"multifamily","hood":"Somerset","fire":"High","approved_year":2022,"started_year":2022,"done_year":2023,"status":"done"}},{"type":"Feature","geometry":{"type":"Point","coordinates":[-118.292846,34.18112]},"properties":{"id":"BCB2207814","addr":"1275 Alameda Ave","cat":"ADU","approved":"2022-11-01","started":"2022-11-02","done":"2024-05-23","units":1,"zone_group":"single_family","hood":"El Miradero","approved_year":2022,"started_year":2022,"done_year":2024,"status":"done"}},{"type":"Feature","geometry":{"type":"Point","coordinates":[-118.242323,34.151726]},"properties":{"id":"BCB2207531","addr":"1012 E Lexington Dr, Unit A","cat":"ADU","approved":"2022-09-30","started":"2022-11-18","done":"2023-12-06","units":1,"zone_group":"multifamily","hood":"Citrus Grove","approved_year":2022,"started_year":2022,"done_year":2023,"status":"done"}},{"type":"Feature","geometry":{"type":"Point","coordinates":[-118.274384,34.172578]},"properties":{"id":"BCB2202081","addr":"1527 Ben Lomond Dr","cat":"ADU","approved":"2022-03-31","started":"2022-12-06","done":"2024-07-17","units":1,"zone_group":"single_family","hood":"Glenwood","fire":"High","approved_year":2022,"started_year":2022,"done_year":2024,"status":"done"}},{"type":"Feature","geometry":{"type":"Point","coordinates":[-118.289799,34.177508]},"properties":{"id":"BCB2117871","addr":"1247 Allen Ave","cat":"Single-family home","approved":"2022-04-07","started":"2022-07-13","done":"2024-11-07","units":1,"zone_group":"single_family","hood":"Grandview","approved_year":2022,"started_year":2022,"done_year":2024,"status":"done"}},{"type":"Feature","geometry":{"type":"Point","coordinates":[-118.271758,34.176908]},"properties":{"id":"BCB2116770","addr":"1732 Ard Eevin Ave","cat":"Single-family home","approved":"2022-09-01","started":"2022-11-07","units":1,"zone_group":"single_family","hood":"Glenwood","fire":"Very High","approved_year":2022,"started_year":2022,"status":"started"}},{"type":"Feature","geometry":{"type":"Point","coordinates":[-118.259683,34.239126]},"properties":{"id":"BCB2200780  PADU1825727","addr":"3700 Pontiac St, Unit A\nGlendale, Ca 91214","cat":"ADU","approved":"2023-01-17","started":"2023-01-17","done":"2023-11-16","units":1,"zone_group":"single_family","hood":"Crescenta Highlands","approved_year":2023,"started_year":2023,"done_year":2023,"status":"done"}},{"type":"Feature","geometry":{"type":"Point","coordinates":[-118.233686,34.141323]},"properties":{"id":"BCB2211650  \nPADU2207337","addr":"415 S Verdugo Road, Unit B, Glendale, Ca 91205","cat":"ADU","approved":"2022-11-17","started":"2023-01-24","done":"2024-06-03","units":1,"zone_group":"multifamily","hood":"Somerset","fire":"Moderate","approved_year":2022,"started_year":2023,"done_year":2024,"status":"done"}},{"type":"Feature","geometry":{"type":"Point","coordinates":[-118.229328,34.201877]},"properties":{"id":"BCB2210800    PADU2203972","addr":"3451 Downing # A Ave\nGlendale, Ca 91208","cat":"ADU","approved":"2023-01-25","started":"2023-01-25","units":1,"zone_group":"single_family","hood":"Sparr Heights","fire":"High","liquefaction":true,"approved_year":2023,"started_year":2023,"status":"started"}},{"type":"Feature","geometry":{"type":"Point","coordinates":[-118.24888,34.138062]},"properties":{"id":"BCB2206402   PADU2210080","addr":"526 Raleigh St Adu\nGlendale, Ca 91205","cat":"ADU","approved":"2023-02-02","started":"2023-02-06","done":"2024-04-11","units":1,"zone_group":"multifamily","hood":"Mariposa","approved_year":2023,"started_year":2023,"done_year":2024,"status":"done"}},{"type":"Feature","geometry":{"type":"Point","coordinates":[-118.241843,34.147459]},"properties":{"id":"BCB2112114  PADU2109893","addr":"131 N Adams St\nGlendale, Ca 91206","cat":"ADU","approved":"2022-05-13","started":"2023-03-14","done":"2024-04-02","units":1,"zone_group":"multifamily","hood":"Citrus Grove","approved_year":2022,"started_year":2023,"done_year":2024,"status":"done"}},{"type":"Feature","geometry":{"type":"Point","coordinates":[-118.251313,34.220825]},"properties":{"id":"BCB2206099  PADU-000475-2022","addr":"3308 Mills Avenue, Unit A, Glendale, Ca 91214","cat":"ADU","approved":"2023-03-30","started":"2023-03-30","done":"2024-07-22","units":1,"zone_group":"single_family","hood":"Crescenta Highlands","fire":"Very High","liquefaction":true,"approved_year":2023,"started_year":2023,"done_year":2024,"status":"done"}},{"type":"Feature","geometry":{"type":"Point","coordinates":[-118.226615,34.170924]},"properties":{"id":"BB2209000    PADU2208012","addr":"1812 Verdugo Vista Dr\nGlendale, Ca 91208","cat":"ADU","approved":"2023-04-03","started":"2023-04-03","done":"2024-07-30","units":1,"zone_group":"multifamily","hood":"Verdugo Woodlands","fire":"Very High","liquefaction":true,"approved_year":2023,"started_year":2023,"done_year":2024,"status":"done"}},{"type":"Feature","geometry":{"type":"Point","coordinates":[-118.243515,34.215858]},"properties":{"id":"BCB2208624  PADU2208268","addr":"2948 Piedmont Avenue, Unit A, Glendale, Ca 91214","cat":"ADU","approved":"2023-04-10","started":"2023-04-10","done":"2023-05-18","units":1,"zone_group":"single_family","hood":"Montrose","fire":"High","approved_year":2023,"started_year":2023,"done_year":2023,"status":"done"}},{"type":"Feature","geometry":{"type":"Point","coordinates":[-118.263934,34.16546]},"properties":{"id":"BCB1920785","addr":"1311 Dororthy Dr.","cat":"Single-family home","approved":"2020-08-26","started":"2020-08-26","done":"2024-02-21","units":1,"zone_group":"single_family","hood":"Verdugo Viejo","fire":"Moderate","approved_year":2020,"started_year":2020,"done_year":2024,"status":"done"}},{"type":"Feature","geometry":{"type":"Point","coordinates":[-118.225837,34.192668]},"properties":{"id":"BCB2006610","addr":"1900 Montecio Dr., Unit A","cat":"ADU","approved":"2020-11-03","started":"2020-11-03","done":"2023-05-25","units":1,"zone_group":"single_family","hood":"Montecito Park","fire":"Very High","liquefaction":true,"approved_year":2020,"started_year":2020,"done_year":2023,"status":"done"}},{"type":"Feature","geometry":{"type":"Point","coordinates":[-118.289132,34.17645]},"properties":{"id":"BCB2018975","addr":"1230 Irving Ave Unit A","cat":"ADU","approved":"2020-12-22","started":"2021-04-22","done":"2023-11-30","units":1,"zone_group":"single_family","hood":"Grandview","approved_year":2020,"started_year":2021,"done_year":2023,"status":"done"}},{"type":"Feature","geometry":{"type":"Point","coordinates":[-118.264619,34.167303]},"properties":{"id":"BCB2117089","addr":"1408 Dorothy Dr Unit A","cat":"ADU","approved":"2022-03-02","started":"2022-03-02","done":"2025-02-03","units":1,"zone_group":"single_family","hood":"Verdugo Viejo","fire":"Moderate","approved_year":2022,"started_year":2022,"done_year":2025,"status":"done"}},{"type":"Feature","geometry":{"type":"Point","coordinates":[-118.289202,34.169917]},"properties":{"id":"BCB2117461","addr":"1056 Winchester Ave Unit B","cat":"ADU","approved":"2022-04-11","started":"2022-04-20","done":"2023-09-14","units":1,"zone_group":"multifamily","hood":"Grandview","approved_year":2022,"started_year":2022,"done_year":2023,"status":"done"}},{"type":"Feature","geometry":{"type":"Point","coordinates":[-118.237142,34.212664]},"properties":{"id":"BB1905784","addr":"2652 Manhattan Ave","cat":"2\u20134 units","approved":"2020-10-09","started":"2020-10-09","done":"2023-08-07","units":2,"zone_group":"multifamily","hood":"Montrose","approved_year":2020,"started_year":2020,"done_year":2023,"status":"done"}},{"type":"Feature","geometry":{"type":"Point","coordinates":[-118.252103,34.154649]},"properties":{"id":"BCB2017895 PADU2015532","addr":"312 E Doran St Unit A","cat":"ADU","approved":"2021-02-23","started":"2021-02-17","units":1,"zone_group":"multifamily","hood":"City Center","approved_year":2021,"started_year":2021,"status":"started"}},{"type":"Feature","geometry":{"type":"Point","coordinates":[-118.287968,34.171071]},"properties":{"id":"BCB2015161","addr":"1118 Winchester Ave Unit Aa","cat":"ADU","approved":"2021-05-24","started":"2021-08-05","done":"2022-09-07","units":1,"zone_group":"multifamily","hood":"Grandview","approved_year":2021,"started_year":2021,"done_year":2022,"status":"done"}},{"type":"Feature","geometry":{"type":"Point","coordinates":[-118.289109,34.179797]},"properties":{"id":"BCB2115889","addr":"1317 Linden Unit: Unit A","cat":"ADU","approved":"2022-08-10","started":"2022-09-02","done":"2024-10-28","units":1,"zone_group":"single_family","hood":"El Miradero","approved_year":2022,"started_year":2022,"done_year":2024,"status":"done"}},{"type":"Feature","geometry":{"type":"Point","coordinates":[-118.261759,34.167183]},"properties":{"id":"BCB2114126","addr":"327 Spencer Unit: Unit A","cat":"ADU","approved":"2022-07-15","started":"2022-09-08","done":"2024-05-20","units":1,"zone_group":"multifamily","hood":"Verdugo Viejo","fire":"High","approved_year":2022,"started_year":2022,"done_year":2024,"status":"done"}},{"type":"Feature","geometry":{"type":"Point","coordinates":[-118.229533,34.144782]},"properties":{"id":"BB2200505","addr":"139 Carr Dr Unit: Unit A","cat":"ADU","approved":"2022-05-31","started":"2022-09-09","done":"2023-02-07","units":1,"zone_group":"multifamily","hood":"Citrus Grove","fire":"Very High","approved_year":2022,"started_year":2022,"done_year":2023,"status":"done"}},{"type":"Feature","geometry":{"type":"Point","coordinates":[-118.251088,34.141057]},"properties":{"id":"BCB2120886","addr":"403 E Lomita Avenue Unit: A","cat":"ADU","approved":"2022-09-20","started":"2022-09-20","done":"2023-12-07","units":1,"zone_group":"multifamily","hood":"Mariposa","approved_year":2022,"started_year":2022,"done_year":2023,"status":"done"}},{"type":"Feature","geometry":{"type":"Point","coordinates":[-118.288552,34.173758]},"properties":{"id":"BCB2200785","addr":"1170 Raymond Unit: Unit A","cat":"ADU","approved":"2022-09-28","started":"2022-10-28","done":"2023-04-25","units":1,"zone_group":"single_family","hood":"Grandview","approved_year":2022,"started_year":2022,"done_year":2023,"status":"done"}},{"type":"Feature","geometry":{"type":"Point","coordinates":[-118.230369,34.14154]},"properties":{"id":"BB2113457","addr":"1525 Dixon Unit: Unit C","cat":"ADU","approved":"2022-10-14","started":"2022-11-04","done":"2025-06-25","units":1,"zone_group":"multifamily","hood":"Somerset","fire":"Very High","approved_year":2022,"started_year":2022,"done_year":2025,"status":"done"}},{"type":"Feature","geometry":{"type":"Point","coordinates":[-118.229037,34.18475]},"properties":{"id":"BB2206498","addr":"2610 Canada Blvd, Unit A","cat":"ADU","approved":"2022-09-17","started":"2022-11-10","done":"2023-10-05","units":1,"zone_group":"multifamily","hood":"Verdugo Woodlands","fire":"Very High","liquefaction":true,"approved_year":2022,"started_year":2022,"done_year":2023,"status":"done"}},{"type":"Feature","geometry":{"type":"Point","coordinates":[-118.25297,34.243831]},"properties":{"id":"BCB2100764 PADU2100261","addr":"5125 New York Ave","cat":"ADU","approved":"2022-07-01","started":"2022-07-01","done":"2023-02-07","units":1,"zone_group":"single_family","hood":"Crescenta Highlands","fire":"Very High","approved_year":2022,"started_year":2022,"done_year":2023,"status":"done"}},{"type":"Feature","geometry":{"type":"Point","coordinates":[-118.285644,34.179754]},"properties":{"id":"BCB2116603","addr":"1370 Irving Ave, Unit A","cat":"ADU","approved":"2022-04-22","started":"2022-07-08","done":"2023-04-06","units":1,"zone_group":"single_family","hood":"El Miradero","approved_year":2022,"started_year":2022,"done_year":2023,"status":"done"}},{"type":"Feature","geometry":{"type":"Point","coordinates":[-118.244557,34.161523]},"properties":{"id":"BCB2200459","addr":"1125 N Cedar St, Unit A","cat":"ADU","approved":"2022-06-23","started":"2022-07-15","units":1,"zone_group":"single_family","hood":"Rossmoyne","fire":"High","approved_year":2022,"started_year":2022,"status":"started"}},{"type":"Feature","geometry":{"type":"Point","coordinates":[-118.266213,34.162407]},"properties":{"id":"BCB2202806","addr":"532 South St Unit A","cat":"ADU","approved":"2022-06-23","started":"2022-07-20","done":"2023-09-11","units":1,"zone_group":"multifamily","hood":"Glenwood","dam":true,"approved_year":2022,"started_year":2022,"done_year":2023,"status":"done"}},{"type":"Feature","geometry":{"type":"Point","coordinates":[-118.26453,34.246667]},"properties":{"id":"BCB2119915","addr":"3921 Santa Carlotta St","cat":"ADU","approved":"2022-07-29","started":"2022-08-09","units":1,"zone_group":"single_family","hood":"Crescenta Highlands","fire":"Very High","approved_year":2022,"started_year":2022,"status":"started"}},{"type":"Feature","geometry":{"type":"Point","coordinates":[-118.253062,34.223377]},"properties":{"id":"BCB2112340","addr":"4002 New York Ave","cat":"ADU","approved":"2022-08-15","started":"2022-08-22","done":"2023-01-10","units":1,"zone_group":"multifamily","hood":"Crescenta Highlands","fire":"Very High","liquefaction":true,"approved_year":2022,"started_year":2022,"done_year":2023,"status":"done"}},{"type":"Feature","geometry":{"type":"Point","coordinates":[-118.26802,34.149772]},"properties":{"id":"BB2120822","addr":"634 W California Ave, Unit B","cat":"ADU","approved":"2022-03-31","started":"2022-08-31","done":"2023-09-25","units":1,"zone_group":"multifamily","hood":"Vineyard","approved_year":2022,"started_year":2022,"done_year":2023,"status":"done"}},{"type":"Feature","geometry":{"type":"Point","coordinates":[-118.24765,34.16259]},"properties":{"id":"BCB2118685","addr":"1135 Howard St Unit: Unit A","cat":"ADU","approved":"2022-04-05","started":"2022-05-03","done":"2024-11-08","units":1,"zone_group":"single_family","hood":"Rossmoyne","fire":"High","approved_year":2022,"started_year":2022,"done_year":2024,"status":"done"}},{"type":"Feature","geometry":{"type":"Point","coordinates":[-118.212401,34.175305]},"properties":{"id":"BCB2118853","addr":"1528 Sheridan Rd, Unit A","cat":"ADU","approved":"2022-04-15","started":"2022-09-08","done":"2023-05-25","units":1,"zone_group":"single_family","hood":"Chevy Chase","fire":"Very High","dam":true,"approved_year":2022,"started_year":2022,"done_year":2023,"status":"done"}},{"type":"Feature","geometry":{"type":"Point","coordinates":[-118.270339,34.154047]},"properties":{"id":"BCB2204885","addr":"707 W Doran Street Unit: Unit A","cat":"ADU","approved":"2022-04-28","started":"2022-09-13","done":"2024-05-23","units":1,"zone_group":"multifamily","hood":"Vineyard","approved_year":2022,"started_year":2022,"done_year":2024,"status":"done"}},{"type":"Feature","geometry":{"type":"Point","coordinates":[-118.254624,34.225398]},"properties":{"id":"BCB2102976","addr":"3445 Montrose Avenue Unit: Unit A","cat":"ADU","approved":"2021-03-17","started":"2022-09-16","done":"2023-10-05","units":1,"zone_group":"multifamily","hood":"Crescenta Highlands","fire":"Very High","liquefaction":true,"approved_year":2021,"started_year":2022,"done_year":2023,"status":"done"}},{"type":"Feature","geometry":{"type":"Point","coordinates":[-118.259426,34.134879]},"properties":{"id":"BCB2207486","addr":"333 W Acacia Avenue Unit: Unit A","cat":"ADU","approved":"2022-09-19","started":"2022-09-19","done":"2023-02-08","units":1,"zone_group":"multifamily","hood":"Pacific-Edison","approved_year":2022,"started_year":2022,"done_year":2023,"status":"done"}},{"type":"Feature","geometry":{"type":"Point","coordinates":[-118.26501,34.174495]},"properties":{"id":"BCB2116814","addr":"425 Audraine Dr","cat":"ADU","approved":"2021-12-15","started":"2022-09-21","done":"2023-01-24","units":1,"zone_group":"single_family","hood":"Brockmont","fire":"Very High","approved_year":2021,"started_year":2022,"done_year":2023,"status":"done"}},{"type":"Feature","geometry":{"type":"Point","coordinates":[-118.262275,34.167908]},"properties":{"id":"BCB2208018","addr":"1426 Merriman Drive Unit: A","cat":"ADU","approved":"2022-08-23","started":"2022-10-24","done":"2023-03-27","units":1,"zone_group":"single_family","hood":"Verdugo Viejo","fire":"Very High","approved_year":2022,"started_year":2022,"done_year":2023,"status":"done"}},{"type":"Feature","geometry":{"type":"Point","coordinates":[-118.230934,34.197838]},"properties":{"id":"BCB2201473   PADU2201517","addr":"3226 La Crescenta # A Ave","cat":"ADU","approved":"2022-12-05","started":"2022-12-08","done":"2023-05-02","units":1,"zone_group":"single_family","hood":"Sparr Heights","fire":"High","liquefaction":true,"approved_year":2022,"started_year":2022,"done_year":2023,"status":"done"}},{"type":"Feature","geometry":{"type":"Point","coordinates":[-118.247988,34.155411]},"properties":{"id":"BB2117927","addr":"611 N Howard Street Unit: Unit B","cat":"ADU","approved":"2022-12-15","started":"2022-12-19","done":"2023-04-26","units":1,"zone_group":"multifamily","hood":"City Center","approved_year":2022,"started_year":2022,"done_year":2023,"status":"done"}},{"type":"Feature","geometry":{"type":"Point","coordinates":[-118.262247,34.15169]},"properties":{"id":"BCB2201201","addr":"419 W Lexington Drive Unit: B","cat":"ADU","approved":"2022-03-08","started":"2022-12-27","done":"2023-05-16","units":1,"zone_group":"multifamily","hood":"Vineyard","approved_year":2022,"started_year":2022,"done_year":2023,"status":"done"}},{"type":"Feature","geometry":{"type":"Point","coordinates":[-118.251416,34.153043]},"properties":{"id":"BB1904681 , BB1904678","addr":"503 N Kenwood St","cat":"5+ units","approved":"2017-04-14","started":"2022-12-28","units":24,"zone_group":"multifamily","hood":"City Center","approved_year":2017,"started_year":2022,"status":"started"}},{"type":"Feature","geometry":{"type":"Point","coordinates":[-118.251168,34.220802]},"properties":{"id":"BCB2206421","addr":"3309 Mills Ave","cat":"Single-family home","approved":"2022-08-15","started":"2022-11-10","done":"2023-10-20","units":1,"zone_group":"single_family","hood":"Crescenta Highlands","fire":"Very High","liquefaction":true,"approved_year":2022,"started_year":2022,"done_year":2023,"status":"done"}},{"type":"Feature","geometry":{"type":"Point","coordinates":[-118.219387,34.184329]},"properties":{"id":"BCB2205451","addr":"2414 Delisle Ct","cat":"Single-family home","approved":"2022-11-10","started":"2022-12-23","units":1,"zone_group":"single_family","hood":"Verdugo Woodlands","fire":"Very High","approved_year":2022,"started_year":2022,"status":"started"}},{"type":"Feature","geometry":{"type":"Point","coordinates":[-118.23181,34.142051]},"properties":{"id":"BCB2210536  PADU2211537","addr":"316 Lafayette Street, Unit A, Glendale, Ca 91205","cat":"ADU","approved":"2023-01-04","started":"2023-01-04","done":"2023-08-10","units":1,"zone_group":"multifamily","hood":"Somerset","fire":"High","approved_year":2023,"started_year":2023,"done_year":2023,"status":"done"}},{"type":"Feature","geometry":{"type":"Point","coordinates":[-118.241872,34.181397]},"properties":{"id":"BCB2206862  \nPADU2204505","addr":"1116 San Luis Rey Drive, Unit A, Glendale, Ca 91208","cat":"ADU","approved":"2022-10-21","started":"2023-01-05","done":"2023-07-24","units":1,"zone_group":"single_family","hood":"Verdugo Woodlands","fire":"Very High","approved_year":2022,"started_year":2023,"done_year":2023,"status":"done"}},{"type":"Feature","geometry":{"type":"Point","coordinates":[-118.296323,34.172885]},"properties":{"id":"BCB2203675   PADU2202433","addr":"1014 Linden Avenue, Unit C, Glendale, Ca 91201","cat":"ADU","approved":"2022-09-30","started":"2023-01-24","units":1,"zone_group":"multifamily","hood":"Grandview","liquefaction":true,"approved_year":2022,"started_year":2023,"status":"started"}},{"type":"Feature","geometry":{"type":"Point","coordinates":[-118.285078,34.170647]},"properties":{"id":"BSFD-000664-2022 PADU-000070-2022","addr":"1161 Ruberta Avenue, Unit Aa, Glendale, Ca 91201","cat":"ADU","approved":"2023-02-03","started":"2023-02-13","done":"2023-11-09","units":1,"zone_group":"multifamily","hood":"Grandview","approved_year":2023,"started_year":2023,"done_year":2023,"status":"done"}},{"type":"Feature","geometry":{"type":"Point","coordinates":[-118.247164,34.138066]},"properties":{"id":"BCB2116419 PADU2116416","addr":"624 Raleigh Street, Unit A, Glendale, Ca 91205","cat":"ADU","approved":"2023-01-23","started":"2023-03-01","done":"2023-11-02","units":1,"zone_group":"multifamily","hood":"Mariposa","approved_year":2023,"started_year":2023,"done_year":2023,"status":"done"}},{"type":"Feature","geometry":{"type":"Point","coordinates":[-118.243771,34.138983]},"properties":{"id":"BCB2207441    PADU2207386","addr":"900 E Maple Street Unit: A, Glendale, Ca 91205","cat":"ADU","approved":"2023-03-01","started":"2023-03-01","done":"2024-03-04","units":1,"zone_group":"multifamily","hood":"Mariposa","approved_year":2023,"started_year":2023,"done_year":2024,"status":"done"}},{"type":"Feature","geometry":{"type":"Point","coordinates":[-118.242926,34.151581]},"properties":{"id":"BB2205593   \nPADU2205582","addr":"341 N Belmont Street, Unit A, Glendale, Ca 91206","cat":"ADU","approved":"2023-03-03","started":"2023-03-03","done":"2023-07-26","units":1,"zone_group":"multifamily","hood":"Citrus Grove","approved_year":2023,"started_year":2023,"done_year":2023,"status":"done"}},{"type":"Feature","geometry":{"type":"Point","coordinates":[-118.263806,34.165144]},"properties":{"id":"BCB2018611  PADU2018595","addr":"1300 Dorothy Drive, Unit B, Glendale, Ca 91202","cat":"ADU","approved":"2022-02-09","started":"2023-03-15","done":"2024-04-23","units":1,"zone_group":"single_family","hood":"Verdugo Viejo","fire":"Moderate","approved_year":2022,"started_year":2023,"done_year":2024,"status":"done"}},{"type":"Feature","geometry":{"type":"Point","coordinates":[-118.295711,34.173464]},"properties":{"id":"BB2207252   \nPADU2204129","addr":"1040 Linden Avenue, Unit B, Glendale, Ca 91201","cat":"ADU","approved":"2022-12-14","started":"2023-03-22","done":"2023-10-20","units":1,"zone_group":"multifamily","hood":"Grandview","liquefaction":true,"approved_year":2022,"started_year":2023,"done_year":2023,"status":"done"}},{"type":"Feature","geometry":{"type":"Point","coordinates":[-118.232848,34.138975]},"properties":{"id":"BCB2209429 PADU2208528","addr":"1414 E Maple Street, Unit A, Glendale, Ca 91205","cat":"ADU","approved":"2023-03-28","started":"2023-03-28","done":"2024-03-11","units":1,"zone_group":"multifamily","hood":"Somerset","fire":"High","approved_year":2023,"started_year":2023,"done_year":2024,"status":"done"}},{"type":"Feature","geometry":{"type":"Point","coordinates":[-118.214061,34.159337]},"properties":{"id":"BSFD-001690-2022  PADU-000145-2022","addr":"904 Larkstone Lane, Unit A, Glendale, Ca 91206","cat":"ADU","approved":"2023-03-23","started":"2023-04-05","done":"2024-02-27","units":1,"zone_group":"single_family","hood":"Chevy Chase","fire":"Very High","approved_year":2023,"started_year":2023,"done_year":2024,"status":"done"}},{"type":"Feature","geometry":{"type":"Point","coordinates":[-118.246518,34.134858]},"properties":{"id":"BB2205597   \nPADU2205580","addr":"704 E Acacia Avenue, Unit E, Glendale, Ca 91205","cat":"ADU","approved":"2023-04-18","started":"2023-04-18","done":"2023-10-18","units":1,"zone_group":"multifamily","hood":"Mariposa","approved_year":2023,"started_year":2023,"done_year":2023,"status":"done"}},{"type":"Feature","geometry":{"type":"Point","coordinates":[-118.263905,34.151623]},"properties":{"id":"BCB2210160  PADU2208789","addr":"458 W Lexington Drive, Unit A, Glendale, Ca 91203","cat":"ADU","approved":"2023-04-13","started":"2023-05-02","done":"2024-01-17","units":1,"zone_group":"multifamily","hood":"Vineyard","approved_year":2023,"started_year":2023,"done_year":2024,"status":"done"}},{"type":"Feature","geometry":{"type":"Point","coordinates":[-118.247602,34.154451]},"properties":{"id":"BSFD-002288-2022    \nPADU-000405-2022","addr":"538 N Howard Street, Unit A, Glendale, Ca 91206","cat":"ADU","approved":"2023-05-16","started":"2023-05-23","done":"2023-08-17","units":1,"zone_group":"single_family","hood":"City Center","approved_year":2023,"started_year":2023,"done_year":2023,"status":"done"}},{"type":"Feature","geometry":{"type":"Point","coordinates":[-118.279261,34.168259]},"properties":{"id":"BSFD-002594-2022\nPADU-000578-2022","addr":"1326 Bruce Avenue\nGlendale, Ca 91202","cat":"ADU","approved":"2023-06-12","started":"2023-06-15","done":"2024-02-22","units":1,"zone_group":"single_family","hood":"Glenwood","approved_year":2023,"started_year":2023,"done_year":2024,"status":"done"}},{"type":"Feature","geometry":{"type":"Point","coordinates":[-118.22616,34.192357]},"properties":{"id":"BCB2105787  PADU2105147","addr":"3040 Sparr Blvd\nGlendale, Ca 91208","cat":"ADU","approved":"2023-06-13","started":"2023-06-16","done":"2024-12-23","units":1,"zone_group":"single_family","hood":"Montecito Park","fire":"Very High","liquefaction":true,"approved_year":2023,"started_year":2023,"done_year":2024,"status":"done"}},{"type":"Feature","geometry":{"type":"Point","coordinates":[-118.250652,34.228483]},"properties":{"id":"BSFD-001897-2022   PADU-000203-2022","addr":"3256 Community Avenue\nGlendale, Ca 91214","cat":"ADU","approved":"2023-03-21","started":"2023-06-20","done":"2024-01-30","units":1,"zone_group":"single_family","hood":"Crescenta Highlands","approved_year":2023,"started_year":2023,"done_year":2024,"status":"done"}},{"type":"Feature","geometry":{"type":"Point","coordinates":[-118.248037,34.165497]},"properties":{"id":"BCB2117154  \nPADU2115008","addr":"1246 N Isabel Street, Unit A, Glendale, Ca 91207","cat":"ADU","approved":"2023-07-07","started":"2023-07-07","done":"2023-10-04","units":1,"zone_group":"single_family","hood":"Rossmoyne","fire":"Very High","approved_year":2023,"started_year":2023,"done_year":2023,"status":"done"}},{"type":"Feature","geometry":{"type":"Point","coordinates":[-118.230694,34.179561]},"properties":{"id":"BCB2210577  PADU2210433","addr":"1625 Camulos Ave\nGlendale, Ca 91208","cat":"ADU","approved":"2023-07-12","started":"2023-07-12","done":"2024-06-05","units":1,"zone_group":"single_family","hood":"Verdugo Woodlands","fire":"Very High","liquefaction":true,"approved_year":2023,"started_year":2023,"done_year":2024,"status":"done"}},{"type":"Feature","geometry":{"type":"Point","coordinates":[-118.290345,34.170445]},"properties":{"id":"BSFD-002349-2022   PADU-000169-2022","addr":"1050 Western Avenue, Unit A, Glendale, Ca 91201","cat":"ADU","approved":"2023-06-20","started":"2023-07-12","done":"2024-07-22","units":1,"zone_group":"multifamily","hood":"Grandview","approved_year":2023,"started_year":2023,"done_year":2024,"status":"done"}},{"type":"Feature","geometry":{"type":"Point","coordinates":[-118.245418,34.15887]},"properties":{"id":"BCB2211912 PADU2211015","addr":"834 E Glenoaks Blvd\nGlendale, Ca 91207","cat":"ADU","approved":"2023-08-08","started":"2023-08-08","done":"2025-06-30","units":1,"zone_group":"single_family","hood":"Rossmoyne","approved_year":2023,"started_year":2023,"done_year":2025,"status":"done"}},{"type":"Feature","geometry":{"type":"Point","coordinates":[-118.275794,34.157519]},"properties":{"id":"BCB2120273   PADU2118755","addr":"848 Omar St\nGlendale, Ca 91202","cat":"ADU","approved":"2023-02-06","started":"2023-02-06","done":"2025-03-17","units":1,"zone_group":"single_family","hood":"Pelanconi","approved_year":2023,"started_year":2023,"done_year":2025,"status":"done"}},{"type":"Feature","geometry":{"type":"Point","coordinates":[-118.23763,34.158033]},"properties":{"id":"BCB2119395","addr":"993 Verdugo Circle Dr, Unit A","cat":"ADU","approved":"2022-11-14","started":"2022-11-14","done":"2023-12-22","units":1,"zone_group":"single_family","hood":"Woodbury","fire":"Very High","liquefaction":true,"approved_year":2022,"started_year":2022,"done_year":2023,"status":"done"}},{"type":"Feature","geometry":{"type":"Point","coordinates":[-118.236403,34.145455]},"properties":{"id":"BCB2206015 PADU2205316","addr":"1329 Carlton # A Dr","cat":"ADU","approved":"2022-12-09","started":"2022-12-13","done":"2023-05-22","units":1,"zone_group":"multifamily","hood":"Citrus Grove","approved_year":2022,"started_year":2022,"done_year":2023,"status":"done"}},{"type":"Feature","geometry":{"type":"Point","coordinates":[-118.255713,34.122656]},"properties":{"id":"BB1906461, PDBP1720852","addr":"1838 S Brand Blvd","cat":"5+ units","approved":"2020-01-09","started":"2022-08-23","units":80,"zone_group":"mixed_use","hood":"Tropico","approved_year":2020,"started_year":2022,"status":"started"}},{"type":"Feature","geometry":{"type":"Point","coordinates":[-118.201661,34.169621]},"properties":{"id":"BCB1814672","addr":"3050 Cornwall Dr","cat":"Single-family home","approved":"2021-09-07","started":"2022-09-22","done":"2025-12-30","units":1,"zone_group":"single_family","hood":"Chevy Chase","fire":"Very High","approved_year":2021,"started_year":2022,"done_year":2025,"status":"done"}},{"type":"Feature","geometry":{"type":"Point","coordinates":[-118.265872,34.170458]},"properties":{"id":"BSFD-001467-2022  PADU-000015-2022","addr":"1520 N Pacific Avenue, Unit A, Glendale, Ca 91202","cat":"ADU","approved":"2023-01-11","started":"2023-01-19","done":"2023-08-22","units":1,"zone_group":"single_family","hood":"Verdugo Viejo","fire":"High","approved_year":2023,"started_year":2023,"done_year":2023,"status":"done"}},{"type":"Feature","geometry":{"type":"Point","coordinates":[-118.266231,34.151552]},"properties":{"id":"BCB2212453  PADU2208035","addr":"538 W Lexington Drive, Unit A, Glendale, Ca 91203","cat":"ADU","approved":"2022-11-16","started":"2023-01-31","done":"2024-06-04","units":1,"zone_group":"multifamily","hood":"Vineyard","approved_year":2022,"started_year":2023,"done_year":2024,"status":"done"}},{"type":"Feature","geometry":{"type":"Point","coordinates":[-118.262549,34.166848]},"properties":{"id":"BCB2119996  PADU2119995","addr":"1367 N Columbus Avenue, Unit A\nGlendale, Ca 91202","cat":"ADU","approved":"2023-01-30","started":"2023-02-01","done":"2023-06-02","units":1,"zone_group":"single_family","hood":"Verdugo Viejo","fire":"High","approved_year":2023,"started_year":2023,"done_year":2023,"status":"done"}},{"type":"Feature","geometry":{"type":"Point","coordinates":[-118.285078,34.170647]},"properties":{"id":"BSFD-000663-2022  PADU-000069-2022","addr":"1161 Ruberta Avenue, Unit A, Glendale, Ca 91201","cat":"ADU","approved":"2023-02-03","started":"2023-02-13","done":"2023-11-09","units":1,"zone_group":"multifamily","hood":"Grandview","approved_year":2023,"started_year":2023,"done_year":2023,"status":"done"}},{"type":"Feature","geometry":{"type":"Point","coordinates":[-118.251168,34.220802]},"properties":{"id":"BCB2206423   \nPADU2204797","addr":"3309 Mills Avenue, Unit A, Glendale, Ca 91214","cat":"ADU","approved":"2022-09-01","started":"2023-03-02","done":"2023-10-20","units":1,"zone_group":"single_family","hood":"Crescenta Highlands","fire":"Very High","liquefaction":true,"approved_year":2022,"started_year":2023,"done_year":2023,"status":"done"}},{"type":"Feature","geometry":{"type":"Point","coordinates":[-118.254509,34.231925]},"properties":{"id":"BCB2202036   PADU2204161","addr":"3440 Maryann Street\nGlendale, Ca 91214","cat":"ADU","approved":"2023-02-24","started":"2023-03-08","done":"2024-02-28","units":1,"zone_group":"single_family","hood":"Crescenta Highlands","approved_year":2023,"started_year":2023,"done_year":2024,"status":"done"}},{"type":"Feature","geometry":{"type":"Point","coordinates":[-118.23302,34.178544]},"properties":{"id":"BCB2210007  PADU2209675","addr":"1534 Wabasso Way\nGlendale, Ca 91208","cat":"ADU","approved":"2023-03-10","started":"2023-03-10","done":"2024-03-08","units":1,"zone_group":"single_family","hood":"Verdugo Woodlands","fire":"Very High","approved_year":2023,"started_year":2023,"done_year":2024,"status":"done"}},{"type":"Feature","geometry":{"type":"Point","coordinates":[-118.24142,34.171116]},"properties":{"id":"BCB2205753  PADU2205751","addr":"935 Misty Isle Drive, Unit A, Glendale, Ca 91207","name":"Expired?","cat":"ADU","approved":"2022-09-13","started":"2023-03-15","units":1,"zone_group":"single_family","hood":"Greenbriar","fire":"Very High","approved_year":2022,"started_year":2023,"status":"started"}},{"type":"Feature","geometry":{"type":"Point","coordinates":[-118.218475,34.150305]},"properties":{"id":"BCB2209753  \nPADU2209746","addr":"370 Scholl Drive, Unit A\nGlendale, Ca 91206","cat":"ADU","approved":"2023-02-15","started":"2023-03-22","done":"2023-10-23","units":1,"zone_group":"single_family","hood":"Glenoaks Canyon","fire":"Very High","dam":true,"approved_year":2023,"started_year":2023,"done_year":2023,"status":"done"}},{"type":"Feature","geometry":{"type":"Point","coordinates":[-118.294183,34.173372]},"properties":{"id":"BCB2212692  PADU2110931","addr":"1065 Allen Ave\nGlendale, Ca 91201","cat":"ADU","approved":"2023-03-07","started":"2023-03-29","done":"2024-05-23","units":1,"zone_group":"multifamily","hood":"Grandview","approved_year":2023,"started_year":2023,"done_year":2024,"status":"done"}},{"type":"Feature","geometry":{"type":"Point","coordinates":[-118.231799,34.157921]},"properties":{"id":"BCB2019375  PADU2016444","addr":"711 Glenandale Terrace, Unit A\nGlendale, Ca 91206","cat":"ADU","approved":"2023-05-04","started":"2023-05-04","done":"2024-07-10","units":1,"zone_group":"single_family","hood":"Woodbury","fire":"Very High","approved_year":2023,"started_year":2023,"done_year":2024,"status":"done"}},{"type":"Feature","geometry":{"type":"Point","coordinates":[-118.242453,34.165342]},"properties":{"id":"BCB2206882","addr":"1310 Cordova Avenue, Unit A, Glendale, Ca 91207","cat":"ADU","approved":"2023-05-09","started":"2023-05-09","done":"2023-12-22","units":1,"zone_group":"single_family","hood":"Rossmoyne","fire":"Very High","approved_year":2023,"started_year":2023,"done_year":2023,"status":"done"}},{"type":"Feature","geometry":{"type":"Point","coordinates":[-118.292244,34.172843]},"properties":{"id":"BB2208736  PADU2208723","addr":"1812 W Glenoaks Boulevard, Unit F\nGlendale, Ca 91201","cat":"ADU","approved":"2023-05-10","started":"2023-05-10","done":"2023-11-22","units":1,"zone_group":"multifamily","hood":"Grandview","approved_year":2023,"started_year":2023,"done_year":2023,"status":"done"}},{"type":"Feature","geometry":{"type":"Point","coordinates":[-118.240916,34.133467]},"properties":{"id":"BCB2204907  PADU2202011","addr":"1114 Park Ave\nGlendale, Ca 91205","cat":"ADU","approved":"2023-05-11","started":"2023-05-11","done":"2025-01-22","units":1,"zone_group":"commercial","hood":"Adams Hill","fire":"High","approved_year":2023,"started_year":2023,"done_year":2025,"status":"done"}},{"type":"Feature","geometry":{"type":"Point","coordinates":[-118.277012,34.160385]},"properties":{"id":"BCB2211808  \nPADU2208829","addr":"945 Burchett Street, Unit A, Glendale, Ca 91202","cat":"ADU","approved":"2023-05-18","started":"2023-05-18","units":1,"zone_group":"single_family","hood":"Pelanconi","dam":true,"approved_year":2023,"started_year":2023,"status":"started"}},{"type":"Feature","geometry":{"type":"Point","coordinates":[-118.299555,34.16342]},"properties":{"id":"BSFD-003455-2023  PADU-000447-2022","addr":"415 Raymond Avenue\nGlendale, Ca 91201","cat":"ADU","approved":"2023-08-08","started":"2023-08-11","done":"2024-08-07","units":1,"zone_group":"multifamily","hood":"Riverside Rancho","liquefaction":true,"approved_year":2023,"started_year":2023,"done_year":2024,"status":"done"}},{"type":"Feature","geometry":{"type":"Point","coordinates":[-118.29683,34.166806]},"properties":{"id":"BCB2206657","addr":"1742 Flower St\nGlendale, Ca 91201","cat":"ADU","approved":"2023-08-16","started":"2023-08-16","done":"2025-06-02","units":1,"zone_group":"industrial","hood":"Grand Central","liquefaction":true,"approved_year":2023,"started_year":2023,"done_year":2025,"status":"done"}},{"type":"Feature","geometry":{"type":"Point","coordinates":[-118.260319,34.133458]},"properties":{"id":"BSFD-007716-2023","addr":"352 W Chevy Chase Drive\nGlendale, Ca 91204","cat":"ADU","approved":"2023-08-22","started":"2023-08-22","done":"2024-10-21","units":1,"zone_group":"multifamily","hood":"Tropico","approved_year":2023,"started_year":2023,"done_year":2024,"status":"done"}},{"type":"Feature","geometry":{"type":"Point","coordinates":[-118.24718,34.219399]},"properties":{"id":"BCB2118936  PADU2118928","addr":"4027 Liberty Ave\nGlendale, Ca 91214","cat":"ADU","approved":"2023-08-26","started":"2023-09-06","done":"2025-10-28","units":1,"zone_group":"single_family","hood":"Montrose","fire":"High","approved_year":2023,"started_year":2023,"done_year":2025,"status":"done"}},{"type":"Feature","geometry":{"type":"Point","coordinates":[-118.247819,34.158211]},"properties":{"id":"BCB2211520     \nPADU2211054","addr":"702 E Glenoaks Boulevard, Unit A\nGlendale, Ca 91207","cat":"ADU","approved":"2023-09-06","started":"2023-09-07","done":"2024-12-17","units":1,"zone_group":"commercial","hood":"Rossmoyne","approved_year":2023,"started_year":2023,"done_year":2024,"status":"done"}},{"type":"Feature","geometry":{"type":"Point","coordinates":[-118.243444,34.157608]},"properties":{"id":"BSFD-005892-2023   PADU-001341-2023","addr":"714 Cordova Avenue, Unit A, Glendale, Ca 91206","cat":"ADU","approved":"2023-09-13","started":"2023-09-20","units":1,"zone_group":"single_family","hood":"Rossmoyne","approved_year":2023,"started_year":2023,"status":"started"}},{"type":"Feature","geometry":{"type":"Point","coordinates":[-118.241793,34.149316]},"properties":{"id":"BCB2211811 PADU-002114-2023","addr":"232 N Adams St\nGlendale, Ca 91206","cat":"ADU","approved":"2023-09-19","started":"2023-09-21","units":1,"zone_group":"multifamily","hood":"Citrus Grove","approved_year":2023,"started_year":2023,"status":"started"}},{"type":"Feature","geometry":{"type":"Point","coordinates":[-118.291047,34.179502]},"properties":{"id":"BSFD-002274-2022   PADU2212440","addr":"1266 Elm Avenue, Unit A\nGlendale, Ca 91201","cat":"ADU","approved":"2023-10-03","started":"2023-10-13","done":"2025-01-24","units":1,"zone_group":"single_family","hood":"Grandview","approved_year":2023,"started_year":2023,"done_year":2025,"status":"done"}},{"type":"Feature","geometry":{"type":"Point","coordinates":[-118.239738,34.160946]},"properties":{"id":"BSFD-003429-2023    PADU-000207-2022","addr":"1032 Ethel Street\nGlendale, Ca 91207","cat":"ADU","approved":"2023-10-04","started":"2023-10-17","done":"2025-03-12","units":1,"zone_group":"single_family","hood":"Rossmoyne","fire":"High","liquefaction":true,"approved_year":2023,"started_year":2023,"done_year":2025,"status":"done"}},{"type":"Feature","geometry":{"type":"Point","coordinates":[-118.280437,34.181516]},"properties":{"id":"BSFD-004766-2023  PADU-000573-2022","addr":"1545 Raymond Avenue, Unit A, Glendale, Ca 91201","cat":"ADU","approved":"2023-10-20","started":"2023-10-24","units":1,"zone_group":"single_family","hood":"El Miradero","fire":"Very High","approved_year":2023,"started_year":2023,"status":"started"}},{"type":"Feature","geometry":{"type":"Point","coordinates":[-118.242703,34.133828]},"properties":{"id":"BMULTI-001505-2022  PADU-000269-2022","addr":"1009 E Chevy Chase Drive, Unit D, Glendale, Ca 91205","cat":"ADU","approved":"2023-10-19","started":"2023-11-01","done":"2025-07-22","units":1,"zone_group":"multifamily","hood":"Mariposa","fire":"Moderate","dam":true,"approved_year":2023,"started_year":2023,"done_year":2025,"status":"done"}},{"type":"Feature","geometry":{"type":"Point","coordinates":[-118.253874,34.163956]},"properties":{"id":"BCB2101458  \nPADU2101459","addr":"1205 N Maryland Avenue, Unit A, Glendale, Ca 91207","cat":"ADU","approved":"2023-09-21","started":"2023-11-03","units":1,"zone_group":"single_family","hood":"Rossmoyne","fire":"High","approved_year":2023,"started_year":2023,"status":"started"}},{"type":"Feature","geometry":{"type":"Point","coordinates":[-118.262584,34.141681]},"properties":{"id":"BSFD-001669-2022  PADU-000324-2022","addr":"435 W Elk Avenue\nGlendale, Ca 91204","cat":"ADU","approved":"2023-05-17","started":"2023-06-14","done":"2024-05-23","units":1,"zone_group":"multifamily","hood":"Pacific-Edison","approved_year":2023,"started_year":2023,"done_year":2024,"status":"done"}},{"type":"Feature","geometry":{"type":"Point","coordinates":[-118.26949,34.161692]},"properties":{"id":"BCB2209390 PADU2208451","addr":"622 Palm Dr, Unit A\nGlendale, Ca 91202","cat":"ADU","approved":"2023-06-14","started":"2023-06-26","done":"2025-11-20","units":1,"zone_group":"multifamily","hood":"Glenwood","dam":true,"approved_year":2023,"started_year":2023,"done_year":2025,"status":"done"}},{"type":"Feature","geometry":{"type":"Point","coordinates":[-118.246251,34.163614]},"properties":{"id":"BCB2210314  PADU2207335","addr":"1202 Geneva St\nGlendale, Ca 91207","cat":"ADU","approved":"2023-07-18","started":"2023-07-21","done":"2024-01-09","units":1,"zone_group":"single_family","hood":"Rossmoyne","fire":"Very High","approved_year":2023,"started_year":2023,"done_year":2024,"status":"done"}},{"type":"Feature","geometry":{"type":"Point","coordinates":[-118.243694,34.21492]},"properties":{"id":"BCB2206669  PADU-001370-2023","addr":"2942 Hermosa Avenue, Unit A ,Glendale, Ca 91214","cat":"ADU","approved":"2023-09-12","started":"2023-09-12","done":"2024-07-26","units":1,"zone_group":"single_family","hood":"Montrose","fire":"High","approved_year":2023,"started_year":2023,"done_year":2024,"status":"done"}},{"type":"Feature","geometry":{"type":"Point","coordinates":[-118.213993,34.150603]},"properties":{"id":"BCB2201045  PADU2201037","addr":"2318 Hollister Terrace, Unit A, Glendale, Ca 91206","cat":"ADU","approved":"2022-08-19","started":"2023-09-13","done":"2025-11-03","units":1,"zone_group":"single_family","hood":"Glenoaks Canyon","fire":"Very High","dam":true,"approved_year":2022,"started_year":2023,"done_year":2025,"status":"done"}},{"type":"Feature","geometry":{"type":"Point","coordinates":[-118.227564,34.186664]},"properties":{"id":"BSFD-003498-2023    PADU-000495-2022","addr":"2735 Rustic Lane, Unit A\nGlendale, Ca 91208","cat":"ADU","approved":"2023-08-03","started":"2023-09-13","done":"2024-01-26","units":1,"zone_group":"single_family","hood":"Verdugo Woodlands","fire":"Very High","liquefaction":true,"approved_year":2023,"started_year":2023,"done_year":2024,"status":"done"}},{"type":"Feature","geometry":{"type":"Point","coordinates":[-118.260632,34.240634]},"properties":{"id":"BSFD-005125-2023   PADU-001107-2023","addr":"3731 Los Olivos Lane\nGlendale, Ca 91214","cat":"ADU","approved":"2023-09-18","started":"2023-09-25","done":"2024-06-26","units":1,"zone_group":"single_family","hood":"Crescenta Highlands","approved_year":2023,"started_year":2023,"done_year":2024,"status":"done"}},{"type":"Feature","geometry":{"type":"Point","coordinates":[-118.26078,34.132172]},"properties":{"id":"BMULTI-001968-2022 PADU-000372-2022","addr":"367 W Palmer Avenue, Unit C, Glendale, Ca 91204","cat":"ADU","approved":"2023-09-27","started":"2023-10-04","done":"2025-03-10","units":1,"zone_group":"multifamily","hood":"Tropico","approved_year":2023,"started_year":2023,"done_year":2025,"status":"done"}},{"type":"Feature","geometry":{"type":"Point","coordinates":[-118.206999,34.185193]},"properties":{"id":"BSFD-004774-2023     PADU-000814-2023","addr":"2445 Flintridge Drive\nGlendale, Ca 91206","cat":"ADU","approved":"2023-10-03","started":"2023-10-09","done":"2024-11-20","units":1,"zone_group":"single_family","hood":"Emerald Isle","fire":"Very High","approved_year":2023,"started_year":2023,"done_year":2024,"status":"done"}},{"type":"Feature","geometry":{"type":"Point","coordinates":[-118.229004,34.175579]},"properties":{"id":"BSFD-003989-2023\nPADU-000416-2022","addr":"1831 Canada Boulevard, Unit A,Glendale, Ca 91208","cat":"ADU","approved":"2023-10-18","started":"2023-12-01","done":"2024-06-06","units":1,"zone_group":"single_family","hood":"Verdugo Woodlands","fire":"Very High","liquefaction":true,"approved_year":2023,"started_year":2023,"done_year":2024,"status":"done"}},{"type":"Feature","geometry":{"type":"Point","coordinates":[-118.235243,34.207276]},"properties":{"id":"BCB2102119  PADU2102079","addr":"3700 Roselawn Ave\nGlendale, Ca 91208","cat":"ADU","approved":"2023-12-18","started":"2023-12-18","units":1,"zone_group":"single_family","hood":"Montrose","fire":"Moderate","approved_year":2023,"started_year":2023,"status":"started"}},{"type":"Feature","geometry":{"type":"Point","coordinates":[-118.287894,34.179325]},"properties":{"id":"BSFD-005524-2023  PADU-000584-2022","addr":"1327 Allen Avenue\nGlendale, Ca 91201","cat":"ADU","approved":"2023-12-19","started":"2023-12-20","done":"2025-12-23","units":1,"zone_group":"single_family","hood":"El Miradero","approved_year":2023,"started_year":2023,"done_year":2025,"status":"done"}},{"type":"Feature","geometry":{"type":"Point","coordinates":[-118.287894,34.179325]},"properties":{"id":"BSFD-005523-2023 PADU-000585-2022","addr":"1327 Allen Avenue\nGlendale, Ca 91201","cat":"ADU","approved":"2023-12-19","started":"2023-12-21","done":"2025-10-20","units":1,"zone_group":"single_family","hood":"El Miradero","approved_year":2023,"started_year":2023,"done_year":2025,"status":"done"}},{"type":"Feature","geometry":{"type":"Point","coordinates":[-118.278577,34.181417]},"properties":{"id":"BCB2104436 PADU2103793","addr":"1650 W Mountain Street, Unit A, Glendale, Ca 91201","cat":"ADU","approved":"2023-03-10","started":"2023-12-22","units":1,"zone_group":"single_family","hood":"El Miradero","fire":"Very High","approved_year":2023,"started_year":2023,"status":"started"}},{"type":"Feature","geometry":{"type":"Point","coordinates":[-118.231909,34.190044]},"properties":{"id":"BSFD-007774-2023    PADU-001722-2023","addr":"1620 Santa Rosa Avenue\nGlendale, Ca 91208","cat":"ADU","approved":"2023-11-15","started":"2023-11-16","done":"2024-07-31","units":1,"zone_group":"single_family","hood":"Verdugo Woodlands","fire":"Very High","liquefaction":true,"approved_year":2023,"started_year":2023,"done_year":2024,"status":"done"}},{"type":"Feature","geometry":{"type":"Point","coordinates":[-118.246446,34.162747]},"properties":{"id":"BSFD-006244-2023       PADU-000670-2022","addr":"1150 Geneva Street\nGlendale, Ca 91207","cat":"ADU","approved":"2023-12-11","started":"2023-12-11","done":"2024-10-19","units":1,"zone_group":"single_family","hood":"Rossmoyne","fire":"Very High","approved_year":2023,"started_year":2023,"done_year":2024,"status":"done"}},{"type":"Feature","geometry":{"type":"Point","coordinates":[-118.263507,34.167365]},"properties":{"id":"BCB2207753   \nPADU2205578","addr":"1405 N Columbus Ave\nGlendale, Ca 91202","cat":"ADU","approved":"2023-11-09","started":"2023-12-14","done":"2024-05-23","units":1,"zone_group":"single_family","hood":"Verdugo Viejo","fire":"High","approved_year":2023,"started_year":2023,"done_year":2024,"status":"done"}},{"type":"Feature","geometry":{"type":"Point","coordinates":[-118.264741,34.150814]},"properties":{"id":"BCB2210755  PADU2207813","addr":"501 Myrtle Street, Unit A, Glendale, Ca 91203","cat":"ADU","approved":"2023-12-18","started":"2023-12-18","done":"2024-11-20","units":1,"zone_group":"multifamily","hood":"Vineyard","approved_year":2023,"started_year":2023,"done_year":2024,"status":"done"}},{"type":"Feature","geometry":{"type":"Point","coordinates":[-118.288635,34.180167]},"properties":{"id":"BSFD-004016-2023 PADU-000523-2022","addr":"1330 Linden Avenue, Unit A, Glendale, Ca 91201","cat":"ADU","approved":"2023-12-27","started":"2023-12-27","units":1,"zone_group":"single_family","hood":"El Miradero","approved_year":2023,"started_year":2023,"status":"started"}},{"type":"Feature","geometry":{"type":"Point","coordinates":[-118.22735,34.150819]},"properties":{"id":"BB1923464 PDRNRAF1905549","addr":"1737 Holly Dr","cat":"5+ units","approved":"2019-01-25","started":"2023-12-18","units":7,"zone_group":"multifamily","hood":"Woodbury","fire":"Very High","approved_year":2019,"started_year":2023,"status":"started"}},{"type":"Feature","geometry":{"type":"Point","coordinates":[-118.221459,34.155814]},"properties":{"id":"BCB2202865","addr":"519 Solway St","cat":"Single-family home","approved":"2023-03-02","started":"2023-03-02","done":"2025-11-05","units":1,"zone_group":"single_family","hood":"Chevy Chase","fire":"Very High","approved_year":2023,"started_year":2023,"done_year":2025,"status":"done"}},{"type":"Feature","geometry":{"type":"Point","coordinates":[-118.222886,34.160632]},"properties":{"id":"BSFD-006945-2023  PDR-000454-2022","addr":"775 Ridge Drive\nGlendale, Ca 91206","cat":"Single-family home","approved":"2023-03-23","units":1,"zone_group":"single_family","hood":"Chevy Chase","fire":"Very High","approved_year":2023,"status":"approved"}},{"type":"Feature","geometry":{"type":"Point","coordinates":[-118.290548,34.176724]},"properties":{"id":"BSFD-006560-2023 PDRNRAF2119659","addr":"1214 Allen Ave\nGlendale, Ca 91201","cat":"Single-family home","approved":"2023-03-23","units":1,"zone_group":"single_family","hood":"Grandview","approved_year":2023,"status":"approved"}},{"type":"Feature","geometry":{"type":"Point","coordinates":[-118.254695,34.169677]},"properties":{"id":"PDRNRAF2201810","addr":"1650 Hazbeth Ln\nGlendale, Ca 91207","cat":"Single-family home","approved":"2023-04-11","units":1,"zone_group":"single_family","hood":"Brockmont","fire":"Very High","approved_year":2023,"status":"approved"}},{"type":"Feature","geometry":{"type":"Point","coordinates":[-118.26256,34.17391]},"properties":{"id":"PDRNRAF2118483","addr":"410 Glen Aire Dr\nGlendale, Ca 91202","cat":"Single-family home","approved":"2023-09-14","units":1,"zone_group":"single_family","hood":"Brockmont","fire":"Very High","approved_year":2023,"status":"approved"}},{"type":"Feature","geometry":{"type":"Point","coordinates":[-118.253001,34.22629]},"properties":{"id":"BSFD-011530-2023   PDR-002027-2023","addr":"4210 New York Avenue\nGlendale, Ca 91214","name":"Previously 4208 NEW YORK AVENUE","cat":"Single-family home","approved":"2023-11-09","started":"2025-01-13","done":"2025-11-24","units":1,"zone_group":"single_family","hood":"Crescenta Highlands","fire":"Moderate","approved_year":2023,"started_year":2025,"done_year":2025,"status":"done"}},{"type":"Feature","geometry":{"type":"Point","coordinates":[-118.277689,34.163676]},"properties":{"id":"BSFD-003517-2023PADU-000797-2023","addr":"1125 Graynold Avenue\nGlendale, Ca 91202","cat":"ADU","approved":"2023-12-26","started":"2023-12-27","done":"2024-07-24","units":1,"zone_group":"single_family","hood":"Glenwood","approved_year":2023,"started_year":2023,"done_year":2024,"status":"done"}},{"type":"Feature","geometry":{"type":"Point","coordinates":[-118.243773,34.173419]},"properties":{"id":"BSFD-004361-2023 PDRNRAF2111714","addr":"924 Old Phillips Rd","cat":"Single-family home","approved":"2023-01-12","started":"2023-10-03","units":1,"zone_group":"single_family","hood":"Greenbriar","fire":"Very High","approved_year":2023,"started_year":2023,"status":"started"}},{"type":"Feature","geometry":{"type":"Point","coordinates":[-118.285984,34.184958]},"properties":{"id":"BCB2201191","addr":"2012 Rangeview Dr\nGlendale, Ca 91201","cat":"Single-family home","approved":"2022-08-29","started":"2023-01-12","done":"2024-10-02","units":1,"zone_group":"single_family","hood":"El Miradero","fire":"High","approved_year":2022,"started_year":2023,"done_year":2024,"status":"done"}},{"type":"Feature","geometry":{"type":"Point","coordinates":[-118.283798,34.173406]},"properties":{"id":"BSFD-008339-2023  PDRNRAF2012538","addr":"1246 Justin Ave\nGlendale, Ca 91201","cat":"Single-family home","approved":"2023-09-07","units":1,"zone_group":"single_family","hood":"Grandview","approved_year":2023,"status":"approved"}},{"type":"Feature","geometry":{"type":"Point","coordinates":[-118.231908,34.139004]},"properties":{"id":"PADR-000877-2023","addr":"1434 E Maple Street\nGlendale, Ca 91205","cat":"2\u20134 units","approved":"2023-06-12","units":2,"zone_group":"multifamily","hood":"Somerset","fire":"Very High","approved_year":2023,"status":"approved"}},{"type":"Feature","geometry":{"type":"Point","coordinates":[-118.223358,34.154295]},"properties":{"id":"BB2202772","addr":"2022 Eleanore Dr","cat":"ADU","approved":"2022-03-01","started":"2022-03-11","done":"2024-10-04","units":1,"zone_group":"single_family","hood":"Chevy Chase","fire":"Very High","approved_year":2022,"started_year":2022,"done_year":2024,"status":"done"}},{"type":"Feature","geometry":{"type":"Point","coordinates":[-118.247692,34.136039]},"properties":{"id":"BCB2116117","addr":"609 E Garfield Ave, Unit A","cat":"ADU","approved":"2022-03-31","started":"2022-04-12","done":"2025-04-07","units":1,"zone_group":"multifamily","hood":"Mariposa","approved_year":2022,"started_year":2022,"done_year":2025,"status":"done"}},{"type":"Feature","geometry":{"type":"Point","coordinates":[-118.281086,34.180903]},"properties":{"id":"BCB2117177","addr":"1521 Raymond Ave","cat":"ADU","approved":"2021-12-28","started":"2022-04-29","done":"2024-04-12","units":1,"zone_group":"single_family","hood":"El Miradero","fire":"Very High","approved_year":2021,"started_year":2022,"done_year":2024,"status":"done"}},{"type":"Feature","geometry":{"type":"Point","coordinates":[-118.226946,34.180683]},"properties":{"id":"BCB2112070","addr":"1744 Opechee Way, Unit A","cat":"ADU","approved":"2022-05-11","started":"2022-05-13","done":"2023-03-22","units":1,"zone_group":"single_family","hood":"Verdugo Woodlands","fire":"Very High","liquefaction":true,"approved_year":2022,"started_year":2022,"done_year":2023,"status":"done"}},{"type":"Feature","geometry":{"type":"Point","coordinates":[-118.292547,34.169989]},"properties":{"id":"BCB2116408","addr":"1014 Raymond Ave","cat":"ADU","approved":"2022-04-18","started":"2022-05-06","done":"2023-01-25","units":1,"zone_group":"multifamily","hood":"Grandview","liquefaction":true,"approved_year":2022,"started_year":2022,"done_year":2023,"status":"done"}},{"type":"Feature","geometry":{"type":"Point","coordinates":[-118.23693,34.148035]},"properties":{"id":"BCB1719474","addr":"1316 E. Wilson Ave.","cat":"2\u20134 units","approved":"2017-05-08","started":"2019-02-15","done":"2021-02-03","units":1,"zone_group":"multifamily","hood":"Citrus Grove","approved_year":2017,"started_year":2019,"done_year":2021,"status":"done"}},{"type":"Feature","geometry":{"type":"Point","coordinates":[-118.24765,34.153224]},"properties":{"id":"BCB1913480","addr":"503 Howard St.,\nUnit A","cat":"ADU","approved":"2019-11-07","started":"2019-07-10","units":1,"zone_group":"single_family","hood":"City Center","approved_year":2019,"started_year":2019,"status":"started"}},{"type":"Feature","geometry":{"type":"Point","coordinates":[-118.234209,34.177832]},"properties":{"id":"BCB1906454","addr":"1516 Hillside Dr., Unit A","cat":"ADU","approved":"2020-02-25","started":"2020-02-25","done":"2021-02-18","units":1,"zone_group":"single_family","hood":"Verdugo Woodlands","fire":"Very High","liquefaction":true,"approved_year":2020,"started_year":2020,"done_year":2021,"status":"done"}},{"type":"Feature","geometry":{"type":"Point","coordinates":[-118.266083,34.152347]},"properties":{"id":"BCB1905012","addr":"532 W. Milford St., Unit A","cat":"ADU","approved":"2020-07-16","started":"2020-07-16","done":"2021-11-23","units":1,"zone_group":"multifamily","hood":"Vineyard","approved_year":2020,"started_year":2020,"done_year":2021,"status":"done"}},{"type":"Feature","geometry":{"type":"Point","coordinates":[-118.24169,34.156713]},"properties":{"id":"BCB2003945","addr":"713 N Glendale Ave., Unit A","cat":"ADU","approved":"2020-10-01","started":"2020-10-01","done":"2021-11-04","units":1,"zone_group":"single_family","hood":"Woodbury","liquefaction":true,"approved_year":2020,"started_year":2020,"done_year":2021,"status":"done"}},{"type":"Feature","geometry":{"type":"Point","coordinates":[-118.221779,34.156996]},"properties":{"id":"BCB2018348","addr":"2129 E Chevy Chase Dr","cat":"ADU","approved":"2021-02-01","started":"2021-03-16","done":"2021-09-02","units":1,"zone_group":"single_family","hood":"Chevy Chase","fire":"Very High","approved_year":2021,"started_year":2021,"done_year":2021,"status":"done"}},{"type":"Feature","geometry":{"type":"Point","coordinates":[-118.273754,34.157783]},"properties":{"id":"BCB2012975","addr":"800 Patterson Ave, Unit A","cat":"ADU","approved":"2021-04-15","started":"2021-04-30","done":"2022-03-09","units":1,"zone_group":"single_family","hood":"Pelanconi","approved_year":2021,"started_year":2021,"done_year":2022,"status":"done"}},{"type":"Feature","geometry":{"type":"Point","coordinates":[-118.271359,34.162732]},"properties":{"id":"BCB2014656","addr":"716 South St Unit A","cat":"ADU","approved":"2021-05-12","started":"2021-05-12","done":"2022-02-15","units":1,"zone_group":"single_family","hood":"Glenwood","dam":true,"approved_year":2021,"started_year":2021,"done_year":2022,"status":"done"}},{"type":"Feature","geometry":{"type":"Point","coordinates":[-118.263257,34.144209]},"properties":{"id":"BCB2020304","addr":"453 W Harvard St Unit A","cat":"ADU","approved":"2021-06-14","started":"2021-06-23","units":1,"zone_group":"multifamily","hood":"Moorpark","approved_year":2021,"started_year":2021,"status":"started"}},{"type":"Feature","geometry":{"type":"Point","coordinates":[-118.252435,34.227315]},"properties":{"id":"BCB2107483","addr":"3346 Altura Ave Unit A","cat":"ADU","approved":"2021-07-26","started":"2021-08-18","done":"2023-06-22","units":1,"zone_group":"single_family","hood":"Crescenta Highlands","fire":"Moderate","approved_year":2021,"started_year":2021,"done_year":2023,"status":"done"}},{"type":"Feature","geometry":{"type":"Point","coordinates":[-118.258632,34.227629]},"properties":{"id":"BCB2020296","addr":"3635 Montrose Ave (Unit A?)","cat":"ADU","approved":"2021-12-20","started":"2021-12-20","done":"2022-09-13","units":1,"zone_group":"single_family","hood":"Crescenta Highlands","fire":"Very High","liquefaction":true,"approved_year":2021,"started_year":2021,"done_year":2022,"status":"done"}},{"type":"Feature","geometry":{"type":"Point","coordinates":[-118.293504,34.172378]},"properties":{"id":"BCB2109994","addr":"1055 Irving Ave, Unit Aa","cat":"ADU","approved":"2022-01-13","started":"2022-01-13","done":"2023-03-16","units":1,"zone_group":"multifamily","hood":"Grandview","approved_year":2022,"started_year":2022,"done_year":2023,"status":"done"}},{"type":"Feature","geometry":{"type":"Point","coordinates":[-118.284834,34.166375]},"properties":{"id":"BCB2112883","addr":"1061 Davis Ave","cat":"ADU","approved":"2021-11-17","started":"2022-02-08","done":"2022-11-30","units":1,"zone_group":"single_family","hood":"Grandview","approved_year":2021,"started_year":2022,"done_year":2022,"status":"done"}},{"type":"Feature","geometry":{"type":"Point","coordinates":[-118.29748,34.173493]},"properties":{"id":"BB2101646","addr":"1015 Elm Ave, Unit A","cat":"ADU","approved":"2021-08-31","started":"2022-02-16","units":1,"zone_group":"multifamily","hood":"Grandview","liquefaction":true,"approved_year":2021,"started_year":2022,"status":"started"}},{"type":"Feature","geometry":{"type":"Point","coordinates":[-118.242431,34.205452]},"properties":{"id":"BCB2117275","addr":"1071 Eilinita Ave","cat":"ADU","approved":"2021-10-22","started":"2022-03-01","done":"2022-12-27","units":1,"zone_group":"single_family","hood":"Oakmont","fire":"Very High","liquefaction":true,"approved_year":2021,"started_year":2022,"done_year":2022,"status":"done"}},{"type":"Feature","geometry":{"type":"Point","coordinates":[-118.283259,34.172362]},"properties":{"id":"BCB2107361","addr":"1239 Ruberta Ave, Unit A","cat":"ADU","approved":"2022-04-04","started":"2022-04-07","done":"2024-04-04","units":1,"zone_group":"single_family","hood":"Grandview","approved_year":2022,"started_year":2022,"done_year":2024,"status":"done"}},{"type":"Feature","geometry":{"type":"Point","coordinates":[-118.267117,34.145817]},"properties":{"id":"BCB2113633","addr":"608 Ivy St, Unit A","cat":"ADU","approved":"2021-12-15","started":"2022-04-22","done":"2023-08-09","units":1,"zone_group":"multifamily","hood":"Moorpark","approved_year":2021,"started_year":2022,"done_year":2023,"status":"done"}},{"type":"Feature","geometry":{"type":"Point","coordinates":[-118.260467,34.135763]},"properties":{"id":"BCB2119330","addr":"359 W Garfield Ave","cat":"ADU","approved":"2022-04-25","started":"2022-05-04","done":"2022-09-15","units":1,"zone_group":"multifamily","hood":"Pacific-Edison","approved_year":2022,"started_year":2022,"done_year":2022,"status":"done"}},{"type":"Feature","geometry":{"type":"Point","coordinates":[-118.251218,34.164956]},"properties":{"id":"BCB2113743","addr":"1227 Campbell St, Unit A","cat":"ADU","approved":"2022-03-18","started":"2022-06-13","units":1,"zone_group":"single_family","hood":"Rossmoyne","fire":"Very High","dam":true,"approved_year":2022,"started_year":2022,"status":"started"}},{"type":"Feature","geometry":{"type":"Point","coordinates":[-118.26346,34.166999]},"properties":{"id":"BCB2117564","addr":"412 Spencer St","cat":"ADU","approved":"2021-11-23","started":"2022-06-24","done":"2022-12-16","units":1,"zone_group":"single_family","hood":"Verdugo Viejo","fire":"High","approved_year":2021,"started_year":2022,"done_year":2022,"status":"done"}},{"type":"Feature","geometry":{"type":"Point","coordinates":[-118.246977,34.159963]},"properties":{"id":"BCB2100718","addr":"1007 Geneva St","cat":"ADU","approved":"2022-03-23","started":"2022-07-12","units":1,"zone_group":"single_family","hood":"Rossmoyne","fire":"Moderate","approved_year":2022,"started_year":2022,"status":"started"}},{"type":"Feature","geometry":{"type":"Point","coordinates":[-118.281574,34.180441]},"properties":{"id":"BCB1905293","addr":"1529 Raymond Ave., Unit A","cat":"ADU","approved":"2020-01-15","started":"2020-01-15","done":"2024-07-16","units":1,"zone_group":"single_family","hood":"El Miradero","fire":"High","approved_year":2020,"started_year":2020,"done_year":2024,"status":"done"}},{"type":"Feature","geometry":{"type":"Point","coordinates":[-118.227389,34.179527]},"properties":{"id":"BCB2005646","addr":"1732 Camulos Ave., Unit A","cat":"ADU","approved":"2020-07-14","started":"2020-07-14","done":"2021-07-12","units":1,"zone_group":"single_family","hood":"Verdugo Woodlands","fire":"Very High","liquefaction":true,"approved_year":2020,"started_year":2020,"done_year":2021,"status":"done"}},{"type":"Feature","geometry":{"type":"Point","coordinates":[-118.250485,34.221617]},"properties":{"id":"BCB2120600","addr":"3251 Honolulu Ave, Unit A","cat":"ADU","approved":"2022-05-12","started":"2022-08-09","done":"2023-07-13","units":1,"zone_group":"multifamily","hood":"Crescenta Highlands","fire":"Very High","liquefaction":true,"approved_year":2022,"started_year":2022,"done_year":2023,"status":"done"}},{"type":"Feature","geometry":{"type":"Point","coordinates":[-118.277497,34.170561]},"properties":{"id":"BCB2119100","addr":"1426 Cleveland Rd","cat":"ADU","approved":"2022-06-23","started":"2022-08-17","done":"2024-05-14","units":1,"zone_group":"single_family","hood":"Glenwood","approved_year":2022,"started_year":2022,"done_year":2024,"status":"done"}},{"type":"Feature","geometry":{"type":"Point","coordinates":[-118.247947,34.154706]},"properties":{"id":"BCB2206907","addr":"539 Howard St\nGlendale, Ca 91206","cat":"ADU","approved":"2022-06-06","started":"2022-09-12","units":1,"zone_group":"single_family","hood":"City Center","approved_year":2022,"started_year":2022,"status":"started"}},{"type":"Feature","geometry":{"type":"Point","coordinates":[-118.299359,34.163529]},"properties":{"id":"BCB2202232","addr":"416 Raymond Ave","cat":"ADU","approved":"2022-09-03","started":"2022-09-21","done":"2024-10-24","units":1,"zone_group":"multifamily","hood":"Riverside Rancho","liquefaction":true,"approved_year":2022,"started_year":2022,"done_year":2024,"status":"done"}},{"type":"Feature","geometry":{"type":"Point","coordinates":[-118.257933,34.229822]},"properties":{"id":"BCB2202758","addr":"3612 Encinal Unit: Unit A","cat":"ADU","approved":"2022-09-21","started":"2022-10-05","done":"2025-11-13","units":1,"zone_group":"single_family","hood":"Crescenta Highlands","fire":"Moderate","approved_year":2022,"started_year":2022,"done_year":2025,"status":"done"}},{"type":"Feature","geometry":{"type":"Point","coordinates":[-118.285675,34.178098]},"properties":{"id":"BCB2102551","addr":"1332 Thompson Unit: Unit A","cat":"ADU","approved":"2022-10-13","started":"2022-10-21","done":"2023-08-08","units":1,"zone_group":"single_family","hood":"El Miradero","approved_year":2022,"started_year":2022,"done_year":2023,"status":"done"}},{"type":"Feature","geometry":{"type":"Point","coordinates":[-118.292163,34.158353]},"properties":{"id":"BCB2211978","addr":"1314 Fairfield # A St","cat":"ADU","approved":"2022-11-09","started":"2022-11-09","units":1,"zone_group":"single_family","hood":"Riverside Rancho","fire":"Very High","liquefaction":true,"approved_year":2022,"started_year":2022,"status":"started"}},{"type":"Feature","geometry":{"type":"Point","coordinates":[-118.282241,34.173918]},"properties":{"id":"BCB2110410","addr":"1541 W Kenneth Rd Unit: Unit A","cat":"ADU","approved":"2021-10-28","started":"2022-11-21","done":"2023-05-25","units":1,"zone_group":"single_family","hood":"El Miradero","approved_year":2021,"started_year":2022,"done_year":2023,"status":"done"}},{"type":"Feature","geometry":{"type":"Point","coordinates":[-118.262073,34.145052]},"properties":{"id":"BCB2112621","addr":"425 Hawthorne # A St","cat":"ADU","approved":"2022-12-22","started":"2022-12-22","done":"2023-08-14","units":1,"zone_group":"multifamily","hood":"Moorpark","approved_year":2022,"started_year":2022,"done_year":2023,"status":"done"}},{"type":"Feature","geometry":{"type":"Point","coordinates":[-118.225031,34.177238]},"properties":{"id":"BCB2000555","addr":"1811 Hillside Dr., Unit A","cat":"ADU","approved":"2020-11-25","started":"2020-11-25","done":"2021-07-26","units":1,"zone_group":"single_family","hood":"Verdugo Woodlands","fire":"Very High","liquefaction":true,"approved_year":2020,"started_year":2020,"done_year":2021,"status":"done"}},{"type":"Feature","geometry":{"type":"Point","coordinates":[-118.268645,34.158266]},"properties":{"id":"BCB2012721","addr":"643 Beulah St., Unit A","cat":"ADU","approved":"2020-12-14","started":"2020-12-14","done":"2021-09-23","units":1,"zone_group":"single_family","hood":"Fremont Park","approved_year":2020,"started_year":2020,"done_year":2021,"status":"done"}},{"type":"Feature","geometry":{"type":"Point","coordinates":[-118.226276,34.183994]},"properties":{"id":"BCB1915829","addr":"2551 N Verdugo Road","cat":"Single-family home","approved":"2020-08-26","started":"2020-08-26","done":"2024-02-14","units":1,"zone_group":"single_family","hood":"Verdugo Woodlands","fire":"Very High","liquefaction":true,"approved_year":2020,"started_year":2020,"done_year":2024,"status":"done"}},{"type":"Feature","geometry":{"type":"Point","coordinates":[-118.217826,34.151572]},"properties":{"id":"BCB1919778","addr":"2204 Hollister Ter. Unit A","cat":"ADU","approved":"2020-01-08","started":"2020-01-08","done":"2020-07-01","units":1,"zone_group":"single_family","hood":"Glenoaks Canyon","fire":"Very High","approved_year":2020,"started_year":2020,"done_year":2020,"status":"done"}},{"type":"Feature","geometry":{"type":"Point","coordinates":[-118.272066,34.166719]},"properties":{"id":"BCB2008390","addr":"1329 Virginia Ave Unit A","cat":"ADU","approved":"2021-03-29","started":"2021-04-27","units":1,"zone_group":"single_family","hood":"Glenwood","approved_year":2021,"started_year":2021,"status":"started"}},{"type":"Feature","geometry":{"type":"Point","coordinates":[-118.243652,34.218223]},"properties":{"id":"BCB2006003","addr":"2944 Montrose Ave Unit A","cat":"ADU","approved":"2021-01-07","started":"2021-06-10","done":"2022-05-04","units":1,"zone_group":"multifamily","hood":"Montrose","approved_year":2021,"started_year":2021,"done_year":2022,"status":"done"}},{"type":"Feature","geometry":{"type":"Point","coordinates":[-118.221823,34.182416]},"properties":{"id":"BCB2019752","addr":"1915 Calafia St Unit A","cat":"ADU","approved":"2021-06-15","started":"2021-08-05","units":1,"zone_group":"single_family","hood":"Verdugo Woodlands","fire":"Very High","approved_year":2021,"started_year":2021,"status":"started"}},{"type":"Feature","geometry":{"type":"Point","coordinates":[-118.283673,34.163859]},"properties":{"id":"BCB2015228","addr":"1025 Willard Ave","cat":"ADU","approved":"2021-07-12","started":"2021-10-06","done":"2022-12-16","units":1,"zone_group":"single_family","hood":"Grandview","liquefaction":true,"approved_year":2021,"started_year":2021,"done_year":2022,"status":"done"}},{"type":"Feature","geometry":{"type":"Point","coordinates":[-118.267099,34.15404]},"properties":{"id":"BCB2019212","addr":"609 W Doran St Unit Aa","cat":"ADU","approved":"2021-08-20","started":"2022-02-02","done":"2023-01-04","units":1,"zone_group":"multifamily","hood":"Vineyard","approved_year":2021,"started_year":2022,"done_year":2023,"status":"done"}},{"type":"Feature","geometry":{"type":"Point","coordinates":[-118.250438,34.16446]},"properties":{"id":"BCB2108550","addr":"417 E Loraine St","cat":"ADU","approved":"2022-01-25","started":"2022-02-15","done":"2022-07-29","units":1,"zone_group":"single_family","hood":"Rossmoyne","fire":"Very High","approved_year":2022,"started_year":2022,"done_year":2022,"status":"done"}},{"type":"Feature","geometry":{"type":"Point","coordinates":[-118.259313,34.149836]},"properties":{"id":"BB2202581","addr":"332 W California Ave Unit A","cat":"ADU","approved":"2022-02-25","started":"2022-02-25","done":"2022-08-26","units":1,"zone_group":"multifamily","hood":"Vineyard","approved_year":2022,"started_year":2022,"done_year":2022,"status":"done"}},{"type":"Feature","geometry":{"type":"Point","coordinates":[-118.257341,34.169959]},"properties":{"id":"BCB2110905","addr":"203 Cumberland Rd, Unit A","cat":"ADU","approved":"2021-11-02","started":"2022-04-06","done":"2024-04-01","units":1,"zone_group":"single_family","hood":"Brockmont","fire":"Very High","approved_year":2021,"started_year":2022,"done_year":2024,"status":"done"}},{"type":"Feature","geometry":{"type":"Point","coordinates":[-118.287205,34.171796]},"properties":{"id":"BB2117976","addr":"1140 Winchester Ave","cat":"ADU","approved":"2022-04-22","started":"2022-04-22","done":"2022-08-09","units":1,"zone_group":"multifamily","hood":"Grandview","approved_year":2022,"started_year":2022,"done_year":2022,"status":"done"}},{"type":"Feature","geometry":{"type":"Point","coordinates":[-118.280044,34.178652]},"properties":{"id":"BCB2117946","addr":"1447 Winchester Ave","cat":"ADU","approved":"2021-12-13","started":"2022-04-29","units":1,"zone_group":"single_family","hood":"El Miradero","fire":"Very High","approved_year":2021,"started_year":2022,"status":"started"}},{"type":"Feature","geometry":{"type":"Point","coordinates":[-118.247802,34.161904]},"properties":{"id":"BCB2019531","addr":"1115 Howard St Unit B","cat":"ADU","approved":"2022-03-03","started":"2022-05-31","units":1,"zone_group":"single_family","hood":"Rossmoyne","fire":"High","approved_year":2022,"started_year":2022,"status":"started"}},{"type":"Feature","geometry":{"type":"Point","coordinates":[-118.245982,34.21608]},"properties":{"id":"BCB2115297","addr":"3042 Hermosa Ave","cat":"ADU","approved":"2022-04-06","started":"2022-05-06","done":"2023-02-07","units":1,"zone_group":"single_family","hood":"Montrose","fire":"Very High","approved_year":2022,"started_year":2022,"done_year":2023,"status":"done"}},{"type":"Feature","geometry":{"type":"Point","coordinates":[-118.246986,34.165296]},"properties":{"id":"BCB2200455","addr":"1242 Howard St","cat":"ADU","approved":"2022-05-26","started":"2022-05-27","done":"2022-06-30","units":1,"zone_group":"single_family","hood":"Rossmoyne","fire":"Very High","approved_year":2022,"started_year":2022,"done_year":2022,"status":"done"}},{"type":"Feature","geometry":{"type":"Point","coordinates":[-118.283177,34.177232]},"properties":{"id":"BCB2110526","addr":"1350 Western Ave, Unit A","cat":"ADU","approved":"2022-04-26","started":"2022-06-01","done":"2024-02-26","units":1,"zone_group":"single_family","hood":"El Miradero","fire":"Moderate","approved_year":2022,"started_year":2022,"done_year":2024,"status":"done"}},{"type":"Feature","geometry":{"type":"Point","coordinates":[-118.27981,34.161354]},"properties":{"id":"BCB2120958","addr":"834 Graynold Ave","cat":"ADU","approved":"2022-03-15","started":"2022-06-06","done":"2022-11-03","units":1,"zone_group":"single_family","hood":"Pelanconi","approved_year":2022,"started_year":2022,"done_year":2022,"status":"done"}},{"type":"Feature","geometry":{"type":"Point","coordinates":[-118.265086,34.152345]},"properties":{"id":"BCB2117105","addr":"510 W Milford St","cat":"ADU","approved":"2022-04-15","started":"2022-06-09","done":"2022-12-22","units":1,"zone_group":"multifamily","hood":"Vineyard","approved_year":2022,"started_year":2022,"done_year":2022,"status":"done"}},{"type":"Feature","geometry":{"type":"Point","coordinates":[-118.284313,34.174616]},"properties":{"id":"BCB2201135","addr":"1271 Winchester Ave, Unit A","cat":"ADU","approved":"2022-04-01","started":"2022-06-27","units":1,"zone_group":"single_family","hood":"Grandview","approved_year":2022,"started_year":2022,"status":"started"}},{"type":"Feature","geometry":{"type":"Point","coordinates":[-118.286965,34.184346]},"properties":{"id":"BCB2120776","addr":"2019 Chilton Dr","cat":"ADU","approved":"2022-08-03","started":"2022-08-09","done":"2023-01-31","units":1,"zone_group":"single_family","hood":"El Miradero","fire":"Moderate","approved_year":2022,"started_year":2022,"done_year":2023,"status":"done"}},{"type":"Feature","geometry":{"type":"Point","coordinates":[-118.27468,34.16841]},"properties":{"id":"BCB2202486","addr":"1358 Norton Ave","cat":"ADU","approved":"2022-08-19","started":"2022-08-30","done":"2023-02-08","units":1,"zone_group":"single_family","hood":"Glenwood","approved_year":2022,"started_year":2022,"done_year":2023,"status":"done"}},{"type":"Feature","geometry":{"type":"Point","coordinates":[-118.240357,34.154087]},"properties":{"id":"BCB2114094","addr":"1130 E Doran Street Unit: Unit A\nGlendale, Ca 91206","cat":"ADU","approved":"2022-10-31","started":"2022-10-31","done":"2022-12-22","units":1,"zone_group":"multifamily","hood":"Citrus Grove","approved_year":2022,"started_year":2022,"done_year":2022,"status":"done"}},{"type":"Feature","geometry":{"type":"Point","coordinates":[-118.289621,34.176071]},"properties":{"id":"BCB2203960","addr":"1217 Irving Avenue Unit: A","cat":"ADU","approved":"2022-10-11","started":"2022-10-31","done":"2023-04-13","units":1,"zone_group":"single_family","hood":"Grandview","approved_year":2022,"started_year":2022,"done_year":2023,"status":"done"}},{"type":"Feature","geometry":{"type":"Point","coordinates":[-118.227573,34.203187]},"properties":{"id":"BCB2206672","addr":"3512 Market Street Unit: A","cat":"ADU","approved":"2022-10-31","started":"2022-10-31","done":"2023-09-06","units":1,"zone_group":"commercial","hood":"Sparr Heights","fire":"Very High","liquefaction":true,"approved_year":2022,"started_year":2022,"done_year":2023,"status":"done"}},{"type":"Feature","geometry":{"type":"Point","coordinates":[-118.251368,34.230054]},"properties":{"id":"BCB1829504","addr":"3315 Mary St Unit: Unit A","name":"Expired?","cat":"ADU","approved":"2019-07-19","started":"2022-11-02","units":1,"zone_group":"single_family","hood":"Crescenta Highlands","approved_year":2019,"started_year":2022,"status":"started"}},{"type":"Feature","geometry":{"type":"Point","coordinates":[-118.292465,34.177195]},"properties":{"id":"BCB2208903","addr":"1936 Glenwood Road Unit: A","cat":"ADU","approved":"2022-08-05","started":"2022-11-02","done":"2023-10-10","units":1,"zone_group":"single_family","hood":"Grandview","approved_year":2022,"started_year":2022,"done_year":2023,"status":"done"}},{"type":"Feature","geometry":{"type":"Point","coordinates":[-118.28455,34.180799]},"properties":{"id":"BCB2212644","addr":"1420 Irving Avenue Unit: A","cat":"ADU","approved":"2022-12-21","started":"2022-12-07","done":"2023-06-02","units":1,"zone_group":"single_family","hood":"El Miradero","fire":"Moderate","approved_year":2022,"started_year":2022,"done_year":2023,"status":"done"}},{"type":"Feature","geometry":{"type":"Point","coordinates":[-118.262088,34.143402]},"properties":{"id":"PDBP1906438,\nBB2014894","addr":"423 Oak St","cat":"5+ units","approved":"2019-12-12","started":"2022-08-25","done":"2024-11-01","units":18,"zone_group":"multifamily","hood":"Moorpark","approved_year":2019,"started_year":2022,"done_year":2024,"status":"done"}},{"type":"Feature","geometry":{"type":"Point","coordinates":[-118.299709,34.163322]},"properties":{"id":"BB2016801","addr":"407 Raymond Avenue","cat":"2\u20134 units","approved":"2021-07-01","started":"2022-04-22","done":"2024-04-25","units":1,"zone_group":"multifamily","hood":"Riverside Rancho","liquefaction":true,"approved_year":2021,"started_year":2022,"done_year":2024,"status":"done"}},{"type":"Feature","geometry":{"type":"Point","coordinates":[-118.237576,34.144402]},"properties":{"id":"BCB1902723","addr":"1304 E Harvard St., Unit A","cat":"ADU","approved":"2020-01-27","started":"2020-01-27","done":"2022-11-23","units":1,"zone_group":"multifamily","hood":"Citrus Grove","approved_year":2020,"started_year":2020,"done_year":2022,"status":"done"}},{"type":"Feature","geometry":{"type":"Point","coordinates":[-118.293415,34.178871]},"properties":{"id":"BCB1917872","addr":"1216 Spazier Ave., Unit A","cat":"ADU","approved":"2020-08-18","started":"2020-08-18","done":"2022-04-27","units":1,"zone_group":"single_family","hood":"Grandview","approved_year":2020,"started_year":2020,"done_year":2022,"status":"done"}},{"type":"Feature","geometry":{"type":"Point","coordinates":[-118.263966,34.165605]},"properties":{"id":"BCB1919774","addr":"1315 Dorothy Ave., Unit A","cat":"ADU","approved":"2020-12-03","started":"2020-12-03","done":"2022-08-03","units":1,"zone_group":"single_family","hood":"Verdugo Viejo","fire":"Moderate","approved_year":2020,"started_year":2020,"done_year":2022,"status":"done"}},{"type":"Feature","geometry":{"type":"Point","coordinates":[-118.268386,34.171449]},"properties":{"id":"BCB2016432","addr":"1541 Hillcrest Ave Unit A","cat":"ADU","approved":"2021-01-11","started":"2021-03-03","done":"2025-06-02","units":1,"zone_group":"single_family","hood":"Glenwood","fire":"Moderate","approved_year":2021,"started_year":2021,"done_year":2025,"status":"done"}},{"type":"Feature","geometry":{"type":"Point","coordinates":[-118.290373,34.173672]},"properties":{"id":"BCB2004948","addr":"1136 Thompson Ave Unit A","cat":"ADU","approved":"2020-08-03","started":"2021-06-07","done":"2022-07-12","units":1,"zone_group":"multifamily","hood":"Grandview","approved_year":2020,"started_year":2021,"done_year":2022,"status":"done"}},{"type":"Feature","geometry":{"type":"Point","coordinates":[-118.233601,34.149067]},"properties":{"id":"BCB2020330","addr":"1451 Stanley Ave Unit A","cat":"ADU","approved":"2021-02-09","started":"2021-06-08","done":"2021-09-17","units":1,"zone_group":"multifamily","hood":"Citrus Grove","approved_year":2021,"started_year":2021,"done_year":2021,"status":"done"}},{"type":"Feature","geometry":{"type":"Point","coordinates":[-118.247168,34.139949]},"properties":{"id":"BCB2102477","addr":"625 E Chestnut St Unit G","cat":"ADU","approved":"2021-04-28","started":"2021-06-03","done":"2021-09-07","units":1,"zone_group":"multifamily","hood":"Mariposa","approved_year":2021,"started_year":2021,"done_year":2021,"status":"done"}},{"type":"Feature","geometry":{"type":"Point","coordinates":[-118.289076,34.179753]},"properties":{"id":"BCB2019708","addr":"1314 Linden Ave Unit A","cat":"ADU","approved":"2021-07-23","started":"2021-08-11","done":"2022-03-25","units":1,"zone_group":"single_family","hood":"El Miradero","approved_year":2021,"started_year":2021,"done_year":2022,"status":"done"}},{"type":"Feature","geometry":{"type":"Point","coordinates":[-118.263696,34.236202]},"properties":{"id":"BCB2209615 PADU2209566","addr":"3851 4Th Ave\nGlendale, Ca 91214","cat":"ADU","approved":"2023-04-12","started":"2023-04-12","done":"2024-02-23","units":1,"zone_group":"single_family","hood":"Crescenta Highlands","approved_year":2023,"started_year":2023,"done_year":2024,"status":"done"}},{"type":"Feature","geometry":{"type":"Point","coordinates":[-118.246412,34.154337]},"properties":{"id":"BCB2120756   PADU2202342","addr":"535 Geneva Street, Unit A, Glendale, Ca 91206","cat":"ADU","approved":"2023-04-04","started":"2023-04-24","done":"2025-08-14","units":1,"zone_group":"multifamily","hood":"City Center","approved_year":2023,"started_year":2023,"done_year":2025,"status":"done"}},{"type":"Feature","geometry":{"type":"Point","coordinates":[-118.285255,34.18459]},"properties":{"id":"BSFD-001468-2022  PADU-000302-2022","addr":"1982 Rangeview Drive, Unit A, Glendale, Ca 91201","cat":"ADU","approved":"2023-04-05","started":"2023-04-25","done":"2023-05-12","units":1,"zone_group":"single_family","hood":"El Miradero","fire":"High","approved_year":2023,"started_year":2023,"done_year":2023,"status":"done"}},{"type":"Feature","geometry":{"type":"Point","coordinates":[-118.238966,34.209615]},"properties":{"id":"BSFD-002877-2023  \nPADU2212749","addr":"2739 Sycamore Avenue\nGlendale, Ca 91020","cat":"ADU","approved":"2023-04-28","started":"2023-05-02","done":"2023-09-18","units":1,"zone_group":"single_family","hood":"Montrose","fire":"Very High","approved_year":2023,"started_year":2023,"done_year":2023,"status":"done"}},{"type":"Feature","geometry":{"type":"Point","coordinates":[-118.260773,34.138019]},"properties":{"id":"BCB2118780  \nPADU2118762","addr":"616 S Columbus Avenue, Unit A, Glendale, Ca 91204","cat":"ADU","approved":"2023-05-05","started":"2023-05-05","units":1,"zone_group":"multifamily","hood":"Pacific-Edison","approved_year":2023,"started_year":2023,"status":"started"}},{"type":"Feature","geometry":{"type":"Point","coordinates":[-118.292244,34.172843]},"properties":{"id":"BB2208735   PADU2208722","addr":"1812 W Glenoaks Boulevard, Unit E\nGlendale, Ca 91201","cat":"ADU","approved":"2023-05-10","started":"2023-05-10","done":"2023-11-22","units":1,"zone_group":"multifamily","hood":"Grandview","approved_year":2023,"started_year":2023,"done_year":2023,"status":"done"}},{"type":"Feature","geometry":{"type":"Point","coordinates":[-118.246736,34.141726]},"properties":{"id":"BCB2116939  \nPADU2116891","addr":"636 E Elk Ave, Unit A\nGlendale, Ca 91205","cat":"ADU","approved":"2024-05-12","started":"2023-05-12","done":"2024-03-26","units":1,"zone_group":"multifamily","hood":"Mariposa","approved_year":2024,"started_year":2023,"done_year":2024,"status":"done"}},{"type":"Feature","geometry":{"type":"Point","coordinates":[-118.260414,34.165915]},"properties":{"id":"BCB2210236  \nPADU2208328","addr":"1320 Valley View Road, Unit A, Glendale, Ca 91202","cat":"ADU","approved":"2023-05-09","started":"2023-05-16","done":"2023-06-28","units":1,"zone_group":"single_family","hood":"Verdugo Viejo","fire":"High","approved_year":2023,"started_year":2023,"done_year":2023,"status":"done"}},{"type":"Feature","geometry":{"type":"Point","coordinates":[-118.248882,34.16164]},"properties":{"id":"BCB2205043   PADU2205031","addr":"1100 N Isabel St\nGlendale, Ca 91207","cat":"ADU","approved":"2023-06-02","started":"2023-06-02","done":"2025-06-03","units":1,"zone_group":"single_family","hood":"Rossmoyne","fire":"Moderate","approved_year":2023,"started_year":2023,"done_year":2025,"status":"done"}},{"type":"Feature","geometry":{"type":"Point","coordinates":[-118.267302,34.145873]},"properties":{"id":"BCB2208742 PADU2208199","addr":"613 Ivy Street Unit: Unit A, Glendale, Ca 91204","cat":"ADU","approved":"2023-05-30","started":"2023-06-07","done":"2023-01-16","units":1,"zone_group":"multifamily","hood":"Moorpark","approved_year":2023,"started_year":2023,"done_year":2023,"status":"done"}},{"type":"Feature","geometry":{"type":"Point","coordinates":[-118.275903,34.156336]},"properties":{"id":"BCB2208862  PADU2208858","addr":"719 Dale Avenue, Unit A\nGlendale, Ca 91202","cat":"ADU","approved":"2023-06-09","started":"2023-06-15","done":"2024-07-19","units":1,"zone_group":"single_family","hood":"Pelanconi","dam":true,"approved_year":2023,"started_year":2023,"done_year":2024,"status":"done"}},{"type":"Feature","geometry":{"type":"Point","coordinates":[-118.208386,34.14811]},"properties":{"id":"BSFD-002476-2022","addr":"2610 Sleepy Hollow Place, Unit A, Glendale, Ca 91206","cat":"ADU","approved":"2023-06-20","started":"2023-06-21","done":"2025-07-28","units":1,"zone_group":"single_family","hood":"Glenoaks Canyon","fire":"Very High","approved_year":2023,"started_year":2023,"done_year":2025,"status":"done"}},{"type":"Feature","geometry":{"type":"Point","coordinates":[-118.249727,34.237289]},"properties":{"id":"BSFD-002526-2022    \nPADU-000629-2022","addr":"4851 Cheryl Avenue\nGlendale, Ca 91214","cat":"ADU","approved":"2023-04-04","started":"2023-06-22","done":"2024-06-10","units":1,"zone_group":"single_family","hood":"Crescenta Highlands","fire":"Very High","approved_year":2023,"started_year":2023,"done_year":2024,"status":"done"}},{"type":"Feature","geometry":{"type":"Point","coordinates":[-118.228339,34.200014]},"properties":{"id":"BSFD-003285-2023 PADU-000357-2022","addr":"3335 Castera Avenue\nGlendale, Ca 91208","cat":"ADU","approved":"2023-06-13","started":"2023-06-23","units":1,"zone_group":"single_family","hood":"Montecito Park","fire":"Very High","liquefaction":true,"approved_year":2023,"started_year":2023,"status":"started"}},{"type":"Feature","geometry":{"type":"Point","coordinates":[-118.243359,34.215826]},"properties":{"id":"BCB1922579 PADU1900448","addr":"2941 Piedmont Ave\nGlendale, Ca 91214","cat":"ADU","approved":"2023-06-26","started":"2023-06-26","done":"2024-12-09","units":1,"zone_group":"single_family","hood":"Montrose","fire":"High","approved_year":2023,"started_year":2023,"done_year":2024,"status":"done"}},{"type":"Feature","geometry":{"type":"Point","coordinates":[-118.256147,34.235596]},"properties":{"id":"BCB2205214","addr":"4535 Willalee Avenue, Unit Aa, Glendale, Ca 91214","cat":"ADU","approved":"2023-08-15","started":"2023-08-15","done":"2024-12-26","units":1,"zone_group":"single_family","hood":"Crescenta Highlands","approved_year":2023,"started_year":2023,"done_year":2024,"status":"done"}},{"type":"Feature","geometry":{"type":"Point","coordinates":[-118.276467,34.164208]},"properties":{"id":"BSFD-003212-2023PADU-000723-2023","addr":"1154 Norton Avenue, Unit A, Glendale, Ca 91202","cat":"ADU","approved":"2023-08-11","started":"2023-08-15","done":"2024-05-23","units":1,"zone_group":"single_family","hood":"Glenwood","approved_year":2023,"started_year":2023,"done_year":2024,"status":"done"}},{"type":"Feature","geometry":{"type":"Point","coordinates":[-118.29683,34.166806]},"properties":{"id":"BCB2206658  PADU2206031","addr":"1742 Flower St\nGlendale, Ca 91201","cat":"ADU","approved":"2023-08-16","started":"2023-08-16","done":"2025-05-29","units":1,"zone_group":"industrial","hood":"Grand Central","liquefaction":true,"approved_year":2023,"started_year":2023,"done_year":2025,"status":"done"}},{"type":"Feature","geometry":{"type":"Point","coordinates":[-118.268656,34.158873]},"properties":{"id":"BCB2211062    PADU2210879","addr":"639 Arden Ave\nGlendale, Ca 91202","cat":"ADU","approved":"2023-08-28","started":"2023-08-28","done":"2024-04-12","units":1,"zone_group":"single_family","hood":"Fremont Park","approved_year":2023,"started_year":2023,"done_year":2024,"status":"done"}},{"type":"Feature","geometry":{"type":"Point","coordinates":[-118.244735,34.136035]},"properties":{"id":"BSFD-003497-2023  PADU-000750-2023","addr":"817 E Garfield Avenue\nGlendale, Ca 91205","cat":"ADU","approved":"2023-08-28","started":"2023-08-31","done":"2024-08-02","units":1,"zone_group":"multifamily","hood":"Mariposa","approved_year":2023,"started_year":2023,"done_year":2024,"status":"done"}},{"type":"Feature","geometry":{"type":"Point","coordinates":[-118.236931,34.136466]},"properties":{"id":"BCB2211638","addr":"1324 E Garfield Ave\nGlendale, Ca 91205","cat":"ADU","approved":"2023-09-05","started":"2023-09-05","done":"2024-06-25","units":1,"zone_group":"multifamily","hood":"Somerset","fire":"Very High","approved_year":2023,"started_year":2023,"done_year":2024,"status":"done"}},{"type":"Feature","geometry":{"type":"Point","coordinates":[-118.284417,34.172894]},"properties":{"id":"BCB2205653 \nPADU2205350","addr":"1231 Justin Ave\nGlendale, Ca 91201","cat":"ADU","approved":"2023-10-23","started":"2023-10-23","done":"2024-12-18","units":1,"zone_group":"single_family","hood":"Grandview","approved_year":2023,"started_year":2023,"done_year":2024,"status":"done"}},{"type":"Feature","geometry":{"type":"Point","coordinates":[-118.280166,34.17738]},"properties":{"id":"BSFD-005557-2023  PADU-001306-2023","addr":"1414 El Miradero Avenue, Unit A, Glendale, Ca 91201","cat":"ADU","approved":"2023-09-07","started":"2023-10-25","done":"2024-07-20","units":1,"zone_group":"single_family","hood":"El Miradero","fire":"High","approved_year":2023,"started_year":2023,"done_year":2024,"status":"done"}},{"type":"Feature","geometry":{"type":"Point","coordinates":[-118.279416,34.161758]},"properties":{"id":"BSFD-005049-2023   PADU-001026-2023","addr":"851 Graynold Avenue, Unit A, Glendale, Ca 91202","cat":"ADU","approved":"2023-11-01","started":"2023-11-01","done":"2024-05-23","units":1,"zone_group":"single_family","hood":"Pelanconi","approved_year":2023,"started_year":2023,"done_year":2024,"status":"done"}},{"type":"Feature","geometry":{"type":"Point","coordinates":[-118.249152,34.160564]},"properties":{"id":"BSFD-006779-2023  \nPADU-001276-2023","addr":"1009 N Isabel Street\nGlendale, Ca 91207","cat":"ADU","approved":"2023-11-02","started":"2023-11-17","done":"2025-01-13","units":1,"zone_group":"single_family","hood":"Rossmoyne","approved_year":2023,"started_year":2023,"done_year":2025,"status":"done"}},{"type":"Feature","geometry":{"type":"Point","coordinates":[-118.276198,34.165354]},"properties":{"id":"BSFD-001392-2022 PADU-000021-2022","addr":"1235 Norton Avenue\nGlendale, Ca 91202","cat":"ADU","approved":"2023-12-04","started":"2023-12-05","done":"2025-03-06","units":1,"zone_group":"single_family","hood":"Glenwood","approved_year":2023,"started_year":2023,"done_year":2025,"status":"done"}},{"type":"Feature","geometry":{"type":"Point","coordinates":[-118.245722,34.136037]},"properties":{"id":"BMULTI-002312-2022    PADU-000383-2022","addr":"725 E Garfield Avenue\nGlendale, Ca 91205","cat":"ADU","approved":"2023-12-12","started":"2023-12-15","done":"2024-07-01","units":1,"zone_group":"multifamily","hood":"Mariposa","approved_year":2023,"started_year":2023,"done_year":2024,"status":"done"}},{"type":"Feature","geometry":{"type":"Point","coordinates":[-118.23843,34.141876]},"properties":{"id":"BCB2209517 PADU2210561","addr":"319 Wing St Unit A\nGlendale, Ca 91205","cat":"ADU","approved":"2023-12-14","started":"2023-12-18","done":"2025-04-14","units":1,"zone_group":"multifamily","hood":"Somerset","approved_year":2023,"started_year":2023,"done_year":2025,"status":"done"}},{"type":"Feature","geometry":{"type":"Point","coordinates":[-118.262073,34.145052]},"properties":{"id":"BCB2112621 PADU2110947","addr":"425 Hawthorne Street Unit C Glendale, Ca","cat":"ADU","approved":"2022-12-22","started":"2022-12-22","done":"2023-08-14","units":1,"zone_group":"multifamily","hood":"Moorpark","approved_year":2022,"started_year":2022,"done_year":2023,"status":"done"}},{"type":"Feature","geometry":{"type":"Point","coordinates":[-118.273348,34.157749]},"properties":{"id":"PADU2208752 BCB2211524","addr":"777 Patterson Ave Unit: A Glendale, Ca 91202","cat":"ADU","approved":"2023-04-12","started":"2023-04-12","done":"2024-05-23","units":1,"zone_group":"single_family","hood":"Pelanconi","approved_year":2023,"started_year":2023,"done_year":2024,"status":"done"}},{"type":"Feature","geometry":{"type":"Point","coordinates":[-118.230005,34.14615]},"properties":{"id":"PDR-000508-2022","addr":"1534 E Broadway\nGlendale, Ca 91205","cat":"5+ units","approved":"2023-03-23","units":8,"zone_group":"multifamily","hood":"Citrus Grove","fire":"Very High","approved_year":2023,"status":"approved"}},{"type":"Feature","geometry":{"type":"Point","coordinates":[-118.259489,34.125863]},"properties":{"id":"PDR-000838-2023","addr":"1642 S Central Avenue\nGlendale, Ca 91204","cat":"5+ units","approved":"2023-04-11","units":31,"zone_group":"mixed_use","hood":"Tropico","approved_year":2023,"status":"approved"}},{"type":"Feature","geometry":{"type":"Point","coordinates":[-118.26335,34.159901]},"properties":{"id":"PDR-001153-2023","addr":"441 W Glenoaks Boulevard\nGlendale, Ca 91202","cat":"5+ units","approved":"2023-08-10","units":17,"zone_group":"multifamily","hood":"Verdugo Viejo","dam":true,"approved_year":2023,"status":"approved"}},{"type":"Feature","geometry":{"type":"Point","coordinates":[-118.26266,34.152558]},"properties":{"id":"PDR-001601-2023 and PDBP2212648","addr":"424 W Milford Street\nGlendale, Ca 91203","cat":"5+ units","approved":"2023-12-15","units":43,"zone_group":"multifamily","hood":"Vineyard","approved_year":2023,"status":"approved"}},{"type":"Feature","geometry":{"type":"Point","coordinates":[-118.303251,34.161527]},"properties":{"id":"BSFD-009363-202  PDR-001101-2023","addr":"221 Thompson Avenue\nGlendale, Ca 91201","cat":"Single-family home","approved":"2023-07-28","units":1,"zone_group":"single_family","hood":"Riverside Rancho","fire":"Moderate","liquefaction":true,"approved_year":2023,"status":"approved"}},{"type":"Feature","geometry":{"type":"Point","coordinates":[-118.253043,34.226251]},"properties":{"id":"BSFD-011326-2023 PDR-002026-2023","addr":"4208 New York Avenue\nGlendale, Ca 91214","cat":"Single-family home","approved":"2023-12-11","started":"2024-12-20","done":"2025-11-24","units":1,"zone_group":"single_family","hood":"Crescenta Highlands","fire":"Moderate","approved_year":2023,"started_year":2024,"done_year":2025,"status":"done"}},{"type":"Feature","geometry":{"type":"Point","coordinates":[-118.235293,34.212015]},"properties":{"id":"BCB2110215","addr":"4033 Rosemont, Unit A","cat":"ADU","approved":"2022-03-10","started":"2022-04-21","done":"2023-11-08","units":1,"zone_group":"multifamily","approved_year":2022,"started_year":2022,"done_year":2023,"status":"done"}},{"type":"Feature","geometry":{"type":"Point","coordinates":[-118.232644,34.178481]},"properties":{"id":"BCB2202442","addr":"1540 Wabasso Way, Unit A","cat":"ADU","approved":"2022-05-16","started":"2022-05-26","done":"2023-03-28","units":1,"zone_group":"single_family","hood":"Verdugo Woodlands","fire":"Very High","liquefaction":true,"approved_year":2022,"started_year":2022,"done_year":2023,"status":"done"}},{"type":"Feature","geometry":{"type":"Point","coordinates":[-118.229048,34.180487]},"properties":{"id":"BCB2106142","addr":"2225 Canada Blvd Unit A","cat":"ADU","approved":"2021-08-02","started":"2021-09-23","done":"2023-04-12","units":1,"zone_group":"single_family","hood":"Verdugo Woodlands","fire":"Very High","liquefaction":true,"approved_year":2021,"started_year":2021,"done_year":2023,"status":"done"}},{"type":"Feature","geometry":{"type":"Point","coordinates":[-118.244328,34.215442]},"properties":{"id":"BCB1907995","addr":"3912 Ramsdell Ave","cat":"Single-family home","approved":"2019-01-21","started":"2021-12-02","units":1,"zone_group":"single_family","hood":"Montrose","fire":"High","approved_year":2019,"started_year":2021,"status":"started"}},{"type":"Feature","geometry":{"type":"Point","coordinates":[-118.215094,34.150851]},"properties":{"id":"BCB2110237","addr":"2276 Hollister Ter, Unit A","cat":"ADU","approved":"2021-11-05","started":"2021-12-10","done":"2025-03-13","units":1,"zone_group":"single_family","hood":"Glenoaks Canyon","fire":"Very High","dam":true,"approved_year":2021,"started_year":2021,"done_year":2025,"status":"done"}},{"type":"Feature","geometry":{"type":"Point","coordinates":[-118.268342,34.147983]},"properties":{"id":"BCB2115509","addr":"639 W Wilson Ave","cat":"ADU","approved":"2022-02-07","started":"2022-02-07","done":"2023-03-21","units":1,"zone_group":"multifamily","hood":"Vineyard","approved_year":2022,"started_year":2022,"done_year":2023,"status":"done"}},{"type":"Feature","geometry":{"type":"Point","coordinates":[-118.242193,34.176858]},"properties":{"id":"BCB2111006","addr":"1164 Old Phillips Rd","cat":"ADU","approved":"2021-11-30","started":"2022-02-28","done":"2025-10-01","units":1,"zone_group":"single_family","hood":"Greenbriar","fire":"Very High","approved_year":2021,"started_year":2022,"done_year":2025,"status":"done"}},{"type":"Feature","geometry":{"type":"Point","coordinates":[-118.237249,34.148036]},"properties":{"id":"BCB2100293","addr":"1308 E Wilson Ave Unit C","cat":"ADU","approved":"2021-12-09","started":"2022-03-04","done":"2025-07-09","units":1,"zone_group":"multifamily","hood":"Citrus Grove","approved_year":2021,"started_year":2022,"done_year":2025,"status":"done"}},{"type":"Feature","geometry":{"type":"Point","coordinates":[-118.245551,34.21487]},"properties":{"id":"BCB2010954","addr":"3038 Honolulu Ave, Unit A","cat":"ADU","approved":"2021-10-05","started":"2022-03-10","done":"2023-06-21","units":1,"zone_group":"single_family","hood":"Montrose","fire":"Very High","approved_year":2021,"started_year":2022,"done_year":2023,"status":"done"}},{"type":"Feature","geometry":{"type":"Point","coordinates":[-118.223929,34.181859]},"properties":{"id":"BCB2106263","addr":"1837 Calafia St, Unit A","cat":"ADU","approved":"2021-12-10","started":"2022-04-15","done":"2024-11-06","units":1,"zone_group":"single_family","hood":"Verdugo Woodlands","fire":"Very High","approved_year":2021,"started_year":2022,"done_year":2024,"status":"done"}},{"type":"Feature","geometry":{"type":"Point","coordinates":[-118.283459,34.174736]},"properties":{"id":"BCB2012617","addr":"1614 W Kenneth Rd","cat":"ADU","approved":"2020-08-13","started":"2020-08-13","done":"2025-06-24","units":1,"zone_group":"single_family","hood":"El Miradero","approved_year":2020,"started_year":2020,"done_year":2025,"status":"done"}},{"type":"Feature","geometry":{"type":"Point","coordinates":[-118.247594,34.15255]},"properties":{"id":"BCB2018959","addr":"416 Howard St","cat":"ADU","approved":"2020-12-22","started":"2022-06-10","done":"2023-01-26","units":1,"zone_group":"single_family","hood":"City Center","approved_year":2020,"started_year":2022,"done_year":2023,"status":"done"}},{"type":"Feature","geometry":{"type":"Point","coordinates":[-118.234593,34.165104]},"properties":{"id":"BCB2116852","addr":"1413 Ethel St, Unit A","cat":"ADU","approved":"2022-06-09","started":"2022-06-29","done":"2023-08-03","units":1,"zone_group":"single_family","hood":"Rossmoyne","fire":"Very High","liquefaction":true,"approved_year":2022,"started_year":2022,"done_year":2023,"status":"done"}},{"type":"Feature","geometry":{"type":"Point","coordinates":[-118.248,34.159096]},"properties":{"id":"BCB1912014","addr":"920 Howard St. Unit A","cat":"ADU","approved":"2019-10-07","started":"2019-10-07","done":"2021-09-30","units":1,"zone_group":"single_family","hood":"Rossmoyne","approved_year":2019,"started_year":2019,"done_year":2021,"status":"done"}},{"type":"Feature","geometry":{"type":"Point","coordinates":[-118.29164,34.182258]},"properties":{"id":"BCB1920069","addr":"1331 Alameda Ave., Unit A","cat":"ADU","approved":"2020-04-15","started":"2020-04-15","done":"2020-09-23","units":1,"zone_group":"single_family","hood":"El Miradero","approved_year":2020,"started_year":2020,"done_year":2020,"status":"done"}},{"type":"Feature","geometry":{"type":"Point","coordinates":[-118.274149,34.16462]},"properties":{"id":"BCB1916147","addr":"1225 Highland Ave.,Unit A","cat":"ADU","approved":"2020-09-28","started":"2020-09-28","done":"2021-05-19","units":1,"zone_group":"single_family","hood":"Glenwood","approved_year":2020,"started_year":2020,"done_year":2021,"status":"done"}},{"type":"Feature","geometry":{"type":"Point","coordinates":[-118.255638,34.168604]},"properties":{"id":"BCB2012967","addr":"111 Cumberland Rd., Unit A","cat":"ADU","approved":"2020-12-18","started":"2020-12-18","done":"2021-10-21","units":1,"zone_group":"single_family","hood":"Brockmont","fire":"Very High","approved_year":2020,"started_year":2020,"done_year":2021,"status":"done"}},{"type":"Feature","geometry":{"type":"Point","coordinates":[-118.229992,34.187585]},"properties":{"id":"BCB1704559","addr":"1644 Romona","cat":"Single-family home","approved":"2012-04-25","started":"2013-06-28","done":"2021-11-29","units":1,"zone_group":"single_family","hood":"Verdugo Woodlands","fire":"Very High","liquefaction":true,"approved_year":2012,"started_year":2013,"done_year":2021,"status":"done"}},{"type":"Feature","geometry":{"type":"Point","coordinates":[-118.242562,34.164771]},"properties":{"id":"BCB2015757","addr":"900 E Mountain St Unit A","cat":"ADU","approved":"2020-12-17","started":"2021-02-25","done":"2021-09-27","units":1,"zone_group":"single_family","hood":"Rossmoyne","fire":"Very High","approved_year":2020,"started_year":2021,"done_year":2021,"status":"done"}},{"type":"Feature","geometry":{"type":"Point","coordinates":[-118.237157,34.151732]},"properties":{"id":"BCB2006631","addr":"1309 E Lexington Dr Unit A","cat":"ADU","approved":"2021-03-16","started":"2021-04-15","done":"2022-10-26","units":1,"zone_group":"multifamily","hood":"Citrus Grove","dam":true,"approved_year":2021,"started_year":2021,"done_year":2022,"status":"done"}},{"type":"Feature","geometry":{"type":"Point","coordinates":[-118.248614,34.162859]},"properties":{"id":"BCB1910310","addr":"1138 N. Isabel St. Unit A","cat":"ADU","approved":"2020-08-18","started":"2020-08-18","done":"2021-04-08","units":1,"zone_group":"single_family","hood":"Rossmoyne","fire":"High","approved_year":2020,"started_year":2020,"done_year":2021,"status":"done"}},{"type":"Feature","geometry":{"type":"Point","coordinates":[-118.250773,34.244318]},"properties":{"id":"BCB2007225","addr":"5229 Maryland Ave., Unit A","cat":"ADU","approved":"2020-09-15","started":"2020-09-15","done":"2021-07-27","units":1,"zone_group":"single_family","hood":"Crescenta Highlands","fire":"Very High","fault":true,"approved_year":2020,"started_year":2020,"done_year":2021,"status":"done"}},{"type":"Feature","geometry":{"type":"Point","coordinates":[-118.265911,34.150757]},"properties":{"id":"BCB2005218","addr":"528 Myrtle St., Unit A","cat":"ADU","approved":"2020-10-13","started":"2020-10-13","done":"2021-04-06","units":1,"zone_group":"multifamily","hood":"Vineyard","approved_year":2020,"started_year":2020,"done_year":2021,"status":"done"}},{"type":"Feature","geometry":{"type":"Point","coordinates":[-118.270125,34.158115]},"properties":{"id":"BCB2010652","addr":"676 Burchett St., Unit A","cat":"ADU","approved":"2020-12-07","started":"2020-12-07","done":"2021-08-24","units":1,"zone_group":"single_family","hood":"Fremont Park","approved_year":2020,"started_year":2020,"done_year":2021,"status":"done"}},{"type":"Feature","geometry":{"type":"Point","coordinates":[-118.258442,34.173257]},"properties":{"id":"BCB1803367","addr":"1680 Valley View Rd.","cat":"Single-family home","approved":"2018-02-07","started":"2018-06-04","done":"2022-09-21","units":1,"zone_group":"single_family","hood":"Brockmont","fire":"Very High","approved_year":2018,"started_year":2018,"done_year":2022,"status":"done"}},{"type":"Feature","geometry":{"type":"Point","coordinates":[-118.266782,34.14794]},"properties":{"id":"BB1522220","addr":"600 W. Wilson","cat":"2\u20134 units","approved":"2015-07-29","started":"2017-06-23","done":"2021-07-19","units":3,"zone_group":"multifamily","hood":"Vineyard","approved_year":2015,"started_year":2017,"done_year":2021,"status":"done"}},{"type":"Feature","geometry":{"type":"Point","coordinates":[-118.246793,34.145202]},"properties":{"id":"BCB2008486","addr":"130 Franklin Ct Unit A","cat":"ADU","approved":"2020-12-10","started":"2021-03-09","done":"2022-09-20","units":1,"zone_group":"multifamily","hood":"Citrus Grove","approved_year":2020,"started_year":2021,"done_year":2022,"status":"done"}},{"type":"Feature","geometry":{"type":"Point","coordinates":[-118.265473,34.159953]},"properties":{"id":"BCB2004106","addr":"1005 Gesell St Unit A","cat":"ADU","approved":"2020-10-08","started":"2021-04-07","done":"2021-12-07","units":1,"zone_group":"commercial","hood":"Glenwood","dam":true,"approved_year":2020,"started_year":2021,"done_year":2021,"status":"done"}},{"type":"Feature","geometry":{"type":"Point","coordinates":[-118.262385,34.168382]},"properties":{"id":"BCB2017870","addr":"1440 Merriman Dr Unit A","cat":"ADU","approved":"2021-05-22","started":"2021-05-19","done":"2021-10-14","units":1,"zone_group":"single_family","hood":"Verdugo Viejo","fire":"Very High","approved_year":2021,"started_year":2021,"done_year":2021,"status":"done"}},{"type":"Feature","geometry":{"type":"Point","coordinates":[-118.274239,34.170151]},"properties":{"id":"BCB2016007","addr":"1437 Norton Ave Unit A","cat":"ADU","approved":"2021-04-02","started":"2021-09-14","done":"2024-05-23","units":1,"zone_group":"single_family","hood":"Glenwood","approved_year":2021,"started_year":2021,"done_year":2024,"status":"done"}},{"type":"Feature","geometry":{"type":"Point","coordinates":[-118.221919,34.15692]},"properties":{"id":"BCB2007124","addr":"2125 E Chevy Chase Dr Unit A","cat":"ADU","approved":"2021-04-05","started":"2021-06-28","done":"2021-12-16","units":1,"zone_group":"single_family","hood":"Chevy Chase","fire":"Very High","approved_year":2021,"started_year":2021,"done_year":2021,"status":"done"}},{"type":"Feature","geometry":{"type":"Point","coordinates":[-118.278307,34.175469]},"properties":{"id":"BCB2017782","addr":"1600 Grandview Ave","cat":"ADU","approved":"2021-06-29","started":"2021-08-05","done":"2022-08-19","units":1,"zone_group":"single_family","hood":"Glenwood","fire":"High","approved_year":2021,"started_year":2021,"done_year":2022,"status":"done"}},{"type":"Feature","geometry":{"type":"Point","coordinates":[-118.269842,34.14953]},"properties":{"id":"BCB2112939","addr":"240 Chester St Unit C","cat":"ADU","approved":"2021-12-08","started":"2021-12-20","done":"2022-08-08","units":1,"zone_group":"multifamily","hood":"Vineyard","approved_year":2021,"started_year":2021,"done_year":2022,"status":"done"}},{"type":"Feature","geometry":{"type":"Point","coordinates":[-118.252696,34.167296]},"properties":{"id":"BCB2101975","addr":"1412 N Louise St Unit A","cat":"ADU","approved":"2022-01-14","started":"2022-01-14","done":"2023-02-08","units":1,"zone_group":"single_family","hood":"Rossmoyne","fire":"Very High","approved_year":2022,"started_year":2022,"done_year":2023,"status":"done"}},{"type":"Feature","geometry":{"type":"Point","coordinates":[-118.27323,34.16805]},"properties":{"id":"BCB2106635","addr":"1359 Highland Ave","cat":"ADU","approved":"2021-11-12","started":"2022-02-07","done":"2022-10-31","units":1,"zone_group":"single_family","hood":"Glenwood","approved_year":2021,"started_year":2022,"done_year":2022,"status":"done"}},{"type":"Feature","geometry":{"type":"Point","coordinates":[-118.288139,34.174048]},"properties":{"id":"BCB2107148","addr":"1724 Glenwood Rd","cat":"ADU","approved":"2022-01-19","started":"2022-02-18","units":1,"zone_group":"single_family","hood":"Grandview","approved_year":2022,"started_year":2022,"status":"started"}},{"type":"Feature","geometry":{"type":"Point","coordinates":[-118.25542,34.234816]},"properties":{"id":"BCB2110339","addr":"3507 Danny Dr","cat":"ADU","approved":"2021-11-15","started":"2022-02-18","done":"2022-12-06","units":1,"zone_group":"single_family","hood":"Crescenta Highlands","approved_year":2021,"started_year":2022,"done_year":2022,"status":"done"}},{"type":"Feature","geometry":{"type":"Point","coordinates":[-118.269901,34.151362]},"properties":{"id":"BB2104328","addr":"339 Chester St Unit A","cat":"ADU","approved":"2021-09-07","started":"2022-03-04","done":"2022-09-20","units":1,"zone_group":"multifamily","hood":"Vineyard","approved_year":2021,"started_year":2022,"done_year":2022,"status":"done"}},{"type":"Feature","geometry":{"type":"Point","coordinates":[-118.292547,34.169989]},"properties":{"id":"BCB2116412","addr":"1014 Raymond Ave","cat":"ADU","approved":"2022-04-18","started":"2022-05-06","done":"2023-01-25","units":1,"zone_group":"multifamily","hood":"Grandview","liquefaction":true,"approved_year":2022,"started_year":2022,"done_year":2023,"status":"done"}},{"type":"Feature","geometry":{"type":"Point","coordinates":[-118.252027,34.228446]},"properties":{"id":"BCB2112039","addr":"3334 Prospect Ave, Unit A","cat":"ADU","approved":"2022-03-04","started":"2022-06-10","done":"2023-09-05","units":1,"zone_group":"single_family","hood":"Crescenta Highlands","approved_year":2022,"started_year":2022,"done_year":2023,"status":"done"}},{"type":"Feature","geometry":{"type":"Point","coordinates":[-118.223927,34.182717]},"properties":{"id":"BCB2112622","addr":"1840 Fern Ln","cat":"ADU","approved":"2021-11-24","started":"2022-07-29","done":"2022-12-22","units":1,"zone_group":"single_family","hood":"Verdugo Woodlands","fire":"Very High","liquefaction":true,"approved_year":2021,"started_year":2022,"done_year":2022,"status":"done"}},{"type":"Feature","geometry":{"type":"Point","coordinates":[-118.272641,34.174014]},"properties":{"id":"BCB2119049","addr":"1622 Ard Eevin Ave","cat":"ADU","approved":"2022-08-03","started":"2022-08-18","done":"2024-05-21","units":1,"zone_group":"single_family","hood":"Glenwood","fire":"Very High","approved_year":2022,"started_year":2022,"done_year":2024,"status":"done"}},{"type":"Feature","geometry":{"type":"Point","coordinates":[-118.248857,34.15306]},"properties":{"id":"BCB2115263","addr":"500 N Isabel St Unit A","cat":"ADU","approved":"2022-08-19","started":"2022-08-19","done":"2023-04-19","units":1,"zone_group":"multifamily","hood":"City Center","approved_year":2022,"started_year":2022,"done_year":2023,"status":"done"}},{"type":"Feature","geometry":{"type":"Point","coordinates":[-118.289421,34.168196]},"properties":{"id":"BCB2203535","addr":"1025 Justin Ave","cat":"ADU","approved":"2022-08-24","started":"2022-08-24","done":"2023-01-24","units":1,"zone_group":"multifamily","hood":"Grandview","liquefaction":true,"approved_year":2022,"started_year":2022,"done_year":2023,"status":"done"}},{"type":"Feature","geometry":{"type":"Point","coordinates":[-118.248692,34.162755]},"properties":{"id":"BCB2116503","addr":"1137 N Isabel St, Unit A","cat":"ADU","approved":"2022-08-05","started":"2022-09-01","done":"2023-08-14","units":1,"zone_group":"single_family","hood":"Rossmoyne","fire":"High","approved_year":2022,"started_year":2022,"done_year":2023,"status":"done"}},{"type":"Feature","geometry":{"type":"Point","coordinates":[-118.227987,34.184137]},"properties":{"id":"BCB2109983","addr":"1720 Del Valle Ave Unit: Unit A","cat":"ADU","approved":"2022-05-16","started":"2022-09-20","done":"2024-05-21","units":1,"zone_group":"single_family","hood":"Verdugo Woodlands","fire":"Very High","liquefaction":true,"approved_year":2022,"started_year":2022,"done_year":2024,"status":"done"}},{"type":"Feature","geometry":{"type":"Point","coordinates":[-118.265283,34.161577]},"properties":{"id":"BCB2120443","addr":"515 Palm Dr Unit A","cat":"ADU","approved":"2022-10-31","started":"2022-10-31","done":"2023-05-19","units":1,"zone_group":"multifamily","hood":"Glenwood","dam":true,"approved_year":2022,"started_year":2022,"done_year":2023,"status":"done"}},{"type":"Feature","geometry":{"type":"Point","coordinates":[-118.250508,34.235206]},"properties":{"id":"BCB2209436","addr":"3250 Alabama Street Unit: A","cat":"ADU","approved":"2022-09-01","started":"2022-11-21","done":"2024-04-09","units":1,"zone_group":"single_family","hood":"Crescenta Highlands","fire":"High","approved_year":2022,"started_year":2022,"done_year":2024,"status":"done"}},{"type":"Feature","geometry":{"type":"Point","coordinates":[-118.290683,34.181546]},"properties":{"id":"BCB2205930","addr":"1331 Spazier Avenue Unit: Unit A","cat":"ADU","approved":"2022-09-29","started":"2022-12-23","units":1,"zone_group":"single_family","hood":"El Miradero","approved_year":2022,"started_year":2022,"status":"started"}},{"type":"Feature","geometry":{"type":"Point","coordinates":[-118.209758,34.163806]},"properties":{"id":"BCB2008559","addr":"2625 E Chevy Chase Dr","cat":"Single-family home","approved":"2022-12-06","started":"2022-12-01","units":1,"zone_group":"single_family","hood":"Chevy Chase","fire":"Very High","approved_year":2022,"started_year":2022,"status":"started"}},{"type":"Feature","geometry":{"type":"Point","coordinates":[-118.271553,34.161079]},"properties":{"id":"BCB2206946","addr":"717 W Dryden St, Unit A","cat":"ADU","approved":"2022-10-24","started":"2022-12-01","done":"2023-01-05","units":1,"zone_group":"single_family","hood":"Glenwood","dam":true,"approved_year":2022,"started_year":2022,"done_year":2023,"status":"done"}},{"type":"Feature","geometry":{"type":"Point","coordinates":[-118.236339,34.154165]},"properties":{"id":"BSFD-000439-2022","addr":"526 La Loma Road Unit: Unit A","cat":"ADU","approved":"2022-12-01","started":"2022-12-01","done":"2023-11-30","units":1,"zone_group":"single_family","hood":"Woodbury","fire":"High","approved_year":2022,"started_year":2022,"done_year":2023,"status":"done"}},{"type":"Feature","geometry":{"type":"Point","coordinates":[-118.241911,34.131726]},"properties":{"id":"BCB2207632","addr":"1220 S Adams Street Unit: Unit A","cat":"ADU","approved":"2022-12-20","started":"2022-12-20","done":"2023-01-13","units":1,"zone_group":"single_family","hood":"Adams Hill","fire":"Moderate","approved_year":2022,"started_year":2022,"done_year":2023,"status":"done"}},{"type":"Feature","geometry":{"type":"Point","coordinates":[-118.286573,34.175638]},"properties":{"id":"BCB2209887","addr":"1254 Raymond # A Ave","cat":"ADU","approved":"2022-12-20","started":"2022-12-20","done":"2023-06-01","units":1,"zone_group":"single_family","hood":"Grandview","approved_year":2022,"started_year":2022,"done_year":2023,"status":"done"}},{"type":"Feature","geometry":{"type":"Point","coordinates":[-118.298156,34.163051]},"properties":{"id":"BCB2119118","addr":"426 Western Avenue Unit: C","cat":"ADU","approved":"2022-11-29","started":"2022-12-30","done":"2024-04-22","units":1,"zone_group":"multifamily","hood":"Riverside Rancho","fire":"Moderate","liquefaction":true,"approved_year":2022,"started_year":2022,"done_year":2024,"status":"done"}},{"type":"Feature","geometry":{"type":"Point","coordinates":[-118.243414,34.146229]},"properties":{"id":"PDBP2106458, BB2205990","addr":"920 E Broadway","cat":"5+ units","approved":"2021-09-23","started":"2022-06-17","done":"2025-05-22","units":48,"zone_group":"commercial","hood":"Citrus Grove","approved_year":2021,"started_year":2022,"done_year":2025,"status":"done"}},{"type":"Feature","geometry":{"type":"Point","coordinates":[-118.285061,34.180393]},"properties":{"id":"BSFD-002071-2022 PADU2204850","addr":"1407 Irving Avenue Unit: Unit A, Glendale, Ca 91201","cat":"ADU","approved":"2022-12-30","started":"2023-01-03","done":"2023-10-02","units":1,"zone_group":"single_family","hood":"El Miradero","approved_year":2022,"started_year":2023,"done_year":2023,"status":"done"}},{"type":"Feature","geometry":{"type":"Point","coordinates":[-118.290219,34.177111]},"properties":{"id":"BCB2201129 PADU2201124","addr":"1231 Allen Avenue, Unit A, Glendale, Ca 91201","cat":"ADU","approved":"2023-01-06","started":"2023-01-09","done":"2023-05-19","units":1,"zone_group":"single_family","hood":"Grandview","approved_year":2023,"started_year":2023,"done_year":2023,"status":"done"}},{"type":"Feature","geometry":{"type":"Point","coordinates":[-118.266414,34.151607]},"properties":{"id":"BB2208522   \nPADU2208517","addr":"539 W Lexington Drive, Unit A, Glendale, Ca 91203","cat":"ADU","approved":"2022-12-06","started":"2023-02-07","units":1,"zone_group":"multifamily","hood":"Vineyard","approved_year":2022,"started_year":2023,"status":"started"}},{"type":"Feature","geometry":{"type":"Point","coordinates":[-118.292426,34.172975]},"properties":{"id":"BB2208592  PADU2208586","addr":"1818 W Glenoaks Boulevard, Unit E\nGlendale, Ca 91203","cat":"ADU","approved":"2023-02-22","started":"2023-02-22","done":"2023-09-08","units":1,"zone_group":"multifamily","hood":"Grandview","approved_year":2023,"started_year":2023,"done_year":2023,"status":"done"}},{"type":"Feature","geometry":{"type":"Point","coordinates":[-118.289657,34.177566]},"properties":{"id":"BCB2106038   PADU2102823","addr":"1244 Allen Avenue, Unit A, Glendale, Ca 91201","cat":"ADU","approved":"2022-12-07","started":"2023-02-22","done":"2023-10-26","units":1,"zone_group":"single_family","hood":"Grandview","approved_year":2022,"started_year":2023,"done_year":2023,"status":"done"}},{"type":"Feature","geometry":{"type":"Point","coordinates":[-118.265489,34.160778]},"properties":{"id":"BCB2113637    \nPADU2106692","addr":"523 W. Dryden, Unit A St\nGlendale, Ca 91202","cat":"ADU","approved":"2023-03-06","started":"2023-03-06","done":"2024-03-04","units":1,"zone_group":"multifamily","hood":"Glenwood","dam":true,"approved_year":2023,"started_year":2023,"done_year":2024,"status":"done"}},{"type":"Feature","geometry":{"type":"Point","coordinates":[-118.286287,34.182868]},"properties":{"id":"BSFD-000299-2022   PADU2212739","addr":"1941 Bellevue Drive, Unit A, Glendale, Ca 91201","cat":"ADU","approved":"2023-02-28","started":"2023-03-21","done":"2024-05-15","units":1,"zone_group":"single_family","hood":"El Miradero","fire":"Moderate","approved_year":2023,"started_year":2023,"done_year":2024,"status":"done"}},{"type":"Feature","geometry":{"type":"Point","coordinates":[-118.293179,34.160103]},"properties":{"id":"BCB2120956   PADU2100864","addr":"1428 Lake St, Unit A\nGlendale, Ca 91201","cat":"ADU","approved":"2023-02-24","started":"2023-03-23","done":"2025-02-03","units":1,"zone_group":"multifamily","hood":"Riverside Rancho","fire":"Very High","liquefaction":true,"approved_year":2023,"started_year":2023,"done_year":2025,"status":"done"}},{"type":"Feature","geometry":{"type":"Point","coordinates":[-118.227239,34.170423]},"properties":{"id":"BCB2207965 PADU2204476","addr":"1609 N Verdugo Road, Unit A, Glendale, Ca 91208","cat":"ADU","approved":"2023-03-29","started":"2023-03-29","done":"2023-08-16","units":1,"zone_group":"multifamily","hood":"Verdugo Woodlands","fire":"Very High","liquefaction":true,"approved_year":2023,"started_year":2023,"done_year":2023,"status":"done"}},{"type":"Feature","geometry":{"type":"Point","coordinates":[-118.246412,34.154337]},"properties":{"id":"BCB2120758  \nPADU2202343","addr":"535 Geneva Street, Unit Aa, Glendale, Ca 91206","cat":"ADU","approved":"2023-04-04","started":"2023-04-05","done":"2023-05-11","units":1,"zone_group":"multifamily","hood":"City Center","approved_year":2023,"started_year":2023,"done_year":2023,"status":"done"}},{"type":"Feature","geometry":{"type":"Point","coordinates":[-118.225965,34.154854]},"properties":{"id":"BCB2115540   \nPADU2115453","addr":"1912 E Chevy Chase Drive, Unit C\nGlendale, Ca 91206","cat":"ADU","approved":"2023-04-06","started":"2023-04-06","done":"2024-03-28","units":1,"zone_group":"multifamily","hood":"Woodbury","fire":"Very High","approved_year":2023,"started_year":2023,"done_year":2024,"status":"done"}},{"type":"Feature","geometry":{"type":"Point","coordinates":[-118.246161,34.214055]},"properties":{"id":"BCB2209038   \nPADU2208771","addr":"3055 Sycamore Ave\nGlendale, Ca 91214","cat":"ADU","approved":"2023-04-17","started":"2023-04-17","done":"2025-10-20","units":1,"zone_group":"single_family","hood":"Montrose","fire":"Very High","liquefaction":true,"approved_year":2023,"started_year":2023,"done_year":2025,"status":"done"}},{"type":"Feature","geometry":{"type":"Point","coordinates":[-118.212809,34.166915]},"properties":{"id":"BCB2120176 PADU2117782","addr":"1935 Calle Dulce\nGlendale, Ca 91208","cat":"ADU","approved":"2023-03-28","started":"2023-04-26","units":1,"zone_group":"single_family","hood":"Rancho San Rafael","fire":"Very High","approved_year":2023,"started_year":2023,"status":"started"}},{"type":"Feature","geometry":{"type":"Point","coordinates":[-118.246925,34.128989]},"properties":{"id":"BCB2208034  PADU2205113","addr":"612 Alta Vista Drive, Unit A, Glendale, Ca 91205","cat":"ADU","approved":"2023-05-10","started":"2023-05-09","done":"2023-08-04","units":1,"zone_group":"single_family","hood":"Adams Hill","fire":"High","approved_year":2023,"started_year":2023,"done_year":2023,"status":"done"}},{"type":"Feature","geometry":{"type":"Point","coordinates":[-118.271239,34.174686]},"properties":{"id":"BCB2208417","addr":"1651 Highland Ave\nGlendale, Ca 91202","cat":"ADU","approved":"2023-05-10","started":"2023-05-10","done":"2024-01-29","units":1,"zone_group":"single_family","hood":"Glenwood","fire":"Very High","approved_year":2023,"started_year":2023,"done_year":2024,"status":"done"}},{"type":"Feature","geometry":{"type":"Point","coordinates":[-118.270124,34.158972]},"properties":{"id":"BCB2210273  PADU2207436","addr":"675 Arden Avenue, Unit A, Glendale, Ca 91202","cat":"ADU","approved":"2023-05-15","started":"2023-05-16","done":"2024-02-14","units":1,"zone_group":"single_family","hood":"Fremont Park","approved_year":2023,"started_year":2023,"done_year":2024,"status":"done"}},{"type":"Feature","geometry":{"type":"Point","coordinates":[-118.228339,34.200014]},"properties":{"id":"BSFD-002731-2023  PADU-000357-2022","addr":"3335 Castera Avenue\nGlendale, Ca 91208","cat":"ADU","approved":"2023-05-19","started":"2023-06-07","units":1,"zone_group":"single_family","hood":"Montecito Park","fire":"Very High","liquefaction":true,"approved_year":2023,"started_year":2023,"status":"started"}},{"type":"Feature","geometry":{"type":"Point","coordinates":[-118.252475,34.241879]},"properties":{"id":"BSFD-002054-2022 \nPADU-000404-2022","addr":"3353 Brookhill Street, Unit A, Glendale, Ca 91214","cat":"ADU","approved":"2023-06-06","started":"2023-06-13","done":"2024-07-17","units":1,"zone_group":"single_family","hood":"Crescenta Highlands","fire":"Very High","approved_year":2023,"started_year":2023,"done_year":2024,"status":"done"}},{"type":"Feature","geometry":{"type":"Point","coordinates":[-118.283562,34.163889]},"properties":{"id":"BCB2206303 PADU2205859","addr":"1024 Willard Ave\nGlendale, Ca 91201","cat":"ADU","approved":"2023-05-02","started":"2023-07-07","done":"2024-10-14","units":1,"zone_group":"single_family","hood":"Grandview","liquefaction":true,"approved_year":2023,"started_year":2023,"done_year":2024,"status":"done"}},{"type":"Feature","geometry":{"type":"Point","coordinates":[-118.245157,34.206479]},"properties":{"id":"BSFD-001506-2022  PADU-000077-2022","addr":"981 Eilinita Avenue, Unit A Glendale, Ca 91208","cat":"ADU","approved":"2023-06-29","started":"2023-07-19","done":"2024-08-09","units":1,"zone_group":"single_family","hood":"Oakmont","fire":"Very High","liquefaction":true,"approved_year":2023,"started_year":2023,"done_year":2024,"status":"done"}},{"type":"Feature","geometry":{"type":"Point","coordinates":[-118.225778,34.174952]},"properties":{"id":"BCB2208815 PADU2208770","addr":"1800 Oak Knoll Road, Unit A, Glendale, Ca 91208","cat":"ADU","approved":"2023-07-20","started":"2023-07-20","done":"2023-09-22","units":1,"zone_group":"multifamily","hood":"Verdugo Woodlands","fire":"Very High","liquefaction":true,"approved_year":2023,"started_year":2023,"done_year":2023,"status":"done"}},{"type":"Feature","geometry":{"type":"Point","coordinates":[-118.265426,34.15161]},"properties":{"id":"BSFD-002761-2023","addr":"517 W Lexington Drive, Unit B, Glendale, Ca 91203","cat":"ADU","approved":"2023-07-13","started":"2023-07-26","done":"2024-02-07","units":1,"zone_group":"multifamily","hood":"Vineyard","approved_year":2023,"started_year":2023,"done_year":2024,"status":"done"}},{"type":"Feature","geometry":{"type":"Point","coordinates":[-118.247618,34.217115]},"properties":{"id":"BCB2211545 PADU2211318","addr":"3128 Hermosa Avenue, Unit A, Glendale, Ca 91204","cat":"ADU","approved":"2023-07-27","started":"2023-07-27","done":"2023-11-28","units":1,"zone_group":"single_family","hood":"Montrose","fire":"High","approved_year":2023,"started_year":2023,"done_year":2023,"status":"done"}},{"type":"Feature","geometry":{"type":"Point","coordinates":[-118.288771,34.181722]},"properties":{"id":"BCB2211044  PADU2211514","addr":"1365 Elm Avenue, Unit A\nGlendale, Ca 91201","cat":"ADU","approved":"2023-01-17","started":"2023-08-17","done":"2024-10-14","units":1,"zone_group":"single_family","hood":"El Miradero","approved_year":2023,"started_year":2023,"done_year":2024,"status":"done"}},{"type":"Feature","geometry":{"type":"Point","coordinates":[-118.276542,34.15715]},"properties":{"id":"BSFD-004567-2023PADU-000554-2022","addr":"745 Dale Avenue\nGlendale, Ca 91202","cat":"ADU","approved":"2023-08-16","started":"2023-08-24","done":"2024-06-04","units":1,"zone_group":"single_family","hood":"Pelanconi","approved_year":2023,"started_year":2023,"done_year":2024,"status":"done"}},{"type":"Feature","geometry":{"type":"Point","coordinates":[-118.260869,34.243476]},"properties":{"id":"BCB2211731","addr":"3739 El Caminito\nGlendale, Ca 91214","cat":"ADU","approved":"2023-06-14","started":"2023-08-28","done":"2025-03-06","units":1,"zone_group":"single_family","hood":"Crescenta Highlands","fire":"Moderate","approved_year":2023,"started_year":2023,"done_year":2025,"status":"done"}},{"type":"Feature","geometry":{"type":"Point","coordinates":[-118.2468,34.145334]},"properties":{"id":"BCB2212345 PADU2212336","addr":"126 Franklin Ct, Unit B,\nGlendale, Ca 91205","cat":"ADU","approved":"2022-11-16","started":"2023-09-26","done":"2025-07-07","units":1,"zone_group":"multifamily","hood":"Citrus Grove","approved_year":2022,"started_year":2023,"done_year":2025,"status":"done"}},{"type":"Feature","geometry":{"type":"Point","coordinates":[-118.252656,34.158681]},"properties":{"id":"BB2206017  PADU2206029","addr":"908 N Louise Street, Unit B, Glendale, Ca 91207","cat":"ADU","approved":"2023-10-05","started":"2023-10-05","done":"2024-02-01","units":1,"zone_group":"multifamily","hood":"Rossmoyne","approved_year":2023,"started_year":2023,"done_year":2024,"status":"done"}},{"type":"Feature","geometry":{"type":"Point","coordinates":[-118.270879,34.173307]},"properties":{"id":"BSFD-000385-2022  \nPADU-001725-2023","addr":"747 Elliott\nGlendale, Ca 91202","cat":"ADU","approved":"2023-10-03","started":"2023-10-06","units":1,"zone_group":"single_family","hood":"Glenwood","fire":"High","approved_year":2023,"started_year":2023,"status":"started"}},{"type":"Feature","geometry":{"type":"Point","coordinates":[-118.280041,34.161158]},"properties":{"id":"BSFD-004360-2023  PADU-000626-2022","addr":"826 Graynold Avenue\nGlendale, Ca 91202","cat":"ADU","approved":"2023-10-19","started":"2023-10-20","units":1,"zone_group":"single_family","hood":"Pelanconi","approved_year":2023,"started_year":2023,"status":"started"}},{"type":"Feature","geometry":{"type":"Point","coordinates":[-118.272972,34.168743]},"properties":{"id":"BCB2205109 PADU-002123-2023","addr":"1400 Highland Ave\nGlendale, Ca 91202","cat":"ADU","approved":"2023-10-18","started":"2023-10-24","units":1,"zone_group":"single_family","hood":"Glenwood","approved_year":2023,"started_year":2023,"status":"started"}},{"type":"Feature","geometry":{"type":"Point","coordinates":[-118.227334,34.154252]},"properties":{"id":"BB2211002  PADU2209332","addr":"1714 E Chevy Chase Drive,  Unit J, Glendale, Ca 91206","cat":"ADU","approved":"2023-09-11","started":"2023-10-24","done":"2024-05-09","units":1,"zone_group":"multifamily","hood":"Woodbury","fire":"Very High","approved_year":2023,"started_year":2023,"done_year":2024,"status":"done"}},{"type":"Feature","geometry":{"type":"Point","coordinates":[-118.227334,34.154252]},"properties":{"id":"BB2211001   PADU2209331","addr":"1714 E Chevy Chase Drive, Unit I,Glendale, Ca 91206","cat":"ADU","approved":"2023-09-11","started":"2023-10-24","done":"2024-05-15","units":1,"zone_group":"multifamily","hood":"Woodbury","fire":"Very High","approved_year":2023,"started_year":2023,"done_year":2024,"status":"done"}},{"type":"Feature","geometry":{"type":"Point","coordinates":[-118.236282,34.15383]},"properties":{"id":"BCB2206361  PADU2206354","addr":"515 La Loma Rd\nGlendale, Ca 91206","cat":"ADU","approved":"2023-10-26","started":"2023-10-30","units":1,"zone_group":"single_family","hood":"Woodbury","fire":"High","approved_year":2023,"started_year":2023,"status":"started"}},{"type":"Feature","geometry":{"type":"Point","coordinates":[-118.285769,34.178008]},"properties":{"id":"BSFD-007838-2023   PADU-001602-2023","addr":"1328 Thompson Avenue, Unit A, Glendale, Ca 91201","cat":"ADU","approved":"2023-11-07","started":"2023-11-15","done":"2025-03-24","units":1,"zone_group":"single_family","hood":"El Miradero","approved_year":2023,"started_year":2023,"done_year":2025,"status":"done"}},{"type":"Feature","geometry":{"type":"Point","coordinates":[-118.276716,34.157624]},"properties":{"id":"BSFD-007389-2023   PADU-001670-2023","addr":"727 Highland Avenue\nGlendale, Ca 91202","cat":"ADU","approved":"2023-12-05","started":"2023-12-13","done":"2025-04-30","units":1,"zone_group":"single_family","hood":"Pelanconi","dam":true,"approved_year":2023,"started_year":2023,"done_year":2025,"status":"done"}},{"type":"Feature","geometry":{"type":"Point","coordinates":[-118.233342,34.162232]},"properties":{"id":"BSFD-005723-2023   PADU-001384-2023","addr":"1205 Swarthmore Drive\nGlendale, Ca 91206","cat":"ADU","approved":"2023-12-22","started":"2023-12-26","done":"2025-03-10","units":1,"zone_group":"single_family","hood":"College Hills","fire":"Very High","approved_year":2023,"started_year":2023,"done_year":2025,"status":"done"}},{"type":"Feature","geometry":{"type":"Point","coordinates":[-118.228626,34.194417]},"properties":{"id":"BCB2009235   PDRNRAF1801572","addr":"3120 N Verdugo Rd","cat":"Single-family home","approved":"2019-02-14","started":"2023-06-15","units":1,"zone_group":"single_family","hood":"Montecito Park","fire":"Very High","liquefaction":true,"approved_year":2019,"started_year":2023,"status":"started"}},{"type":"Feature","geometry":{"type":"Point","coordinates":[-118.243773,34.173419]},"properties":{"id":"BSFD-004361-2023  PDRNRAF2111714","addr":"924 Old Phillips Rd\nGlendale, Ca 91207","cat":"Single-family home","approved":"2023-01-12","units":1,"zone_group":"single_family","hood":"Greenbriar","fire":"Very High","approved_year":2023,"status":"approved"}},{"type":"Feature","geometry":{"type":"Point","coordinates":[-118.250969,34.173019]},"properties":{"id":"PDRNRAF2113521","addr":"1766 Cielito Dr\nGlendale, Ca 91207","cat":"Single-family home","approved":"2023-02-09","units":1,"zone_group":"single_family","hood":"Brockmont","fire":"Very High","approved_year":2023,"status":"approved"}},{"type":"Feature","geometry":{"type":"Point","coordinates":[-118.280871,34.177004]},"properties":{"id":"BCB2003169","addr":"1611 Bel Aire Dr., Unit A","cat":"ADU","approved":"2020-09-24","started":"2020-09-24","done":"2021-04-30","units":1,"zone_group":"single_family","hood":"El Miradero","fire":"High","approved_year":2020,"started_year":2020,"done_year":2021,"status":"done"}},{"type":"Feature","geometry":{"type":"Point","coordinates":[-118.267117,34.145817]},"properties":{"id":"PADU2113631","addr":"608 Ivy St","cat":"ADU","approved":"2021-12-15","units":1,"zone_group":"multifamily","hood":"Moorpark","approved_year":2021,"status":"approved"}},{"type":"Feature","geometry":{"type":"Point","coordinates":[-118.278258,34.181176]},"properties":{"id":"BCB2018593","addr":"1640 W Mountain St Unit Aa","cat":"ADU","approved":"2021-06-17","started":"2021-09-16","done":"2022-02-02","units":1,"zone_group":"single_family","hood":"El Miradero","fire":"Very High","approved_year":2021,"started_year":2021,"done_year":2022,"status":"done"}},{"type":"Feature","geometry":{"type":"Point","coordinates":[-118.285709,34.173287]},"properties":{"id":"BCB2006637","addr":"1221 Winchester Ave","cat":"ADU","approved":"2021-10-14","started":"2021-10-14","units":1,"zone_group":"single_family","hood":"Grandview","approved_year":2021,"started_year":2021,"status":"started"}},{"type":"Feature","geometry":{"type":"Point","coordinates":[-118.249211,34.215093]},"properties":{"id":"BCB2110408","addr":"531 Whiting Woods Rd Unit Aa","cat":"ADU","approved":"2021-06-17","started":"2021-09-03","done":"2022-02-25","units":1,"zone_group":"single_family","hood":"Whiting Woods","fire":"Very High","liquefaction":true,"approved_year":2021,"started_year":2021,"done_year":2022,"status":"done"}},{"type":"Feature","geometry":{"type":"Point","coordinates":[-118.263358,34.169235]},"properties":{"id":"BCB2106720","addr":"358 W Kenneth Rd","cat":"ADU","approved":"2021-11-03","started":"2022-01-13","done":"2022-07-21","units":1,"zone_group":"single_family","hood":"Verdugo Viejo","fire":"Very High","approved_year":2021,"started_year":2022,"done_year":2022,"status":"done"}},{"type":"Feature","geometry":{"type":"Point","coordinates":[-118.260258,34.232488]},"properties":{"id":"BCB2100166","addr":"3717 Altura Ave","cat":"ADU","approved":"2022-01-07","started":"2022-01-14","done":"2022-09-26","units":1,"zone_group":"single_family","hood":"Crescenta Highlands","fire":"Moderate","approved_year":2022,"started_year":2022,"done_year":2022,"status":"done"}},{"type":"Feature","geometry":{"type":"Point","coordinates":[-118.248809,34.162223]},"properties":{"id":"BCB2100118","addr":"1121 N Isabel St","cat":"ADU","approved":"2022-01-18","started":"2022-01-18","done":"2022-07-05","units":1,"zone_group":"single_family","hood":"Rossmoyne","fire":"High","approved_year":2022,"started_year":2022,"done_year":2022,"status":"done"}},{"type":"Feature","geometry":{"type":"Point","coordinates":[-118.27852,34.172404]},"properties":{"id":"BCB2109788","addr":"1027 W Kenneth Rd","cat":"ADU","approved":"2021-11-15","started":"2022-01-21","done":"2022-10-24","units":1,"zone_group":"single_family","hood":"Glenwood","approved_year":2021,"started_year":2022,"done_year":2022,"status":"done"}},{"type":"Feature","geometry":{"type":"Point","coordinates":[-118.248854,34.151972]},"properties":{"id":"BCB2106520","addr":"400 N Isabel St Unit A","cat":"ADU","approved":"2021-12-08","started":"2022-02-01","done":"2022-08-05","units":1,"zone_group":"multifamily","hood":"City Center","approved_year":2021,"started_year":2022,"done_year":2022,"status":"done"}},{"type":"Feature","geometry":{"type":"Point","coordinates":[-118.267065,34.151552]},"properties":{"id":"BCB2108759","addr":"604 W Lexington Dr","cat":"ADU","approved":"2022-01-27","started":"2022-02-18","done":"2022-09-12","units":1,"zone_group":"multifamily","hood":"Vineyard","approved_year":2022,"started_year":2022,"done_year":2022,"status":"done"}},{"type":"Feature","geometry":{"type":"Point","coordinates":[-118.235255,34.144395]},"properties":{"id":"BCB2117041","addr":"1356 E Harvard St Apt A","cat":"ADU","approved":"2021-12-08","started":"2022-03-09","done":"2022-07-19","units":1,"zone_group":"multifamily","hood":"Citrus Grove","approved_year":2021,"started_year":2022,"done_year":2022,"status":"done"}},{"type":"Feature","geometry":{"type":"Point","coordinates":[-118.232635,34.140278]},"properties":{"id":"BB2110623","addr":"1421 Rock Glen Ave","cat":"ADU","approved":"2021-07-13","started":"2022-04-11","units":1,"zone_group":"multifamily","hood":"Somerset","fire":"High","approved_year":2021,"started_year":2022,"status":"started"}},{"type":"Feature","geometry":{"type":"Point","coordinates":[-118.253092,34.170299]},"properties":{"id":"BCB2114904","addr":"1624 Glenmont Dr Unit A","cat":"ADU","approved":"2022-03-07","started":"2022-04-20","done":"2022-12-28","units":1,"zone_group":"single_family","hood":"Rossmoyne","fire":"Very High","approved_year":2022,"started_year":2022,"done_year":2022,"status":"done"}},{"type":"Feature","geometry":{"type":"Point","coordinates":[-118.245321,34.156886]},"properties":{"id":"BCB2114510","addr":"705 Balboa Ave","cat":"ADU","approved":"2022-03-17","started":"2022-05-24","done":"2022-12-05","units":1,"zone_group":"single_family","hood":"Rossmoyne","approved_year":2022,"started_year":2022,"done_year":2022,"status":"done"}},{"type":"Feature","geometry":{"type":"Point","coordinates":[-118.227141,34.15496]},"properties":{"id":"BCB2114676","addr":"609 Corwin Ave","cat":"ADU","approved":"2022-05-13","started":"2022-05-17","done":"2022-12-29","units":1,"zone_group":"single_family","hood":"Woodbury","fire":"Very High","approved_year":2022,"started_year":2022,"done_year":2022,"status":"done"}},{"type":"Feature","geometry":{"type":"Point","coordinates":[-118.238086,34.182452]},"properties":{"id":"BCB2119303","addr":"1326 Opechee Way, Unit A","cat":"ADU","approved":"2022-03-04","started":"2022-05-17","done":"2022-12-05","units":1,"zone_group":"single_family","hood":"Verdugo Woodlands","fire":"Very High","liquefaction":true,"approved_year":2022,"started_year":2022,"done_year":2022,"status":"done"}},{"type":"Feature","geometry":{"type":"Point","coordinates":[-118.221006,34.15116]},"properties":{"id":"BCB2115991","addr":"2038 E Glenoaks Blvd, Unit A","cat":"ADU","approved":"2022-05-25","started":"2022-06-09","done":"2023-03-14","units":1,"zone_group":"single_family","hood":"Glenoaks Canyon","fire":"Very High","dam":true,"approved_year":2022,"started_year":2022,"done_year":2023,"status":"done"}},{"type":"Feature","geometry":{"type":"Point","coordinates":[-118.25297,34.243831]},"properties":{"id":"BCB2100764","addr":"5125 New York Ave","cat":"ADU","approved":"2022-07-01","started":"2022-07-01","done":"2023-02-07","units":1,"zone_group":"single_family","hood":"Crescenta Highlands","fire":"Very High","approved_year":2022,"started_year":2022,"done_year":2023,"status":"done"}},{"type":"Feature","geometry":{"type":"Point","coordinates":[-118.208948,34.153198]},"properties":{"id":"BCB2120520","addr":"2617 Hollister Ter, Unit A","cat":"ADU","approved":"2022-05-16","started":"2022-07-19","done":"2025-01-13","units":1,"zone_group":"single_family","hood":"Glenoaks Canyon","fire":"Very High","approved_year":2022,"started_year":2022,"done_year":2025,"status":"done"}},{"type":"Feature","geometry":{"type":"Point","coordinates":[-118.288759,34.168748]},"properties":{"id":"BCB2102541","addr":"1042 Justin Unit: Unit A","cat":"ADU","approved":"2022-11-08","started":"2022-09-09","done":"2023-05-18","units":1,"zone_group":"multifamily","hood":"Grandview","approved_year":2022,"started_year":2022,"done_year":2023,"status":"done"}},{"type":"Feature","geometry":{"type":"Point","coordinates":[-118.262724,34.241252]},"properties":{"id":"BCB2208129","addr":"4636 Glencove Unit: Unit A\nGlendale, Ca 91214","cat":"ADU","approved":"2022-07-12","started":"2022-10-07","units":1,"zone_group":"single_family","hood":"Crescenta Highlands","approved_year":2022,"started_year":2022,"status":"started"}},{"type":"Feature","geometry":{"type":"Point","coordinates":[-118.229037,34.18475]},"properties":{"id":"BB2206499","addr":"2610 Canada Blvd, Unit B","cat":"ADU","approved":"2022-11-04","started":"2022-11-10","done":"2023-10-05","units":1,"zone_group":"multifamily","hood":"Verdugo Woodlands","fire":"Very High","liquefaction":true,"approved_year":2022,"started_year":2022,"done_year":2023,"status":"done"}},{"type":"Feature","geometry":{"type":"Point","coordinates":[-118.24272,34.157053]},"properties":{"id":"BCB2117037","addr":"711 Portola Avenue Unit: Unit A","cat":"ADU","approved":"2022-11-18","started":"2022-11-18","done":"2024-03-20","units":1,"zone_group":"single_family","hood":"Rossmoyne","approved_year":2022,"started_year":2022,"done_year":2024,"status":"done"}},{"type":"Feature","geometry":{"type":"Point","coordinates":[-118.271983,34.160244]},"properties":{"id":"BCB2102557","addr":"725 W Glenoaks Blvd","cat":"ADU","approved":"2021-03-11","started":"2022-11-18","done":"2023-04-27","units":1,"zone_group":"multifamily","hood":"Glenwood","dam":true,"approved_year":2021,"started_year":2022,"done_year":2023,"status":"done"}},{"type":"Feature","geometry":{"type":"Point","coordinates":[-118.258755,34.153731]},"properties":{"id":"PDBP2010686, BB2107209","addr":"314 W Doran St","cat":"5+ units","approved":"2021-01-28","started":"2022-04-25","done":"2024-11-20","units":33,"zone_group":"multifamily","hood":"Vineyard","approved_year":2021,"started_year":2022,"done_year":2024,"status":"done"}},{"type":"Feature","geometry":{"type":"Point","coordinates":[-118.213318,34.15218]},"properties":{"id":"BCB1821083","addr":"2361 Gardner Pl.","cat":"Single-family home","approved":"2018-06-28","started":"2019-08-28","done":"2025-03-31","units":1,"zone_group":"single_family","hood":"Glenoaks Canyon","fire":"Very High","approved_year":2018,"started_year":2019,"done_year":2025,"status":"done"}},{"type":"Feature","geometry":{"type":"Point","coordinates":[-118.241885,34.198135]},"properties":{"id":"BCB1904435","addr":"3340 Deer Creek Ln.","cat":"Single-family home","approved":"2018-07-12","started":"2019-09-26","done":"2023-03-08","units":1,"zone_group":"single_family","hood":"Oakmont","fire":"Very High","approved_year":2018,"started_year":2019,"done_year":2023,"status":"done"}},{"type":"Feature","geometry":{"type":"Point","coordinates":[-118.234521,34.152989]},"properties":{"id":"BCB2014727","addr":"437 Canyon Dr Unit A","cat":"ADU","approved":"2021-05-12","started":"2021-06-02","done":"2023-03-07","units":1,"zone_group":"single_family","hood":"Woodbury","fire":"High","approved_year":2021,"started_year":2021,"done_year":2023,"status":"done"}},{"type":"Feature","geometry":{"type":"Point","coordinates":[-118.209077,34.148028]},"properties":{"id":"BCB1820984","addr":"2580 Sleepy Hollow Dr","cat":"Single-family home","approved":"2018-02-22","started":"2021-08-30","units":1,"zone_group":"single_family","hood":"Glenoaks Canyon","fire":"Very High","approved_year":2018,"started_year":2021,"status":"started"}},{"type":"Feature","geometry":{"type":"Point","coordinates":[-118.274239,34.170151]},"properties":{"id":"BCB2016008","addr":"1437 Norton Ave Unit B","cat":"ADU","approved":"2021-04-02","started":"2021-09-14","done":"2024-02-05","units":1,"zone_group":"single_family","hood":"Glenwood","approved_year":2021,"started_year":2021,"done_year":2024,"status":"done"}},{"type":"Feature","geometry":{"type":"Point","coordinates":[-118.265425,34.150758]},"properties":{"id":"BCB2110370","addr":"516 Myrtle Ave, Unit A","cat":"ADU","approved":"2021-12-09","started":"2021-12-15","done":"2022-12-02","units":1,"zone_group":"multifamily","hood":"Vineyard","approved_year":2021,"started_year":2021,"done_year":2022,"status":"done"}},{"type":"Feature","geometry":{"type":"Point","coordinates":[-118.260674,34.135539]},"properties":{"id":"BCB2109062","addr":"910 S Columbus Ave Unit: Unit A","cat":"ADU","approved":"2021-06-02","started":"2022-02-07","done":"2023-02-07","units":1,"zone_group":"multifamily","hood":"Pacific-Edison","approved_year":2021,"started_year":2022,"done_year":2023,"status":"done"}},{"type":"Feature","geometry":{"type":"Point","coordinates":[-118.260576,34.134889]},"properties":{"id":"BCB2109063","addr":"361 W Acacia Ave","cat":"ADU","approved":"2021-11-22","started":"2022-02-07","done":"2023-02-02","units":1,"zone_group":"multifamily","hood":"Pacific-Edison","approved_year":2021,"started_year":2022,"done_year":2023,"status":"done"}},{"type":"Feature","geometry":{"type":"Point","coordinates":[-118.263672,34.164286]},"properties":{"id":"BCB2010897","addr":"1225 Dorothy Dr, Unit A","cat":"ADU","approved":"2021-09-23","started":"2022-04-01","done":"2024-02-14","units":1,"zone_group":"single_family","hood":"Verdugo Viejo","dam":true,"approved_year":2021,"started_year":2022,"done_year":2024,"status":"done"}},{"type":"Feature","geometry":{"type":"Point","coordinates":[-118.238095,34.205682]},"properties":{"id":"BCB2114875","addr":"3638 Malafia Dr, Unit A","cat":"ADU","approved":"2022-02-18","started":"2022-04-06","done":"2024-06-21","units":1,"zone_group":"single_family","hood":"Sparr Heights","fire":"Very High","approved_year":2022,"started_year":2022,"done_year":2024,"status":"done"}},{"type":"Feature","geometry":{"type":"Point","coordinates":[-118.253886,34.166082]},"properties":{"id":"BCB2108721","addr":"1321 N Maryland Ave, Unit A","cat":"ADU","approved":"2022-03-30","started":"2022-05-19","done":"2024-02-01","units":1,"zone_group":"single_family","hood":"Rossmoyne","fire":"Very High","approved_year":2022,"started_year":2022,"done_year":2024,"status":"done"}},{"type":"Feature","geometry":{"type":"Point","coordinates":[-118.242464,34.160986]},"properties":{"id":"BCB2115282","addr":"954 E Dryden St, Unit A","cat":"ADU","approved":"2022-04-01","started":"2022-05-27","done":"2023-03-20","units":1,"zone_group":"single_family","hood":"Rossmoyne","fire":"Moderate","approved_year":2022,"started_year":2022,"done_year":2023,"status":"done"}},{"type":"Feature","geometry":{"type":"Point","coordinates":[-118.266379,34.162471]},"properties":{"id":"BCB2019998","addr":"537 South St, Unit A","cat":"ADU","approved":"2022-05-18","started":"2022-07-26","done":"2023-09-05","units":1,"zone_group":"multifamily","hood":"Glenwood","dam":true,"approved_year":2022,"started_year":2022,"done_year":2023,"status":"done"}},{"type":"Feature","geometry":{"type":"Point","coordinates":[-118.267927,34.161706]},"properties":{"id":"BCB2012496","addr":"578 Palm Dr, Unit A","cat":"ADU","approved":"2021-10-15","started":"2022-08-12","units":1,"zone_group":"multifamily","hood":"Glenwood","dam":true,"approved_year":2021,"started_year":2022,"status":"started"}},{"type":"Feature","geometry":{"type":"Point","coordinates":[-118.235959,34.181157]},"properties":{"id":"BCB2111937","addr":"1410 Andenes Drive Unit: Unit A","cat":"ADU","approved":"2022-08-19","started":"2022-09-14","done":"2024-07-03","units":1,"zone_group":"single_family","hood":"Verdugo Woodlands","fire":"Very High","approved_year":2022,"started_year":2022,"done_year":2024,"status":"done"}},{"type":"Feature","geometry":{"type":"Point","coordinates":[-118.236202,34.165177]},"properties":{"id":"BCB2119661","addr":"1349 Moncado Drive Unit: Unit A","cat":"ADU","approved":"2021-12-15","started":"2022-09-16","done":"2025-08-12","units":1,"zone_group":"single_family","hood":"Rossmoyne","fire":"Very High","liquefaction":true,"approved_year":2021,"started_year":2022,"done_year":2025,"status":"done"}},{"type":"Feature","geometry":{"type":"Point","coordinates":[-118.299359,34.163529]},"properties":{"id":"BCB2202231","addr":"416 Raymond Avenue Unit: A\nGlendale, Ca 91201","cat":"ADU","approved":"2022-09-21","started":"2022-09-21","done":"2024-11-05","units":1,"zone_group":"multifamily","hood":"Riverside Rancho","liquefaction":true,"approved_year":2022,"started_year":2022,"done_year":2024,"status":"done"}},{"type":"Feature","geometry":{"type":"Point","coordinates":[-118.24599,34.164812]},"properties":{"id":"BCB2208899","addr":"1238 Geneva St, Unit A","cat":"ADU","approved":"2022-08-11","started":"2022-09-22","done":"2023-07-11","units":1,"zone_group":"single_family","hood":"Rossmoyne","fire":"Very High","approved_year":2022,"started_year":2022,"done_year":2023,"status":"done"}},{"type":"Feature","geometry":{"type":"Point","coordinates":[-118.266288,34.161591]},"properties":{"id":"BCB2200069   PADU2119580","addr":"538 Palm Drive Unit: A","cat":"ADU","approved":"2022-10-05","started":"2022-10-05","done":"2023-05-16","units":1,"zone_group":"multifamily","hood":"Glenwood","dam":true,"approved_year":2022,"started_year":2022,"done_year":2023,"status":"done"}},{"type":"Feature","geometry":{"type":"Point","coordinates":[-118.262724,34.241252]},"properties":{"id":"BCB2208129    PADU2206282","addr":"4636 Glencove Unit: Unit A","cat":"ADU","approved":"2022-07-12","started":"2022-10-07","done":"2023-03-28","units":1,"zone_group":"single_family","hood":"Crescenta Highlands","approved_year":2022,"started_year":2022,"done_year":2023,"status":"done"}},{"type":"Feature","geometry":{"type":"Point","coordinates":[-118.245587,34.144923]},"properties":{"id":"BCB2009147","addr":"141 S Everett St, Unit A","cat":"ADU","approved":"2022-10-26","started":"2022-10-27","done":"2023-07-07","units":1,"zone_group":"multifamily","hood":"Citrus Grove","approved_year":2022,"started_year":2022,"done_year":2023,"status":"done"}},{"type":"Feature","geometry":{"type":"Point","coordinates":[-118.255398,34.234738]},"properties":{"id":"BCB1811012","addr":"3504 Danny Dr","cat":"ADU","approved":"2018-08-16","started":"2018-08-16","units":1,"zone_group":"single_family","hood":"Crescenta Highlands","approved_year":2018,"started_year":2018,"status":"started"}},{"type":"Feature","geometry":{"type":"Point","coordinates":[-118.242365,34.151781]},"properties":{"id":"BCB1829329","addr":"1011 E. Lexington Dr. Unit A","cat":"ADU","approved":"2019-04-16","started":"2019-04-16","units":1,"zone_group":"multifamily","hood":"Citrus Grove","approved_year":2019,"started_year":2019,"status":"started"}},{"type":"Feature","geometry":{"type":"Point","coordinates":[-118.294251,34.179708]},"properties":{"id":"BCB1909727","addr":"1220 Alameda Ave.","cat":"Single-family home","approved":"2019-04-11","started":"2019-10-09","done":"2022-06-06","units":1,"zone_group":"single_family","hood":"Grandview","approved_year":2019,"started_year":2019,"done_year":2022,"status":"done"}},{"type":"Feature","geometry":{"type":"Point","coordinates":[-118.2375,34.207049]},"properties":{"id":"BCB1911769","addr":"1220 Oak Circle Dr., Unit A","cat":"ADU","approved":"2019-06-18","started":"2019-06-18","units":1,"zone_group":"single_family","hood":"Sparr Heights","fire":"Very High","approved_year":2019,"started_year":2019,"status":"started"}},{"type":"Feature","geometry":{"type":"Point","coordinates":[-118.279906,34.162692]},"properties":{"id":"BCB1724688","addr":"909 Idlewood Rd. Unit A","cat":"ADU","approved":"2019-04-01","started":"2019-04-01","done":"2021-07-16","units":1,"zone_group":"single_family","hood":"Pelanconi","approved_year":2019,"started_year":2019,"done_year":2021,"status":"done"}},{"type":"Feature","geometry":{"type":"Point","coordinates":[-118.270085,34.164179]},"properties":{"id":"PADU2115340","addr":"637 W Stocker St","cat":"ADU","approved":"2021-12-23","units":1,"zone_group":"multifamily","hood":"Glenwood","approved_year":2021,"status":"approved"}},{"type":"Feature","geometry":{"type":"Point","coordinates":[-118.271359,34.162732]},"properties":{"id":"PADU2013634","addr":"716 South St","cat":"ADU","approved":"2021-05-12","units":1,"zone_group":"single_family","hood":"Glenwood","dam":true,"approved_year":2021,"status":"approved"}},{"type":"Feature","geometry":{"type":"Point","coordinates":[-118.258488,34.243358]},"properties":{"id":"BCB1812607","addr":"4908 Trend Ter Unit A","cat":"ADU","approved":"2019-05-14","started":"2019-05-14","done":"2022-03-09","units":1,"zone_group":"single_family","hood":"Crescenta Highlands","fire":"High","approved_year":2019,"started_year":2019,"done_year":2022,"status":"done"}},{"type":"Feature","geometry":{"type":"Point","coordinates":[-118.236127,34.213556]},"properties":{"id":"BCB2010725","addr":"2622 Montrose Ave Unit A","cat":"ADU","approved":"2021-06-07","started":"2021-06-07","done":"2022-01-19","units":1,"zone_group":"multifamily","hood":"Montrose","approved_year":2021,"started_year":2021,"done_year":2022,"status":"done"}},{"type":"Feature","geometry":{"type":"Point","coordinates":[-118.238734,34.139027]},"properties":{"id":"BCB2012519","addr":"1217 E Maple St Unit Aa","cat":"ADU","approved":"2020-12-07","started":"2021-06-11","done":"2021-09-27","units":1,"zone_group":"multifamily","hood":"Somerset","approved_year":2020,"started_year":2021,"done_year":2021,"status":"done"}},{"type":"Feature","geometry":{"type":"Point","coordinates":[-118.238734,34.139027]},"properties":{"id":"BCB2012522","addr":"1217 E Maple St , Unit A","cat":"ADU","approved":"2020-12-07","started":"2021-06-11","done":"2022-05-31","units":1,"zone_group":"multifamily","hood":"Somerset","approved_year":2020,"started_year":2021,"done_year":2022,"status":"done"}},{"type":"Feature","geometry":{"type":"Point","coordinates":[-118.290079,34.180414]},"properties":{"id":"BCB2017995","addr":"1312 Elm Ave Unit A","cat":"ADU","approved":"2021-05-24","started":"2021-06-07","done":"2022-03-09","units":1,"zone_group":"single_family","hood":"El Miradero","approved_year":2021,"started_year":2021,"done_year":2022,"status":"done"}},{"type":"Feature","geometry":{"type":"Point","coordinates":[-118.261809,34.234464]},"properties":{"id":"BCB2103522","addr":"4333 Boston Ave Unit A","cat":"ADU","approved":"2021-05-07","started":"2021-06-21","done":"2022-01-19","units":1,"zone_group":"single_family","hood":"Crescenta Highlands","approved_year":2021,"started_year":2021,"done_year":2022,"status":"done"}},{"type":"Feature","geometry":{"type":"Point","coordinates":[-118.258314,34.233512]},"properties":{"id":"BCB2017850","addr":"3623 3Rd Ave Unit A","cat":"ADU","approved":"2021-04-09","started":"2021-08-26","done":"2022-07-21","units":1,"zone_group":"single_family","hood":"Crescenta Highlands","approved_year":2021,"started_year":2021,"done_year":2022,"status":"done"}},{"type":"Feature","geometry":{"type":"Point","coordinates":[-118.226008,34.181832]},"properties":{"id":"PADU2105783","addr":"1765 Brook Ln A","cat":"ADU","approved":"2021-09-29","units":1,"zone_group":"single_family","hood":"Verdugo Woodlands","fire":"Very High","liquefaction":true,"approved_year":2021,"status":"approved"}},{"type":"Feature","geometry":{"type":"Point","coordinates":[-118.245998,34.154604]},"properties":{"id":"BCB2104603","addr":"745 E Doran St Unit A","cat":"ADU","approved":"2021-07-14","started":"2021-09-22","done":"2022-03-15","units":1,"zone_group":"multifamily","hood":"City Center","approved_year":2021,"started_year":2021,"done_year":2022,"status":"done"}},{"type":"Feature","geometry":{"type":"Point","coordinates":[-118.267161,34.148857]},"properties":{"id":"BCB2013413","addr":"610 Salem St, Unit A","cat":"ADU","approved":"2021-10-25","started":"2021-11-30","done":"2023-09-11","units":1,"zone_group":"multifamily","hood":"Vineyard","approved_year":2021,"started_year":2021,"done_year":2023,"status":"done"}},{"type":"Feature","geometry":{"type":"Point","coordinates":[-118.24181,34.1398]},"properties":{"id":"BCB2103333","addr":"601 S Adams St Unit A","cat":"ADU","approved":"2021-08-25","started":"2021-11-12","done":"2022-03-07","units":1,"zone_group":"multifamily","hood":"Mariposa","approved_year":2021,"started_year":2021,"done_year":2022,"status":"done"}},{"type":"Feature","geometry":{"type":"Point","coordinates":[-118.219387,34.184329]},"properties":{"id":"PDRNRAF2110972","addr":"2414 Delisle Ct","cat":"Single-family home","approved":"2021-07-28","units":1,"zone_group":"single_family","hood":"Verdugo Woodlands","fire":"Very High","approved_year":2021,"status":"approved"}},{"type":"Feature","geometry":{"type":"Point","coordinates":[-118.277346,34.175945]},"properties":{"id":"PADU2105897","addr":"1026 Cumberland Rd Aa","cat":"ADU","approved":"2021-02-10","units":1,"zone_group":"single_family","hood":"Glenwood","fire":"Very High","approved_year":2021,"status":"approved"}},{"type":"Feature","geometry":{"type":"Point","coordinates":[-118.28424,34.171209]},"properties":{"id":"PADU2104669","addr":"1520 Glenwood Rd A","cat":"ADU","approved":"2021-08-02","units":1,"zone_group":"single_family","hood":"Grandview","approved_year":2021,"status":"approved"}},{"type":"Feature","geometry":{"type":"Point","coordinates":[-118.266554,34.150756]},"properties":{"id":"BCB1728313","addr":"544 Myrtle St, Unit A","cat":"ADU","approved":"2018-04-25","started":"2018-04-25","done":"2018-10-19","units":1,"zone_group":"multifamily","hood":"Vineyard","approved_year":2018,"started_year":2018,"done_year":2018,"status":"done"}},{"type":"Feature","geometry":{"type":"Point","coordinates":[-118.2343,34.165318]},"properties":{"id":"BCB1800461","addr":"1408 Ethel St, Unit A","cat":"ADU","approved":"2018-04-10","started":"2018-04-10","done":"2018-10-15","units":1,"zone_group":"single_family","hood":"Rossmoyne","fire":"Very High","liquefaction":true,"approved_year":2018,"started_year":2018,"done_year":2018,"status":"done"}},{"type":"Feature","geometry":{"type":"Point","coordinates":[-118.272859,34.161283]},"properties":{"id":"BCB1729292","addr":"748 Dryden St, Unit A","cat":"ADU","approved":"2018-05-11","started":"2018-05-11","done":"2018-08-01","units":1,"zone_group":"single_family","hood":"Glenwood","dam":true,"approved_year":2018,"started_year":2018,"done_year":2018,"status":"done"}},{"type":"Feature","geometry":{"type":"Point","coordinates":[-118.291777,34.170709]},"properties":{"id":"BCB1709513","addr":"1038 Raymond Ave","cat":"ADU","approved":"2018-08-15","started":"2018-08-15","units":1,"zone_group":"multifamily","hood":"Grandview","approved_year":2018,"started_year":2018,"status":"started"}},{"type":"Feature","geometry":{"type":"Point","coordinates":[-118.291245,34.159698]},"properties":{"id":"BCB1809952","addr":"1322 Blossom St, Unit A","cat":"ADU","approved":"2018-08-01","started":"2018-08-01","done":"2018-07-25","units":1,"zone_group":"single_family","hood":"Grand Central","fire":"High","liquefaction":true,"approved_year":2018,"started_year":2018,"done_year":2018,"status":"done"}},{"type":"Feature","geometry":{"type":"Point","coordinates":[-118.247598,34.154035]},"properties":{"id":"BCB1810834","addr":"526 Howard St, Unit A","cat":"ADU","approved":"2018-09-05","started":"2018-09-05","done":"2019-07-12","units":1,"zone_group":"single_family","hood":"City Center","approved_year":2018,"started_year":2018,"done_year":2019,"status":"done"}},{"type":"Feature","geometry":{"type":"Point","coordinates":[-118.2558,34.231753]},"properties":{"id":"BCB1813867","addr":"3515 Community Ave, Unit A","cat":"ADU","approved":"2018-10-29","started":"2018-10-29","done":"2019-04-19","units":1,"zone_group":"single_family","hood":"Crescenta Highlands","approved_year":2018,"started_year":2018,"done_year":2019,"status":"done"}},{"type":"Feature","geometry":{"type":"Point","coordinates":[-118.248814,34.152385]},"properties":{"id":"BCB1820473","addr":"434 N Isabel St","cat":"ADU","approved":"2018-12-11","started":"2018-12-11","done":"2019-01-04","units":1,"zone_group":"multifamily","hood":"City Center","approved_year":2018,"started_year":2018,"done_year":2019,"status":"done"}},{"type":"Feature","geometry":{"type":"Point","coordinates":[-118.244077,34.141769]},"properties":{"id":"BCB1823513","addr":"833 E Elk Av #A","cat":"ADU","approved":"2018-12-28","started":"2018-12-28","done":"2019-07-16","units":1,"zone_group":"multifamily","hood":"Mariposa","approved_year":2018,"started_year":2018,"done_year":2019,"status":"done"}},{"type":"Feature","geometry":{"type":"Point","coordinates":[-118.266165,34.168699]},"properties":{"id":"BCB1907868","addr":"1453 N. Pacific Ave., Unit A","cat":"ADU","approved":"2020-01-06","started":"2020-01-06","done":"2020-10-07","units":1,"zone_group":"single_family","hood":"Verdugo Viejo","fire":"Moderate","approved_year":2020,"started_year":2020,"done_year":2020,"status":"done"}},{"type":"Feature","geometry":{"type":"Point","coordinates":[-118.243605,34.138988]},"properties":{"id":"BCB2004278","addr":"904 E Maple St., Unit A","cat":"ADU","approved":"2020-07-14","started":"2020-07-14","done":"2022-04-28","units":1,"zone_group":"multifamily","hood":"Mariposa","approved_year":2020,"started_year":2020,"done_year":2022,"status":"done"}},{"type":"Feature","geometry":{"type":"Point","coordinates":[-118.285113,34.171921]},"properties":{"id":"BCB2003941","addr":"1553 Glenwood Rd., Unit A","cat":"ADU","approved":"2020-10-08","started":"2020-10-08","done":"2021-04-15","units":1,"zone_group":"single_family","hood":"Grandview","approved_year":2020,"started_year":2020,"done_year":2021,"status":"done"}},{"type":"Feature","geometry":{"type":"Point","coordinates":[-118.235359,34.203897]},"properties":{"id":"BCB2019536","addr":"3528 Roselawn Ave Unit A","cat":"ADU","approved":"2021-06-30","started":"2021-08-03","done":"2022-03-10","units":1,"zone_group":"single_family","hood":"Sparr Heights","fire":"High","liquefaction":true,"approved_year":2021,"started_year":2021,"done_year":2022,"status":"done"}},{"type":"Feature","geometry":{"type":"Point","coordinates":[-118.286633,34.181601]},"properties":{"id":"BCB2104648","addr":"1407 Lee Dr","cat":"ADU","approved":"2021-08-16","started":"2021-10-19","done":"2023-02-01","units":1,"zone_group":"single_family","hood":"El Miradero","approved_year":2021,"started_year":2021,"done_year":2023,"status":"done"}},{"type":"Feature","geometry":{"type":"Point","coordinates":[-118.258986,34.233863]},"properties":{"id":"BCB2112445","addr":"3644 3Rd Ave","cat":"ADU","approved":"2022-02-04","started":"2022-02-10","done":"2022-07-27","units":1,"zone_group":"single_family","hood":"Crescenta Highlands","approved_year":2022,"started_year":2022,"done_year":2022,"status":"done"}},{"type":"Feature","geometry":{"type":"Point","coordinates":[-118.238987,34.1612]},"properties":{"id":"BCB2118072","addr":"1116 Ethel St Unit A","cat":"ADU","approved":"2022-02-08","started":"2022-02-24","done":"2022-10-27","units":1,"zone_group":"single_family","hood":"Rossmoyne","fire":"High","liquefaction":true,"approved_year":2022,"started_year":2022,"done_year":2022,"status":"done"}},{"type":"Feature","geometry":{"type":"Point","coordinates":[-118.249141,34.159501]},"properties":{"id":"BCB2117484","addr":"931 N Isabel St","cat":"ADU","approved":"2022-02-22","started":"2022-03-08","done":"2022-12-15","units":1,"zone_group":"single_family","hood":"Rossmoyne","approved_year":2022,"started_year":2022,"done_year":2022,"status":"done"}},{"type":"Feature","geometry":{"type":"Point","coordinates":[-118.269301,34.158919]},"properties":{"id":"BCB2117525","addr":"655 Arden Ave","cat":"ADU","approved":"2021-12-10","started":"2022-03-23","done":"2022-08-10","units":1,"zone_group":"single_family","hood":"Fremont Park","approved_year":2021,"started_year":2022,"done_year":2022,"status":"done"}},{"type":"Feature","geometry":{"type":"Point","coordinates":[-118.230791,34.181805]},"properties":{"id":"BCB2004735","addr":"1634 Capistrano Ave Unit A","cat":"ADU","approved":"2021-08-23","started":"2022-04-12","units":1,"zone_group":"single_family","hood":"Verdugo Woodlands","fire":"Very High","liquefaction":true,"approved_year":2021,"started_year":2022,"status":"started"}},{"type":"Feature","geometry":{"type":"Point","coordinates":[-118.245619,34.132605]},"properties":{"id":"BCB2201145","addr":"728 E Palmer Ave Apt B","cat":"ADU","approved":"2022-02-28","started":"2022-04-20","done":"2022-05-05","units":1,"zone_group":"multifamily","hood":"Adams Hill","dam":true,"approved_year":2022,"started_year":2022,"done_year":2022,"status":"done"}},{"type":"Feature","geometry":{"type":"Point","coordinates":[-118.248855,34.152113]},"properties":{"id":"BCB2111764","addr":"404 N Isabel St","cat":"ADU","approved":"2021-07-28","started":"2022-06-10","done":"2022-09-08","units":1,"zone_group":"multifamily","hood":"City Center","approved_year":2021,"started_year":2022,"done_year":2022,"status":"done"}},{"type":"Feature","geometry":{"type":"Point","coordinates":[-118.228075,34.19328]},"properties":{"id":"BCB2115980","addr":"3060 N Verdugo Rd","cat":"ADU","approved":"2022-01-03","started":"2022-07-12","done":"2024-02-23","units":1,"zone_group":"single_family","hood":"Montecito Park","fire":"Very High","liquefaction":true,"approved_year":2022,"started_year":2022,"done_year":2024,"status":"done"}},{"type":"Feature","geometry":{"type":"Point","coordinates":[-118.278682,34.174194]},"properties":{"id":"BCB2204261","addr":"1546 Grandview Ave, #A","cat":"ADU","approved":"2022-07-20","started":"2022-07-20","done":"2025-04-18","units":1,"zone_group":"single_family","hood":"Glenwood","fire":"Moderate","approved_year":2022,"started_year":2022,"done_year":2025,"status":"done"}},{"type":"Feature","geometry":{"type":"Point","coordinates":[-118.229018,34.176661]},"properties":{"id":"BCB2117272","addr":"1915 Canada Blvd","cat":"ADU","approved":"2022-03-02","started":"2022-08-01","units":1,"zone_group":"single_family","hood":"Verdugo Woodlands","fire":"Very High","liquefaction":true,"approved_year":2022,"started_year":2022,"status":"started"}},{"type":"Feature","geometry":{"type":"Point","coordinates":[-118.276703,34.157928]},"properties":{"id":"BCB2203146","addr":"903 Omar St Unit A","cat":"ADU","approved":"2022-07-13","started":"2022-08-17","done":"2022-12-28","units":1,"zone_group":"single_family","hood":"Pelanconi","dam":true,"approved_year":2022,"started_year":2022,"done_year":2022,"status":"done"}},{"type":"Feature","geometry":{"type":"Point","coordinates":[-118.262595,34.228942]},"properties":{"id":"BCB2207419","addr":"3820 Honolulu Avenue Unit: Unit A","cat":"ADU","approved":"2022-11-15","started":"2022-11-15","done":"2023-07-26","units":1,"zone_group":"single_family","hood":"Crescenta Highlands","fire":"Very High","approved_year":2022,"started_year":2022,"done_year":2023,"status":"done"}},{"type":"Feature","geometry":{"type":"Point","coordinates":[-118.246486,34.130173]},"properties":{"id":"BCB2011792","addr":"705 E Cypress St","cat":"ADU","approved":"2022-12-09","started":"2022-12-13","done":"2023-05-03","units":1,"zone_group":"single_family","hood":"Adams Hill","fire":"Moderate","approved_year":2022,"started_year":2022,"done_year":2023,"status":"done"}},{"type":"Feature","geometry":{"type":"Point","coordinates":[-118.255121,34.152237]},"properties":{"id":"BB1729848,   PDR1403438","addr":"411 N Brand","cat":"5+ units","approved":"2014-06-03","started":"2022-08-22","units":228,"zone_group":"mixed_use","hood":"City Center","approved_year":2014,"started_year":2022,"status":"started"}},{"type":"Feature","geometry":{"type":"Point","coordinates":[-118.257885,34.173065]},"properties":{"id":"BCB2109728","addr":"1682 Valley View Rd","cat":"Single-family home","approved":"2022-04-20","started":"2022-05-12","units":1,"zone_group":"single_family","hood":"Brockmont","fire":"Very High","landslide":true,"approved_year":2022,"started_year":2022,"status":"started"}},{"type":"Feature","geometry":{"type":"Point","coordinates":[-118.287296,34.186686]},"properties":{"id":"BCB1719891","addr":"2070 W Mountain St","cat":"Single-family home","approved":"2018-02-13","started":"2018-02-13","done":"2022-05-10","units":1,"zone_group":"single_family","hood":"El Miradero","fire":"High","approved_year":2018,"started_year":2018,"done_year":2022,"status":"done"}},{"type":"Feature","geometry":{"type":"Point","coordinates":[-118.235451,34.1377]},"properties":{"id":"BCB1719587","addr":"1352 E Windsor Rd, Unit A","cat":"ADU","approved":"2018-03-28","started":"2018-03-28","done":"2019-01-16","units":1,"zone_group":"multifamily","hood":"Somerset","fire":"High","approved_year":2018,"started_year":2018,"done_year":2019,"status":"done"}},{"type":"Feature","geometry":{"type":"Point","coordinates":[-118.274554,34.158902]},"properties":{"id":"BCB1727351","addr":"829 Burchett St","cat":"ADU","approved":"2018-03-14","started":"2018-03-14","done":"2018-09-21","units":1,"zone_group":"single_family","hood":"Pelanconi","approved_year":2018,"started_year":2018,"done_year":2018,"status":"done"}},{"type":"Feature","geometry":{"type":"Point","coordinates":[-118.289294,34.179063]},"properties":{"id":"BCB1805991","addr":"1919 W Kenneth Rd, Unit A","cat":"ADU","approved":"2018-07-11","started":"2018-07-11","done":"2019-05-07","units":1,"zone_group":"single_family","hood":"El Miradero","approved_year":2018,"started_year":2018,"done_year":2019,"status":"done"}},{"type":"Feature","geometry":{"type":"Point","coordinates":[-118.28974,34.183413]},"properties":{"id":"BCB1800669","addr":"2050 Bel Aire Dr","cat":"Single-family home","approved":"2018-09-17","started":"2018-09-17","done":"2019-12-17","units":1,"zone_group":"single_family","hood":"El Miradero","fire":"Moderate","approved_year":2018,"started_year":2018,"done_year":2019,"status":"done"}},{"type":"Feature","geometry":{"type":"Point","coordinates":[-118.252436,34.165183]},"properties":{"id":"BCB1801392","addr":"300 E Randolph Ave, Unit A","cat":"ADU","approved":"2018-10-08","started":"2018-10-08","done":"2019-11-04","units":1,"zone_group":"single_family","hood":"Rossmoyne","fire":"Very High","dam":true,"approved_year":2018,"started_year":2018,"done_year":2019,"status":"done"}},{"type":"Feature","geometry":{"type":"Point","coordinates":[-118.283894,34.164739]},"properties":{"id":"BCB1805553","addr":"1041 Newby St, Unit A","cat":"ADU","approved":"2018-10-31","started":"2018-10-31","done":"2019-04-17","units":1,"zone_group":"single_family","hood":"Grandview","liquefaction":true,"approved_year":2018,"started_year":2018,"done_year":2019,"status":"done"}},{"type":"Feature","geometry":{"type":"Point","coordinates":[-118.276703,34.157928]},"properties":{"id":"BCB1807925","addr":"903 Omar St, Unit A","cat":"ADU","approved":"2018-10-24","started":"2018-10-24","done":"2019-05-01","units":1,"zone_group":"single_family","hood":"Pelanconi","dam":true,"approved_year":2018,"started_year":2018,"done_year":2019,"status":"done"}},{"type":"Feature","geometry":{"type":"Point","coordinates":[-118.273825,34.15865]},"properties":{"id":"BCB1811570","addr":"808 Burchett St Unit A","cat":"ADU","approved":"2018-11-20","started":"2018-11-20","done":"2019-04-10","units":1,"zone_group":"single_family","hood":"Pelanconi","dam":true,"approved_year":2018,"started_year":2018,"done_year":2019,"status":"done"}},{"type":"Feature","geometry":{"type":"Point","coordinates":[-118.283088,34.177318]},"properties":{"id":"BCB1804444","addr":"1354 Western Ave Unit A","cat":"ADU","approved":"2019-01-15","started":"2019-01-15","done":"2019-06-28","units":1,"zone_group":"single_family","hood":"El Miradero","fire":"Moderate","approved_year":2019,"started_year":2019,"done_year":2019,"status":"done"}},{"type":"Feature","geometry":{"type":"Point","coordinates":[-118.198783,34.175818]},"properties":{"id":"BCB1820059","addr":"3411 E. Chevy Chase Dr. Unit A","cat":"ADU","approved":"2019-01-04","started":"2019-01-04","units":1,"zone_group":"single_family","hood":"Chevy Chase","fire":"Very High","approved_year":2019,"started_year":2019,"status":"started"}},{"type":"Feature","geometry":{"type":"Point","coordinates":[-118.243404,34.214754]},"properties":{"id":"BCB1806635","addr":"2934 Hermosa Ave. Unit A","cat":"ADU","approved":"2019-02-05","started":"2019-02-05","done":"2020-10-06","units":1,"zone_group":"single_family","hood":"Montrose","fire":"High","approved_year":2019,"started_year":2019,"done_year":2020,"status":"done"}},{"type":"Feature","geometry":{"type":"Point","coordinates":[-118.259113,34.237823]},"properties":{"id":"BCB1824962","addr":"3648 Fairesta Ave. Unit A","cat":"ADU","approved":"2019-03-15","started":"2019-03-15","done":"2020-07-10","units":1,"zone_group":"single_family","hood":"Crescenta Highlands","approved_year":2019,"started_year":2019,"done_year":2020,"status":"done"}},{"type":"Feature","geometry":{"type":"Point","coordinates":[-118.262822,34.169227]},"properties":{"id":"BCB1905880","addr":"345 W. Kenneth Rd. Unit A","cat":"ADU","approved":"2019-05-08","started":"2019-05-08","done":"2019-05-28","units":1,"zone_group":"single_family","hood":"Verdugo Viejo","fire":"Very High","approved_year":2019,"started_year":2019,"done_year":2019,"status":"done"}},{"type":"Feature","geometry":{"type":"Point","coordinates":[-118.242074,34.17286]},"properties":{"id":"BCB1906111","addr":"1710 Royal Bvld. Unit A","cat":"ADU","approved":"2019-05-29","started":"2019-05-29","done":"2020-07-01","units":1,"zone_group":"single_family","hood":"Greenbriar","fire":"Very High","approved_year":2019,"started_year":2019,"done_year":2020,"status":"done"}},{"type":"Feature","geometry":{"type":"Point","coordinates":[-118.263692,34.164629]},"properties":{"id":"BCB1801410","addr":"1234 Dorothy Dr. Unit A","cat":"ADU","approved":"2019-06-20","started":"2019-06-20","done":"2020-06-18","units":1,"zone_group":"single_family","hood":"Verdugo Viejo","approved_year":2019,"started_year":2019,"done_year":2020,"status":"done"}},{"type":"Feature","geometry":{"type":"Point","coordinates":[-118.226091,34.152622]},"properties":{"id":"BCB1908846","addr":"1905 E. Glenoaks Blvd. Unit A","cat":"ADU","approved":"2019-07-16","started":"2019-07-16","done":"2021-02-02","units":1,"zone_group":"multifamily","hood":"Woodbury","fire":"Very High","approved_year":2019,"started_year":2019,"done_year":2021,"status":"done"}},{"type":"Feature","geometry":{"type":"Point","coordinates":[-118.276472,34.16921]},"properties":{"id":"BCB1815890","addr":"1020 Olmsted Dr. Unit A","cat":"ADU","approved":"2019-08-28","started":"2019-08-28","done":"2020-01-22","units":1,"zone_group":"single_family","hood":"Glenwood","approved_year":2019,"started_year":2019,"done_year":2020,"status":"done"}},{"type":"Feature","geometry":{"type":"Point","coordinates":[-118.232623,34.206086]},"properties":{"id":"BCB1825442","addr":"1539 Broadview Dr. Unit A","cat":"ADU","approved":"2019-09-20","started":"2019-09-20","done":"2020-09-22","units":1,"zone_group":"single_family","hood":"Sparr Heights","approved_year":2019,"started_year":2019,"done_year":2020,"status":"done"}},{"type":"Feature","geometry":{"type":"Point","coordinates":[-118.286295,34.186329]},"properties":{"id":"BCB1830463","addr":"2051 W. Mountain St. Unit A","cat":"ADU","approved":"2019-09-11","started":"2019-09-11","done":"2020-05-14","units":1,"zone_group":"single_family","hood":"El Miradero","fire":"High","approved_year":2019,"started_year":2019,"done_year":2020,"status":"done"}},{"type":"Feature","geometry":{"type":"Point","coordinates":[-118.244859,34.159147]},"properties":{"id":"BCB1805637","addr":"850 E. Glenoaks Blvd.","cat":"ADU","approved":"2019-10-03","started":"2019-10-03","done":"2020-05-01","units":1,"zone_group":"single_family","hood":"Rossmoyne","approved_year":2019,"started_year":2019,"done_year":2020,"status":"done"}},{"type":"Feature","geometry":{"type":"Point","coordinates":[-118.270417,34.16089]},"properties":{"id":"BCB1827821","addr":"658 W. Dryden St. Unit A","cat":"ADU","approved":"2019-10-21","started":"2019-10-21","done":"2020-04-22","units":1,"zone_group":"multifamily","hood":"Glenwood","dam":true,"approved_year":2019,"started_year":2019,"done_year":2020,"status":"done"}},{"type":"Feature","geometry":{"type":"Point","coordinates":[-118.279823,34.170236]},"properties":{"id":"BCB1912269","addr":"1404 Grandview Ave. Unit A","cat":"ADU","approved":"2019-10-16","started":"2019-10-16","units":1,"zone_group":"single_family","hood":"Glenwood","approved_year":2019,"started_year":2019,"status":"started"}},{"type":"Feature","geometry":{"type":"Point","coordinates":[-118.254805,34.120434]},"properties":{"id":"BCB1829334","addr":"1909 Gardena Ave","cat":"2\u20134 units","approved":"2018-11-13","started":"2019-03-14","done":"2019-01-07","units":2,"zone_group":"multifamily","hood":"Tropico","approved_year":2018,"started_year":2019,"done_year":2019,"status":"done"}},{"type":"Feature","geometry":{"type":"Point","coordinates":[-118.263872,34.165434]},"properties":{"id":"BCB1823781","addr":"1312 Dorothy Dr. Unit A","cat":"ADU","approved":"2019-01-16","started":"2019-01-16","done":"2019-07-18","units":1,"zone_group":"single_family","hood":"Verdugo Viejo","fire":"Moderate","approved_year":2019,"started_year":2019,"done_year":2019,"status":"done"}},{"type":"Feature","geometry":{"type":"Point","coordinates":[-118.233464,34.20134]},"properties":{"id":"BCB1907846","addr":"3428 Sierra Vista Ave. Unit A","cat":"ADU","approved":"2019-04-19","started":"2019-04-19","done":"2020-02-21","units":1,"zone_group":"single_family","hood":"Sparr Heights","fire":"Moderate","liquefaction":true,"approved_year":2019,"started_year":2019,"done_year":2020,"status":"done"}},{"type":"Feature","geometry":{"type":"Point","coordinates":[-118.286276,34.166194]},"properties":{"id":"BCB1810108","addr":"1030 Grover Ave. Unit A","cat":"ADU","approved":"2019-06-19","started":"2019-06-19","done":"2020-04-20","units":1,"zone_group":"single_family","hood":"Grandview","liquefaction":true,"approved_year":2019,"started_year":2019,"done_year":2020,"status":"done"}},{"type":"Feature","geometry":{"type":"Point","coordinates":[-118.232342,34.138112]},"properties":{"id":"BCB1816710","addr":"1427 E. Windsor Rod. Unit A","cat":"ADU","approved":"2019-06-19","started":"2019-06-19","done":"2020-02-07","units":1,"zone_group":"single_family","hood":"Somerset","fire":"High","approved_year":2019,"started_year":2019,"done_year":2020,"status":"done"}},{"type":"Feature","geometry":{"type":"Point","coordinates":[-118.266425,34.152348]},"properties":{"id":"BCB1903474","addr":"540 W. Milford St. Unit A","cat":"ADU","approved":"2019-09-09","started":"2019-09-09","done":"2020-03-16","units":1,"zone_group":"multifamily","hood":"Vineyard","approved_year":2019,"started_year":2019,"done_year":2020,"status":"done"}},{"type":"Feature","geometry":{"type":"Point","coordinates":[-118.238987,34.1612]},"properties":{"id":"BCB1906740","addr":"1116 Ethel St. Unit A","cat":"ADU","approved":"2019-09-26","started":"2019-09-26","done":"2020-04-20","units":1,"zone_group":"single_family","hood":"Rossmoyne","fire":"High","liquefaction":true,"approved_year":2019,"started_year":2019,"done_year":2020,"status":"done"}},{"type":"Feature","geometry":{"type":"Point","coordinates":[-118.279721,34.178956]},"properties":{"id":"BCB1902747","addr":"1457 Winchester Ave. Unit A","cat":"ADU","approved":"2019-10-22","started":"2019-10-22","done":"2020-10-12","units":1,"zone_group":"single_family","hood":"El Miradero","fire":"Very High","approved_year":2019,"started_year":2019,"done_year":2020,"status":"done"}},{"type":"Feature","geometry":{"type":"Point","coordinates":[-118.242446,34.205375]},"properties":{"id":"BCB1906949","addr":"1068 Eilinita Ave. Unit A","cat":"ADU","approved":"2019-10-08","started":"2019-10-08","done":"2020-09-02","units":1,"zone_group":"single_family","hood":"Oakmont","fire":"Very High","liquefaction":true,"approved_year":2019,"started_year":2019,"done_year":2020,"status":"done"}},{"type":"Feature","geometry":{"type":"Point","coordinates":[-118.250814,34.164408]},"properties":{"id":"BCB1915187","addr":"406 E. Loraine St. Unit A","cat":"ADU","approved":"2019-10-04","started":"2019-10-04","done":"2020-04-22","units":1,"zone_group":"single_family","hood":"Rossmoyne","fire":"Very High","dam":true,"approved_year":2019,"started_year":2019,"done_year":2020,"status":"done"}},{"type":"Feature","geometry":{"type":"Point","coordinates":[-118.240832,34.138957]},"properties":{"id":"BB1825001","addr":"1134 E. Maple St.","cat":"2\u20134 units","approved":"2018-08-27","started":"2019-07-23","done":"2020-12-09","units":1,"zone_group":"multifamily","hood":"Mariposa","approved_year":2018,"started_year":2019,"done_year":2020,"status":"done"}},{"type":"Feature","geometry":{"type":"Point","coordinates":[-118.270284,34.152231]},"properties":{"id":"BCB1713174","addr":"705 W Milford St, Unit A","cat":"ADU","approved":"2018-03-28","started":"2018-03-28","done":"2018-07-24","units":1,"zone_group":"multifamily","hood":"Vineyard","approved_year":2018,"started_year":2018,"done_year":2018,"status":"done"}},{"type":"Feature","geometry":{"type":"Point","coordinates":[-118.258865,34.234444]},"properties":{"id":"BCB1802154","addr":"3638 2Nd Ave, Unit A","cat":"ADU","approved":"2018-05-01","started":"2018-05-01","done":"2019-04-08","units":1,"zone_group":"single_family","hood":"Crescenta Highlands","approved_year":2018,"started_year":2018,"done_year":2019,"status":"done"}},{"type":"Feature","geometry":{"type":"Point","coordinates":[-118.270697,34.149999]},"properties":{"id":"BCB1806096","addr":"717 W California Ave, Unit A","cat":"ADU","approved":"2018-08-02","started":"2018-08-02","done":"2019-07-11","units":1,"zone_group":"multifamily","hood":"Vineyard","approved_year":2018,"started_year":2018,"done_year":2019,"status":"done"}},{"type":"Feature","geometry":{"type":"Point","coordinates":[-118.276341,34.164652]},"properties":{"id":"BCB1819561","addr":"1210 Norton Ave","cat":"ADU","approved":"2018-10-25","started":"2018-10-25","done":"2019-02-27","units":1,"zone_group":"single_family","hood":"Glenwood","approved_year":2018,"started_year":2018,"done_year":2019,"status":"done"}},{"type":"Feature","geometry":{"type":"Point","coordinates":[-118.235873,34.150431]},"properties":{"id":"BCB1810503","addr":"1405 E California Ave","cat":"ADU","approved":"2018-11-15","started":"2018-11-15","done":"2019-06-06","units":1,"zone_group":"multifamily","hood":"Citrus Grove","approved_year":2018,"started_year":2018,"done_year":2019,"status":"done"}},{"type":"Feature","geometry":{"type":"Point","coordinates":[-118.234879,34.137897]},"properties":{"id":"BCB1819757","addr":"1367 E Windsor Rd","cat":"ADU","approved":"2018-12-03","started":"2018-12-03","done":"2019-07-08","units":1,"zone_group":"multifamily","hood":"Somerset","fire":"High","approved_year":2018,"started_year":2018,"done_year":2019,"status":"done"}},{"type":"Feature","geometry":{"type":"Point","coordinates":[-118.249716,34.164459]},"properties":{"id":"BCB1821973","addr":"433 E Lorraine St","cat":"ADU","approved":"2018-12-06","started":"2018-12-06","done":"2019-10-10","units":1,"zone_group":"single_family","hood":"Rossmoyne","fire":"Very High","approved_year":2018,"started_year":2018,"done_year":2019,"status":"done"}},{"type":"Feature","geometry":{"type":"Point","coordinates":[-118.265507,34.146823]},"properties":{"id":"BB1506919","addr":"515 W. Broadway","cat":"5+ units","approved":"2014-12-09","started":"2016-03-10","done":"2019-04-08","units":180,"zone_group":"mixed_use","hood":"Moorpark","approved_year":2014,"started_year":2016,"done_year":2019,"status":"done"}},{"type":"Feature","geometry":{"type":"Point","coordinates":[-118.254972,34.140602]},"properties":{"id":"BB1706194","addr":"634-700 E. Lomita","cat":"5+ units","approved":"2016-12-19","started":"2017-10-30","units":6,"zone_group":"commercial","hood":"Mariposa","approved_year":2016,"started_year":2017,"status":"started"}},{"type":"Feature","geometry":{"type":"Point","coordinates":[-118.258524,34.173792]},"properties":{"id":"BCB1823282","addr":"210 Kempton Rd. Unit A","cat":"ADU","approved":"2019-01-31","started":"2019-01-31","done":"2019-06-20","units":1,"zone_group":"single_family","hood":"Brockmont","fire":"Very High","approved_year":2019,"started_year":2019,"done_year":2019,"status":"done"}},{"type":"Feature","geometry":{"type":"Point","coordinates":[-118.287805,34.182]},"properties":{"id":"BCB1730280","addr":"1944 Bel Aire Dr. Unit A","cat":"ADU","approved":"2019-03-01","started":"2019-03-01","done":"2020-08-14","units":1,"zone_group":"single_family","hood":"El Miradero","approved_year":2019,"started_year":2019,"done_year":2020,"status":"done"}},{"type":"Feature","geometry":{"type":"Point","coordinates":[-118.23782,34.138967]},"properties":{"id":"BCB1720276","addr":"1238 Maple St. Unit A","cat":"ADU","approved":"2019-04-24","started":"2019-04-24","done":"2019-09-10","units":1,"zone_group":"single_family","hood":"Somerset","approved_year":2019,"started_year":2019,"done_year":2019,"status":"done"}},{"type":"Feature","geometry":{"type":"Point","coordinates":[-118.28277,34.176004]},"properties":{"id":"BCB1830566","addr":"1332 Winchester Ave. Unit A","cat":"ADU","approved":"2019-04-26","started":"2019-04-26","done":"2019-05-09","units":1,"zone_group":"single_family","hood":"El Miradero","fire":"Moderate","approved_year":2019,"started_year":2019,"done_year":2019,"status":"done"}},{"type":"Feature","geometry":{"type":"Point","coordinates":[-118.265599,34.145864]},"properties":{"id":"BCB1826738","addr":"533 Ivy St. Unit A","cat":"ADU","approved":"2019-05-24","started":"2019-05-24","done":"2019-11-20","units":1,"zone_group":"multifamily","hood":"Moorpark","approved_year":2019,"started_year":2019,"done_year":2019,"status":"done"}},{"type":"Feature","geometry":{"type":"Point","coordinates":[-118.265448,34.160168]},"properties":{"id":"BCB1827643","addr":"1011 Gesell St. Unit A","cat":"ADU","approved":"2019-05-31","started":"2019-05-31","done":"2019-09-20","units":1,"zone_group":"multifamily","hood":"Glenwood","dam":true,"approved_year":2019,"started_year":2019,"done_year":2019,"status":"done"}},{"type":"Feature","geometry":{"type":"Point","coordinates":[-118.290855,34.178062]},"properties":{"id":"BCB1902114","addr":"1240 Linden Ave. Unit A","cat":"ADU","approved":"2019-05-06","started":"2019-05-06","done":"2019-09-09","units":1,"zone_group":"single_family","hood":"Grandview","approved_year":2019,"started_year":2019,"done_year":2019,"status":"done"}},{"type":"Feature","geometry":{"type":"Point","coordinates":[-118.250739,34.166204]},"properties":{"id":"BCB1902829","addr":"407 Ross St. Unit A","cat":"ADU","approved":"2019-05-01","started":"2019-05-01","done":"2019-07-10","units":1,"zone_group":"single_family","hood":"Rossmoyne","fire":"Very High","approved_year":2019,"started_year":2019,"done_year":2019,"status":"done"}},{"type":"Feature","geometry":{"type":"Point","coordinates":[-118.236734,34.146137]},"properties":{"id":"BCB1823178","addr":"1322 E Broadway","cat":"ADU","approved":"2019-07-15","started":"2019-07-15","done":"2019-09-20","units":1,"zone_group":"multifamily","hood":"Citrus Grove","approved_year":2019,"started_year":2019,"done_year":2019,"status":"done"}},{"type":"Feature","geometry":{"type":"Point","coordinates":[-118.295526,34.159137]},"properties":{"id":"BCB1904433","addr":"327 Sonora Ave. Unit A","cat":"ADU","approved":"2019-07-16","started":"2019-07-16","done":"2020-01-02","units":1,"zone_group":"multifamily","hood":"Riverside Rancho","fire":"Very High","liquefaction":true,"approved_year":2019,"started_year":2019,"done_year":2020,"status":"done"}},{"type":"Feature","geometry":{"type":"Point","coordinates":[-118.267254,34.160843]},"properties":{"id":"BCB1909944","addr":"568 W. Dryden St., Unit A","cat":"ADU","approved":"2019-08-02","started":"2019-08-02","done":"2019-12-03","units":1,"zone_group":"multifamily","hood":"Glenwood","dam":true,"approved_year":2019,"started_year":2019,"done_year":2019,"status":"done"}},{"type":"Feature","geometry":{"type":"Point","coordinates":[-118.282728,34.172787]},"properties":{"id":"BCB1910928","addr":"1252 Ruberta Ave. Unit A","cat":"ADU","approved":"2019-09-12","started":"2019-09-12","done":"2020-02-20","units":1,"zone_group":"single_family","hood":"Grandview","approved_year":2019,"started_year":2019,"done_year":2020,"status":"done"}},{"type":"Feature","geometry":{"type":"Point","coordinates":[-118.294251,34.179708]},"properties":{"id":"BCB1909725","addr":"1220 Alameda Ave. Unit A","cat":"ADU","approved":"2019-10-09","started":"2019-10-09","done":"2020-06-08","units":1,"zone_group":"single_family","hood":"Grandview","approved_year":2019,"started_year":2019,"done_year":2020,"status":"done"}},{"type":"Feature","geometry":{"type":"Point","coordinates":[-118.281173,34.173143]},"properties":{"id":"BCB1912712","addr":"1507 W. Kenneth Rd.","cat":"Single-family home","approved":"2019-05-09","started":"2019-09-17","done":"2020-06-11","units":1,"zone_group":"single_family","hood":"El Miradero","approved_year":2019,"started_year":2019,"done_year":2020,"status":"done"}},{"type":"Feature","geometry":{"type":"Point","coordinates":[-118.241076,34.129133]},"properties":{"id":"BCB1901592","addr":"1330 Dartmouth Dr. Unit A","cat":"ADU","approved":"2019-04-29","started":"2019-04-29","done":"2022-03-22","units":1,"zone_group":"single_family","hood":"Adams Hill","fire":"High","approved_year":2019,"started_year":2019,"done_year":2022,"status":"done"}},{"type":"Feature","geometry":{"type":"Point","coordinates":[-118.2695,34.15713]},"properties":{"id":"BCB1727730","addr":"721 Greydale Dr. Unit A","cat":"ADU","approved":"2019-03-01","started":"2019-03-01","done":"2020-08-27","units":1,"zone_group":"recreation","hood":"Fremont Park","approved_year":2019,"started_year":2019,"done_year":2020,"status":"done"}},{"type":"Feature","geometry":{"type":"Point","coordinates":[-118.272449,34.15841]},"properties":{"id":"BCB1825848","addr":"729 Burchett St. Unit A","cat":"ADU","approved":"2019-03-04","started":"2019-03-04","done":"2020-05-11","units":1,"zone_group":"single_family","hood":"Pelanconi","approved_year":2019,"started_year":2019,"done_year":2020,"status":"done"}},{"type":"Feature","geometry":{"type":"Point","coordinates":[-118.271201,34.162705]},"properties":{"id":"BCB1905886","addr":"714 South St. Unit A1","cat":"ADU","approved":"2019-04-26","started":"2019-04-26","done":"2020-03-03","units":1,"zone_group":"single_family","hood":"Glenwood","dam":true,"approved_year":2019,"started_year":2019,"done_year":2020,"status":"done"}},{"type":"Feature","geometry":{"type":"Point","coordinates":[-118.240929,34.172156]},"properties":{"id":"BCB1900273","addr":"1675 Royal Blvd. Unit A","cat":"ADU","approved":"2019-08-13","started":"2019-08-13","done":"2020-07-30","units":1,"zone_group":"single_family","hood":"Greenbriar","fire":"Very High","approved_year":2019,"started_year":2019,"done_year":2020,"status":"done"}},{"type":"Feature","geometry":{"type":"Point","coordinates":[-118.239701,34.168908]},"properties":{"id":"BCB1922420","addr":"1431 Greenbriar Rd. Unit A","cat":"ADU","approved":"2019-11-05","started":"2019-11-05","done":"2020-06-26","units":1,"zone_group":"single_family","hood":"Greenbriar","fire":"Very High","approved_year":2019,"started_year":2019,"done_year":2020,"status":"done"}},{"type":"Feature","geometry":{"type":"Point","coordinates":[-118.240458,34.148968]},"properties":{"id":"BB1720925","addr":"1128 Standley Ave","cat":"Single-family home","approved":"2020-01-22","started":"2020-01-22","done":"2024-08-23","units":4,"zone_group":"multifamily","hood":"Citrus Grove","approved_year":2020,"started_year":2020,"done_year":2024,"status":"done"}},{"type":"Feature","geometry":{"type":"Point","coordinates":[-118.26543,34.152346]},"properties":{"id":"BCB1904620","addr":"516 W. Milford St., Unit A","cat":"ADU","approved":"2019-03-06","started":"2019-03-06","units":1,"zone_group":"multifamily","hood":"Vineyard","approved_year":2019,"started_year":2019,"status":"started"}},{"type":"Feature","geometry":{"type":"Point","coordinates":[-118.285816,34.173186]},"properties":{"id":"BCB2002724","addr":"1217 Winchester Ave., Unit A","cat":"ADU","approved":"2020-06-04","started":"2020-06-04","done":"2020-12-16","units":1,"zone_group":"single_family","hood":"Grandview","approved_year":2020,"started_year":2020,"done_year":2020,"status":"done"}},{"type":"Feature","geometry":{"type":"Point","coordinates":[-118.267887,34.152404]},"properties":{"id":"BCB2104460","addr":"625 W Milford St","cat":"ADU","approved":"2021-06-25","started":"2021-10-26","done":"2022-06-23","units":1,"zone_group":"multifamily","hood":"Vineyard","approved_year":2021,"started_year":2021,"done_year":2022,"status":"done"}},{"type":"Feature","geometry":{"type":"Point","coordinates":[-118.285034,34.16908]},"properties":{"id":"BCB2112815","addr":"1125 Sonora Ave","cat":"ADU","approved":"2021-09-08","started":"2022-01-06","done":"2023-01-18","units":1,"zone_group":"multifamily","hood":"Grandview","approved_year":2021,"started_year":2022,"done_year":2023,"status":"done"}},{"type":"Feature","geometry":{"type":"Point","coordinates":[-118.272577,34.170295]},"properties":{"id":"BCB2112624","addr":"1453 Highland Ave","cat":"ADU","approved":"2021-11-15","started":"2022-01-19","done":"2022-07-21","units":1,"zone_group":"single_family","hood":"Glenwood","approved_year":2021,"started_year":2022,"done_year":2022,"status":"done"}},{"type":"Feature","geometry":{"type":"Point","coordinates":[-118.244277,34.144779]},"properties":{"id":"BCB2106274","addr":"140 S Cedar St Unit A","cat":"ADU","approved":"2022-01-20","started":"2022-01-20","done":"2022-07-11","units":1,"zone_group":"multifamily","hood":"Citrus Grove","approved_year":2022,"started_year":2022,"done_year":2022,"status":"done"}},{"type":"Feature","geometry":{"type":"Point","coordinates":[-118.282982,34.17742]},"properties":{"id":"BCB2100300","addr":"1360 Western Ave","cat":"ADU","approved":"2021-09-17","started":"2022-01-25","done":"2022-03-23","units":1,"zone_group":"single_family","hood":"El Miradero","fire":"Moderate","approved_year":2021,"started_year":2022,"done_year":2022,"status":"done"}},{"type":"Feature","geometry":{"type":"Point","coordinates":[-118.270085,34.164179]},"properties":{"id":"BCB2115350","addr":"637 W Stocker St","cat":"ADU","approved":"2021-12-23","started":"2022-02-09","done":"2022-05-18","units":1,"zone_group":"multifamily","hood":"Glenwood","approved_year":2021,"started_year":2022,"done_year":2022,"status":"done"}},{"type":"Feature","geometry":{"type":"Point","coordinates":[-118.290576,34.17348]},"properties":{"id":"BCB2111233","addr":"1130 Thompson Unit: Unit A","cat":"ADU","approved":"2022-02-03","started":"2022-03-01","done":"2025-11-12","units":1,"zone_group":"multifamily","hood":"Grandview","approved_year":2022,"started_year":2022,"done_year":2025,"status":"done"}},{"type":"Feature","geometry":{"type":"Point","coordinates":[-118.239134,34.209719]},"properties":{"id":"BCB2011710","addr":"2743 Sycamore Ave","cat":"ADU","approved":"2021-01-19","started":"2022-03-09","done":"2022-09-28","units":1,"zone_group":"single_family","hood":"Montrose","fire":"Very High","approved_year":2021,"started_year":2022,"done_year":2022,"status":"done"}},{"type":"Feature","geometry":{"type":"Point","coordinates":[-118.221783,34.156119]},"properties":{"id":"BCB2110865","addr":"531 Solway St","cat":"ADU","approved":"2021-12-13","started":"2022-03-30","done":"2022-09-28","units":1,"zone_group":"single_family","hood":"Chevy Chase","fire":"Very High","approved_year":2021,"started_year":2022,"done_year":2022,"status":"done"}},{"type":"Feature","geometry":{"type":"Point","coordinates":[-118.240914,34.141438]},"properties":{"id":"BB2110732","addr":"1119 E Elk Ave, Unit A","cat":"ADU","approved":"2021-09-29","started":"2022-05-02","done":"2023-02-25","units":1,"zone_group":"multifamily","hood":"Mariposa","approved_year":2021,"started_year":2022,"done_year":2023,"status":"done"}},{"type":"Feature","geometry":{"type":"Point","coordinates":[-118.260589,34.237938]},"properties":{"id":"BCB2202600","addr":"3726 Danny St","cat":"ADU","approved":"2022-03-03","started":"2022-05-24","done":"2022-09-22","units":1,"zone_group":"single_family","hood":"Crescenta Highlands","approved_year":2022,"started_year":2022,"done_year":2022,"status":"done"}},{"type":"Feature","geometry":{"type":"Point","coordinates":[-118.227915,34.174596]},"properties":{"id":"BCB2117991","addr":"1801 Colina Dr","cat":"ADU","approved":"2022-03-31","started":"2022-06-15","done":"2022-11-01","units":1,"zone_group":"single_family","hood":"Verdugo Woodlands","fire":"Very High","liquefaction":true,"approved_year":2022,"started_year":2022,"done_year":2022,"status":"done"}},{"type":"Feature","geometry":{"type":"Point","coordinates":[-118.220968,34.173285]},"properties":{"id":"BCB2120374","addr":"1711 Tambor Dr, Unit A","cat":"ADU","approved":"2021-12-13","started":"2022-07-29","done":"2023-06-27","units":1,"zone_group":"single_family","hood":"Verdugo Woodlands","fire":"Very High","approved_year":2021,"started_year":2022,"done_year":2023,"status":"done"}},{"type":"Feature","geometry":{"type":"Point","coordinates":[-118.252969,34.236208]},"properties":{"id":"BCB2118019","addr":"4706 New York Ave\nGlendale, Ca 91214","cat":"ADU","approved":"2022-09-20","started":"2022-09-20","units":1,"zone_group":"single_family","hood":"Crescenta Highlands","fire":"High","approved_year":2022,"started_year":2022,"status":"started"}},{"type":"Feature","geometry":{"type":"Point","coordinates":[-118.285589,34.166844]},"properties":{"id":"BCB2120941","addr":"1054 Grover Ave","cat":"ADU","approved":"2022-09-22","started":"2022-09-23","done":"2023-03-07","units":1,"zone_group":"single_family","hood":"Grandview","approved_year":2022,"started_year":2022,"done_year":2023,"status":"done"}},{"type":"Feature","geometry":{"type":"Point","coordinates":[-118.230934,34.197838]},"properties":{"id":"BCB2201473","addr":"3226 La Crescenta # A Ave\nGlendale, Ca 91208","cat":"ADU","approved":"2022-12-05","started":"2022-12-08","units":1,"zone_group":"single_family","hood":"Sparr Heights","fire":"High","liquefaction":true,"approved_year":2022,"started_year":2022,"status":"started"}},{"type":"Feature","geometry":{"type":"Point","coordinates":[-118.247988,34.155418]},"properties":{"id":"BB2117926","addr":"611 Howard St, Unit A","cat":"ADU","approved":"2022-12-15","started":"2022-12-19","done":"2023-04-26","units":1,"zone_group":"multifamily","hood":"City Center","approved_year":2022,"started_year":2022,"done_year":2023,"status":"done"}},{"type":"Feature","geometry":{"type":"Point","coordinates":[-118.260757,34.137324]},"properties":{"id":"BCB1820665","addr":"708 S Columbus","cat":"Single-family home","approved":"2018-04-16","started":"2019-06-28","done":"2021-06-24","units":1,"zone_group":"multifamily","hood":"Pacific-Edison","approved_year":2018,"started_year":2019,"done_year":2021,"status":"done"}},{"type":"Feature","geometry":{"type":"Point","coordinates":[-118.267605,34.15404]},"properties":{"id":"BCB2011554","addr":"617 W Doran St Unit Aa","cat":"ADU","approved":"2020-12-17","started":"2021-02-16","done":"2021-11-18","units":1,"zone_group":"multifamily","hood":"Vineyard","approved_year":2020,"started_year":2021,"done_year":2021,"status":"done"}},{"type":"Feature","geometry":{"type":"Point","coordinates":[-118.243881,34.21498]},"properties":{"id":"BCB1806433","addr":"2948 Hermosa Ave","cat":"ADU","approved":"2018-11-30","started":"2018-11-30","done":"2020-03-06","units":1,"zone_group":"single_family","hood":"Montrose","fire":"High","approved_year":2018,"started_year":2018,"done_year":2020,"status":"done"}},{"type":"Feature","geometry":{"type":"Point","coordinates":[-118.277099,34.165544]},"properties":{"id":"BCB1830095","addr":"1232 Graynold Ave. Unit A","cat":"ADU","approved":"2019-07-10","started":"2019-07-10","done":"2020-04-22","units":1,"zone_group":"single_family","hood":"Glenwood","approved_year":2019,"started_year":2019,"done_year":2020,"status":"done"}},{"type":"Feature","geometry":{"type":"Point","coordinates":[-118.249172,34.219528]},"properties":{"id":"BCB1824649","addr":"3210 Mills St. Unit A","cat":"ADU","approved":"2019-08-14","started":"2019-08-14","done":"2020-08-18","units":1,"zone_group":"single_family","hood":"Crescenta Highlands","fire":"Very High","liquefaction":true,"approved_year":2019,"started_year":2019,"done_year":2020,"status":"done"}},{"type":"Feature","geometry":{"type":"Point","coordinates":[-118.240324,34.15846]},"properties":{"id":"BCB1910015","addr":"827 N. Glendale Ave. Unit A","cat":"ADU","approved":"2019-09-10","started":"2019-09-10","done":"2020-07-21","units":1,"zone_group":"single_family","hood":"Woodbury","fire":"High","liquefaction":true,"approved_year":2019,"started_year":2019,"done_year":2020,"status":"done"}},{"type":"Feature","geometry":{"type":"Point","coordinates":[-118.241763,34.215688]},"properties":{"id":"BCB1908502","addr":"2848 Manhattan Ave. Unit A","cat":"ADU","approved":"2019-10-02","started":"2019-10-02","done":"2020-03-06","units":1,"zone_group":"single_family","hood":"Montrose","fire":"Moderate","approved_year":2019,"started_year":2019,"done_year":2020,"status":"done"}},{"type":"Feature","geometry":{"type":"Point","coordinates":[-118.278986,34.173132]},"properties":{"id":"BCB1918508","addr":"1512 Grandview Ave., Unit A","cat":"ADU","approved":"2019-09-11","started":"2019-09-11","units":1,"zone_group":"single_family","hood":"Glenwood","approved_year":2019,"started_year":2019,"status":"started"}},{"type":"Feature","geometry":{"type":"Point","coordinates":[-118.287839,34.186904]},"properties":{"id":"BCB1906555","addr":"2084 W. Mountain St., Unit A","cat":"ADU","approved":"2019-03-29","started":"2019-03-29","units":1,"zone_group":"single_family","hood":"El Miradero","fire":"Very High","approved_year":2019,"started_year":2019,"status":"started"}},{"type":"Feature","geometry":{"type":"Point","coordinates":[-118.232846,34.150484]},"properties":{"id":"BCB1915683","addr":"1479 E. California Ave., Unit A","cat":"ADU","approved":"2020-10-09","started":"2020-10-09","units":1,"zone_group":"multifamily","hood":"Woodbury","fire":"Moderate","approved_year":2020,"started_year":2020,"status":"started"}},{"type":"Feature","geometry":{"type":"Point","coordinates":[-118.227987,34.18866]},"properties":{"id":"BCB1727449","addr":"1723 Sombra Dr","cat":"Single-family home","approved":"2018-03-13","started":"2018-03-13","done":"2019-04-11","units":1,"zone_group":"recreation","hood":"Verdugo Woodlands","fire":"Very High","liquefaction":true,"approved_year":2018,"started_year":2018,"done_year":2019,"status":"done"}},{"type":"Feature","geometry":{"type":"Point","coordinates":[-118.262549,34.166848]},"properties":{"id":"BCB1726923","addr":"1367 N Columbus Ave, Unit A","cat":"ADU","approved":"2018-05-24","started":"2018-05-24","done":"2018-12-11","units":1,"zone_group":"single_family","hood":"Verdugo Viejo","fire":"High","approved_year":2018,"started_year":2018,"done_year":2018,"status":"done"}},{"type":"Feature","geometry":{"type":"Point","coordinates":[-118.263066,34.149854]},"properties":{"id":"BCB1730282","addr":"437 W California Ave, Unit A","cat":"ADU","approved":"2018-05-23","started":"2018-05-23","done":"2018-08-31","units":1,"zone_group":"multifamily","hood":"Vineyard","approved_year":2018,"started_year":2018,"done_year":2018,"status":"done"}},{"type":"Feature","geometry":{"type":"Point","coordinates":[-118.261728,34.147981]},"properties":{"id":"BCB1803890","addr":"406 W Wilson Ave, Unit A","cat":"ADU","approved":"2018-05-03","started":"2018-05-03","done":"2018-07-02","units":1,"zone_group":"multifamily","hood":"Vineyard","approved_year":2018,"started_year":2018,"done_year":2018,"status":"done"}},{"type":"Feature","geometry":{"type":"Point","coordinates":[-118.282982,34.17742]},"properties":{"id":"BCB1804587","addr":"1360 Western Ave","cat":"Single-family home","approved":"2018-08-01","started":"2018-08-01","units":1,"zone_group":"single_family","hood":"El Miradero","fire":"Moderate","approved_year":2018,"started_year":2018,"status":"started"}},{"type":"Feature","geometry":{"type":"Point","coordinates":[-118.20943,34.179974]},"properties":{"id":"BCB1807496","addr":"2053 Dublin Dr","cat":"Single-family home","approved":"2018-08-30","started":"2018-08-30","done":"2020-06-11","units":1,"zone_group":"single_family","hood":"Emerald Isle","fire":"Very High","approved_year":2018,"started_year":2018,"done_year":2020,"status":"done"}},{"type":"Feature","geometry":{"type":"Point","coordinates":[-118.212498,34.151395]},"properties":{"id":"BCB1810602","addr":"2416 Hollister Ter, Unit A","cat":"ADU","approved":"2018-08-29","started":"2018-08-29","done":"2019-10-13","units":1,"zone_group":"single_family","hood":"Glenoaks Canyon","fire":"Very High","dam":true,"approved_year":2018,"started_year":2018,"done_year":2019,"status":"done"}},{"type":"Feature","geometry":{"type":"Point","coordinates":[-118.212299,34.150045]},"properties":{"id":"BCB1811660","addr":"2423 E Glenoaks Blvd. Unit A","cat":"ADU","approved":"2018-09-11","started":"2018-09-11","done":"2019-06-10","units":1,"zone_group":"single_family","hood":"Glenoaks Canyon","fire":"Very High","approved_year":2018,"started_year":2018,"done_year":2019,"status":"done"}},{"type":"Feature","geometry":{"type":"Point","coordinates":[-118.268443,34.16076]},"properties":{"id":"BCB1805845","addr":"610 Dryden St, Apt A","cat":"ADU","approved":"2018-10-15","started":"2018-10-15","done":"2029-04-15","units":1,"zone_group":"multifamily","hood":"Glenwood","dam":true,"approved_year":2018,"started_year":2018,"done_year":2029,"status":"done"}},{"type":"Feature","geometry":{"type":"Point","coordinates":[-118.292137,34.178468]},"properties":{"id":"BCB1821473","addr":"1228 Elm Ave","cat":"ADU","approved":"2018-10-02","started":"2018-10-02","done":"2019-09-10","units":1,"zone_group":"single_family","hood":"Grandview","approved_year":2018,"started_year":2018,"done_year":2019,"status":"done"}},{"type":"Feature","geometry":{"type":"Point","coordinates":[-118.266154,34.234155]},"properties":{"id":"BCB1810104","addr":"4206 Lowell Ave","cat":"ADU","approved":"2018-11-14","started":"2018-11-14","units":1,"zone_group":"single_family","hood":"Crescenta Highlands","fire":"High","approved_year":2018,"started_year":2018,"status":"started"}},{"type":"Feature","geometry":{"type":"Point","coordinates":[-118.268843,34.169185]},"properties":{"id":"BCB1808769","addr":"1438 Hillcrest Ave  Unit A","cat":"ADU","approved":"2019-01-07","started":"2019-01-07","done":"2019-09-25","units":1,"zone_group":"single_family","hood":"Glenwood","approved_year":2019,"started_year":2019,"done_year":2019,"status":"done"}},{"type":"Feature","geometry":{"type":"Point","coordinates":[-118.282531,34.176307]},"properties":{"id":"BCB1826398","addr":"1345 Winchester St. Unit A","cat":"ADU","approved":"2019-01-17","started":"2019-01-17","done":"2020-03-03","units":1,"zone_group":"single_family","hood":"El Miradero","fire":"Moderate","approved_year":2019,"started_year":2019,"done_year":2020,"status":"done"}},{"type":"Feature","geometry":{"type":"Point","coordinates":[-118.279563,34.160349]},"properties":{"id":"BCB1728972","addr":"818 Norton Ave. Unit A","cat":"ADU","approved":"2019-02-01","started":"2019-02-01","done":"2019-11-07","units":1,"zone_group":"single_family","hood":"Pelanconi","approved_year":2019,"started_year":2019,"done_year":2019,"status":"done"}},{"type":"Feature","geometry":{"type":"Point","coordinates":[-118.248857,34.15306]},"properties":{"id":"BCB1826928","addr":"500 N. Isabel St Unit A","cat":"ADU","approved":"2019-05-10","started":"2019-05-10","done":"2019-11-12","units":1,"zone_group":"multifamily","hood":"City Center","approved_year":2019,"started_year":2019,"done_year":2019,"status":"done"}},{"type":"Feature","geometry":{"type":"Point","coordinates":[-118.261921,34.167161]},"properties":{"id":"BCB 1826740","addr":"331 Spencer St. Unit A","cat":"ADU","approved":"2019-06-24","started":"2019-06-24","units":1,"zone_group":"single_family","hood":"Verdugo Viejo","fire":"High","approved_year":2019,"started_year":2019,"status":"started"}},{"type":"Feature","geometry":{"type":"Point","coordinates":[-118.254176,34.231783]},"properties":{"id":"BCB2121057  PADU2121060","addr":"3433 Maryann Street, Unit A, Glendale, Ca 91214","cat":"ADU","approved":"2023-03-17","started":"2023-04-19","units":1,"zone_group":"single_family","hood":"Crescenta Highlands","approved_year":2023,"started_year":2023,"status":"started"}},{"type":"Feature","geometry":{"type":"Point","coordinates":[-118.273526,34.175456]},"properties":{"id":"BCB1829553","addr":"1659 Ben Lomond","cat":"Single-family home","approved":"2018-08-23","started":"2019-03-04","done":"2021-06-07","units":1,"zone_group":"single_family","hood":"Glenwood","fire":"Very High","approved_year":2018,"started_year":2019,"done_year":2021,"status":"done"}},{"type":"Feature","geometry":{"type":"Point","coordinates":[-118.2788,34.162288]},"properties":{"id":"BCB1722039","addr":"917 Graynold Ave","cat":"ADU","approved":"2018-01-22","started":"2018-01-22","done":"2018-02-12","units":1,"zone_group":"single_family","hood":"Pelanconi","approved_year":2018,"started_year":2018,"done_year":2018,"status":"done"}},{"type":"Feature","geometry":{"type":"Point","coordinates":[-118.28394,34.168945]},"properties":{"id":"BB1728123","addr":"1414 5Th St","cat":"5+ units","approved":"2018-03-05","started":"2018-03-05","done":"2019-10-22","units":61,"zone_group":"multifamily","hood":"Grandview","approved_year":2018,"started_year":2018,"done_year":2019,"status":"done"}},{"type":"Feature","geometry":{"type":"Point","coordinates":[-118.285088,34.168954]},"properties":{"id":"BB184830","addr":"1116 Sonora Ave","cat":"5+ units","approved":"2018-03-05","started":"2018-03-05","units":5,"zone_group":"multifamily","hood":"Grandview","approved_year":2018,"started_year":2018,"status":"started"}},{"type":"Feature","geometry":{"type":"Point","coordinates":[-118.197678,34.170494]},"properties":{"id":"BCB1727466","addr":"3205 Cornwall Dr, Unit A","cat":"ADU","approved":"2018-07-12","started":"2018-07-12","done":"2019-02-25","units":1,"zone_group":"recreation","hood":"Chevy Chase","fire":"Very High","approved_year":2018,"started_year":2018,"done_year":2019,"status":"done"}},{"type":"Feature","geometry":{"type":"Point","coordinates":[-118.278488,34.164457]},"properties":{"id":"BCB1725620","addr":"1129 Idlewood Rd, Unit A","cat":"ADU","approved":"2018-08-23","started":"2018-08-23","done":"2019-08-29","units":1,"zone_group":"single_family","hood":"Glenwood","approved_year":2018,"started_year":2018,"done_year":2019,"status":"done"}},{"type":"Feature","geometry":{"type":"Point","coordinates":[-118.237233,34.14614]},"properties":{"id":"BB1718826","addr":"1308 E Broadway","cat":"Single-family home","approved":"2018-09-07","started":"2018-09-07","units":1,"zone_group":"multifamily","hood":"Citrus Grove","approved_year":2018,"started_year":2018,"status":"started"}},{"type":"Feature","geometry":{"type":"Point","coordinates":[-118.267195,34.160893]},"properties":{"id":"BCB1812785","addr":"563 W Dryden St, Unit A","cat":"ADU","approved":"2018-10-31","started":"2018-10-31","done":"2019-02-26","units":1,"zone_group":"multifamily","hood":"Glenwood","dam":true,"approved_year":2018,"started_year":2018,"done_year":2019,"status":"done"}},{"type":"Feature","geometry":{"type":"Point","coordinates":[-118.284454,34.175529]},"properties":{"id":"BCB1806867","addr":"1651 W Kenneth Rd, Unit A","cat":"ADU","approved":"2018-10-19","started":"2018-10-19","done":"2019-08-01","units":1,"zone_group":"single_family","hood":"El Miradero","dam":true,"approved_year":2018,"started_year":2018,"done_year":2019,"status":"done"}},{"type":"Feature","geometry":{"type":"Point","coordinates":[-118.267254,34.160843]},"properties":{"id":"BCB1704483","addr":"568 W Dryden St","cat":"ADU","approved":"2018-11-29","started":"2018-11-29","done":"2019-12-03","units":1,"zone_group":"multifamily","hood":"Glenwood","dam":true,"approved_year":2018,"started_year":2018,"done_year":2019,"status":"done"}},{"type":"Feature","geometry":{"type":"Point","coordinates":[-118.244385,34.143583]},"properties":{"id":"BCB1813195","addr":"827 Orange Grove  Unit A","cat":"ADU","approved":"2019-01-22","started":"2019-01-22","done":"2019-09-23","units":1,"zone_group":"multifamily","hood":"Citrus Grove","approved_year":2019,"started_year":2019,"done_year":2019,"status":"done"}},{"type":"Feature","geometry":{"type":"Point","coordinates":[-118.261415,34.141632]},"properties":{"id":"BCB1811845","addr":"410 W. Elk Ave. Unit A","cat":"ADU","approved":"2019-03-01","started":"2019-03-01","done":"2019-09-16","units":1,"zone_group":"multifamily","hood":"Pacific-Edison","approved_year":2019,"started_year":2019,"done_year":2019,"status":"done"}},{"type":"Feature","geometry":{"type":"Point","coordinates":[-118.249265,34.171039]},"properties":{"id":"BCB 1826920","addr":"1644 Cielito Dr. Unit A","cat":"ADU","approved":"2019-03-19","started":"2019-03-19","units":1,"zone_group":"single_family","hood":"Rossmoyne","fire":"Very High","approved_year":2019,"started_year":2019,"status":"started"}},{"type":"Feature","geometry":{"type":"Point","coordinates":[-118.272449,34.15841]},"properties":{"id":"BCB 1825848","addr":"729 Burchett St. Unit A","cat":"ADU","approved":"2019-03-04","started":"2019-03-04","units":1,"zone_group":"single_family","hood":"Pelanconi","approved_year":2019,"started_year":2019,"status":"started"}},{"type":"Feature","geometry":{"type":"Point","coordinates":[-118.293924,34.159682]},"properties":{"id":"BCB1905795","addr":"1437 Fairfield St. Unit A","cat":"ADU","approved":"2019-05-24","started":"2019-05-24","done":"2019-11-04","units":1,"zone_group":"single_family","hood":"Riverside Rancho","fire":"Very High","liquefaction":true,"approved_year":2019,"started_year":2019,"done_year":2019,"status":"done"}},{"type":"Feature","geometry":{"type":"Point","coordinates":[-118.275281,34.158272]},"properties":{"id":"BCB1905295","addr":"841 Patterson Ave. Unit A","cat":"ADU","approved":"2019-06-25","started":"2019-06-25","done":"2019-07-12","units":1,"zone_group":"single_family","hood":"Pelanconi","approved_year":2019,"started_year":2019,"done_year":2019,"status":"done"}},{"type":"Feature","geometry":{"type":"Point","coordinates":[-118.302137,34.165767]},"properties":{"id":"BCB1911363","addr":"422 Allen Ave. Unit A","cat":"ADU","approved":"2019-10-11","started":"2019-10-11","done":"2020-02-04","units":1,"zone_group":"multifamily","hood":"Riverside Rancho","liquefaction":true,"approved_year":2019,"started_year":2019,"done_year":2020,"status":"done"}},{"type":"Feature","geometry":{"type":"Point","coordinates":[-118.240966,34.149029]},"properties":{"id":"BCB1907988","addr":"1119 Stanley Ave. Unit A","cat":"ADU","approved":"2019-10-25","started":"2019-10-25","done":"2021-02-25","units":1,"zone_group":"multifamily","hood":"Citrus Grove","approved_year":2019,"started_year":2019,"done_year":2021,"status":"done"}},{"type":"Feature","geometry":{"type":"Point","coordinates":[-118.228186,34.184135]},"properties":{"id":"BCB1911639","addr":"1714 Del Valle Ave. Unit A","cat":"ADU","approved":"2019-10-30","started":"2019-10-30","done":"2020-04-24","units":1,"zone_group":"single_family","hood":"Verdugo Woodlands","fire":"Very High","liquefaction":true,"approved_year":2019,"started_year":2019,"done_year":2020,"status":"done"}},{"type":"Feature","geometry":{"type":"Point","coordinates":[-118.291047,34.179502]},"properties":{"id":"BCB1821419","addr":"1266 Elm Ave. Unit A","cat":"ADU","approved":"2019-03-08","started":"2019-03-08","units":1,"zone_group":"single_family","hood":"Grandview","approved_year":2019,"started_year":2019,"status":"started"}},{"type":"Feature","geometry":{"type":"Point","coordinates":[-118.277199,34.160984]},"properties":{"id":"BCB1715446","addr":"910 Pelanconi Ave","cat":"ADU","approved":"2018-09-07","started":"2018-09-07","done":"2020-09-08","units":1,"zone_group":"single_family","hood":"Pelanconi","dam":true,"approved_year":2018,"started_year":2018,"done_year":2020,"status":"done"}},{"type":"Feature","geometry":{"type":"Point","coordinates":[-118.234939,34.140929]},"properties":{"id":"BCB1907702","addr":"423 Griswold St. Unit A","cat":"ADU","approved":"2019-10-01","started":"2019-10-01","done":"2020-07-02","units":1,"zone_group":"multifamily","hood":"Somerset","approved_year":2019,"started_year":2019,"done_year":2020,"status":"done"}},{"type":"Feature","geometry":{"type":"Point","coordinates":[-118.252871,34.223088]},"properties":{"id":"BCB1822003","addr":"3363 Honolulu Ave","cat":"2\u20134 units","approved":"2018-07-23","started":"2019-03-08","done":"2020-07-28","units":1,"zone_group":"multifamily","hood":"Crescenta Highlands","fire":"Very High","liquefaction":true,"approved_year":2018,"started_year":2019,"done_year":2020,"status":"done"}},{"type":"Feature","geometry":{"type":"Point","coordinates":[-118.27026,34.168477]},"properties":{"id":"BCB 1915446","addr":"1413 Ardmore Ave., Unit A","cat":"ADU","approved":"2019-07-31","started":"2019-07-31","units":1,"zone_group":"single_family","hood":"Glenwood","approved_year":2019,"started_year":2019,"status":"started"}},{"type":"Feature","geometry":{"type":"Point","coordinates":[-118.237474,34.163105]},"properties":{"id":"BCB1915308","addr":"1236 Moncado Dr., Unit A","cat":"ADU","approved":"2019-07-29","started":"2019-07-29","units":1,"zone_group":"single_family","hood":"Rossmoyne","fire":"Very High","liquefaction":true,"approved_year":2019,"started_year":2019,"status":"started"}},{"type":"Feature","geometry":{"type":"Point","coordinates":[-118.231809,34.141647]},"properties":{"id":"BCB2002149","addr":"328 Lafayette St., Unit A","cat":"ADU","approved":"2020-06-04","started":"2020-06-04","done":"2020-06-09","units":1,"zone_group":"multifamily","hood":"Somerset","fire":"High","approved_year":2020,"started_year":2020,"done_year":2020,"status":"done"}},{"type":"Feature","geometry":{"type":"Point","coordinates":[-118.236283,34.203143]},"properties":{"id":"BCB2003776","addr":"3522 La Crescenta Ave - Unit A Jadu","cat":"ADU","approved":"2020-07-09","started":"2020-07-09","done":"2020-10-26","units":1,"zone_group":"single_family","hood":"Sparr Heights","fire":"High","liquefaction":true,"approved_year":2020,"started_year":2020,"done_year":2020,"status":"done"}},{"type":"Feature","geometry":{"type":"Point","coordinates":[-118.246775,34.157404]},"properties":{"id":"BCB2004791","addr":"724 Geneva St., Unit A - Jadu","cat":"ADU","approved":"2020-07-08","started":"2020-07-08","done":"2020-09-23","units":1,"zone_group":"single_family","hood":"Rossmoyne","approved_year":2020,"started_year":2020,"done_year":2020,"status":"done"}},{"type":"Feature","geometry":{"type":"Point","coordinates":[-118.212741,34.174416]},"properties":{"id":"BCB2002173","addr":"1517 Belleau Rd Unit Aa - Jadu","cat":"ADU","approved":"2020-08-12","started":"2020-08-12","done":"2020-09-08","units":1,"zone_group":"single_family","hood":"Chevy Chase","fire":"Very High","approved_year":2020,"started_year":2020,"done_year":2020,"status":"done"}},{"type":"Feature","geometry":{"type":"Point","coordinates":[-118.244537,34.153944]},"properties":{"id":"BCB2006559","addr":"815 E Doran St., Unit A","cat":"ADU","approved":"2020-09-02","started":"2020-09-02","done":"2020-11-05","units":1,"zone_group":"multifamily","hood":"City Center","approved_year":2020,"started_year":2020,"done_year":2020,"status":"done"}},{"type":"Feature","geometry":{"type":"Point","coordinates":[-118.247802,34.161904]},"properties":{"id":"BCB1809200","addr":"1115 Howard St. Unit A","cat":"ADU","approved":"2020-11-19","started":"2020-11-19","done":"2020-11-20","units":1,"zone_group":"single_family","hood":"Rossmoyne","fire":"High","approved_year":2020,"started_year":2020,"done_year":2020,"status":"done"}},{"type":"Feature","geometry":{"type":"Point","coordinates":[-118.285518,34.18355]},"properties":{"id":"BCB1812629","addr":"1934 Chilton Dr., Unit A","cat":"ADU","approved":"2020-11-18","started":"2020-11-18","done":"2020-12-30","units":1,"zone_group":"single_family","hood":"El Miradero","fire":"High","approved_year":2020,"started_year":2020,"done_year":2020,"status":"done"}},{"type":"Feature","geometry":{"type":"Point","coordinates":[-118.275515,34.157483]},"properties":{"id":"BCB1821843","addr":"841 Omar St. Unit A","cat":"ADU","approved":"2019-01-04","started":"2019-01-04","done":"2020-02-05","units":1,"zone_group":"single_family","hood":"Pelanconi","approved_year":2019,"started_year":2019,"done_year":2020,"status":"done"}},{"type":"Feature","geometry":{"type":"Point","coordinates":[-118.261921,34.167161]},"properties":{"id":"BCB1826740","addr":"331 Spencer St. Unit A","cat":"ADU","approved":"2019-06-24","started":"2019-06-24","done":"2020-09-18","units":1,"zone_group":"single_family","hood":"Verdugo Viejo","fire":"High","approved_year":2019,"started_year":2019,"done_year":2020,"status":"done"}},{"type":"Feature","geometry":{"type":"Point","coordinates":[-118.24289,34.160888]},"properties":{"id":"BCB1901252","addr":"941 E. Dryden St. Unit A","cat":"ADU","approved":"2019-07-02","started":"2019-07-02","done":"2020-04-30","units":1,"zone_group":"single_family","hood":"Rossmoyne","fire":"Moderate","approved_year":2019,"started_year":2019,"done_year":2020,"status":"done"}},{"type":"Feature","geometry":{"type":"Point","coordinates":[-118.267382,34.153163]},"properties":{"id":"BCB1909618","addr":"612 Alexander St. Unit A","cat":"ADU","approved":"2019-10-02","started":"2019-10-02","done":"2020-06-08","units":1,"zone_group":"multifamily","hood":"Vineyard","approved_year":2019,"started_year":2019,"done_year":2020,"status":"done"}},{"type":"Feature","geometry":{"type":"Point","coordinates":[-118.246412,34.154337]},"properties":{"id":"BCB1908168","addr":"535 Geneva St., Unit A","cat":"ADU","approved":"2019-04-25","started":"2019-04-25","units":1,"zone_group":"multifamily","hood":"City Center","approved_year":2019,"started_year":2019,"status":"started"}},{"type":"Feature","geometry":{"type":"Point","coordinates":[-118.266118,34.233401]},"properties":{"id":"BCB1902999","addr":"4144 Lowell Ave., Unit A","cat":"ADU","approved":"2019-06-21","started":"2019-06-21","done":"2020-02-04","units":1,"zone_group":"single_family","hood":"Crescenta Highlands","fire":"Very High","approved_year":2019,"started_year":2019,"done_year":2020,"status":"done"}},{"type":"Feature","geometry":{"type":"Point","coordinates":[-118.226275,34.154809]},"properties":{"id":"BCB2100951","addr":"1905 E Chevy Chase Dr Unit A","cat":"ADU","approved":"2021-10-27","started":"2021-11-30","done":"2024-01-23","units":1,"zone_group":"multifamily","hood":"Woodbury","fire":"Very High","approved_year":2021,"started_year":2021,"done_year":2024,"status":"done"}},{"type":"Feature","geometry":{"type":"Point","coordinates":[-118.292039,34.178636]},"properties":{"id":"BSFD-002630-2023   PADU-000572-2022","addr":"1235 Elm Avenue\nGlendale, Ca 91201","cat":"ADU","approved":"2023-04-05","started":"2023-05-08","done":"2024-08-15","units":1,"zone_group":"single_family","hood":"Grandview","approved_year":2023,"started_year":2023,"done_year":2024,"status":"done"}},{"type":"Feature","geometry":{"type":"Point","coordinates":[-118.268747,34.159659]},"properties":{"id":"BCB2117632  PADU2117628","addr":"640 W Glenoaks Blvd\nGlendale, Ca 91202","cat":"ADU","approved":"2023-01-27","started":"2023-05-11","done":"2025-06-27","units":1,"zone_group":"multifamily","hood":"Glenwood","approved_year":2023,"started_year":2023,"done_year":2025,"status":"done"}},{"type":"Feature","geometry":{"type":"Point","coordinates":[-118.288124,34.180723]},"properties":{"id":"BCB2208383   \nPADU2208941","addr":"1353 Linden Ave\nGlendale, Ca 91201","cat":"ADU","approved":"2023-06-14","started":"2023-06-14","done":"2025-05-08","units":1,"zone_group":"single_family","hood":"El Miradero","approved_year":2023,"started_year":2023,"done_year":2025,"status":"done"}},{"type":"Feature","geometry":{"type":"Point","coordinates":[-118.241805,34.151458]},"properties":{"id":"BCB2200204   PADU2101071","addr":"342 N Adams St\nGlendale, Ca 91206","cat":"ADU","approved":"2021-08-25","started":"2023-06-15","units":1,"zone_group":"multifamily","hood":"Citrus Grove","approved_year":2021,"started_year":2023,"status":"started"}},{"type":"Feature","geometry":{"type":"Point","coordinates":[-118.232645,34.13811]},"properties":{"id":"BCB2004245   \nPADU2114998","addr":"1421 E Windsor Road, Unit A, Glendale, Ca 91205","cat":"ADU","approved":"2023-06-20","started":"2023-06-22","done":"2024-02-13","units":1,"zone_group":"single_family","hood":"Somerset","fire":"High","approved_year":2023,"started_year":2023,"done_year":2024,"status":"done"}},{"type":"Feature","geometry":{"type":"Point","coordinates":[-118.249062,34.228787]},"properties":{"id":"BCB2201146 PADU2201072","addr":"3206 Maryann Street, Unit A, Glendale, Ca 91214","cat":"ADU","approved":"2022-11-17","started":"2023-08-11","done":"2024-06-13","units":1,"zone_group":"multifamily","hood":"Crescenta Highlands","approved_year":2022,"started_year":2023,"done_year":2024,"status":"done"}},{"type":"Feature","geometry":{"type":"Point","coordinates":[-118.260319,34.133458]},"properties":{"id":"BSFD-007714-2023","addr":"352 W Chevy Chase Drive\nGlendale, Ca 91204","cat":"ADU","approved":"2023-08-22","started":"2023-08-22","done":"2024-10-21","units":1,"zone_group":"multifamily","hood":"Tropico","approved_year":2023,"started_year":2023,"done_year":2024,"status":"done"}},{"type":"Feature","geometry":{"type":"Point","coordinates":[-118.241857,34.131528]},"properties":{"id":"BSFD-008603-2023","addr":"1235 S Adams Street, Unit B, Glendale, Ca 91205","cat":"ADU","approved":"2023-08-23","started":"2023-08-23","done":"2024-08-19","units":1,"zone_group":"single_family","hood":"Adams Hill","fire":"Moderate","approved_year":2023,"started_year":2023,"done_year":2024,"status":"done"}},{"type":"Feature","geometry":{"type":"Point","coordinates":[-118.242522,34.211821]},"properties":{"id":"BSFD-004045-2023         PADU-000687-2022","addr":"2901 Sycamore Avenue, Unit A, Glendale, Ca 91214","cat":"ADU","approved":"2023-09-12","started":"2023-09-13","done":"2024-04-26","units":1,"zone_group":"single_family","hood":"Montrose","fire":"Very High","liquefaction":true,"approved_year":2023,"started_year":2023,"done_year":2024,"status":"done"}},{"type":"Feature","geometry":{"type":"Point","coordinates":[-118.26078,34.132172]},"properties":{"id":"BMULTI-001966-2022 \nPADU-000372-2022","addr":"367 W Palmer Avenue, Unit B, Glendale, Ca 91204","cat":"ADU","approved":"2023-09-27","started":"2023-10-04","done":"2025-03-10","units":1,"zone_group":"multifamily","hood":"Tropico","approved_year":2023,"started_year":2023,"done_year":2025,"status":"done"}},{"type":"Feature","geometry":{"type":"Point","coordinates":[-118.248642,34.162728]},"properties":{"id":"BCB2212621 PADU2212251","addr":"1134 N Isabel St\nGlendale, Ca 91207","cat":"ADU","approved":"2023-10-12","started":"2023-10-12","done":"2025-01-29","units":1,"zone_group":"single_family","hood":"Rossmoyne","fire":"High","approved_year":2023,"started_year":2023,"done_year":2025,"status":"done"}},{"type":"Feature","geometry":{"type":"Point","coordinates":[-118.22836,34.169891]},"properties":{"id":"BMULTI-001670-2022 \nPADU-000131-2022","addr":"1554 The Midway Street, Unit A, Glendale, Ca 91208","cat":"ADU","approved":"2023-10-05","started":"2023-10-13","done":"2024-05-23","units":1,"zone_group":"commercial","hood":"Verdugo Woodlands","fire":"Very High","liquefaction":true,"approved_year":2023,"started_year":2023,"done_year":2024,"status":"done"}},{"type":"Feature","geometry":{"type":"Point","coordinates":[-118.247165,34.164506]},"properties":{"id":"BSFD-006830-2023  PADU-001294-2023","addr":"1218 N Howard Street\nGlendale, Ca 91207","cat":"ADU","approved":"2023-10-16","started":"2023-10-30","units":1,"zone_group":"single_family","hood":"Rossmoyne","fire":"Very High","approved_year":2023,"started_year":2023,"status":"started"}},{"type":"Feature","geometry":{"type":"Point","coordinates":[-118.295889,34.176112]},"properties":{"id":"BCB2108661 \nPADU2107554","addr":"2042 E Glenoaks Blvd\nGlendale, Ca 91206","cat":"ADU","approved":"2023-11-22","started":"2023-11-22","done":"2024-05-24","units":1,"zone_group":"commercial","hood":"Grandview","approved_year":2023,"started_year":2023,"done_year":2024,"status":"done"}},{"type":"Feature","geometry":{"type":"Point","coordinates":[-118.212591,34.160419]},"properties":{"id":"BCB2118974 PDRNRAF1709694","addr":"910 Laird Dr","cat":"Single-family home","approved":"2017-12-14","started":"2023-05-30","units":1,"zone_group":"single_family","hood":"Chevy Chase","fire":"Very High","approved_year":2017,"started_year":2023,"status":"started"}},{"type":"Feature","geometry":{"type":"Point","coordinates":[-118.204888,34.167175]},"properties":{"id":"BSFD-009254-202  PDRNRAF2211918","addr":"2900 Greenwich Rd\nGlendale, Ca 91206","cat":"Single-family home","approved":"2023-02-14","units":1,"zone_group":"single_family","hood":"Chevy Chase","fire":"Very High","approved_year":2023,"status":"approved"}},{"type":"Feature","geometry":{"type":"Point","coordinates":[-118.278339,34.183676]},"properties":{"id":"BSFD-007757-2023   PDRNRAF2211743","addr":"1650 Vista Dr\nGlendale, Ca 91201","cat":"Single-family home","approved":"2023-02-14","started":"2024-03-24","units":1,"zone_group":"single_family","hood":"El Miradero","fire":"Very High","approved_year":2023,"started_year":2024,"status":"started"}},{"type":"Feature","geometry":{"type":"Point","coordinates":[-118.303451,34.164514]},"properties":{"id":"PADR-000499-2022","addr":"316 Allen Avenue\nGlendale, Ca 91201","cat":"Single-family home","approved":"2023-09-29","units":1,"zone_group":"multifamily","hood":"Riverside Rancho","liquefaction":true,"approved_year":2023,"status":"approved"}},{"type":"Feature","geometry":{"type":"Point","coordinates":[-118.301499,34.164745]},"properties":{"id":"PADR-000695-2022","addr":"410 Irving Avenue\nGlendale, Ca 91201","cat":"Single-family home","approved":"2023-10-24","units":2,"zone_group":"multifamily","hood":"Riverside Rancho","liquefaction":true,"approved_year":2023,"status":"approved"}},{"type":"Feature","geometry":{"type":"Point","coordinates":[-118.249265,34.171039]},"properties":{"id":"BCB1826920","addr":"1644 Cielito Dr. Unit A","cat":"ADU","approved":"2019-03-19","started":"2019-03-19","done":"2020-08-14","units":1,"zone_group":"single_family","hood":"Rossmoyne","fire":"Very High","approved_year":2019,"started_year":2019,"done_year":2020,"status":"done"}},{"type":"Feature","geometry":{"type":"Point","coordinates":[-118.27419,34.163728]},"properties":{"id":"BCB1830475","addr":"1158 Highland Ave. Unit A","cat":"ADU","approved":"2019-05-03","started":"2019-05-03","done":"2020-06-30","units":1,"zone_group":"single_family","hood":"Glenwood","approved_year":2019,"started_year":2019,"done_year":2020,"status":"done"}},{"type":"Feature","geometry":{"type":"Point","coordinates":[-118.265426,34.15161]},"properties":{"id":"BCB 1914002","addr":"517 W. Lexington Dr., Unit A","cat":"ADU","approved":"2019-07-16","started":"2019-07-16","units":1,"zone_group":"multifamily","hood":"Vineyard","approved_year":2019,"started_year":2019,"status":"started"}},{"type":"Feature","geometry":{"type":"Point","coordinates":[-118.249602,34.163261]},"properties":{"id":"BCB1911634","addr":"1148 N. Jackson St., Unit A","cat":"ADU","approved":"2019-06-14","started":"2019-06-14","units":1,"zone_group":"single_family","hood":"Rossmoyne","fire":"High","approved_year":2019,"started_year":2019,"status":"started"}},{"type":"Feature","geometry":{"type":"Point","coordinates":[-118.272241,34.175555]},"properties":{"id":"BCB1904002","addr":"1671 Ard Eevin Ave. Unit A","cat":"ADU","approved":"2020-01-16","started":"2020-01-16","done":"2020-10-20","units":1,"zone_group":"single_family","hood":"Glenwood","fire":"Very High","approved_year":2020,"started_year":2020,"done_year":2020,"status":"done"}},{"type":"Feature","geometry":{"type":"Point","coordinates":[-118.278242,34.161487]},"properties":{"id":"BCB2000504","addr":"909 Norton Ave., Unit A","cat":"ADU","approved":"2020-05-07","started":"2020-05-07","done":"2020-06-10","units":1,"zone_group":"single_family","hood":"Pelanconi","approved_year":2020,"started_year":2020,"done_year":2020,"status":"done"}},{"type":"Feature","geometry":{"type":"Point","coordinates":[-118.262005,34.235076]},"properties":{"id":"BCB2117785","addr":"3806 4Th Ave","cat":"ADU","approved":"2022-02-10","started":"2022-02-24","units":1,"zone_group":"single_family","hood":"Crescenta Highlands","approved_year":2022,"started_year":2022,"status":"started"}},{"type":"Feature","geometry":{"type":"Point","coordinates":[-118.275756,34.158436]},"properties":{"id":"BCB2106988 PADU2106833","addr":"851 Patterson Ave, Unit A","cat":"ADU","approved":"2021-11-18","started":"2022-06-15","done":"2025-09-08","units":1,"zone_group":"single_family","hood":"Pelanconi","dam":true,"approved_year":2021,"started_year":2022,"done_year":2025,"status":"done"}},{"type":"Feature","geometry":{"type":"Point","coordinates":[-118.230369,34.14154]},"properties":{"id":"BB2113449","addr":"1525 Dixon Unit: Unit B","cat":"ADU","approved":"2022-09-16","started":"2022-11-04","done":"2025-06-16","units":1,"zone_group":"multifamily","hood":"Somerset","fire":"Very High","approved_year":2022,"started_year":2022,"done_year":2025,"status":"done"}},{"type":"Feature","geometry":{"type":"Point","coordinates":[-118.273167,34.164263]},"properties":{"id":"BCB2118619","addr":"1217 Virginia # A Ave","cat":"ADU","approved":"2022-12-14","started":"2022-12-20","done":"2023-05-08","units":1,"zone_group":"single_family","hood":"Glenwood","approved_year":2022,"started_year":2022,"done_year":2023,"status":"done"}},{"type":"Feature","geometry":{"type":"Point","coordinates":[-118.271218,34.169445]},"properties":{"id":"BCB2110440   \nPADU2110436","addr":"1432 Virginia Avenue, Unit A, Glendale, Ca 91202","cat":"ADU","approved":"2022-11-15","started":"2023-01-06","done":"2024-12-10","units":1,"zone_group":"single_family","hood":"Glenwood","approved_year":2022,"started_year":2023,"done_year":2024,"status":"done"}},{"type":"Feature","geometry":{"type":"Point","coordinates":[-118.240012,34.156852]},"properties":{"id":"BCB2204397 PADU2204413","addr":"728 N Adams Street, Unit A, Glendale, Ca 91206","cat":"ADU","approved":"2023-01-13","started":"2023-01-20","done":"2025-02-03","units":1,"zone_group":"multifamily","hood":"Woodbury","fire":"High","liquefaction":true,"approved_year":2023,"started_year":2023,"done_year":2025,"status":"done"}},{"type":"Feature","geometry":{"type":"Point","coordinates":[-118.24888,34.138062]},"properties":{"id":"BCB2206405 \nPADU2210079","addr":"526 Raleigh St Jadu\nGlendale, Ca 91205","cat":"ADU","approved":"2023-02-02","started":"2023-02-06","done":"2024-04-11","units":1,"zone_group":"multifamily","hood":"Mariposa","approved_year":2023,"started_year":2023,"done_year":2024,"status":"done"}},{"type":"Feature","geometry":{"type":"Point","coordinates":[-118.249654,34.132616]},"properties":{"id":"BB2203944 PADU2203935","addr":"508 E Palmer Avenue, Unit A, Glendale, Ca 91205","cat":"ADU","approved":"2023-02-02","started":"2023-02-13","done":"2023-07-21","units":1,"zone_group":"multifamily","hood":"Adams Hill","approved_year":2023,"started_year":2023,"done_year":2023,"status":"done"}},{"type":"Feature","geometry":{"type":"Point","coordinates":[-118.294251,34.179708]},"properties":{"id":"BSFD-002206-2022  PADU1916431","addr":"1220 Alameda Avenue, Unit A, Glendale, Ca 91201","cat":"ADU","approved":"2023-02-17","started":"2023-02-28","done":"2024-07-22","units":1,"zone_group":"single_family","hood":"Grandview","approved_year":2023,"started_year":2023,"done_year":2024,"status":"done"}},{"type":"Feature","geometry":{"type":"Point","coordinates":[-118.242926,34.151581]},"properties":{"id":"BB2205596 PADU2205583","addr":"341 N Belmont Street, Unit B, Glendale, Ca 91206","cat":"ADU","approved":"2023-03-03","started":"2023-03-03","done":"2023-07-26","units":1,"zone_group":"multifamily","hood":"Citrus Grove","approved_year":2023,"started_year":2023,"done_year":2023,"status":"done"}},{"type":"Feature","geometry":{"type":"Point","coordinates":[-118.289259,34.178017]},"properties":{"id":"BCB2206660  PADU2206496","addr":"1267 Allen Avenue, Unit A, Glendale, Ca 91201","cat":"ADU","approved":"2023-03-06","started":"2023-03-06","done":"2023-05-25","units":1,"zone_group":"single_family","hood":"Grandview","approved_year":2023,"started_year":2023,"done_year":2023,"status":"done"}},{"type":"Feature","geometry":{"type":"Point","coordinates":[-118.243351,34.162195]},"properties":{"id":"BSFD-000807-2022  \nPADU-000108-2022","addr":"1145 Cordova Avenue, Unit A, Glendale, Ca 91207","cat":"ADU","approved":"2022-12-13","started":"2023-03-20","done":"2023-10-16","units":1,"zone_group":"single_family","hood":"Rossmoyne","fire":"Very High","approved_year":2022,"started_year":2023,"done_year":2023,"status":"done"}},{"type":"Feature","geometry":{"type":"Point","coordinates":[-118.262223,34.148031]},"properties":{"id":"BCB2206502    PADU2019188","addr":"419 W Wilson Ave\nGlendale, Ca 91203","cat":"ADU","approved":"2023-03-29","started":"2023-03-29","done":"2024-02-13","units":1,"zone_group":"multifamily","hood":"Vineyard","approved_year":2023,"started_year":2023,"done_year":2024,"status":"done"}},{"type":"Feature","geometry":{"type":"Point","coordinates":[-118.246518,34.134858]},"properties":{"id":"BB2205598  \nPADU2205581","addr":"704 E Acacia Avenue, Unit D, Glendale, Ca 91205","cat":"ADU","approved":"2023-04-11","started":"2023-04-18","done":"2023-10-18","units":1,"zone_group":"multifamily","hood":"Mariposa","approved_year":2023,"started_year":2023,"done_year":2023,"status":"done"}},{"type":"Feature","geometry":{"type":"Point","coordinates":[-118.236073,34.140655]},"properties":{"id":"BSFD-003171-2023PADU-000728-2023","addr":"500 Fischer Street, Unit A, Glendale, Ca 91205","cat":"ADU","approved":"2023-05-23","started":"2023-08-08","done":"2024-06-06","units":1,"zone_group":"multifamily","hood":"Somerset","approved_year":2023,"started_year":2023,"done_year":2024,"status":"done"}},{"type":"Feature","geometry":{"type":"Point","coordinates":[-118.268405,34.150756]},"properties":{"id":"BCB2211061   PADU2210880","addr":"640 Myrtle St\nGlendale, Ca 91203","cat":"ADU","approved":"2023-08-28","started":"2023-10-02","done":"2024-11-26","units":1,"zone_group":"multifamily","hood":"Vineyard","approved_year":2023,"started_year":2023,"done_year":2024,"status":"done"}},{"type":"Feature","geometry":{"type":"Point","coordinates":[-118.245799,34.158895]},"properties":{"id":"BCB2201362 PADU2200693","addr":"901 N. Everett, Unit A","cat":"ADU","approved":"2023-01-18","started":"2023-01-18","done":"2023-11-01","units":1,"zone_group":"single_family","hood":"Rossmoyne","approved_year":2023,"started_year":2023,"done_year":2023,"status":"done"}},{"type":"Feature","geometry":{"type":"Point","coordinates":[-118.28807,34.167859]},"properties":{"id":"BSFD-007771-2023","addr":"1037 Ruberta Avenue Unit B\nGlendale, Ca 91201","cat":"2\u20134 units","approved":"2023-07-21","started":"2023-07-21","done":"2024-05-23","units":1,"zone_group":"multifamily","hood":"Grandview","approved_year":2023,"started_year":2023,"done_year":2024,"status":"done"}},{"type":"Feature","geometry":{"type":"Point","coordinates":[-118.278134,34.168372]},"properties":{"id":"BSFD-008846-2023","addr":"1338 Cleveland Road Unit: A\nGlendale, Ca 91202","cat":"ADU","approved":"2024-02-14","started":"2024-02-23","done":"2024-08-28","units":1,"zone_group":"single_family","hood":"Glenwood","approved_year":2024,"started_year":2024,"done_year":2024,"status":"done"}},{"type":"Feature","geometry":{"type":"Point","coordinates":[-118.226273,34.18174]},"properties":{"id":"BSFD-007113-2023","addr":"1758 Brook Lane Unit A\nGlendale, Ca 91208","cat":"ADU","approved":"2024-01-09","started":"2024-01-19","done":"2024-09-16","units":1,"zone_group":"single_family","hood":"Verdugo Woodlands","fire":"Very High","liquefaction":true,"approved_year":2024,"started_year":2024,"done_year":2024,"status":"done"}},{"type":"Feature","geometry":{"type":"Point","coordinates":[-118.273422,34.160555]},"properties":{"id":"BSFD-014642-2024","addr":"815 W Glenoaks Boulevard Unit: C\nGlendale, Ca 91202","cat":"ADU","approved":"2024-05-06","started":"2024-05-06","done":"2024-10-03","units":1,"zone_group":"multifamily","hood":"Glenwood","dam":true,"approved_year":2024,"started_year":2024,"done_year":2024,"status":"done"}},{"type":"Feature","geometry":{"type":"Point","coordinates":[-118.249135,34.160695]},"properties":{"id":"BSFD-004226-2023","addr":"1013 N Isabel Street Unit: A\nGlendale, Ca 91207","cat":"ADU","approved":"2024-06-25","started":"2024-02-06","done":"2024-10-07","units":1,"zone_group":"single_family","hood":"Rossmoyne","approved_year":2024,"started_year":2024,"done_year":2024,"status":"done"}},{"type":"Feature","geometry":{"type":"Point","coordinates":[-118.264877,34.145036]},"properties":{"id":"BSFD-003513-2023","addr":"515 Hawthorne Street Unit A\nGlendale, Ca 91204","cat":"ADU","approved":"2024-04-24","started":"2024-05-07","done":"2024-10-07","units":1,"zone_group":"multifamily","hood":"Moorpark","approved_year":2024,"started_year":2024,"done_year":2024,"status":"done"}},{"type":"Feature","geometry":{"type":"Point","coordinates":[-118.268016,34.149827]},"properties":{"id":"BSFD-014929-2024","addr":"631 W California Avenue Unit A\nGlendale, Ca 91203","cat":"ADU","approved":"2024-05-16","started":"2024-05-16","done":"2024-10-23","units":1,"zone_group":"multifamily","hood":"Vineyard","approved_year":2024,"started_year":2024,"done_year":2024,"status":"done"}},{"type":"Feature","geometry":{"type":"Point","coordinates":[-118.250278,34.227409]},"properties":{"id":"BSFD-010857-2023","addr":"3241 Prospect Avenue Unit: A\nGlendale, Ca 91214","cat":"ADU","approved":"2024-05-03","started":"2024-05-07","done":"2024-12-17","units":1,"zone_group":"single_family","hood":"Crescenta Highlands","approved_year":2024,"started_year":2024,"done_year":2024,"status":"done"}},{"type":"Feature","geometry":{"type":"Point","coordinates":[-118.280336,34.168473]},"properties":{"id":"BSFD-004746-2023","addr":"1328 Grandview Avenue Unit A\nGlendale, Ca 91201","cat":"ADU","approved":"2024-03-05","started":"2024-03-26","done":"2024-12-17","units":1,"zone_group":"single_family","hood":"Glenwood","approved_year":2024,"started_year":2024,"done_year":2024,"status":"done"}},{"type":"Feature","geometry":{"type":"Point","coordinates":[-118.236417,34.145401]},"properties":{"id":"BCB2211655","addr":"1326 Carlton Drive Unit A\nGlendale, Ca 91205","cat":"ADU","approved":"2024-05-17","started":"2024-05-17","done":"2024-12-23","units":1,"zone_group":"multifamily","hood":"Citrus Grove","approved_year":2024,"started_year":2024,"done_year":2024,"status":"done"}},{"type":"Feature","geometry":{"type":"Point","coordinates":[-118.242485,34.133829]},"properties":{"id":"BMULTI-002329-2022","addr":"1011 E Chevy Chase Drive, Unit C","cat":"ADU","approved":"2023-12-08","started":"2024-06-20","done":"2025-08-19","units":1,"zone_group":"multifamily","hood":"Mariposa","fire":"Moderate","dam":true,"approved_year":2023,"started_year":2024,"done_year":2025,"status":"done"}},{"type":"Feature","geometry":{"type":"Point","coordinates":[-118.275853,34.17972]},"properties":{"id":"BCB2209929","addr":"1039 W Mountain Street, Unit A","cat":"ADU","approved":"2024-07-24","started":"2024-07-31","units":1,"zone_group":"single_family","hood":"Glenwood","fire":"Very High","approved_year":2024,"started_year":2024,"status":"started"}},{"type":"Feature","geometry":{"type":"Point","coordinates":[-118.248218,34.164677]},"properties":{"id":"BSFD-010328-2023","addr":"1220 N Isabel Street, Unit A","cat":"ADU","approved":"2024-11-27","started":"2024-12-10","done":"2025-09-26","units":1,"zone_group":"single_family","hood":"Rossmoyne","fire":"Very High","approved_year":2024,"started_year":2024,"done_year":2025,"status":"done"}},{"type":"Feature","geometry":{"type":"Point","coordinates":[-118.236243,34.165074]},"properties":{"id":"BSFD-011369-2023","addr":"1347 Moncado Drive, Unit A","cat":"ADU","approved":"2024-09-26","started":"2024-10-15","done":"2025-09-02","units":1,"zone_group":"single_family","hood":"Rossmoyne","fire":"Very High","liquefaction":true,"approved_year":2024,"started_year":2024,"done_year":2025,"status":"done"}},{"type":"Feature","geometry":{"type":"Point","coordinates":[-118.229703,34.18412]},"properties":{"id":"BSFD-012949-2024","addr":"1658 Del Valle Avenue","cat":"ADU","approved":"2024-10-28","started":"2024-11-07","done":"2025-04-24","units":2,"zone_group":"commercial","hood":"Verdugo Woodlands","fire":"Very High","liquefaction":true,"approved_year":2024,"started_year":2024,"done_year":2025,"status":"done"}},{"type":"Feature","geometry":{"type":"Point","coordinates":[-118.226661,34.17243]},"properties":{"id":"BMULTI-012748-2024","addr":"1717 N Verdugo Road, Unit A","cat":"ADU","approved":"2024-05-20","started":"2024-06-03","done":"2025-02-10","units":1,"zone_group":"multifamily","hood":"Verdugo Woodlands","fire":"Very High","liquefaction":true,"approved_year":2024,"started_year":2024,"done_year":2025,"status":"done"}},{"type":"Feature","geometry":{"type":"Point","coordinates":[-118.227592,34.176131]},"properties":{"id":"BSFD-008091-2023","addr":"1727 Hiawatha Drive, Unit A","cat":"ADU","approved":"2024-07-24","started":"2024-08-06","done":"2025-10-13","units":1,"zone_group":"single_family","hood":"Verdugo Woodlands","fire":"Very High","liquefaction":true,"approved_year":2024,"started_year":2024,"done_year":2025,"status":"done"}},{"type":"Feature","geometry":{"type":"Point","coordinates":[-118.226986,34.154428]},"properties":{"id":"BSFD-016312-2024","addr":"1802 E Chevy Chase Drive, Unit B","cat":"ADU","approved":"2024-12-18","started":"2024-12-23","units":1,"zone_group":"multifamily","hood":"Woodbury","fire":"Very High","approved_year":2024,"started_year":2024,"status":"started"}},{"type":"Feature","geometry":{"type":"Point","coordinates":[-118.237334,34.214305]},"properties":{"id":"BSFD-005224-2023","addr":"2660 Montrose Avenue, Unit A","cat":"ADU","approved":"2024-02-26","started":"2024-03-01","done":"2025-05-21","units":1,"zone_group":"multifamily","hood":"Montrose","approved_year":2024,"started_year":2024,"done_year":2025,"status":"done"}},{"type":"Feature","geometry":{"type":"Point","coordinates":[-118.229472,34.141825]},"properties":{"id":"BSFD-005459-2023","addr":"324 Lincoln Avenue, Unit A","cat":"ADU","approved":"2024-09-08","started":"2024-10-17","units":1,"zone_group":"multifamily","hood":"Somerset","fire":"Very High","approved_year":2024,"started_year":2024,"status":"started"}},{"type":"Feature","geometry":{"type":"Point","coordinates":[-118.261011,34.23392]},"properties":{"id":"BSFD-004305-2023","addr":"3741 5Th Avenue, Unit A","cat":"ADU","approved":"2024-02-15","started":"2024-03-08","units":1,"zone_group":"single_family","hood":"Crescenta Highlands","approved_year":2024,"started_year":2024,"status":"started"}},{"type":"Feature","geometry":{"type":"Point","coordinates":[-118.263077,34.140793]},"properties":{"id":"BSFD-006169-2023","addr":"452 Vine Street, Unit A","cat":"ADU","approved":"2024-08-30","started":"2024-09-12","done":"2025-08-15","units":1,"zone_group":"multifamily","hood":"Pacific-Edison","approved_year":2024,"started_year":2024,"done_year":2025,"status":"done"}},{"type":"Feature","geometry":{"type":"Point","coordinates":[-118.249265,34.171039]},"properties":{"id":"PDR-000542-2022\nBSFD-019118-2024","addr":"1644 Cielito Drive","cat":"Single-family home","approved":"2024-01-25","units":1,"zone_group":"single_family","hood":"Rossmoyne","fire":"Very High","approved_year":2024,"status":"approved"}},{"type":"Feature","geometry":{"type":"Point","coordinates":[-118.26953,34.163107]},"properties":{"id":"PADR-002378-2023","addr":"1170 N Kenilworth Avenue","cat":"2\u20134 units","approved":"2024-03-11","units":3,"zone_group":"multifamily","hood":"Glenwood","approved_year":2024,"status":"approved"}},{"type":"Feature","geometry":{"type":"Point","coordinates":[-118.243103,34.199542]},"properties":{"id":"PDR-003553-2024","addr":"2943 Oakmont View Drive","cat":"Single-family home","approved":"2024-11-14","units":1,"zone_group":"single_family","hood":"Oakmont","fire":"Very High","approved_year":2024,"status":"approved"}},{"type":"Feature","geometry":{"type":"Point","coordinates":[-118.282022,34.16786]},"properties":{"id":"BCB2111157","addr":"1147 Rosedale Ave","cat":"ADU","approved":"2021-10-06","started":"2022-01-27","done":"2024-11-22","units":1,"zone_group":"multifamily","hood":"Grandview","approved_year":2021,"started_year":2022,"done_year":2024,"status":"done"}},{"type":"Feature","geometry":{"type":"Point","coordinates":[-118.289207,34.178933]},"properties":{"id":"BCB2204588","addr":"1912 W Kenneth Road Unit: A","cat":"ADU","approved":"2022-08-22","started":"2022-10-19","done":"2024-04-12","units":1,"zone_group":"single_family","hood":"El Miradero","approved_year":2022,"started_year":2022,"done_year":2024,"status":"done"}},{"type":"Feature","geometry":{"type":"Point","coordinates":[-118.251416,34.153043]},"properties":{"id":"BB1904681, BB1904678","addr":"503 N Kenwood St","cat":"5+ units","approved":"2017-04-14","started":"2022-12-28","units":24,"zone_group":"multifamily","hood":"City Center","approved_year":2017,"started_year":2022,"status":"started"}},{"type":"Feature","geometry":{"type":"Point","coordinates":[-118.284797,34.179011]},"properties":{"id":"BCB2204402   \nPADU2203971","addr":"1369 Thompson Ave\nGlendale, Ca 91201","cat":"ADU","approved":"2023-01-04","started":"2023-01-04","done":"2025-08-14","units":1,"zone_group":"single_family","hood":"El Miradero","approved_year":2023,"started_year":2023,"done_year":2025,"status":"done"}},{"type":"Feature","geometry":{"type":"Point","coordinates":[-118.210807,34.164217]},"properties":{"id":"BCB2210135 PADU2210066","addr":"2711 Kennington Dr\nGlendale, Ca 91206","cat":"ADU","approved":"2023-02-14","started":"2023-02-14","done":"2024-03-26","units":1,"zone_group":"single_family","hood":"Chevy Chase","fire":"Very High","approved_year":2023,"started_year":2023,"done_year":2024,"status":"done"}},{"type":"Feature","geometry":{"type":"Point","coordinates":[-118.241843,34.147459]},"properties":{"id":"BCB2112117 PADU2109893","addr":"131 N Adams St\nGlendale, Ca 91206","cat":"ADU","approved":"2022-05-13","started":"2023-03-14","done":"2024-04-09","units":1,"zone_group":"multifamily","hood":"Citrus Grove","approved_year":2022,"started_year":2023,"done_year":2024,"status":"done"}},{"type":"Feature","geometry":{"type":"Point","coordinates":[-118.225996,34.155897]},"properties":{"id":"BSFD-002605-2022  PADU-000476-2022","addr":"1904 Academy Place\nGlendale, Ca 91206","cat":"ADU","approved":"2023-03-31","started":"2023-04-26","done":"2024-12-23","units":1,"zone_group":"single_family","hood":"Woodbury","fire":"Very High","approved_year":2023,"started_year":2023,"done_year":2024,"status":"done"}},{"type":"Feature","geometry":{"type":"Point","coordinates":[-118.208514,34.169857]},"properties":{"id":"BCB2209982   PADU2210026","addr":"1555 Arundle Place, Unit A, Glendale, Ca 91206","cat":"ADU","approved":"2023-06-06","started":"2023-06-06","units":1,"zone_group":"single_family","hood":"Chevy Chase","fire":"Very High","approved_year":2023,"started_year":2023,"status":"started"}},{"type":"Feature","geometry":{"type":"Point","coordinates":[-118.229287,34.199923]},"properties":{"id":"BB2113713","addr":"3335 Triangle Place Unit:A\nGlendale, Ca 91208","cat":"ADU","approved":"2023-04-03","started":"2023-04-03","done":"2024-02-27","units":1,"zone_group":"multifamily","hood":"Sparr Heights","fire":"Very High","liquefaction":true,"approved_year":2023,"started_year":2023,"done_year":2024,"status":"done"}},{"type":"Feature","geometry":{"type":"Point","coordinates":[-118.273423,34.159391]},"properties":{"id":"BSFD-009183-2023","addr":"804 Arden Avenue Unit: A\nGlendale, Ca 91202","cat":"ADU","approved":"2024-01-24","started":"2024-03-06","done":"2024-07-05","units":1,"zone_group":"single_family","hood":"Pelanconi","approved_year":2024,"started_year":2024,"done_year":2024,"status":"done"}},{"type":"Feature","geometry":{"type":"Point","coordinates":[-118.26679,34.161626]},"properties":{"id":"BCB2212540","addr":"550 Palm Drive Unit: A\nGlendale, Ca 91202","cat":"ADU","approved":"2024-01-09","started":"2024-01-09","done":"2024-07-12","units":1,"zone_group":"multifamily","hood":"Glenwood","dam":true,"approved_year":2024,"started_year":2024,"done_year":2024,"status":"done"}},{"type":"Feature","geometry":{"type":"Point","coordinates":[-118.295361,34.177036]},"properties":{"id":"BMULTI-006384-2023","addr":"1136 Spazier Avenue Unit: A\nGlendale, Ca 91201","cat":"ADU","approved":"2024-02-08","started":"2024-02-23","done":"2024-08-12","units":1,"zone_group":"multifamily","hood":"Grandview","approved_year":2024,"started_year":2024,"done_year":2024,"status":"done"}},{"type":"Feature","geometry":{"type":"Point","coordinates":[-118.246124,34.154662]},"properties":{"id":"BMULTI-005291-2023","addr":"741 E Doran Street Unit: B\nGlendale, Ca 91206","cat":"ADU","approved":"2024-04-01","started":"2024-04-04","done":"2024-08-15","units":1,"zone_group":"multifamily","hood":"City Center","approved_year":2024,"started_year":2024,"done_year":2024,"status":"done"}},{"type":"Feature","geometry":{"type":"Point","coordinates":[-118.279533,34.180685]},"properties":{"id":"BCB1815329","addr":"1534 Western Ave Unit A\nGlendale, Ca 91201","cat":"ADU","approved":"2024-04-25","started":"2024-04-29","done":"2024-09-06","units":1,"zone_group":"single_family","hood":"El Miradero","fire":"Very High","approved_year":2024,"started_year":2024,"done_year":2024,"status":"done"}},{"type":"Feature","geometry":{"type":"Point","coordinates":[-118.261423,34.1408]},"properties":{"id":"BB2102917","addr":"410 Vine Street Apt C\nGlendale, Ca 91204","cat":"ADU","approved":"2024-05-07","started":"2024-05-28","done":"2024-09-19","units":1,"zone_group":"multifamily","hood":"Pacific-Edison","approved_year":2024,"started_year":2024,"done_year":2024,"status":"done"}},{"type":"Feature","geometry":{"type":"Point","coordinates":[-118.264916,34.150813]},"properties":{"id":"BSFD-006552-2023","addr":"505 Myrtle Street Unit: A\nGlendale, Ca 91203","cat":"ADU","approved":"2024-03-22","started":"2024-04-01","done":"2024-09-26","units":1,"zone_group":"multifamily","hood":"Vineyard","approved_year":2024,"started_year":2024,"done_year":2024,"status":"done"}},{"type":"Feature","geometry":{"type":"Point","coordinates":[-118.266427,34.153156]},"properties":{"id":"BSFD-006069-2023","addr":"540 Alexander Street Unit: A\nGlendale, Ca 91203","cat":"ADU","approved":"2024-04-04","started":"2024-04-04","done":"2024-11-04","units":1,"zone_group":"multifamily","hood":"Vineyard","approved_year":2024,"started_year":2024,"done_year":2024,"status":"done"}},{"type":"Feature","geometry":{"type":"Point","coordinates":[-118.229876,34.190968]},"properties":{"id":"BSFD-005610-2023","addr":"1665 Country Club Drive Unit: A\nGlendale, Ca 91208","cat":"ADU","approved":"2024-01-09","started":"2024-01-17","done":"2024-11-21","units":1,"zone_group":"single_family","hood":"Verdugo Woodlands","fire":"Very High","liquefaction":true,"approved_year":2024,"started_year":2024,"done_year":2024,"status":"done"}},{"type":"Feature","geometry":{"type":"Point","coordinates":[-118.250257,34.133611]},"properties":{"id":"BMULTI-010750-2023","addr":"421 E Chevy Chase Drive Unit: A\nGlendale, Ca 91205","cat":"ADU","approved":"2024-08-08","started":"2024-08-16","done":"2024-11-26","units":1,"zone_group":"multifamily","hood":"Mariposa","approved_year":2024,"started_year":2024,"done_year":2024,"status":"done"}},{"type":"Feature","geometry":{"type":"Point","coordinates":[-118.23991,34.130817]},"properties":{"id":"BSFD-008256-2023","addr":"1135 Scofield Drive, Unit A","cat":"ADU","approved":"2024-05-28","started":"2024-06-27","done":"2025-03-11","units":1,"zone_group":"single_family","hood":"Adams Hill","fire":"High","approved_year":2024,"started_year":2024,"done_year":2025,"status":"done"}},{"type":"Feature","geometry":{"type":"Point","coordinates":[-118.28651,34.175774]},"properties":{"id":"BSFD-010364-2023","addr":"1261 Raymond Avenue, Unit A","cat":"ADU","approved":"2024-08-22","started":"2024-08-28","done":"2025-05-12","units":1,"zone_group":"single_family","hood":"Grandview","approved_year":2024,"started_year":2024,"done_year":2025,"status":"done"}},{"type":"Feature","geometry":{"type":"Point","coordinates":[-118.251887,34.243872]},"properties":{"id":"BSFD-002983-2023","addr":"5135 Finehill Avenue Unit: A\nGlendale, Ca 91214","cat":"ADU","approved":"2024-04-24","started":"2024-05-30","done":"2024-12-17","units":1,"zone_group":"single_family","hood":"Crescenta Highlands","fire":"Very High","approved_year":2024,"started_year":2024,"done_year":2024,"status":"done"}},{"type":"Feature","geometry":{"type":"Point","coordinates":[-118.29082,34.170003]},"properties":{"id":"BSFD-006563-2023","addr":"1036 Western Avenue, Unit E","cat":"ADU","approved":"2024-02-08","started":"2024-03-14","done":"2025-04-07","units":1,"zone_group":"multifamily","hood":"Grandview","approved_year":2024,"started_year":2024,"done_year":2025,"status":"done"}},{"type":"Feature","geometry":{"type":"Point","coordinates":[-118.288633,34.172068]},"properties":{"id":"BSFD-000799-2022","addr":"1130 Western Avenue, Unit C","cat":"ADU","approved":"2024-11-02","started":"2024-11-23","units":1,"zone_group":"multifamily","hood":"Grandview","approved_year":2024,"started_year":2024,"status":"started"}},{"type":"Feature","geometry":{"type":"Point","coordinates":[-118.239367,34.16734]},"properties":{"id":"BSFD-013703-2024","addr":"1407 San Pablo Drive, Unit A","cat":"ADU","approved":"2024-07-25","started":"2024-08-01","done":"2025-08-18","units":1,"zone_group":"single_family","hood":"Rossmoyne","fire":"Very High","approved_year":2024,"started_year":2024,"done_year":2025,"status":"done"}},{"type":"Feature","geometry":{"type":"Point","coordinates":[-118.283893,34.171025]},"properties":{"id":"BSFD-010731-2023","addr":"1515 Glenwood Road, Unit A","cat":"ADU","approved":"2024-04-30","started":"2024-06-04","done":"2025-02-24","units":1,"zone_group":"single_family","hood":"Grandview","approved_year":2024,"started_year":2024,"done_year":2025,"status":"done"}},{"type":"Feature","geometry":{"type":"Point","coordinates":[-118.269721,34.172201]},"properties":{"id":"BSFD-014456-2024","addr":"1540 Virginia Avenue","cat":"ADU","approved":"2024-10-07","started":"2024-10-17","done":"2025-10-20","units":1,"zone_group":"single_family","hood":"Glenwood","fire":"High","approved_year":2024,"started_year":2024,"done_year":2025,"status":"done"}},{"type":"Feature","geometry":{"type":"Point","coordinates":[-118.229467,34.154234]},"properties":{"id":"BSFD-010617-2023","addr":"1594 Trenton Avenue, Unit A","cat":"ADU","approved":"2024-01-31","started":"2024-04-04","units":1,"zone_group":"single_family","hood":"Woodbury","fire":"Very High","approved_year":2024,"started_year":2024,"status":"started"}},{"type":"Feature","geometry":{"type":"Point","coordinates":[-118.216655,34.149971]},"properties":{"id":"BSFD-008571-2023","addr":"2244 E Glenoaks Boulevard, Unit A","cat":"ADU","approved":"2024-08-15","started":"2024-09-23","done":"2025-06-25","units":1,"zone_group":"single_family","hood":"Glenoaks Canyon","fire":"Very High","dam":true,"approved_year":2024,"started_year":2024,"done_year":2025,"status":"done"}},{"type":"Feature","geometry":{"type":"Point","coordinates":[-118.240026,34.210121]},"properties":{"id":"BSFD-005296-2023","addr":"2800 Sycamore Avenue, Unit A","cat":"ADU","approved":"2024-03-22","started":"2024-03-25","done":"2025-03-31","units":1,"zone_group":"single_family","hood":"Montrose","fire":"Very High","approved_year":2024,"started_year":2024,"done_year":2025,"status":"done"}},{"type":"Feature","geometry":{"type":"Point","coordinates":[-118.20641,34.166381]},"properties":{"id":"BSFD-006619-2023","addr":"2833 E Chevy Chase Drive, Unit A","cat":"ADU","approved":"2024-05-30","started":"2024-06-28","done":"2025-05-05","units":1,"zone_group":"single_family","hood":"Chevy Chase","fire":"Very High","approved_year":2024,"started_year":2024,"done_year":2025,"status":"done"}},{"type":"Feature","geometry":{"type":"Point","coordinates":[-118.250094,34.15026]},"properties":{"id":"BSFD-007910-2023","addr":"306 N Jackson Street, Unit B","cat":"ADU","approved":"2024-04-22","started":"2024-04-29","units":1,"zone_group":"multifamily","hood":"City Center","approved_year":2024,"started_year":2024,"status":"started"}},{"type":"Feature","geometry":{"type":"Point","coordinates":[-118.234413,34.203441]},"properties":{"id":"BSFD-013500-2024","addr":"3515 Angelus Avenue","cat":"ADU","approved":"2024-10-15","started":"2024-10-24","done":"2025-08-26","units":1,"zone_group":"single_family","hood":"Sparr Heights","fire":"Moderate","liquefaction":true,"approved_year":2024,"started_year":2024,"done_year":2025,"status":"done"}},{"type":"Feature","geometry":{"type":"Point","coordinates":[-118.251112,34.214916]},"properties":{"id":"BSFD-005843-2023","addr":"3750 Hillway Drive, Unit A","cat":"ADU","approved":"2024-02-05","started":"2024-02-12","done":"2025-05-12","units":1,"zone_group":"single_family","hood":"Whiting Woods","fire":"Very High","liquefaction":true,"approved_year":2024,"started_year":2024,"done_year":2025,"status":"done"}},{"type":"Feature","geometry":{"type":"Point","coordinates":[-118.266234,34.150757]},"properties":{"id":"BSFD-009238-2023","addr":"536 Myrtle Street, Unit A","cat":"ADU","approved":"2024-08-23","started":"2024-09-25","done":"2025-07-15","units":1,"zone_group":"multifamily","hood":"Vineyard","approved_year":2024,"started_year":2024,"done_year":2025,"status":"done"}},{"type":"Feature","geometry":{"type":"Point","coordinates":[-118.267219,34.150756]},"properties":{"id":"BSFD-009666-2023","addr":"610 Myrtle Street, Unit A","cat":"ADU","approved":"2024-06-03","started":"2024-06-03","done":"2025-05-15","units":1,"zone_group":"multifamily","hood":"Vineyard","approved_year":2024,"started_year":2024,"done_year":2025,"status":"done"}},{"type":"Feature","geometry":{"type":"Point","coordinates":[-118.247988,34.155418]},"properties":{"id":"BMULTI-002607-2022","addr":"611 N Howard Street, Unit C","cat":"ADU","approved":"2023-12-03","started":"2024-06-03","done":"2025-07-15","units":1,"zone_group":"multifamily","hood":"City Center","approved_year":2023,"started_year":2024,"done_year":2025,"status":"done"}},{"type":"Feature","geometry":{"type":"Point","coordinates":[-118.268422,34.154806]},"properties":{"id":"BSFD-007356-2023","addr":"636 Pioneer Drive, Unit A","cat":"ADU","approved":"2024-04-29","started":"2024-10-04","done":"2025-08-04","units":1,"zone_group":"multifamily","hood":"Vineyard","approved_year":2024,"started_year":2024,"done_year":2025,"status":"done"}},{"type":"Feature","geometry":{"type":"Point","coordinates":[-118.268935,34.156383]},"properties":{"id":"BSFD-003437-2023","addr":"648 Patterson Avenue, Unit A","cat":"ADU","approved":"2024-06-05","started":"2024-07-17","units":1,"zone_group":"single_family","hood":"Fremont Park","approved_year":2024,"started_year":2024,"status":"started"}},{"type":"Feature","geometry":{"type":"Point","coordinates":[-118.270448,34.152231]},"properties":{"id":"BSFD-008592-2023","addr":"709 W Milford Street, Unit A","cat":"ADU","approved":"2024-04-18","started":"2024-04-24","units":1,"zone_group":"multifamily","hood":"Vineyard","approved_year":2024,"started_year":2024,"status":"started"}},{"type":"Feature","geometry":{"type":"Point","coordinates":[-118.280192,34.160805]},"properties":{"id":"BSFD-012927-2024","addr":"944 Zook Drive","cat":"ADU","approved":"2024-08-11","started":"2024-08-27","done":"2025-10-06","units":1,"zone_group":"single_family","hood":"Pelanconi","liquefaction":true,"approved_year":2024,"started_year":2024,"done_year":2025,"status":"done"}},{"type":"Feature","geometry":{"type":"Point","coordinates":[-118.249174,34.16017]},"properties":{"id":"BSFD-006835-2023","addr":"951 N Isabel Street, Unit A","cat":"ADU","approved":"2023-12-20","started":"2024-01-11","units":1,"zone_group":"single_family","hood":"Rossmoyne","approved_year":2023,"started_year":2024,"status":"started"}},{"type":"Feature","geometry":{"type":"Point","coordinates":[-118.299772,34.15998]},"properties":{"id":"PADR-001029-2023","addr":"230 Winchester Avenue","cat":"2\u20134 units","approved":"2024-06-17","units":1,"zone_group":"multifamily","hood":"Riverside Rancho","fire":"High","liquefaction":true,"approved_year":2024,"status":"approved"}},{"type":"Feature","geometry":{"type":"Point","coordinates":[-118.236575,34.130073]},"properties":{"id":"PDR-002344-2023\nBSFD-020317-2024","addr":"1434 Corona Drive","cat":"Single-family home","approved":"2024-04-25","units":1,"zone_group":"single_family","hood":"Adams Hill","fire":"Very High","landslide":true,"approved_year":2024,"status":"approved"}},{"type":"Feature","geometry":{"type":"Point","coordinates":[-118.245137,34.169382]},"properties":{"id":"PDR-003055-2024","addr":"1541 Remah Vista Drive","cat":"Single-family home","approved":"2024-08-08","units":1,"zone_group":"single_family","hood":"Rossmoyne","fire":"Very High","approved_year":2024,"status":"approved"}},{"type":"Feature","geometry":{"type":"Point","coordinates":[-118.238953,34.168415]},"properties":{"id":"PDR-003793-2024","addr":"1410 Greenbriar Road","cat":"Single-family home","approved":"2025-01-23","units":1,"zone_group":"single_family","hood":"Greenbriar","fire":"Very High","approved_year":2025,"status":"approved"}},{"type":"Feature","geometry":{"type":"Point","coordinates":[-118.228379,34.187001]},"properties":{"id":"PDR-003436-2024","addr":"1712 Glorietta Avenue","cat":"Single-family home","approved":"2024-02-27","units":1,"zone_group":"single_family","hood":"Verdugo Woodlands","fire":"Very High","liquefaction":true,"approved_year":2024,"status":"approved"}},{"type":"Feature","geometry":{"type":"Point","coordinates":[-118.237769,34.193528]},"properties":{"id":"PDR-004139-2024","addr":"1425 Beaudry Boulevard","cat":"Single-family home","approved":"2025-01-23","units":1,"zone_group":"single_family","hood":"Oakmont","fire":"Very High","liquefaction":true,"approved_year":2025,"status":"approved"}},{"type":"Feature","geometry":{"type":"Point","coordinates":[-118.22231,34.153333]},"properties":{"id":"BCB2211701 PADU2211700","addr":"465 Mount Carmel Dr\nGlendale, Ca 91206","cat":"ADU","approved":"2023-02-08","started":"2023-02-10","units":1,"zone_group":"single_family","hood":"Glenoaks Canyon","fire":"Very High","approved_year":2023,"started_year":2023,"status":"started"}},{"type":"Feature","geometry":{"type":"Point","coordinates":[-118.22226,34.183295]},"properties":{"id":"BSFD-006489-2023     PADU-001416-2023","addr":"1910 Fern Lane\nGlendale, Ca 91208","cat":"ADU","approved":"2023-10-25","started":"2023-10-27","done":"2024-05-23","units":1,"zone_group":"single_family","hood":"Verdugo Woodlands","fire":"Very High","liquefaction":true,"approved_year":2023,"started_year":2023,"done_year":2024,"status":"done"}},{"type":"Feature","geometry":{"type":"Point","coordinates":[-118.235352,34.206739]},"properties":{"id":"BCB2202250 PDRNRAF2101413","addr":"3651 Roselawn Ave","cat":"Single-family home","approved":"2021-05-13","started":"2023-08-15","units":1,"zone_group":"single_family","hood":"Sparr Heights","fire":"High","approved_year":2021,"started_year":2023,"status":"started"}},{"type":"Feature","geometry":{"type":"Point","coordinates":[-118.231173,34.136123]},"properties":{"id":"BB2205671 PADU2205045","addr":"917 Highline Rd Unit A Glendale, Ca 91205","cat":"ADU","approved":"2023-11-06","started":"2023-11-06","done":"2024-06-10","units":1,"zone_group":"single_family","hood":"Somerset","fire":"Very High","approved_year":2023,"started_year":2023,"done_year":2024,"status":"done"}},{"type":"Feature","geometry":{"type":"Point","coordinates":[-118.29236,34.179869]},"properties":{"id":"BCB2112333","addr":"1252 Spazier Avenue Unit: Unit A\nGlendale, Ca 91201","cat":"ADU","approved":"2022-12-09","started":"2022-12-15","done":"2024-05-20","units":1,"zone_group":"single_family","hood":"Grandview","approved_year":2022,"started_year":2022,"done_year":2024,"status":"done"}},{"type":"Feature","geometry":{"type":"Point","coordinates":[-118.268502,34.152372]},"properties":{"id":"BCB2209507","addr":"641 W Milford Street Unit: A\nGlendale, Ca 91203","cat":"ADU","approved":"2024-01-10","started":"2024-01-10","done":"2024-05-23","units":1,"zone_group":"multifamily","hood":"Vineyard","approved_year":2024,"started_year":2024,"done_year":2024,"status":"done"}},{"type":"Feature","geometry":{"type":"Point","coordinates":[-118.249535,34.13717]},"properties":{"id":"BSFD-007864-2023","addr":"509 E Windsor Road Unit: A\nGlendale, Ca 91205","cat":"ADU","approved":"2024-03-07","started":"2024-03-07","done":"2024-07-01","units":1,"zone_group":"multifamily","hood":"Mariposa","approved_year":2024,"started_year":2024,"done_year":2024,"status":"done"}},{"type":"Feature","geometry":{"type":"Point","coordinates":[-118.281921,34.181735]},"properties":{"id":"BSFD-007881-2023","addr":"1523 Thompson Avenue Unit: A\nGlendale, Ca 91201","cat":"ADU","approved":"2024-05-13","started":"2024-05-14","done":"2023-07-25","units":1,"zone_group":"single_family","hood":"El Miradero","fire":"High","approved_year":2024,"started_year":2024,"done_year":2023,"status":"done"}},{"type":"Feature","geometry":{"type":"Point","coordinates":[-118.278348,34.171364]},"properties":{"id":"BSFD-005106-2023","addr":"1444 Bruce Avenue Unit A\nGlendale, Ca 91202","cat":"ADU","approved":"2024-01-29","started":"2024-05-21","done":"2024-09-16","units":1,"zone_group":"single_family","hood":"Glenwood","approved_year":2024,"started_year":2024,"done_year":2024,"status":"done"}},{"type":"Feature","geometry":{"type":"Point","coordinates":[-118.232938,34.177708]},"properties":{"id":"BSFD-008767-2023","addr":"1541 Hillside Drive Unit: A\nGlendale, Ca 91208","cat":"ADU","approved":"2024-05-14","started":"2024-05-16","done":"2024-10-17","units":1,"zone_group":"single_family","hood":"Verdugo Woodlands","fire":"Very High","liquefaction":true,"approved_year":2024,"started_year":2024,"done_year":2024,"status":"done"}},{"type":"Feature","geometry":{"type":"Point","coordinates":[-118.23142,34.184101]},"properties":{"id":"BCB2204518","addr":"1620 Del Valle Avenue Unit A\nGlendale, Ca 91208","cat":"ADU","approved":"2024-07-17","started":"2024-07-17","done":"2024-11-22","units":1,"zone_group":"single_family","hood":"Verdugo Woodlands","fire":"Very High","liquefaction":true,"approved_year":2024,"started_year":2024,"done_year":2024,"status":"done"}},{"type":"Feature","geometry":{"type":"Point","coordinates":[-118.247844,34.133659]},"properties":{"id":"BMULTI-008053-2023","addr":"604 E Chevy Chase Drive Apt G\nGlendale, Ca 91205","cat":"ADU","approved":"2024-07-10","started":"2024-07-10","done":"2024-11-27","units":1,"zone_group":"multifamily","hood":"Mariposa","approved_year":2024,"started_year":2024,"done_year":2024,"status":"done"}},{"type":"Feature","geometry":{"type":"Point","coordinates":[-118.29236,34.179869]},"properties":{"id":"BCB2112336","addr":"1252 Spazier Avenue Unit B\nGlendale, Ca 91201","cat":"ADU","approved":"2022-12-15","started":"2022-12-15","done":"2024-05-20","units":1,"zone_group":"single_family","hood":"Grandview","approved_year":2022,"started_year":2022,"done_year":2024,"status":"done"}},{"type":"Feature","geometry":{"type":"Point","coordinates":[-118.248117,34.160184]},"properties":{"id":"BSFD-014994-2024","addr":"1001 N Howard Street, Unit A","cat":"ADU","approved":"2024-10-08","started":"2024-10-22","done":"2025-09-29","units":1,"zone_group":"single_family","hood":"Rossmoyne","approved_year":2024,"started_year":2024,"done_year":2025,"status":"done"}},{"type":"Feature","geometry":{"type":"Point","coordinates":[-118.250507,34.1344]},"properties":{"id":"BSFD-016767-2024","addr":"1010 Mariposa Street","cat":"ADU","approved":"2024-08-27","started":"2024-08-26","done":"2025-02-27","units":1,"zone_group":"multifamily","hood":"Mariposa","approved_year":2024,"started_year":2024,"done_year":2025,"status":"done"}},{"type":"Feature","geometry":{"type":"Point","coordinates":[-118.29082,34.170003]},"properties":{"id":"BSFD-006561-2023","addr":"1036 Western Avenue, Unit D","cat":"ADU","approved":"2024-02-08","started":"2024-03-14","done":"2025-04-07","units":1,"zone_group":"multifamily","hood":"Grandview","approved_year":2024,"started_year":2024,"done_year":2025,"status":"done"}},{"type":"Feature","geometry":{"type":"Point","coordinates":[-118.253873,34.162719]},"properties":{"id":"BSFD-008314-2023","addr":"1133 N Maryland Avenue, Unit A","cat":"ADU","approved":"2024-07-15","started":"2024-07-29","done":"2025-03-11","units":1,"zone_group":"multifamily","hood":"Rossmoyne","fire":"Moderate","dam":true,"approved_year":2024,"started_year":2024,"done_year":2025,"status":"done"}},{"type":"Feature","geometry":{"type":"Point","coordinates":[-118.246563,34.16246]},"properties":{"id":"BSFD-012253-2024","addr":"1143 Geneva Street, Unit B","cat":"ADU","approved":"2024-09-10","started":"2024-09-17","units":1,"zone_group":"single_family","hood":"Rossmoyne","fire":"Very High","approved_year":2024,"started_year":2024,"status":"started"}},{"type":"Feature","geometry":{"type":"Point","coordinates":[-118.238225,34.143571]},"properties":{"id":"BSFD-007667-2023","addr":"1233 Orange Grove Avenue, Unit A","cat":"ADU","approved":"2024-04-22","started":"2024-04-29","done":"2025-03-04","units":1,"zone_group":"multifamily","hood":"Citrus Grove","approved_year":2024,"started_year":2024,"done_year":2025,"status":"done"}},{"type":"Feature","geometry":{"type":"Point","coordinates":[-118.2842,34.173024]},"properties":{"id":"BSFD-003043-2023","addr":"1234 Justin Avenue, Unit A","cat":"ADU","approved":"2024-01-18","started":"2024-03-08","done":"2025-02-10","units":1,"zone_group":"single_family","hood":"Grandview","approved_year":2024,"started_year":2024,"done_year":2025,"status":"done"}},{"type":"Feature","geometry":{"type":"Point","coordinates":[-118.290532,34.178367]},"properties":{"id":"BSFD-015821-2024","addr":"1250 Linden Avenue","cat":"ADU","approved":"2024-11-04","started":"2024-11-19","units":1,"zone_group":"single_family","hood":"Grandview","approved_year":2024,"started_year":2024,"status":"started"}},{"type":"Feature","geometry":{"type":"Point","coordinates":[-118.236261,34.148029]},"properties":{"id":"BB2120815","addr":"1332 E Wilson Avenue, Unit A","cat":"ADU","approved":"2022-12-20","started":"2024-08-28","units":1,"zone_group":"multifamily","hood":"Citrus Grove","approved_year":2022,"started_year":2024,"status":"started"}},{"type":"Feature","geometry":{"type":"Point","coordinates":[-118.296858,34.160814]},"properties":{"id":"BSFD-014807-2024","addr":"1555 Randall Street, Unit A","cat":"ADU","approved":"2024-08-30","started":"2024-09-06","units":1,"zone_group":"single_family","hood":"Riverside Rancho","fire":"Very High","liquefaction":true,"approved_year":2024,"started_year":2024,"status":"started"}},{"type":"Feature","geometry":{"type":"Point","coordinates":[-118.288049,34.178076]},"properties":{"id":"BSFD-012880-2024","addr":"1834 W Kenneth Road, Unit A","cat":"ADU","approved":"2024-08-08","started":"2024-09-01","units":1,"zone_group":"single_family","hood":"El Miradero","approved_year":2024,"started_year":2024,"status":"started"}},{"type":"Feature","geometry":{"type":"Point","coordinates":[-118.218132,34.171918]},"properties":{"id":"BSFD-008814-2023","addr":"1955 Crestshire Drive","cat":"ADU","approved":"2023-12-28","started":"2024-08-29","done":"2025-09-11","units":1,"zone_group":"single_family","hood":"Verdugo Woodlands","fire":"Very High","approved_year":2023,"started_year":2024,"done_year":2025,"status":"done"}},{"type":"Feature","geometry":{"type":"Point","coordinates":[-118.231851,34.187104]},"properties":{"id":"BSFD-013810-2024","addr":"2812 Hermosita Drive, Unit A","cat":"ADU","approved":"2024-09-27","started":"2024-11-27","done":"2025-06-04","units":1,"zone_group":"single_family","hood":"Verdugo Woodlands","fire":"Very High","liquefaction":true,"approved_year":2024,"started_year":2024,"done_year":2025,"status":"done"}},{"type":"Feature","geometry":{"type":"Point","coordinates":[-118.248757,34.232332]},"properties":{"id":"BSFD-014241-2024","addr":"3200 Pontiac Street, Unit A","cat":"ADU","approved":"2024-10-15","started":"2024-10-31","done":"2025-06-30","units":1,"zone_group":"single_family","hood":"Crescenta Highlands","approved_year":2024,"started_year":2024,"done_year":2025,"status":"done"}},{"type":"Feature","geometry":{"type":"Point","coordinates":[-118.229527,34.141955]},"properties":{"id":"BMULTI-006327-2023","addr":"321 Lincoln Avenue, Unit A","cat":"ADU","approved":"2024-04-25","started":"2024-05-07","done":"2025-04-04","units":1,"zone_group":"multifamily","hood":"Somerset","fire":"Very High","approved_year":2024,"started_year":2024,"done_year":2025,"status":"done"}},{"type":"Feature","geometry":{"type":"Point","coordinates":[-118.231504,34.198362]},"properties":{"id":"BSFD-007914-2023","addr":"3246 La Crescenta Avenue","cat":"ADU","approved":"2024-06-24","started":"2024-06-28","done":"2025-09-25","units":1,"zone_group":"single_family","hood":"Sparr Heights","fire":"Moderate","liquefaction":true,"approved_year":2024,"started_year":2024,"done_year":2025,"status":"done"}},{"type":"Feature","geometry":{"type":"Point","coordinates":[-118.231402,34.200456]},"properties":{"id":"BSFD-007220-2023","addr":"3406 Rosemary Avenue, Unit A","cat":"ADU","approved":"2024-03-22","started":"2024-04-18","done":"2025-04-29","units":1,"zone_group":"single_family","hood":"Sparr Heights","fire":"Moderate","liquefaction":true,"approved_year":2024,"started_year":2024,"done_year":2025,"status":"done"}},{"type":"Feature","geometry":{"type":"Point","coordinates":[-118.255528,34.246584]},"properties":{"id":"BSFD-014004-2024","addr":"3508 Markridge Road, Unit A","cat":"ADU","approved":"2024-09-19","started":"2024-09-30","done":"2025-07-22","units":1,"zone_group":"single_family","hood":"Crescenta Highlands","fire":"Very High","fault":true,"approved_year":2024,"started_year":2024,"done_year":2025,"status":"done"}},{"type":"Feature","geometry":{"type":"Point","coordinates":[-118.256457,34.237681]},"properties":{"id":"BSFD-012523-2024","addr":"3553 Pontiac Street, Unit A","cat":"ADU","approved":"2024-06-25","started":"2024-07-15","done":"2025-06-09","units":1,"zone_group":"single_family","hood":"Crescenta Highlands","approved_year":2024,"started_year":2024,"done_year":2025,"status":"done"}},{"type":"Feature","geometry":{"type":"Point","coordinates":[-118.243878,34.20458]},"properties":{"id":"BSFD-008329-2023","addr":"3601 Emanuel Drive, Unit A","cat":"ADU","approved":"2024-03-28","started":"2024-04-15","units":1,"zone_group":"single_family","hood":"Oakmont","fire":"Very High","approved_year":2024,"started_year":2024,"status":"started"}},{"type":"Feature","geometry":{"type":"Point","coordinates":[-118.246798,34.215313]},"properties":{"id":"BSFD-006082-2023","addr":"3794 Cloud Avenue, Unit A","cat":"ADU","approved":"2024-04-03","started":"2024-04-03","done":"2025-04-02","units":1,"zone_group":"single_family","hood":"Montrose","fire":"Very High","liquefaction":true,"approved_year":2024,"started_year":2024,"done_year":2025,"status":"done"}},{"type":"Feature","geometry":{"type":"Point","coordinates":[-118.268338,34.159631]},"properties":{"id":"BSFD-003881-2023","addr":"628 W Glenoaks Boulevard, Unit A","cat":"ADU","approved":"2024-05-21","started":"2024-06-18","done":"2025-03-27","units":1,"zone_group":"multifamily","hood":"Glenwood","approved_year":2024,"started_year":2024,"done_year":2025,"status":"done"}},{"type":"Feature","geometry":{"type":"Point","coordinates":[-118.270567,34.1609]},"properties":{"id":"BSFD-015453-2024","addr":"662 W Dryden Street","cat":"ADU","approved":"2024-11-15","started":"2024-12-16","done":"2025-07-08","units":1,"zone_group":"multifamily","hood":"Glenwood","dam":true,"approved_year":2024,"started_year":2024,"done_year":2025,"status":"done"}},{"type":"Feature","geometry":{"type":"Point","coordinates":[-118.273109,34.160477]},"properties":{"id":"BSFD-017589-2024","addr":"805 W Glenoaks Boulevard, Unit A","cat":"ADU","approved":"2024-09-10","started":"2024-12-31","done":"2025-12-22","units":1,"zone_group":"multifamily","hood":"Glenwood","dam":true,"approved_year":2024,"started_year":2024,"done_year":2025,"status":"done"}},{"type":"Feature","geometry":{"type":"Point","coordinates":[-118.276713,34.158801]},"properties":{"id":"BSFD-012397-2024","addr":"919 Patterson Avenue, Unit A","cat":"ADU","approved":"2024-05-29","started":"2024-06-03","done":"2025-06-25","units":1,"zone_group":"single_family","hood":"Pelanconi","dam":true,"approved_year":2024,"started_year":2024,"done_year":2025,"status":"done"}},{"type":"Feature","geometry":{"type":"Point","coordinates":[-118.240494,34.152722]},"properties":{"id":"PDBP-002709-2023\nBMULTI-015143-2024","addr":"426 Piedmont Avenue","cat":"5+ units","approved":"2024-11-04","started":"2024-11-19","units":88,"zone_group":"multifamily","hood":"Citrus Grove","approved_year":2024,"started_year":2024,"status":"started"}},{"type":"Feature","geometry":{"type":"Point","coordinates":[-118.284797,34.179011]},"properties":{"id":"PDR-002977-2024\nBSFD-017896-2024","addr":"1369 Thompson Avenue","cat":"Single-family home","approved":"2024-06-13","started":"2025-12-29","units":1,"zone_group":"single_family","hood":"El Miradero","approved_year":2024,"started_year":2025,"status":"started"}},{"type":"Feature","geometry":{"type":"Point","coordinates":[-118.25478,34.228779]},"properties":{"id":"BCB2119022    \nPADU2118994","addr":"3446 Altura Ave\nGlendale, Ca 91214","cat":"ADU","approved":"2023-03-24","started":"2023-03-24","units":1,"zone_group":"single_family","hood":"Crescenta Highlands","approved_year":2023,"started_year":2023,"status":"started"}},{"type":"Feature","geometry":{"type":"Point","coordinates":[-118.252994,34.135834]},"properties":{"id":"BSFD-005628- 2023    PADU2208706","addr":"214 E Garfield Avenue, Unit B, Glendale, Ca 91205","cat":"ADU","approved":"2023-05-04","started":"2023-05-04","units":1,"zone_group":"multifamily","hood":"Mariposa","approved_year":2023,"started_year":2023,"status":"started"}},{"type":"Feature","geometry":{"type":"Point","coordinates":[-118.227339,34.178369]},"properties":{"id":"BCB2211186   PDRNRAF2112818","addr":"1732 Wabasso Wy","cat":"Single-family home","approved":"2022-01-13","started":"2023-12-01","done":"2025-04-01","units":1,"zone_group":"single_family","hood":"Verdugo Woodlands","fire":"Very High","liquefaction":true,"approved_year":2022,"started_year":2023,"done_year":2025,"status":"done"}},{"type":"Feature","geometry":{"type":"Point","coordinates":[-118.2328,34.140278]},"properties":{"id":"BB2107927","addr":"1417 Rock Glen Avenue Unit: E\nGlendale, Ca 91205","cat":"ADU","approved":"2022-03-09","started":"2022-05-10","done":"2024-03-26","units":1,"zone_group":"multifamily","hood":"Somerset","fire":"High","approved_year":2022,"started_year":2022,"done_year":2024,"status":"done"}},{"type":"Feature","geometry":{"type":"Point","coordinates":[-118.282979,34.171014]},"properties":{"id":"BSFD-011183-2023","addr":"1213 Sonora Avenue Unit: A\nGlendale, Ca 91201","cat":"ADU","approved":"2024-02-29","started":"2024-03-01","done":"2024-06-03","units":1,"zone_group":"single_family","hood":"Grandview","approved_year":2024,"started_year":2024,"done_year":2024,"status":"done"}},{"type":"Feature","geometry":{"type":"Point","coordinates":[-118.238433,34.14037]},"properties":{"id":"BCB2005816","addr":"509 Wing St. Unit A","cat":"ADU","approved":"2020-12-23","started":"2020-12-23","done":"2022-02-09","units":1,"zone_group":"multifamily","hood":"Somerset","approved_year":2020,"started_year":2020,"done_year":2022,"status":"done"}},{"type":"Feature","geometry":{"type":"Point","coordinates":[-118.241698,34.174936]},"properties":{"id":"BCB1907853","addr":"1040 Kildonan","cat":"Single-family home","approved":"2018-11-08","started":"2019-09-09","done":"2021-09-07","units":1,"zone_group":"single_family","hood":"Greenbriar","fire":"Very High","approved_year":2018,"started_year":2019,"done_year":2021,"status":"done"}},{"type":"Feature","geometry":{"type":"Point","coordinates":[-118.29117,34.177766]},"properties":{"id":"BCB2015050","addr":"1228 Linden Ave Unit A","cat":"ADU","approved":"2021-05-12","started":"2021-05-19","done":"2022-01-05","units":1,"zone_group":"single_family","hood":"Grandview","approved_year":2021,"started_year":2021,"done_year":2022,"status":"done"}},{"type":"Feature","geometry":{"type":"Point","coordinates":[-118.291777,34.170709]},"properties":{"id":"BCB2020017","addr":"1038 Raymond Ave Unit A","cat":"ADU","approved":"2021-04-19","started":"2021-05-27","done":"2021-08-05","units":1,"zone_group":"multifamily","hood":"Grandview","approved_year":2021,"started_year":2021,"done_year":2021,"status":"done"}},{"type":"Feature","geometry":{"type":"Point","coordinates":[-118.265099,34.153211]},"properties":{"id":"BSFD-008286-2023","addr":"509 Alexander Street Unit: C\nGlendale, Ca 91203","cat":"ADU","approved":"2024-01-22","started":"2024-01-30","done":"2024-06-13","units":1,"zone_group":"multifamily","hood":"Vineyard","approved_year":2024,"started_year":2024,"done_year":2024,"status":"done"}},{"type":"Feature","geometry":{"type":"Point","coordinates":[-118.271481,34.170939]},"properties":{"id":"BSFD-006282-2023","addr":"722 W Kenneth Road Unit: A\nGlendale, Ca 91202","cat":"ADU","approved":"2024-06-05","started":"2024-06-18","done":"2024-07-17","units":1,"zone_group":"single_family","hood":"Glenwood","fire":"Moderate","approved_year":2024,"started_year":2024,"done_year":2024,"status":"done"}},{"type":"Feature","geometry":{"type":"Point","coordinates":[-118.278006,34.166164]},"properties":{"id":"BSFD-006883-2023","addr":"1247 Idlewood Road Unit: A\nGlendale, Ca 91202","cat":"ADU","approved":"2023-12-28","started":"2024-01-02","done":"2024-07-26","units":1,"zone_group":"single_family","hood":"Glenwood","approved_year":2023,"started_year":2024,"done_year":2024,"status":"done"}},{"type":"Feature","geometry":{"type":"Point","coordinates":[-118.261741,34.235983]},"properties":{"id":"BCB2212298","addr":"4428 Boston Avenue Unit: A\nGlendale, Ca 91214","cat":"ADU","approved":"2024-03-22","started":"2024-03-22","done":"2024-07-31","units":1,"zone_group":"single_family","hood":"Crescenta Highlands","approved_year":2024,"started_year":2024,"done_year":2024,"status":"done"}},{"type":"Feature","geometry":{"type":"Point","coordinates":[-118.278386,34.167515]},"properties":{"id":"BSFD-006211-2023","addr":"1312 Cleveland Road Unit A\nGlendale, Ca 91202","cat":"ADU","approved":"2023-12-29","started":"2024-01-29","done":"2024-08-14","units":1,"zone_group":"single_family","hood":"Glenwood","approved_year":2023,"started_year":2024,"done_year":2024,"status":"done"}},{"type":"Feature","geometry":{"type":"Point","coordinates":[-118.287411,34.176547]},"properties":{"id":"BSFD-010610-2023","addr":"1263 Thompson Avenue Unit: A\nGlendale, Ca 91201","cat":"ADU","approved":"2024-01-31","started":"2024-04-15","done":"2024-09-03","units":1,"zone_group":"single_family","hood":"Grandview","approved_year":2024,"started_year":2024,"done_year":2024,"status":"done"}},{"type":"Feature","geometry":{"type":"Point","coordinates":[-118.24832,34.13924]},"properties":{"id":"BSFD-014564-2024","addr":"616 Granada Street Unit: A\nGlendale, Ca 91205","cat":"ADU","approved":"2024-05-01","started":"2024-05-01","done":"2024-09-18","units":1,"zone_group":"multifamily","hood":"Mariposa","approved_year":2024,"started_year":2024,"done_year":2024,"status":"done"}},{"type":"Feature","geometry":{"type":"Point","coordinates":[-118.285922,34.174715]},"properties":{"id":"BSFD-007486-2023","addr":"1247 Western Avenue Unit A\nGlendale, Ca 91201","cat":"ADU","approved":"2024-04-03","started":"2024-04-29","done":"2024-10-14","units":1,"zone_group":"single_family","hood":"Grandview","approved_year":2024,"started_year":2024,"done_year":2024,"status":"done"}},{"type":"Feature","geometry":{"type":"Point","coordinates":[-118.273931,34.156577]},"properties":{"id":"BSFD-014722-2024","addr":"677 Estelle Avenue Unit A\nGlendale, Ca 91202","cat":"ADU","approved":"2024-08-22","started":"2024-09-04","done":"2024-12-10","units":1,"zone_group":"single_family","hood":"Pelanconi","approved_year":2024,"started_year":2024,"done_year":2024,"status":"done"}},{"type":"Feature","geometry":{"type":"Point","coordinates":[-118.253873,34.162719]},"properties":{"id":"BSFD-008315-2023","addr":"1133 N Maryland Avenue, Unit B","cat":"ADU","approved":"2024-07-15","started":"2024-07-29","done":"2025-03-11","units":1,"zone_group":"multifamily","hood":"Rossmoyne","fire":"Moderate","dam":true,"approved_year":2024,"started_year":2024,"done_year":2025,"status":"done"}},{"type":"Feature","geometry":{"type":"Point","coordinates":[-118.239764,34.130817]},"properties":{"id":"BSFD-012655-2024","addr":"1139 Scofield Drive, Unit A","cat":"ADU","approved":"2024-09-10","started":"2024-09-19","done":"2025-07-17","units":1,"zone_group":"single_family","hood":"Adams Hill","fire":"Very High","approved_year":2024,"started_year":2024,"done_year":2025,"status":"done"}},{"type":"Feature","geometry":{"type":"Point","coordinates":[-118.276552,34.164109]},"properties":{"id":"BSFD-011071-2023","addr":"1153 Norton Avenue, Unit A","cat":"ADU","approved":"2024-06-17","started":"2024-06-18","done":"2025-09-23","units":1,"zone_group":"single_family","hood":"Glenwood","approved_year":2024,"started_year":2024,"done_year":2025,"status":"done"}},{"type":"Feature","geometry":{"type":"Point","coordinates":[-118.27545,34.163849]},"properties":{"id":"BSFD-009236-2023","addr":"1165 Alma Street, Unit A","cat":"ADU","approved":"2024-06-15","started":"2024-06-14","done":"2025-12-30","units":1,"zone_group":"single_family","hood":"Glenwood","approved_year":2024,"started_year":2024,"done_year":2025,"status":"done"}},{"type":"Feature","geometry":{"type":"Point","coordinates":[-118.290532,34.178367]},"properties":{"id":"BSFD-016616-2024","addr":"1250 Linden Avenue","cat":"ADU","approved":"2024-11-04","started":"2024-11-19","units":1,"zone_group":"single_family","hood":"Grandview","approved_year":2024,"started_year":2024,"status":"started"}},{"type":"Feature","geometry":{"type":"Point","coordinates":[-118.240207,34.128633]},"properties":{"id":"BSFD-007977-2023","addr":"1417 S Adams Street, Unit A","cat":"ADU","approved":"2024-05-08","started":"2024-06-05","done":"2025-06-17","units":1,"zone_group":"single_family","hood":"Adams Hill","fire":"Very High","approved_year":2024,"started_year":2024,"done_year":2025,"status":"done"}},{"type":"Feature","geometry":{"type":"Point","coordinates":[-118.269589,34.173937]},"properties":{"id":"BSFD-013140-2024","addr":"1616 Virginia Avenue, Unit A","cat":"ADU","approved":"2024-08-05","started":"2024-08-08","units":1,"zone_group":"single_family","hood":"Glenwood","fire":"Very High","approved_year":2024,"started_year":2024,"status":"started"}},{"type":"Feature","geometry":{"type":"Point","coordinates":[-118.228956,34.175962]},"properties":{"id":"BSFD-008739-2023","addr":"1840 Canada Boulevard, Unit A","cat":"ADU","approved":"2024-10-09","started":"2024-10-29","done":"2025-12-08","units":1,"zone_group":"single_family","hood":"Verdugo Woodlands","fire":"Very High","liquefaction":true,"approved_year":2024,"started_year":2024,"done_year":2025,"status":"done"}},{"type":"Feature","geometry":{"type":"Point","coordinates":[-118.241508,34.213576]},"properties":{"id":"BSFD-014433-2024","addr":"2840 Hermosa Avenue","cat":"ADU","approved":"2024-09-04","started":"2024-09-23","done":"2025-05-08","units":1,"zone_group":"single_family","hood":"Montrose","fire":"High","approved_year":2024,"started_year":2024,"done_year":2025,"status":"done"}},{"type":"Feature","geometry":{"type":"Point","coordinates":[-118.22869,34.190393]},"properties":{"id":"BSFD-010771-2023","addr":"2963 Canada Boulevard, Unit A","cat":"ADU","approved":"2024-06-24","started":"2024-07-02","done":"2025-05-12","units":1,"zone_group":"recreation","hood":"Verdugo Woodlands","fire":"Very High","liquefaction":true,"approved_year":2024,"started_year":2024,"done_year":2025,"status":"done"}},{"type":"Feature","geometry":{"type":"Point","coordinates":[-118.300316,34.162698]},"properties":{"id":"BSFD-010268-2023","addr":"329 Raymond Avenue, Unit A","cat":"ADU","approved":"2024-09-17","started":"2024-10-09","units":1,"zone_group":"multifamily","hood":"Riverside Rancho","liquefaction":true,"approved_year":2024,"started_year":2024,"status":"started"}},{"type":"Feature","geometry":{"type":"Point","coordinates":[-118.262233,34.167106]},"properties":{"id":"BSFD-014046-2024\nPDR-002351-2023","addr":"341 Spencer Street","cat":"Single-family home","approved":"2024-01-25","started":"2024-09-26","units":1,"zone_group":"single_family","hood":"Verdugo Viejo","fire":"High","approved_year":2024,"started_year":2024,"status":"started"}},{"type":"Feature","geometry":{"type":"Point","coordinates":[-118.233381,34.203398]},"properties":{"id":"BSFD-010858-2023","addr":"3513 Sierra Vista Avenue, Unit A","cat":"ADU","approved":"2024-07-24","started":"2024-08-06","done":"2025-03-11","units":1,"zone_group":"single_family","hood":"Sparr Heights","approved_year":2024,"started_year":2024,"done_year":2025,"status":"done"}},{"type":"Feature","geometry":{"type":"Point","coordinates":[-118.29876,34.162483]},"properties":{"id":"BB2210208","addr":"400 Western Avenue, Unit A","cat":"ADU","approved":"2023-05-22","started":"2024-07-10","units":1,"zone_group":"multifamily","hood":"Riverside Rancho","fire":"Moderate","liquefaction":true,"approved_year":2023,"started_year":2024,"status":"started"}},{"type":"Feature","geometry":{"type":"Point","coordinates":[-118.26506,34.143381]},"properties":{"id":"BSFD-008360-2023","addr":"519 Oak Street, Unit A","cat":"ADU","approved":"2024-06-24","started":"2024-07-03","units":1,"zone_group":"multifamily","hood":"Moorpark","approved_year":2024,"started_year":2024,"status":"started"}},{"type":"Feature","geometry":{"type":"Point","coordinates":[-118.267707,34.162489]},"properties":{"id":"BCB2205295","addr":"568 South Street, Unit A","cat":"ADU","approved":"2024-05-29","started":"2024-05-29","units":1,"zone_group":"multifamily","hood":"Glenwood","dam":true,"approved_year":2024,"started_year":2024,"status":"started"}},{"type":"Feature","geometry":{"type":"Point","coordinates":[-118.247988,34.155418]},"properties":{"id":"BMULTI-002690-2023","addr":"611 N Howard Street, Unit D","cat":"ADU","approved":"2023-12-03","started":"2024-06-03","done":"2025-07-15","units":1,"zone_group":"multifamily","hood":"City Center","approved_year":2023,"started_year":2024,"done_year":2025,"status":"done"}},{"type":"Feature","geometry":{"type":"Point","coordinates":[-118.236103,34.138228]},"properties":{"id":"BSFD-014511-2024","addr":"627 Fischer Street, Unit A","cat":"ADU","approved":"2024-05-31","started":"2024-06-11","units":1,"zone_group":"multifamily","hood":"Somerset","fire":"Moderate","approved_year":2024,"started_year":2024,"status":"started"}},{"type":"Feature","geometry":{"type":"Point","coordinates":[-118.268338,34.159631]},"properties":{"id":"BSFD-003888-2023","addr":"628 W Glenoaks Boulevard, Unit B","cat":"ADU","approved":"2024-05-21","started":"2024-06-18","done":"2025-03-27","units":1,"zone_group":"multifamily","hood":"Glenwood","approved_year":2024,"started_year":2024,"done_year":2025,"status":"done"}},{"type":"Feature","geometry":{"type":"Point","coordinates":[-118.268837,34.147979]},"properties":{"id":"BSFD-011269-2023","addr":"651 W Wilson Avenue, Unit B","cat":"ADU","approved":"2024-07-24","started":"2024-09-10","units":1,"zone_group":"multifamily","hood":"Vineyard","approved_year":2024,"started_year":2024,"status":"started"}},{"type":"Feature","geometry":{"type":"Point","coordinates":[-118.233576,34.169519]},"properties":{"id":"PDR-001671-2023\nBSFD-018415-2024","addr":"1645 Las Flores Drive","cat":"Single-family home","approved":"2024-02-08","units":1,"zone_group":"single_family","hood":"Greenbriar","fire":"Very High","approved_year":2024,"status":"approved"}},{"type":"Feature","geometry":{"type":"Point","coordinates":[-118.253592,34.130524]},"properties":{"id":"PDR-002512-2023","addr":"1242 & 1246 S Maryland Avenue","cat":"5+ units","approved":"2024-03-14","units":12,"zone_group":"multifamily","hood":"Tropico","approved_year":2024,"status":"approved"}},{"type":"Feature","geometry":{"type":"Point","coordinates":[-118.269365,34.177517]},"properties":{"id":"PDR-002779-2024","addr":"652 Robin Glen Drive","cat":"Single-family home","approved":"2024-12-12","units":1,"zone_group":"single_family","hood":"Brockmont","fire":"Very High","approved_year":2024,"status":"approved"}},{"type":"Feature","geometry":{"type":"Point","coordinates":[-118.232635,34.140278]},"properties":{"id":"BB2110623 PADU2110613","addr":"1421 Rock Glen Ave, Unit A","cat":"ADU","approved":"2021-07-13","started":"2022-04-11","done":"2024-05-23","units":1,"zone_group":"multifamily","hood":"Somerset","fire":"High","approved_year":2021,"started_year":2022,"done_year":2024,"status":"done"}},{"type":"Feature","geometry":{"type":"Point","coordinates":[-118.292247,34.177103]},"properties":{"id":"BCB1723334","addr":"1933 Glenwood Rd","cat":"Single-family home","approved":"2018-01-30","started":"2018-01-30","done":"2019-01-07","units":1,"zone_group":"single_family","hood":"Grandview","approved_year":2018,"started_year":2018,"done_year":2019,"status":"done"}},{"type":"Feature","geometry":{"type":"Point","coordinates":[-118.235459,34.202585]},"properties":{"id":"BCB1707180","addr":"3456 Roselawn Ave, Unit A","cat":"ADU","approved":"2018-04-23","started":"2018-04-23","done":"2019-01-18","units":1,"zone_group":"single_family","hood":"Sparr Heights","fire":"High","liquefaction":true,"approved_year":2018,"started_year":2018,"done_year":2019,"status":"done"}},{"type":"Feature","geometry":{"type":"Point","coordinates":[-118.237538,34.145414]},"properties":{"id":"BCB1803364","addr":"1300 Carlton Dr, Unit A","cat":"ADU","approved":"2018-05-03","started":"2018-05-03","done":"2018-12-28","units":1,"zone_group":"multifamily","hood":"Citrus Grove","approved_year":2018,"started_year":2018,"done_year":2018,"status":"done"}},{"type":"Feature","geometry":{"type":"Point","coordinates":[-118.273808,34.156231]},"properties":{"id":"BCB1803144","addr":"670 Estelle Ave, Unit A","cat":"ADU","approved":"2018-07-12","started":"2019-07-12","done":"2018-11-14","units":1,"zone_group":"single_family","hood":"Pelanconi","approved_year":2018,"started_year":2019,"done_year":2018,"status":"done"}},{"type":"Feature","geometry":{"type":"Point","coordinates":[-118.274221,34.170013]},"properties":{"id":"BCB1806364","addr":"1432 Norton Ave, Unit A","cat":"ADU","approved":"2018-07-23","started":"2018-07-23","done":"2018-10-25","units":1,"zone_group":"single_family","hood":"Glenwood","approved_year":2018,"started_year":2018,"done_year":2018,"status":"done"}},{"type":"Feature","geometry":{"type":"Point","coordinates":[-118.231682,34.184099]},"properties":{"id":"BCB1804382","addr":"1616 Del Valle Ave","cat":"Single-family home","approved":"2018-08-03","started":"2018-08-03","done":"2019-08-06","units":1,"zone_group":"single_family","hood":"Verdugo Woodlands","fire":"Very High","liquefaction":true,"approved_year":2018,"started_year":2018,"done_year":2019,"status":"done"}},{"type":"Feature","geometry":{"type":"Point","coordinates":[-118.266621,34.165622]},"properties":{"id":"BCB1806283","addr":"523 Clement Dr, Unit A","cat":"ADU","approved":"2018-08-02","started":"2018-08-02","done":"2019-02-16","units":1,"zone_group":"single_family","hood":"Glenwood","approved_year":2018,"started_year":2018,"done_year":2019,"status":"done"}},{"type":"Feature","geometry":{"type":"Point","coordinates":[-118.26025,34.140863]},"properties":{"id":"BCB1806695","addr":"355 Vine St, Unit A","cat":"ADU","approved":"2018-08-31","started":"2018-08-31","done":"2019-08-19","units":1,"zone_group":"multifamily","hood":"Pacific-Edison","approved_year":2018,"started_year":2018,"done_year":2019,"status":"done"}},{"type":"Feature","geometry":{"type":"Point","coordinates":[-118.269168,34.148901]},"properties":{"id":"BCB1805646","addr":"659 Salem St, Unit A","cat":"ADU","approved":"2018-09-20","started":"2018-09-20","done":"2019-06-28","units":1,"zone_group":"multifamily","hood":"Vineyard","approved_year":2018,"started_year":2018,"done_year":2019,"status":"done"}},{"type":"Feature","geometry":{"type":"Point","coordinates":[-118.244333,34.213123]},"properties":{"id":"BCB1820411","addr":"3756 Ramsdell Ave","cat":"ADU","approved":"2018-12-14","started":"2018-12-14","done":"2019-07-02","units":1,"zone_group":"single_family","hood":"Montrose","fire":"Very High","liquefaction":true,"approved_year":2018,"started_year":2018,"done_year":2019,"status":"done"}},{"type":"Feature","geometry":{"type":"Point","coordinates":[-118.291536,34.18228]},"properties":{"id":"BCB1816673","addr":"1330 Alameda Ave. Unit A","cat":"ADU","approved":"2019-04-02","started":"2019-04-02","done":"2019-07-19","units":1,"zone_group":"single_family","hood":"El Miradero","approved_year":2019,"started_year":2019,"done_year":2019,"status":"done"}},{"type":"Feature","geometry":{"type":"Point","coordinates":[-118.239987,34.156992]},"properties":{"id":"BCB1827942","addr":"737 N. Adams St. Unit A","cat":"ADU","approved":"2019-04-15","started":"2019-04-15","done":"2019-11-06","units":1,"zone_group":"multifamily","hood":"Woodbury","fire":"High","liquefaction":true,"approved_year":2019,"started_year":2019,"done_year":2019,"status":"done"}},{"type":"Feature","geometry":{"type":"Point","coordinates":[-118.243782,34.138065]},"properties":{"id":"BCB1822578","addr":"900 Raleigh St. Unit A","cat":"ADU","approved":"2019-06-27","started":"2019-06-27","done":"2019-10-10","units":1,"zone_group":"multifamily","hood":"Mariposa","approved_year":2019,"started_year":2019,"done_year":2019,"status":"done"}},{"type":"Feature","geometry":{"type":"Point","coordinates":[-118.230378,34.201375]},"properties":{"id":"BCB1900555","addr":"3433 Buena Vista Ave. Unit A","cat":"ADU","approved":"2019-06-25","started":"2019-06-25","done":"2020-07-15","units":1,"zone_group":"single_family","hood":"Sparr Heights","fire":"High","liquefaction":true,"approved_year":2019,"started_year":2019,"done_year":2020,"status":"done"}},{"type":"Feature","geometry":{"type":"Point","coordinates":[-118.239145,34.168554]},"properties":{"id":"BCB1902891","addr":"1416 Greenbriar Rd. Unit A","cat":"ADU","approved":"2019-07-24","started":"2019-07-24","done":"2019-10-08","units":1,"zone_group":"single_family","hood":"Greenbriar","fire":"Very High","approved_year":2019,"started_year":2019,"done_year":2019,"status":"done"}},{"type":"Feature","geometry":{"type":"Point","coordinates":[-118.2763,34.156932]},"properties":{"id":"BCB1913979","addr":"736 Dale Ave. Unit A","cat":"ADU","approved":"2019-07-16","started":"2019-07-16","done":"2020-04-14","units":1,"zone_group":"single_family","hood":"Pelanconi","approved_year":2019,"started_year":2019,"done_year":2020,"status":"done"}},{"type":"Feature","geometry":{"type":"Point","coordinates":[-118.272789,34.155584]},"properties":{"id":"BCB1909828","addr":"771 Fairmont Ave. Unit A","cat":"ADU","approved":"2019-08-22","started":"2019-08-22","done":"2019-11-22","units":1,"zone_group":"single_family","hood":"Pelanconi","approved_year":2019,"started_year":2019,"done_year":2019,"status":"done"}},{"type":"Feature","geometry":{"type":"Point","coordinates":[-118.271847,34.162817]},"properties":{"id":"BCB1911714","addr":"728 South St. Unit A","cat":"ADU","approved":"2019-09-20","started":"2019-09-20","done":"2020-06-16","units":1,"zone_group":"single_family","hood":"Glenwood","dam":true,"approved_year":2019,"started_year":2019,"done_year":2020,"status":"done"}},{"type":"Feature","geometry":{"type":"Point","coordinates":[-118.281056,34.180856]},"properties":{"id":"BCB1911864","addr":"1518 Raymond Ave. Unit A","cat":"ADU","approved":"2019-09-04","started":"2019-09-04","done":"2020-06-02","units":1,"zone_group":"single_family","hood":"El Miradero","fire":"Very High","approved_year":2019,"started_year":2019,"done_year":2020,"status":"done"}},{"type":"Feature","geometry":{"type":"Point","coordinates":[-118.257635,34.168599]},"properties":{"id":"BCB1918112","addr":"215 W. Kenneth Rd. Unit A","cat":"ADU","approved":"2019-09-30","started":"2019-09-30","units":1,"zone_group":"single_family","hood":"Verdugo Viejo","fire":"Very High","approved_year":2019,"started_year":2019,"status":"started"}},{"type":"Feature","geometry":{"type":"Point","coordinates":[-118.291552,34.170995]},"properties":{"id":"BCB2010356","addr":"1049 Raymond Ave Unit B","cat":"ADU","approved":"2021-09-29","started":"2021-10-19","done":"2022-12-16","units":1,"zone_group":"multifamily","hood":"Grandview","approved_year":2021,"started_year":2021,"done_year":2022,"status":"done"}},{"type":"Feature","geometry":{"type":"Point","coordinates":[-118.268812,34.158885]},"properties":{"id":"BCB2019229","addr":"643 Arden Ave","cat":"ADU","approved":"2021-11-19","started":"2022-03-03","done":"2022-09-07","units":1,"zone_group":"single_family","hood":"Fremont Park","dam":true,"approved_year":2021,"started_year":2022,"done_year":2022,"status":"done"}},{"type":"Feature","geometry":{"type":"Point","coordinates":[-118.223358,34.154295]},"properties":{"id":"BB2202773","addr":"2022 Eleanore Dr","cat":"ADU","approved":"2022-03-01","started":"2022-03-11","done":"2022-07-01","units":1,"zone_group":"single_family","hood":"Chevy Chase","fire":"Very High","approved_year":2022,"started_year":2022,"done_year":2022,"status":"done"}},{"type":"Feature","geometry":{"type":"Point","coordinates":[-118.27026,34.168477]},"properties":{"id":"BCB1915446","addr":"1413 Ardmore Ave","cat":"ADU","approved":"2022-04-11","started":"2022-04-15","done":"2022-06-23","units":1,"zone_group":"single_family","hood":"Glenwood","approved_year":2022,"started_year":2022,"done_year":2022,"status":"done"}},{"type":"Feature","geometry":{"type":"Point","coordinates":[-118.248635,34.163021]},"properties":{"id":"BCB2201202","addr":"1145 N Isabel St","cat":"ADU","approved":"2022-03-24","started":"2022-04-20","done":"2022-10-19","units":1,"zone_group":"single_family","hood":"Rossmoyne","fire":"High","approved_year":2022,"started_year":2022,"done_year":2022,"status":"done"}},{"type":"Feature","geometry":{"type":"Point","coordinates":[-118.229067,34.182427]},"properties":{"id":"BCB2119557","addr":"2415 Canada Blvd","cat":"ADU","approved":"2021-12-09","started":"2022-04-28","done":"2022-12-22","units":1,"zone_group":"single_family","hood":"Verdugo Woodlands","fire":"Very High","liquefaction":true,"approved_year":2021,"started_year":2022,"done_year":2022,"status":"done"}},{"type":"Feature","geometry":{"type":"Point","coordinates":[-118.245898,34.13183]},"properties":{"id":"BCB2104506","addr":"1213 Oakridge Dr, Unit A","cat":"ADU","approved":"2022-04-18","started":"2022-05-16","done":"2023-04-25","units":1,"zone_group":"single_family","hood":"Adams Hill","approved_year":2022,"started_year":2022,"done_year":2023,"status":"done"}},{"type":"Feature","geometry":{"type":"Point","coordinates":[-118.275756,34.158436]},"properties":{"id":"BCB2106988","addr":"851 Patterson Ave","cat":"ADU","approved":"2021-11-18","started":"2022-06-15","units":1,"zone_group":"single_family","hood":"Pelanconi","dam":true,"approved_year":2021,"started_year":2022,"status":"started"}},{"type":"Feature","geometry":{"type":"Point","coordinates":[-118.249932,34.222507]},"properties":{"id":"BCB2119344","addr":"3233 Montrose Ave, Unit A","cat":"ADU","approved":"2022-05-25","started":"2022-08-04","done":"2023-04-25","units":1,"zone_group":"multifamily","hood":"Crescenta Highlands","fire":"High","liquefaction":true,"approved_year":2022,"started_year":2022,"done_year":2023,"status":"done"}},{"type":"Feature","geometry":{"type":"Point","coordinates":[-118.236403,34.145455]},"properties":{"id":"BCB2206015","addr":"1329 Carlton # A Dr\nGlendale, Ca 91205","cat":"ADU","approved":"2022-12-09","started":"2022-12-13","units":1,"zone_group":"multifamily","hood":"Citrus Grove","approved_year":2022,"started_year":2022,"status":"started"}},{"type":"Feature","geometry":{"type":"Point","coordinates":[-118.264977,34.154893]},"properties":{"id":"PDBP2112447, BB2202411,   BB2202412, BB2202413","addr":"515 Pioneer Dr","cat":"5+ units","approved":"2021-09-23","started":"2022-12-20","units":374,"zone_group":"multifamily","hood":"Vineyard","approved_year":2021,"started_year":2022,"status":"started"}},{"type":"Feature","geometry":{"type":"Point","coordinates":[-118.233234,34.162974]},"properties":{"id":"BSFD-006493-2023","addr":"1221 Sweetbriar Drive\nGlendale, Ca 91206","cat":"ADU","approved":"2024-01-02","started":"2024-01-08","done":"2024-02-07","units":1,"zone_group":"single_family","hood":"College Hills","fire":"Very High","liquefaction":true,"approved_year":2024,"started_year":2024,"done_year":2024,"status":"done"}},{"type":"Feature","geometry":{"type":"Point","coordinates":[-118.229287,34.199923]},"properties":{"id":"BB2113714","addr":"3335 Triangle Place Unit: B\nGlendale, Ca 91208","cat":"ADU","approved":"2023-04-03","started":"2023-04-03","done":"2024-02-28","units":1,"zone_group":"multifamily","hood":"Sparr Heights","fire":"Very High","liquefaction":true,"approved_year":2023,"started_year":2023,"done_year":2024,"status":"done"}},{"type":"Feature","geometry":{"type":"Point","coordinates":[-118.268174,34.148906]},"properties":{"id":"BSFD-007348-2023","addr":"633 Salem Street Unit: A\nGlendale, Ca 91203","cat":"ADU","approved":"2024-02-21","started":"2024-02-22","done":"2024-05-29","units":1,"zone_group":"multifamily","hood":"Vineyard","approved_year":2024,"started_year":2024,"done_year":2024,"status":"done"}},{"type":"Feature","geometry":{"type":"Point","coordinates":[-118.26505,34.148007]},"properties":{"id":"BSFD-010194-2023","addr":"509 W Wilson Avenue Unit: A\nGlendale, Ca 91203","cat":"ADU","approved":"2024-05-09","started":"2024-05-13","done":"2024-08-15","units":1,"zone_group":"multifamily","hood":"Vineyard","approved_year":2024,"started_year":2024,"done_year":2024,"status":"done"}},{"type":"Feature","geometry":{"type":"Point","coordinates":[-118.241118,34.151685]},"properties":{"id":"BSFD-006259-2023","addr":"1108 E Lexington Drive Unit: A\nGlendale, Ca 91206","cat":"ADU","approved":"2024-01-25","started":"2024-02-01","done":"2024-09-23","units":1,"zone_group":"multifamily","hood":"Citrus Grove","approved_year":2024,"started_year":2024,"done_year":2024,"status":"done"}},{"type":"Feature","geometry":{"type":"Point","coordinates":[-118.296347,34.160385]},"properties":{"id":"BSFD-007069-2023","addr":"1532 Randall Street Unit: A\nGlendale, Ca 91203","cat":"ADU","approved":"2023-12-27","started":"2024-03-05","done":"2024-09-25","units":1,"zone_group":"single_family","hood":"Riverside Rancho","fire":"Very High","liquefaction":true,"approved_year":2023,"started_year":2024,"done_year":2024,"status":"done"}},{"type":"Feature","geometry":{"type":"Point","coordinates":[-118.273422,34.160555]},"properties":{"id":"BSFD-014643-2024","addr":"815 W Glenoaks Boulevard Unit: D\nGlendale, Ca 91202","cat":"ADU","approved":"2024-05-06","started":"2024-05-06","done":"2024-10-03","units":1,"zone_group":"multifamily","hood":"Glenwood","dam":true,"approved_year":2024,"started_year":2024,"done_year":2024,"status":"done"}},{"type":"Feature","geometry":{"type":"Point","coordinates":[-118.272413,34.162121]},"properties":{"id":"BSFD-009660-2023","addr":"801 Palm Drive Unit: A\nGlendale, Ca 91202","cat":"ADU","approved":"2024-03-08","started":"2024-04-18","done":"2024-11-21","units":1,"zone_group":"single_family","hood":"Glenwood","dam":true,"approved_year":2024,"started_year":2024,"done_year":2024,"status":"done"}},{"type":"Feature","geometry":{"type":"Point","coordinates":[-118.234623,34.138807]},"properties":{"id":"BMULTI-004559-2023","addr":"1373 Kent Place Unit: Unit B\nGlendale, Ca 91205","cat":"ADU","approved":"2024-01-26","started":"2024-02-05","done":"2024-11-26","units":1,"zone_group":"multifamily","hood":"Somerset","fire":"High","approved_year":2024,"started_year":2024,"done_year":2024,"status":"done"}},{"type":"Feature","geometry":{"type":"Point","coordinates":[-118.247844,34.133659]},"properties":{"id":"BMULTI-008054-2023","addr":"604 E Chevy Chase Drive Apt H\nGlendale, Ca 91205","cat":"ADU","approved":"2024-07-10","started":"2024-07-10","done":"2024-11-27","units":1,"zone_group":"multifamily","hood":"Mariposa","approved_year":2024,"started_year":2024,"done_year":2024,"status":"done"}},{"type":"Feature","geometry":{"type":"Point","coordinates":[-118.237743,34.134056]},"properties":{"id":"BSFD-004358-2023","addr":"1012 Marion Drive Unit: A\nGlendale, Ca 91205","cat":"ADU","approved":"2024-05-06","started":"2024-05-06","done":"2024-12-02","units":1,"zone_group":"single_family","hood":"Adams Hill","fire":"Very High","landslide":true,"approved_year":2024,"started_year":2024,"done_year":2024,"status":"done"}},{"type":"Feature","geometry":{"type":"Point","coordinates":[-118.250018,34.16162]},"properties":{"id":"BSFD-004857-2023","addr":"1101 N Jackson Street Unit: A\nGlendale, Ca 91207","cat":"ADU","approved":"2024-03-27","started":"2024-03-27","done":"2024-12-10","units":1,"zone_group":"single_family","hood":"Rossmoyne","fire":"Moderate","approved_year":2024,"started_year":2024,"done_year":2024,"status":"done"}},{"type":"Feature","geometry":{"type":"Point","coordinates":[-118.249602,34.163261]},"properties":{"id":"BSFD-011065-2023","addr":"1148 N Jackson Street, Unit A","cat":"ADU","approved":"2024-10-30","started":"2024-12-04","done":"2025-12-25","units":1,"zone_group":"single_family","hood":"Rossmoyne","fire":"High","approved_year":2024,"started_year":2024,"done_year":2025,"status":"done"}},{"type":"Feature","geometry":{"type":"Point","coordinates":[-118.252675,34.164297]},"properties":{"id":"BSFD-010143-2023","addr":"1214 N Louise Street","cat":"ADU","approved":"2024-07-25","started":"2024-08-05","done":"2025-11-21","units":1,"zone_group":"single_family","hood":"Rossmoyne","fire":"High","dam":true,"approved_year":2024,"started_year":2024,"done_year":2025,"status":"done"}},{"type":"Feature","geometry":{"type":"Point","coordinates":[-118.275083,34.165407]},"properties":{"id":"BSFD-008655-2023","addr":"1240 Alma Street, Unit A","cat":"ADU","approved":"2024-04-17","started":"2024-05-06","units":1,"zone_group":"single_family","hood":"Glenwood","approved_year":2024,"started_year":2024,"status":"started"}},{"type":"Feature","geometry":{"type":"Point","coordinates":[-118.237134,34.133029]},"properties":{"id":"BCB2211235","addr":"1248 Corona Dr","cat":"Single-family home","approved":"2024-05-28","started":"2024-11-20","units":1,"zone_group":"single_family","hood":"Adams Hill","fire":"Very High","approved_year":2024,"started_year":2024,"status":"started"}},{"type":"Feature","geometry":{"type":"Point","coordinates":[-118.291543,34.179031]},"properties":{"id":"BSFD-007017-2023","addr":"1248 Elm Avenue, Unit A","cat":"ADU","approved":"2024-01-02","started":"2024-02-15","done":"2025-08-21","units":1,"zone_group":"single_family","hood":"Grandview","approved_year":2024,"started_year":2024,"done_year":2025,"status":"done"}},{"type":"Feature","geometry":{"type":"Point","coordinates":[-118.288014,34.182422]},"properties":{"id":"BSFD-004075-2023","addr":"1400 Elm Avenue, Unit A","cat":"ADU","approved":"2024-01-10","started":"2024-01-10","done":"2025-12-22","units":1,"zone_group":"single_family","hood":"El Miradero","approved_year":2024,"started_year":2024,"done_year":2025,"status":"done"}},{"type":"Feature","geometry":{"type":"Point","coordinates":[-118.231095,34.140227]},"properties":{"id":"BMULTI-020101-2024","addr":"1510 Rock Glen Avenue, Unit A","cat":"ADU","approved":"2024-12-10","started":"2024-12-10","done":"2025-08-25","units":1,"zone_group":"multifamily","hood":"Somerset","fire":"Very High","approved_year":2024,"started_year":2024,"done_year":2025,"status":"done"}},{"type":"Feature","geometry":{"type":"Point","coordinates":[-118.278032,34.18055]},"properties":{"id":"BSFD-015962-2024","addr":"1559 Winchester Avenue, Unit A","cat":"ADU","approved":"2024-10-15","started":"2024-11-18","done":"2025-10-28","units":1,"zone_group":"single_family","hood":"El Miradero","fire":"Very High","approved_year":2024,"started_year":2024,"done_year":2025,"status":"done"}},{"type":"Feature","geometry":{"type":"Point","coordinates":[-118.303535,34.160764]},"properties":{"id":"BSFD-008297-2023","addr":"1748 Stanton Drive, Unit A","cat":"ADU","approved":"2024-03-10","started":"2024-05-03","units":1,"zone_group":"single_family","hood":"Riverside Rancho","fire":"Moderate","liquefaction":true,"approved_year":2024,"started_year":2024,"status":"started"}},{"type":"Feature","geometry":{"type":"Point","coordinates":[-118.232788,34.169722]},"properties":{"id":"BSFD-000210-2022","addr":"1821 Las Flores Drive, Unit A","cat":"ADU","approved":"2024-02-22","started":"2024-02-22","done":"2025-12-10","units":1,"zone_group":"single_family","hood":"Greenbriar","fire":"Very High","approved_year":2024,"started_year":2024,"done_year":2025,"status":"done"}},{"type":"Feature","geometry":{"type":"Point","coordinates":[-118.253842,34.121177]},"properties":{"id":"BMULTI-008671-2023","addr":"1906 Vassar Street","cat":"ADU","approved":"2024-05-31","started":"2024-08-14","done":"2025-05-30","units":1,"zone_group":"multifamily","hood":"Tropico","fire":"Moderate","approved_year":2024,"started_year":2024,"done_year":2025,"status":"done"}},{"type":"Feature","geometry":{"type":"Point","coordinates":[-118.288622,34.185122]},"properties":{"id":"BSFD-014669-2024","addr":"2062 Chilton Drive, Unit A","cat":"ADU","approved":"2024-08-21","started":"2024-08-27","done":"2025-03-18","units":1,"zone_group":"single_family","hood":"El Miradero","fire":"High","approved_year":2024,"started_year":2024,"done_year":2025,"status":"done"}},{"type":"Feature","geometry":{"type":"Point","coordinates":[-118.219948,34.151021]},"properties":{"id":"BSFD-015093-2024","addr":"2101 E Glenoaks Boulevard, Unit A","cat":"ADU","approved":"2024-09-09","started":"2024-09-13","units":1,"zone_group":"single_family","hood":"Glenoaks Canyon","fire":"Very High","dam":true,"approved_year":2024,"started_year":2024,"status":"started"}},{"type":"Feature","geometry":{"type":"Point","coordinates":[-118.303251,34.161527]},"properties":{"id":"BSFD-009363-2023\nPDR-001101-2023","addr":"221 Thompson Avenue","cat":"Single-family home","approved":"2024-05-22","started":"2024-06-14","units":1,"zone_group":"single_family","hood":"Riverside Rancho","fire":"Moderate","liquefaction":true,"approved_year":2024,"started_year":2024,"status":"started"}},{"type":"Feature","geometry":{"type":"Point","coordinates":[-118.25103,34.239159]},"properties":{"id":"BSFD-007586-2023","addr":"3302 Paraiso Way, Unit A","cat":"ADU","approved":"2024-01-03","started":"2024-01-04","units":1,"zone_group":"single_family","hood":"Crescenta Highlands","fire":"Very High","approved_year":2024,"started_year":2024,"status":"started"}},{"type":"Feature","geometry":{"type":"Point","coordinates":[-118.251937,34.232893]},"properties":{"id":"BSFD-010567-2023","addr":"3333 Thelma Street, Unit A","cat":"ADU","approved":"2024-10-02","started":"2024-10-14","done":"2025-09-29","units":1,"zone_group":"multifamily","hood":"Crescenta Highlands","approved_year":2024,"started_year":2024,"done_year":2025,"status":"done"}},{"type":"Feature","geometry":{"type":"Point","coordinates":[-118.234371,34.203175]},"properties":{"id":"BSFD-007414-2023","addr":"3504 Angelus Avenue, Unit A","cat":"ADU","approved":"2024-05-31","started":"2024-06-04","done":"2025-07-15","units":1,"zone_group":"single_family","hood":"Sparr Heights","fire":"Moderate","liquefaction":true,"approved_year":2024,"started_year":2024,"done_year":2025,"status":"done"}},{"type":"Feature","geometry":{"type":"Point","coordinates":[-118.2589,34.227793]},"properties":{"id":"BSFD-004525-2023","addr":"3643 Montrose Avenue, Unit A","cat":"ADU","approved":"2024-07-02","started":"2024-07-16","units":1,"zone_group":"single_family","hood":"Crescenta Highlands","fire":"High","approved_year":2024,"started_year":2024,"status":"started"}},{"type":"Feature","geometry":{"type":"Point","coordinates":[-118.264111,34.169382]},"properties":{"id":"BSFD-013241-2024","addr":"403 W Kenneth Road, Unit A","cat":"ADU","approved":"2024-08-21","started":"2024-09-12","done":"2025-12-22","units":1,"zone_group":"single_family","hood":"Verdugo Viejo","fire":"High","approved_year":2024,"started_year":2024,"done_year":2025,"status":"done"}},{"type":"Feature","geometry":{"type":"Point","coordinates":[-118.266116,34.145866]},"properties":{"id":"BSFD-008368-2023","addr":"545 Ivy Street, Unit B","cat":"ADU","approved":"2024-04-26","started":"2024-05-21","done":"2025-11-17","units":1,"zone_group":"multifamily","hood":"Moorpark","approved_year":2024,"started_year":2024,"done_year":2025,"status":"done"}},{"type":"Feature","geometry":{"type":"Point","coordinates":[-118.23711,34.157546]},"properties":{"id":"BMULTI-003879-2023","addr":"825 N Verdugo Road, Unit A","cat":"ADU","approved":"2024-02-21","started":"2024-03-01","done":"2025-02-12","units":1,"zone_group":"multifamily","hood":"Woodbury","fire":"Very High","liquefaction":true,"approved_year":2024,"started_year":2024,"done_year":2025,"status":"done"}},{"type":"Feature","geometry":{"type":"Point","coordinates":[-118.265201,34.177516]},"properties":{"id":"PDR-002077-2023","addr":"511 Nolan Avenue","cat":"Single-family home","approved":"2024-02-22","units":1,"zone_group":"single_family","hood":"Brockmont","fire":"Very High","landslide":true,"approved_year":2024,"status":"approved"}},{"type":"Feature","geometry":{"type":"Point","coordinates":[-118.2114,34.171776]},"properties":{"id":"PDR-002004-2023\nBSFD-017945-2024","addr":"1441 Thurlene Road","cat":"Single-family home","approved":"2024-04-25","units":1,"zone_group":"single_family","hood":"Chevy Chase","fire":"Very High","approved_year":2024,"status":"approved"}},{"type":"Feature","geometry":{"type":"Point","coordinates":[-118.285885,34.177973]},"properties":{"id":"PDR-001293-2023\nBSFD-022310-2025","addr":"1329 Thompson Ave","cat":"Single-family home","approved":"2024-05-09","units":1,"zone_group":"single_family","hood":"El Miradero","approved_year":2024,"status":"approved"}},{"type":"Feature","geometry":{"type":"Point","coordinates":[-118.293829,34.171999]},"properties":{"id":"PADR-003134-2024\nBSFD-019043-2024\nBSFD-019044-2024","addr":"1038 Irving Avenue","name":"Two units. Second address is 1040 IRVING AVENUE.","cat":"Single-family home","approved":"2024-07-17","started":"2025-05-20","units":2,"zone_group":"multifamily","hood":"Grandview","liquefaction":true,"approved_year":2024,"started_year":2025,"status":"started"}},{"type":"Feature","geometry":{"type":"Point","coordinates":[-118.260992,34.17237]},"properties":{"id":"PDR-002979-2024","addr":"318 Brockmont Drive","cat":"Single-family home","approved":"2024-09-26","units":1,"zone_group":"single_family","hood":"Brockmont","fire":"Very High","approved_year":2024,"status":"approved"}},{"type":"Feature","geometry":{"type":"Point","coordinates":[-118.261913,34.141629]},"properties":{"id":"PADR-003408-2024\nBSFD-020198-2024","addr":"422 W Elk Avenue","cat":"2\u20134 units","approved":"2024-12-31","units":1,"zone_group":"multifamily","hood":"Pacific-Edison","approved_year":2024,"status":"approved"}},{"type":"Feature","geometry":{"type":"Point","coordinates":[-118.255672,34.175899]},"properties":{"id":"PDR-003429-2024","addr":"137 Aspen Oak Lane","cat":"Single-family home","approved":"2024-09-26","units":1,"zone_group":"single_family","hood":"Brockmont","fire":"Very High","approved_year":2024,"status":"approved"}},{"type":"Feature","geometry":{"type":"Point","coordinates":[-118.286244,34.177639]},"properties":{"id":"PDR-003041-2024","addr":"1317 Thompson Avenue","cat":"Single-family home","approved":"2024-12-12","units":1,"zone_group":"single_family","hood":"El Miradero","approved_year":2024,"status":"approved"}},{"type":"Feature","geometry":{"type":"Point","coordinates":[-118.236707,34.175661]},"properties":{"id":"PDR-002532-2023","addr":"1000 Balmoral Drive\n(Aka 1000 Sandrigham Drive)","cat":"Single-family home","approved":"2024-04-25","units":1,"zone_group":"single_family","hood":"Greenbriar","fire":"Very High","approved_year":2024,"status":"approved"}},{"type":"Feature","geometry":{"type":"Point","coordinates":[-118.258327,34.127217]},"properties":{"id":"BB1518519","addr":"3909 San Fernando","name":"The Link","cat":"5+ units","approved":"2016-07-20","started":"2016-07-20","done":"2020-08-28","units":141,"zone_group":"mixed_use","hood":"Tropico","approved_year":2016,"started_year":2016,"done_year":2020,"status":"done"}},{"type":"Feature","geometry":{"type":"Point","coordinates":[-118.290542,34.175805]},"properties":{"id":"BCB1819805","addr":"1838 Glenwood Rd","cat":"ADU","approved":"2018-10-26","started":"2018-10-26","done":"2020-01-23","units":1,"zone_group":"single_family","hood":"Grandview","approved_year":2018,"started_year":2018,"done_year":2020,"status":"done"}},{"type":"Feature","geometry":{"type":"Point","coordinates":[-118.285065,34.171818]},"properties":{"id":"BCB1902890","addr":"1546 Glenwood Rd. Unit A","cat":"ADU","approved":"2019-10-03","started":"2019-10-03","done":"2020-05-01","units":1,"zone_group":"single_family","hood":"Grandview","approved_year":2019,"started_year":2019,"done_year":2020,"status":"done"}},{"type":"Feature","geometry":{"type":"Point","coordinates":[-118.278941,34.173292]},"properties":{"id":"BBC2020117","addr":"1520 Grandview Ave., Jadu","cat":"ADU","approved":"2020-12-22","started":"2020-12-22","units":1,"zone_group":"single_family","hood":"Glenwood","fire":"Moderate","approved_year":2020,"started_year":2020,"status":"started"}},{"type":"Feature","geometry":{"type":"Point","coordinates":[-118.267715,34.168416]},"properties":{"id":"BCB1815340","addr":"534 Monte Vista Ave., Unit A","cat":"ADU","approved":"2020-05-28","started":"2020-05-28","done":"2020-11-23","units":1,"zone_group":"single_family","hood":"Glenwood","approved_year":2020,"started_year":2020,"done_year":2020,"status":"done"}},{"type":"Feature","geometry":{"type":"Point","coordinates":[-118.245868,34.139015]},"properties":{"id":"BCB2004927","addr":"721 E Maple St., Unit A","cat":"ADU","approved":"2020-06-01","started":"2020-06-01","done":"2020-06-26","units":1,"zone_group":"multifamily","hood":"Mariposa","approved_year":2020,"started_year":2020,"done_year":2020,"status":"done"}},{"type":"Feature","geometry":{"type":"Point","coordinates":[-118.241793,34.149316]},"properties":{"id":"BCB2211811\nPADU-002114-2023","addr":"232 N Adams St\nGlendale, Ca 91206","cat":"ADU","approved":"2023-09-19","started":"2023-09-21","done":"2025-09-18","units":1,"zone_group":"multifamily","hood":"Citrus Grove","approved_year":2023,"started_year":2023,"done_year":2025,"status":"done"}},{"type":"Feature","geometry":{"type":"Point","coordinates":[-118.28807,34.167859]},"properties":{"id":"BSFD-007777-2023","addr":"1037 Ruberta Avenue, Unit A","cat":"2\u20134 units","approved":"2023-07-21","started":"2024-07-03","units":1,"zone_group":"multifamily","hood":"Grandview","approved_year":2023,"started_year":2024,"status":"started"}},{"type":"Feature","geometry":{"type":"Point","coordinates":[-118.245661,34.161105]},"properties":{"id":"BSFD-013785-2024","addr":"1110 N Everett Street, Unit A","cat":"ADU","approved":"2024-10-15","started":"2024-10-23","done":"2025-03-24","units":1,"zone_group":"single_family","hood":"Rossmoyne","fire":"Moderate","approved_year":2024,"started_year":2024,"done_year":2025,"status":"done"}},{"type":"Feature","geometry":{"type":"Point","coordinates":[-118.293077,34.174429]},"properties":{"id":"BB2200978","addr":"1117 Allen Avenue, Unit A","cat":"ADU","approved":"2024-05-22","started":"2024-05-24","done":"2025-03-17","units":1,"zone_group":"multifamily","hood":"Grandview","approved_year":2024,"started_year":2024,"done_year":2025,"status":"done"}},{"type":"Feature","geometry":{"type":"Point","coordinates":[-118.240136,34.133525]},"properties":{"id":"BSFD-007510-2023","addr":"1135 Park Avenue, Unit A","cat":"ADU","approved":"2024-04-17","started":"2024-05-22","done":"2025-09-22","units":1,"zone_group":"multifamily","hood":"Adams Hill","fire":"Very High","approved_year":2024,"started_year":2024,"done_year":2025,"status":"done"}},{"type":"Feature","geometry":{"type":"Point","coordinates":[-118.28556,34.173429]},"properties":{"id":"BSFD-006784-2023","addr":"1225 Winchester Avenue, Unit A","cat":"ADU","approved":"2023-12-12","started":"2024-04-03","done":"2025-06-04","units":1,"zone_group":"single_family","hood":"Grandview","approved_year":2023,"started_year":2024,"done_year":2025,"status":"done"}},{"type":"Feature","geometry":{"type":"Point","coordinates":[-118.240851,34.129785]},"properties":{"id":"BSFD-004386-2023","addr":"1315 S Adams Street, Unit A","cat":"ADU","approved":"2024-06-03","started":"2024-06-13","done":"2025-05-01","units":1,"zone_group":"single_family","hood":"Adams Hill","fire":"High","approved_year":2024,"started_year":2024,"done_year":2025,"status":"done"}},{"type":"Feature","geometry":{"type":"Point","coordinates":[-118.260497,34.167106]},"properties":{"id":"BSFD-013850-2024","addr":"1414 Valley View Road, Unit A","cat":"ADU","approved":"2024-04-04","started":"2024-03-21","done":"2025-06-05","units":1,"zone_group":"single_family","hood":"Verdugo Viejo","fire":"Very High","approved_year":2024,"started_year":2024,"done_year":2025,"status":"done"}},{"type":"Feature","geometry":{"type":"Point","coordinates":[-118.280129,34.177491]},"properties":{"id":"BSFD-011416-2023","addr":"1421 El Miradero Avenue, Unit A","cat":"ADU","approved":"2024-06-24","started":"2024-07-12","done":"2025-06-25","units":1,"zone_group":"single_family","hood":"El Miradero","fire":"High","approved_year":2024,"started_year":2024,"done_year":2025,"status":"done"}},{"type":"Feature","geometry":{"type":"Point","coordinates":[-118.26424,34.170037]},"properties":{"id":"BSFD-004629-2023","addr":"1514 N Columbus Avenue","cat":"Single-family home","approved":"2024-08-12","started":"2024-08-28","units":1,"zone_group":"single_family","hood":"Verdugo Viejo","fire":"High","approved_year":2024,"started_year":2024,"status":"started"}},{"type":"Feature","geometry":{"type":"Point","coordinates":[-118.276855,34.173014]},"properties":{"id":"BSFD-009099-2023","addr":"1525 Cleveland Road","cat":"ADU","approved":"2024-04-22","started":"2024-04-24","done":"2025-02-24","units":1,"zone_group":"single_family","hood":"Glenwood","fire":"Moderate","approved_year":2024,"started_year":2024,"done_year":2025,"status":"done"}},{"type":"Feature","geometry":{"type":"Point","coordinates":[-118.229981,34.186469]},"properties":{"id":"BSFD-019510-2024\nBSFD-001412-2022","addr":"1651 Glorietta Avenue, Unit A","cat":"ADU","approved":"2024-01-05","started":"2024-04-19","done":"2025-10-28","units":1,"zone_group":"single_family","hood":"Verdugo Woodlands","fire":"Very High","liquefaction":true,"approved_year":2024,"started_year":2024,"done_year":2025,"status":"done"}},{"type":"Feature","geometry":{"type":"Point","coordinates":[-118.259952,34.136659]},"properties":{"id":"BMULTI-001227-2022","addr":"347 W Windsor Road, Unit B","cat":"ADU","approved":"2023-11-13","started":"2024-02-15","done":"2025-02-27","units":1,"zone_group":"multifamily","hood":"Pacific-Edison","approved_year":2023,"started_year":2024,"done_year":2025,"status":"done"}},{"type":"Feature","geometry":{"type":"Point","coordinates":[-118.272337,34.156756]},"properties":{"id":"BSFD-005716-2023","addr":"725 Omar Street, Unit A","cat":"ADU","approved":"2024-06-26","started":"2024-06-26","done":"2025-05-12","units":1,"zone_group":"single_family","hood":"Pelanconi","approved_year":2024,"started_year":2024,"done_year":2025,"status":"done"}},{"type":"Feature","geometry":{"type":"Point","coordinates":[-118.228379,34.187001]},"properties":{"id":"BSFD-023988-2025\nPDR-003436-2024","addr":"1712 Glorietta Avenue","cat":"Single-family home","approved":"2024-02-27","started":"2025-11-25","units":1,"zone_group":"single_family","hood":"Verdugo Woodlands","fire":"Very High","liquefaction":true,"approved_year":2024,"started_year":2025,"status":"started"}},{"type":"Feature","geometry":{"type":"Point","coordinates":[-118.242622,34.167943]},"properties":{"id":"PSB9-000779-2023","addr":"1447 Cordova Ave","cat":"Single-family home","approved":"2024-09-03","units":2,"zone_group":"single_family","hood":"Rossmoyne","fire":"Very High","approved_year":2024,"status":"approved"}},{"type":"Feature","geometry":{"type":"Point","coordinates":[-118.280747,34.16324]},"properties":{"id":"BSFD-009237-2023","addr":"904 Cleveland Road Unit: Unit A","cat":"ADU","approved":"2024-05-30","started":"2024-06-15","done":"2025-01-02","units":1,"zone_group":"single_family","hood":"Pelanconi","approved_year":2024,"started_year":2024,"done_year":2025,"status":"done"}},{"type":"Feature","geometry":{"type":"Point","coordinates":[-118.240609,34.138119]},"properties":{"id":"BSFD-008412-2023","addr":"1125 Raleigh Street Unit: Unit B","cat":"ADU","approved":"2024-03-29","started":"2024-04-17","done":"2025-01-16","units":1,"zone_group":"multifamily","hood":"Mariposa","approved_year":2024,"started_year":2024,"done_year":2025,"status":"done"}},{"type":"Feature","geometry":{"type":"Point","coordinates":[-118.293196,34.17105]},"properties":{"id":"BSFD-016095-2024","addr":"1031 Thompson Avenue Unit: Unit D","cat":"ADU","approved":"2024-08-12","started":"2024-08-12","done":"2025-05-27","units":2,"zone_group":"multifamily","hood":"Grandview","liquefaction":true,"approved_year":2024,"started_year":2024,"done_year":2025,"status":"done"}},{"type":"Feature","geometry":{"type":"Point","coordinates":[-118.299775,34.163211]},"properties":{"id":"BSFD-012622-2024","addr":"409 Raymond Avenue Unit: Unit A","cat":"ADU","approved":"2024-05-30","started":"2024-09-16","done":"2025-02-03","units":1,"zone_group":"multifamily","hood":"Riverside Rancho","liquefaction":true,"approved_year":2024,"started_year":2024,"done_year":2025,"status":"done"}},{"type":"Feature","geometry":{"type":"Point","coordinates":[-118.282997,34.175787]},"properties":{"id":"BSFD-010921-2023","addr":"1324 Winchester Avenue Unit:Unit A","cat":"ADU","approved":"2024-09-18","started":"2025-01-02","done":"2025-11-20","units":1,"zone_group":"single_family","hood":"El Miradero","approved_year":2024,"started_year":2025,"done_year":2025,"status":"done"}},{"type":"Feature","geometry":{"type":"Point","coordinates":[-118.281197,34.184265]},"properties":{"id":"BSFD-012668-2024","addr":"1616 Irving Avenue Unit: Unit A","cat":"ADU","approved":"2024-08-27","started":"2025-01-16","done":"2025-12-29","units":1,"zone_group":"single_family","hood":"El Miradero","fire":"Very High","approved_year":2024,"started_year":2025,"done_year":2025,"status":"done"}},{"type":"Feature","geometry":{"type":"Point","coordinates":[-118.288204,34.179031]},"properties":{"id":"BSFD-013282-2024","addr":"1317 Allen Avenue Unit:Unit A Glendale","cat":"ADU","approved":"2025-01-02","started":"2025-01-22","done":"2025-12-17","units":1,"zone_group":"single_family","hood":"El Miradero","approved_year":2025,"started_year":2025,"done_year":2025,"status":"done"}},{"type":"Feature","geometry":{"type":"Point","coordinates":[-118.225891,34.17151]},"properties":{"id":"BSFD-017233-2024","addr":"1819 Kirkby Road Unit: Unit A","cat":"ADU","approved":"2025-01-06","started":"2025-01-23","done":"2025-11-17","units":1,"zone_group":"single_family","hood":"Verdugo Woodlands","fire":"Very High","liquefaction":true,"approved_year":2025,"started_year":2025,"done_year":2025,"status":"done"}},{"type":"Feature","geometry":{"type":"Point","coordinates":[-118.238869,34.200489]},"properties":{"id":"BSFD-014521-2024","addr":"3381 Oakmont View Drive Unit: Unit A","cat":"ADU","approved":"2025-01-22","started":"2025-02-03","done":"2025-09-17","units":1,"zone_group":"single_family","hood":"Oakmont","fire":"Very High","approved_year":2025,"started_year":2025,"done_year":2025,"status":"done"}},{"type":"Feature","geometry":{"type":"Point","coordinates":[-118.294677,34.179376]},"properties":{"id":"BSFD-014024-2024","addr":"1209 Alameda Avenue Unit: Unit A","cat":"ADU","approved":"2025-02-20","started":"2025-02-28","done":"2025-07-14","units":1,"zone_group":"single_family","hood":"Grandview","approved_year":2025,"started_year":2025,"done_year":2025,"status":"done"}},{"type":"Feature","geometry":{"type":"Point","coordinates":[-118.248912,34.153345]},"properties":{"id":"BMULTI-013734-2024","addr":"509 N Isabel Street Unit: Unit C","cat":"ADU","approved":"2025-02-19","started":"2025-03-03","done":"2025-12-05","units":1,"zone_group":"multifamily","hood":"City Center","approved_year":2025,"started_year":2025,"done_year":2025,"status":"done"}},{"type":"Feature","geometry":{"type":"Point","coordinates":[-118.251373,34.156789]},"properties":{"id":"BSFD-020037-2024","addr":"708 N Kenwood Street Unit: Unit A","cat":"ADU","approved":"2025-02-24","started":"2025-03-04","done":"2025-04-21","units":1,"zone_group":"multifamily","hood":"Rossmoyne","approved_year":2025,"started_year":2025,"done_year":2025,"status":"done"}},{"type":"Feature","geometry":{"type":"Point","coordinates":[-118.236607,34.164136]},"properties":{"id":"BSFD-016774-2024","addr":"1318 Moncado Drive Unit: Unit A","cat":"ADU","approved":"2025-02-13","started":"2025-03-19","done":"2025-08-18","units":1,"zone_group":"single_family","hood":"Rossmoyne","fire":"Very High","liquefaction":true,"approved_year":2025,"started_year":2025,"done_year":2025,"status":"done"}},{"type":"Feature","geometry":{"type":"Point","coordinates":[-118.246837,34.157122]},"properties":{"id":"BSFD-007755-2023","addr":"717 Geneva Street","cat":"ADU","approved":"2024-08-06","started":"2025-07-30","done":"2025-10-28","units":1,"zone_group":"single_family","hood":"Rossmoyne","approved_year":2024,"started_year":2025,"done_year":2025,"status":"done"}},{"type":"Feature","geometry":{"type":"Point","coordinates":[-118.229107,34.186105]},"properties":{"id":"BSFD-024305-2025","addr":"2719 Canada Boulevard Unit: A","cat":"ADU","approved":"2025-09-09","started":"2025-09-18","done":"2025-11-04","units":1,"zone_group":"single_family","hood":"Verdugo Woodlands","fire":"Very High","liquefaction":true,"approved_year":2025,"started_year":2025,"done_year":2025,"status":"done"}},{"type":"Feature","geometry":{"type":"Point","coordinates":[-118.267798,34.168642]},"properties":{"id":"BSFD-015683-2024","addr":"1431 Montgomery Avenue, Unit B","cat":"ADU","approved":"2025-10-16","started":"2025-01-02","units":1,"zone_group":"single_family","hood":"Glenwood","approved_year":2025,"started_year":2025,"status":"started"}},{"type":"Feature","geometry":{"type":"Point","coordinates":[-118.256515,34.132236]},"properties":{"id":"BSFD-013022-2024","addr":"200 W Palmer Avenue","cat":"ADU","approved":"2024-12-13","started":"2025-04-25","units":2,"zone_group":"multifamily","hood":"Tropico","approved_year":2024,"started_year":2025,"status":"started"}},{"type":"Feature","geometry":{"type":"Point","coordinates":[-118.23968,34.12774]},"properties":{"id":"BSFD-010360-2023","addr":"1511 S Adams Street, Unit A","cat":"ADU","approved":"2025-04-16","started":"2025-04-30","units":1,"zone_group":"single_family","hood":"Adams Hill","fire":"Very High","approved_year":2025,"started_year":2025,"status":"started"}},{"type":"Feature","geometry":{"type":"Point","coordinates":[-118.211944,34.163577]},"properties":{"id":"BSFD-018607-2024","addr":"892 Calle Canta, Unit A","cat":"ADU","approved":"2025-04-02","started":"2025-05-29","units":1,"zone_group":"single_family","hood":"Rancho San Rafael","fire":"Very High","approved_year":2025,"started_year":2025,"status":"started"}},{"type":"Feature","geometry":{"type":"Point","coordinates":[-118.259608,34.141641]},"properties":{"id":"BSFD-012638-2024","addr":"338 W Elk Avenue, Unit A","cat":"ADU","approved":"2025-04-22","started":"2025-05-30","units":1,"zone_group":"multifamily","hood":"Pacific-Edison","approved_year":2025,"started_year":2025,"status":"started"}},{"type":"Feature","geometry":{"type":"Point","coordinates":[-118.290152,34.160916]},"properties":{"id":"BSFD-012496-2024","addr":"1326 Truitt Street, Unit A","cat":"ADU","approved":"2025-02-03","started":"2025-06-04","units":1,"zone_group":"single_family","hood":"Grand Central","fire":"Moderate","liquefaction":true,"approved_year":2025,"started_year":2025,"status":"started"}},{"type":"Feature","geometry":{"type":"Point","coordinates":[-118.263053,34.16948]},"properties":{"id":"BSFD-006279-2023","addr":"1503 Merriman Drive, Unit A","cat":"ADU","approved":"2025-05-28","started":"2025-06-06","units":1,"zone_group":"single_family","hood":"Verdugo Viejo","fire":"Very High","approved_year":2025,"started_year":2025,"status":"started"}},{"type":"Feature","geometry":{"type":"Point","coordinates":[-118.23966,34.152212]},"properties":{"id":"BMULTI-018447-2024","addr":"411 Naranja Drive, Unit H","cat":"ADU","approved":"2025-03-28","started":"2025-06-10","units":2,"zone_group":"multifamily","hood":"Citrus Grove","approved_year":2025,"started_year":2025,"status":"started"}},{"type":"Feature","geometry":{"type":"Point","coordinates":[-118.275953,34.169507]},"properties":{"id":"BSFD-017333-2024","addr":"1406 Graynold Avenue, Unit A","cat":"ADU","approved":"2025-05-16","started":"2025-06-18","units":1,"zone_group":"single_family","hood":"Glenwood","approved_year":2025,"started_year":2025,"status":"started"}},{"type":"Feature","geometry":{"type":"Point","coordinates":[-118.262413,34.151689]},"properties":{"id":"BSFD-013478-2024","addr":"421 W Lexington Drive, Unit A","cat":"ADU","approved":"2025-05-23","started":"2025-07-03","units":1,"zone_group":"multifamily","hood":"Vineyard","approved_year":2025,"started_year":2025,"status":"started"}},{"type":"Feature","geometry":{"type":"Point","coordinates":[-118.259309,34.137707]},"properties":{"id":"BSFD-017749-2024","addr":"331 W Maple Street, Unit C","cat":"ADU","approved":"2025-06-06","started":"2025-07-14","units":1,"zone_group":"multifamily","hood":"Pacific-Edison","approved_year":2025,"started_year":2025,"status":"started"}},{"type":"Feature","geometry":{"type":"Point","coordinates":[-118.203338,34.180569]},"properties":{"id":"BSFD-019553-2024","addr":"2150 Ashington Drive, Unit A","cat":"ADU","approved":"2025-07-14","started":"2025-07-24","units":1,"zone_group":"single_family","hood":"Emerald Isle","fire":"Very High","approved_year":2025,"started_year":2025,"status":"started"}},{"type":"Feature","geometry":{"type":"Point","coordinates":[-118.246833,34.167237]},"properties":{"id":"BSFD-008390-2023","addr":"726 Bohlig Road, Unit A","cat":"ADU","approved":"2025-05-13","started":"2025-07-29","units":1,"zone_group":"single_family","hood":"Rossmoyne","fire":"Very High","approved_year":2025,"started_year":2025,"status":"started"}},{"type":"Feature","geometry":{"type":"Point","coordinates":[-118.234991,34.164584]},"properties":{"id":"BSFD-018798-2024","addr":"1350 Ethel Street, Unit A","cat":"ADU","approved":"2025-04-29","started":"2025-08-01","units":1,"zone_group":"single_family","hood":"Rossmoyne","fire":"Very High","liquefaction":true,"approved_year":2025,"started_year":2025,"status":"started"}},{"type":"Feature","geometry":{"type":"Point","coordinates":[-118.259942,34.14164]},"properties":{"id":"BSFD-019730-2024","addr":"342 W Elk Avenue, Unit A","cat":"ADU","approved":"2025-05-13","started":"2025-08-05","units":1,"zone_group":"multifamily","hood":"Pacific-Edison","approved_year":2025,"started_year":2025,"status":"started"}},{"type":"Feature","geometry":{"type":"Point","coordinates":[-118.278612,34.174635]},"properties":{"id":"BSFD-015696-2024","addr":"1559 Grandview Avenue, Unit A","cat":"ADU","approved":"2025-07-17","started":"2025-08-22","units":1,"zone_group":"single_family","hood":"Glenwood","fire":"Moderate","approved_year":2025,"started_year":2025,"status":"started"}},{"type":"Feature","geometry":{"type":"Point","coordinates":[-118.284283,34.176182]},"properties":{"id":"BSFD-023734-2025","addr":"1312 Western Avenue, Unit A","cat":"ADU","approved":"2025-08-04","started":"2025-08-22","units":1,"zone_group":"single_family","hood":"El Miradero","approved_year":2025,"started_year":2025,"status":"started"}},{"type":"Feature","geometry":{"type":"Point","coordinates":[-118.24607,34.144449]},"properties":{"id":"BSFD-016662-2024","addr":"714 E Harvard Street, Unit B","cat":"ADU","approved":"2025-08-18","started":"2025-08-26","units":1,"zone_group":"multifamily","hood":"Citrus Grove","approved_year":2025,"started_year":2025,"status":"started"}},{"type":"Feature","geometry":{"type":"Point","coordinates":[-118.229051,34.181046]},"properties":{"id":"BSFD-011409-2023","addr":"2307 Canada Avenue, Unit A","cat":"ADU","approved":"2025-08-22","started":"2025-09-10","units":1,"zone_group":"single_family","hood":"Verdugo Woodlands","fire":"Very High","liquefaction":true,"approved_year":2025,"started_year":2025,"status":"started"}},{"type":"Feature","geometry":{"type":"Point","coordinates":[-118.224583,34.182654]},"properties":{"id":"BCB2208064","addr":"1823 Fern Ln","cat":"ADU","approved":"2025-09-09","started":"2025-10-07","units":1,"zone_group":"single_family","hood":"Verdugo Woodlands","fire":"Very High","approved_year":2025,"started_year":2025,"status":"started"}},{"type":"Feature","geometry":{"type":"Point","coordinates":[-118.236127,34.14051]},"properties":{"id":"BSFD-022553-2025","addr":"509 Fischer Street, Unit A","cat":"ADU","approved":"2025-10-13","started":"2025-10-21","units":1,"zone_group":"multifamily","hood":"Somerset","approved_year":2025,"started_year":2025,"status":"started"}},{"type":"Feature","geometry":{"type":"Point","coordinates":[-118.240626,34.163308]},"properties":{"id":"BSFD-007031-2023","addr":"1230 Cortez Drive, A","cat":"ADU","approved":"2024-07-08","started":"2025-11-13","units":1,"zone_group":"single_family","hood":"Rossmoyne","fire":"Very High","approved_year":2024,"started_year":2025,"status":"started"}},{"type":"Feature","geometry":{"type":"Point","coordinates":[-118.281272,34.175857]},"properties":{"id":"BSFD-017820-2024","addr":"1357 Justin Avenue, Unit A","cat":"ADU","approved":"2025-11-06","started":"2025-11-17","units":1,"zone_group":"single_family","hood":"El Miradero","fire":"Moderate","approved_year":2025,"started_year":2025,"status":"started"}},{"type":"Feature","geometry":{"type":"Point","coordinates":[-118.251296,34.160291]},"properties":{"id":"BMULTI-016213-2024","addr":"333 E Fairview Avenue, Apt 101","cat":"ADU","approved":"2025-12-04","started":"2025-12-17","units":1,"zone_group":"multifamily","hood":"Rossmoyne","approved_year":2025,"started_year":2025,"status":"started"}},{"type":"Feature","geometry":{"type":"Point","coordinates":[-118.257967,34.125689]},"properties":{"id":"BSFD-016452-2024","addr":"313 El Bonito Avenue, Unit B","cat":"ADU","approved":"2025-08-14","started":"2025-12-31","units":1,"zone_group":"mixed_use","hood":"Tropico","approved_year":2025,"started_year":2025,"status":"started"}},{"type":"Feature","geometry":{"type":"Point","coordinates":[-118.3027,34.163688]},"properties":{"id":"PADR-004013-2024","addr":"311 Irving Avenue\nGlendale, Ca 91201","cat":"2\u20134 units","approved":"2025-02-10","units":3,"zone_group":"multifamily","hood":"Riverside Rancho","liquefaction":true,"approved_year":2025,"status":"approved"}},{"type":"Feature","geometry":{"type":"Point","coordinates":[-118.295272,34.159371]},"properties":{"id":"BSFD-016186-2024\nBCB2000434\nPADU2206255","addr":"337 Sonora Avenue, Unit A, Glendale, Ca 91201","cat":"ADU","approved":"2023-03-22","started":"2023-03-22","units":1,"zone_group":"multifamily","hood":"Riverside Rancho","fire":"Very High","liquefaction":true,"approved_year":2023,"started_year":2023,"status":"started"}},{"type":"Feature","geometry":{"type":"Point","coordinates":[-118.280481,34.173377]},"properties":{"id":"BSFD-012535-2024","addr":"1315 Sonora Avenue, Unit A","cat":"ADU","approved":"2024-11-06","started":"2024-12-11","done":"2025-10-27","units":1,"zone_group":"single_family","hood":"El Miradero","approved_year":2024,"started_year":2024,"done_year":2025,"status":"done"}},{"type":"Feature","geometry":{"type":"Point","coordinates":[-118.236197,34.137563]},"properties":{"id":"BSFD-008823-2023","addr":"1333 E Windsor Road","cat":"ADU","approved":"2024-10-03","started":"2024-10-15","done":"2025-06-30","units":1,"zone_group":"multifamily","hood":"Somerset","fire":"High","approved_year":2024,"started_year":2024,"done_year":2025,"status":"done"}},{"type":"Feature","geometry":{"type":"Point","coordinates":[-118.282513,34.174046]},"properties":{"id":"BCB2018659","addr":"1544 W Kenneth Road, Unit A","cat":"ADU","approved":"2024-01-16","started":"2024-01-16","units":1,"zone_group":"single_family","hood":"El Miradero","approved_year":2024,"started_year":2024,"status":"started"}},{"type":"Feature","geometry":{"type":"Point","coordinates":[-118.284656,34.179707]},"properties":{"id":"BSFD-008376-2023","addr":"1806 Bel Aire Drive, Unit A","cat":"ADU","approved":"2024-06-27","started":"2024-08-21","done":"2025-03-24","units":1,"zone_group":"single_family","hood":"El Miradero","approved_year":2024,"started_year":2024,"done_year":2025,"status":"done"}},{"type":"Feature","geometry":{"type":"Point","coordinates":[-118.264072,34.151622]},"properties":{"id":"BSFD-010039-2023","addr":"460 W Lexington Drive, Unit A","cat":"ADU","approved":"2024-05-22","started":"2024-05-24","done":"2025-03-21","units":1,"zone_group":"multifamily","hood":"Vineyard","approved_year":2024,"started_year":2024,"done_year":2025,"status":"done"}},{"type":"Feature","geometry":{"type":"Point","coordinates":[-118.248663,34.140828]},"properties":{"id":"BSFD-006196-2023","addr":"526 E Lomita Avenue, Unit A","cat":"ADU","approved":"2024-06-24","started":"2024-07-02","units":1,"zone_group":"multifamily","hood":"Mariposa","approved_year":2024,"started_year":2024,"status":"started"}},{"type":"Feature","geometry":{"type":"Point","coordinates":[-118.229527,34.141955]},"properties":{"id":"BMULTI-006337-2023","addr":"321 Lincoln Avenue, Unit B","cat":"ADU","approved":"2024-04-25","started":"2024-05-07","done":"2025-04-04","units":1,"zone_group":"multifamily","hood":"Somerset","fire":"Very High","approved_year":2024,"started_year":2024,"done_year":2025,"status":"done"}},{"type":"Feature","geometry":{"type":"Point","coordinates":[-118.251858,34.169065]},"properties":{"id":"PDR-002035-2023\nBSFD-018078-2024","addr":"1519 Glenmont Drive","cat":"Single-family home","approved":"2024-03-14","units":1,"zone_group":"single_family","hood":"Rossmoyne","fire":"Very High","approved_year":2024,"status":"approved"}},{"type":"Feature","geometry":{"type":"Point","coordinates":[-118.289194,34.181248]},"properties":{"id":"PDR-003310-2024","addr":"1342 Elm Avenue","cat":"Single-family home","approved":"2024-10-10","units":1,"zone_group":"single_family","hood":"El Miradero","approved_year":2024,"status":"approved"}},{"type":"Feature","geometry":{"type":"Point","coordinates":[-118.228186,34.184135]},"properties":{"id":"PSB9-002207-2023","addr":"1714 Del Valle Avenue\nGlendale, Ca 91208","cat":"Single-family home","approved":"2024-06-13","units":1,"zone_group":"single_family","hood":"Verdugo Woodlands","fire":"Very High","liquefaction":true,"approved_year":2024,"status":"approved"}},{"type":"Feature","geometry":{"type":"Point","coordinates":[-118.249368,34.222089]},"properties":{"id":"BSFD-006221-2023","addr":"3214 Montrose Avenue Unit: Unit A","cat":"ADU","approved":"2024-01-19","started":"2024-01-29","done":"2025-01-29","units":1,"zone_group":"multifamily","hood":"Crescenta Highlands","fire":"High","liquefaction":true,"approved_year":2024,"started_year":2024,"done_year":2025,"status":"done"}},{"type":"Feature","geometry":{"type":"Point","coordinates":[-118.265551,34.144142]},"properties":{"id":"BSFD-018600-2024\nBMULTI-007569-2023","addr":"530 W Harvard Street Unit: Unit A","cat":"ADU","approved":"2024-10-04","started":"2024-10-16","done":"2025-01-27","units":1,"zone_group":"multifamily","hood":"Moorpark","approved_year":2024,"started_year":2024,"done_year":2025,"status":"done"}},{"type":"Feature","geometry":{"type":"Point","coordinates":[-118.284526,34.179681]},"properties":{"id":"BSFD-013207-2024","addr":"1805 Bel Aire Drive Unit: Unit A","cat":"ADU","approved":"2024-11-06","started":"2024-11-12","done":"2025-01-30","units":1,"zone_group":"single_family","hood":"El Miradero","approved_year":2024,"started_year":2024,"done_year":2025,"status":"done"}},{"type":"Feature","geometry":{"type":"Point","coordinates":[-118.266698,34.15207]},"properties":{"id":"BSFD-012164-2024","addr":"412 N Kenilworth Avenue Unit: Unit A","cat":"ADU","approved":"2024-12-13","started":"2025-01-09","done":"2025-07-22","units":1,"zone_group":"multifamily","hood":"Vineyard","approved_year":2024,"started_year":2025,"done_year":2025,"status":"done"}},{"type":"Feature","geometry":{"type":"Point","coordinates":[-118.267048,34.153214]},"properties":{"id":"BSFD-013766-2024","addr":"605 Alexander Street Unit: Unit A","cat":"ADU","approved":"2025-01-30","started":"2025-02-07","done":"2025-08-25","units":1,"zone_group":"multifamily","hood":"Vineyard","approved_year":2025,"started_year":2025,"done_year":2025,"status":"done"}},{"type":"Feature","geometry":{"type":"Point","coordinates":[-118.272638,34.155599]},"properties":{"id":"BSFD-015946-2024","addr":"767 Fairmont Avenue Unit: Unit A","cat":"ADU","approved":"2025-01-30","started":"2025-02-13","done":"2025-11-14","units":1,"zone_group":"single_family","hood":"Pelanconi","approved_year":2025,"started_year":2025,"done_year":2025,"status":"done"}},{"type":"Feature","geometry":{"type":"Point","coordinates":[-118.266214,34.233755]},"properties":{"id":"BSFD-016282-2024","addr":"4135 Lowell Avenue Unit: Unit A","cat":"ADU","approved":"2025-01-16","started":"2025-02-19","done":"2025-05-14","units":1,"zone_group":"single_family","hood":"Crescenta Highlands","fire":"Very High","approved_year":2025,"started_year":2025,"done_year":2025,"status":"done"}},{"type":"Feature","geometry":{"type":"Point","coordinates":[-118.280088,34.173752]},"properties":{"id":"BSFD-012372-2024","addr":"1329 Sonora Avenue Unit: Unit A","cat":"ADU","approved":"2025-03-04","started":"2025-03-18","done":"2025-10-20","units":1,"zone_group":"single_family","hood":"El Miradero","fire":"Moderate","approved_year":2025,"started_year":2025,"done_year":2025,"status":"done"}},{"type":"Feature","geometry":{"type":"Point","coordinates":[-118.275692,34.172539]},"properties":{"id":"BSFD-017806-2024","addr":"1516 Idlewood Road Unit: Unit A","cat":"ADU","approved":"2025-03-18","started":"2025-04-01","done":"2025-08-08","units":1,"zone_group":"single_family","hood":"Glenwood","fire":"Moderate","approved_year":2025,"started_year":2025,"done_year":2025,"status":"done"}},{"type":"Feature","geometry":{"type":"Point","coordinates":[-118.218283,34.1513]},"properties":{"id":"BSFD-016296-2024","addr":"411 Scholl Drive Unit: Unit A","cat":"ADU","approved":"2025-03-13","started":"2025-04-02","done":"2025-11-24","units":1,"zone_group":"single_family","hood":"Glenoaks Canyon","fire":"Very High","approved_year":2025,"started_year":2025,"done_year":2025,"status":"done"}},{"type":"Feature","geometry":{"type":"Point","coordinates":[-118.301499,34.164745]},"properties":{"id":"BSFD-014775-2024","addr":"410 Irving Avenue Unit: Unit D","cat":"ADU","approved":"2025-03-07","started":"2025-04-04","done":"2025-05-15","units":1,"zone_group":"multifamily","hood":"Riverside Rancho","liquefaction":true,"approved_year":2025,"started_year":2025,"done_year":2025,"status":"done"}},{"type":"Feature","geometry":{"type":"Point","coordinates":[-118.251199,34.227991]},"properties":{"id":"BSFD-020161-2024","addr":"3303 Prospect Avenue Unit: Unit A","cat":"ADU","approved":"2025-05-19","started":"2025-05-23","done":"2025-12-15","units":1,"zone_group":"single_family","hood":"Crescenta Highlands","approved_year":2025,"started_year":2025,"done_year":2025,"status":"done"}},{"type":"Feature","geometry":{"type":"Point","coordinates":[-118.245922,34.137114]},"properties":{"id":"BSFD-025352-2025","addr":"720 E Windsor Road Unit: Unit C","cat":"ADU","approved":"2025-06-30","started":"2025-07-10","done":"2025-10-21","units":1,"zone_group":"multifamily","hood":"Mariposa","approved_year":2025,"started_year":2025,"done_year":2025,"status":"done"}},{"type":"Feature","geometry":{"type":"Point","coordinates":[-118.252673,34.240173]},"properties":{"id":"BSFD-019325-2024","addr":"3354 Paraiso Way, Unit A","cat":"ADU","approved":"2025-05-21","started":"2025-06-30","done":"2026-01-05","units":1,"zone_group":"single_family","hood":"Crescenta Highlands","fire":"Very High","approved_year":2025,"started_year":2025,"done_year":2026,"status":"done"}},{"type":"Feature","geometry":{"type":"Point","coordinates":[-118.26353,34.234674]},"properties":{"id":"BSFD-019768-2024","addr":"3875 Lirio Lane, Unit A","cat":"ADU","approved":"2025-06-05","started":"2025-07-09","done":"2026-01-05","units":1,"zone_group":"single_family","hood":"Crescenta Highlands","fire":"Moderate","approved_year":2025,"started_year":2025,"done_year":2026,"status":"done"}},{"type":"Feature","geometry":{"type":"Point","coordinates":[-118.270685,34.155644]},"properties":{"id":"BSFD-012908-2024","addr":"715 Fairmont Avenue, Unit A","cat":"ADU","approved":"2025-01-07","started":"2025-01-21","units":1,"zone_group":"single_family","hood":"Fremont Park","approved_year":2025,"started_year":2025,"status":"started"}},{"type":"Feature","geometry":{"type":"Point","coordinates":[-118.264017,34.171958]},"properties":{"id":"BSFD-016319-2024","addr":"371 Cumberland Road, Unit A","cat":"ADU","approved":"2025-01-13","started":"2025-01-21","units":1,"zone_group":"single_family","hood":"Brockmont","fire":"Very High","approved_year":2025,"started_year":2025,"status":"started"}},{"type":"Feature","geometry":{"type":"Point","coordinates":[-118.222137,34.155188]},"properties":{"id":"BCB2211627","addr":"2096 Lilac Lane, Unit A","cat":"ADU","approved":"2024-11-20","started":"2025-01-22","units":1,"zone_group":"single_family","hood":"Chevy Chase","fire":"Very High","approved_year":2024,"started_year":2025,"status":"started"}},{"type":"Feature","geometry":{"type":"Point","coordinates":[-118.290493,34.170311]},"properties":{"id":"BSFD-005575-2023","addr":"1046 Western Avenue, Unit C","cat":"ADU","approved":"2024-11-15","started":"2025-01-22","units":1,"zone_group":"multifamily","hood":"Grandview","approved_year":2024,"started_year":2025,"status":"started"}},{"type":"Feature","geometry":{"type":"Point","coordinates":[-118.234446,34.18266]},"properties":{"id":"BSFD-015035-2024","addr":"1500 El Rito Avenue, Unit A","cat":"ADU","approved":"2025-01-02","started":"2025-03-05","units":1,"zone_group":"single_family","hood":"Verdugo Woodlands","fire":"Very High","liquefaction":true,"approved_year":2025,"started_year":2025,"status":"started"}},{"type":"Feature","geometry":{"type":"Point","coordinates":[-118.23111,34.138062]},"properties":{"id":"BSFD-016686-2024","addr":"1506 E Windsor Road, Unit A","cat":"ADU","approved":"2025-02-18","started":"2025-03-07","units":1,"zone_group":"single_family","hood":"Somerset","fire":"Very High","approved_year":2025,"started_year":2025,"status":"started"}},{"type":"Feature","geometry":{"type":"Point","coordinates":[-118.286841,34.167359]},"properties":{"id":"BMULTI-012560-2024","addr":"1045 Sonora Avenue","cat":"ADU","approved":"2025-01-14","started":"2025-03-25","units":2,"zone_group":"multifamily","hood":"Grandview","approved_year":2025,"started_year":2025,"status":"started"}},{"type":"Feature","geometry":{"type":"Point","coordinates":[-118.242152,34.144426]},"properties":{"id":"BSFD-016449-2024","addr":"1018 E Harvard Street","cat":"ADU","approved":"2025-02-24","started":"2025-03-27","units":1,"zone_group":"multifamily","hood":"Citrus Grove","approved_year":2025,"started_year":2025,"status":"started"}},{"type":"Feature","geometry":{"type":"Point","coordinates":[-118.239839,34.163657]},"properties":{"id":"BSFD-014107-2024","addr":"1010 E Mountain Street, Unit A","cat":"ADU","approved":"2025-02-28","started":"2025-04-02","units":1,"zone_group":"single_family","hood":"Rossmoyne","fire":"Very High","approved_year":2025,"started_year":2025,"status":"started"}},{"type":"Feature","geometry":{"type":"Point","coordinates":[-118.238576,34.144405]},"properties":{"id":"BSFD-009978-2023","addr":"1224 E Harvard Street, Unit A","cat":"ADU","approved":"2025-04-24","started":"2025-05-30","units":1,"zone_group":"multifamily","hood":"Citrus Grove","approved_year":2025,"started_year":2025,"status":"started"}},{"type":"Feature","geometry":{"type":"Point","coordinates":[-118.291611,34.179042]},"properties":{"id":"BSFD-019483-2024","addr":"1251 Elm Avenue, Unit A","cat":"ADU","approved":"2025-05-22","started":"2025-06-09","units":1,"zone_group":"single_family","hood":"Grandview","approved_year":2025,"started_year":2025,"status":"started"}},{"type":"Feature","geometry":{"type":"Point","coordinates":[-118.29,34.178869]},"properties":{"id":"BSFD-019021-2024","addr":"1270 Linden Avenue, Unit A","cat":"ADU","approved":"2025-06-05","started":"2025-06-25","units":1,"zone_group":"single_family","hood":"Grandview","approved_year":2025,"started_year":2025,"status":"started"}},{"type":"Feature","geometry":{"type":"Point","coordinates":[-118.247343,34.13995]},"properties":{"id":"BSFD-016081-2024","addr":"623 E Chestnut Street, Unit A","cat":"ADU","approved":"2025-06-10","started":"2025-06-30","units":1,"zone_group":"multifamily","hood":"Mariposa","approved_year":2025,"started_year":2025,"status":"started"}},{"type":"Feature","geometry":{"type":"Point","coordinates":[-118.283938,34.170032]},"properties":{"id":"BSFD-015278-2024","addr":"1154 Sonora Avenue, Unit C","cat":"ADU","approved":"2025-06-11","started":"2025-07-18","units":1,"zone_group":"multifamily","hood":"Grandview","approved_year":2025,"started_year":2025,"status":"started"}},{"type":"Feature","geometry":{"type":"Point","coordinates":[-118.277012,34.160385]},"properties":{"id":"BSFD-016222-2024","addr":"945 Burchett Street, Unit A","cat":"ADU","approved":"2025-06-05","started":"2025-07-18","units":1,"zone_group":"single_family","hood":"Pelanconi","dam":true,"approved_year":2025,"started_year":2025,"status":"started"}},{"type":"Feature","geometry":{"type":"Point","coordinates":[-118.248791,34.16205]},"properties":{"id":"BSFD-018973-2024","addr":"1114 N Isabel Street, Unit A","cat":"ADU","approved":"2025-04-28","started":"2025-07-18","units":1,"zone_group":"single_family","hood":"Rossmoyne","fire":"Moderate","approved_year":2025,"started_year":2025,"status":"started"}},{"type":"Feature","geometry":{"type":"Point","coordinates":[-118.291622,34.1822]},"properties":{"id":"BSFD-021018-2025","addr":"1326 Alameda Avenue, Unit A","cat":"ADU","approved":"2025-07-03","started":"2025-07-18","units":1,"zone_group":"single_family","hood":"El Miradero","approved_year":2025,"started_year":2025,"status":"started"}},{"type":"Feature","geometry":{"type":"Point","coordinates":[-118.262233,34.178528]},"properties":{"id":"BSFD-004058-2023","addr":"420 Nesmuth Road","cat":"Single-family home","approved":"2025-08-05","started":"2025-08-05","units":1,"zone_group":"single_family","hood":"Brockmont","fire":"Very High","approved_year":2025,"started_year":2025,"status":"started"}},{"type":"Feature","geometry":{"type":"Point","coordinates":[-118.250433,34.130616]},"properties":{"id":"BSFD-022315-2025","addr":"1258 Mariposa Street, Unit D","cat":"ADU","approved":"2025-07-14","started":"2025-08-21","units":2,"zone_group":"multifamily","hood":"Adams Hill","dam":true,"approved_year":2025,"started_year":2025,"status":"started"}},{"type":"Feature","geometry":{"type":"Point","coordinates":[-118.261785,34.232336]},"properties":{"id":"BSFD-020453-2024","addr":"4230 Boston Avenue, Unit A","cat":"ADU","approved":"2025-08-19","started":"2025-09-17","units":1,"zone_group":"single_family","hood":"Crescenta Highlands","fire":"Moderate","approved_year":2025,"started_year":2025,"status":"started"}},{"type":"Feature","geometry":{"type":"Point","coordinates":[-118.232488,34.148795]},"properties":{"id":"BSFD-022072-2025","addr":"221 Sinclair Avenue, Unit A","cat":"ADU","approved":"2025-07-23","started":"2025-09-17","units":1,"zone_group":"multifamily","hood":"Citrus Grove","fire":"Moderate","approved_year":2025,"started_year":2025,"status":"started"}},{"type":"Feature","geometry":{"type":"Point","coordinates":[-118.237757,34.150812]},"properties":{"id":"BSFD-018249-2024","addr":"335 N Chevy Chase Drive, Unit A","cat":"ADU","approved":"2025-10-02","started":"2025-10-22","units":1,"zone_group":"multifamily","hood":"Citrus Grove","dam":true,"approved_year":2025,"started_year":2025,"status":"started"}},{"type":"Feature","geometry":{"type":"Point","coordinates":[-118.236688,34.134813]},"properties":{"id":"BSFD-006229-2023","addr":"1325 Romulus Drive, Unit A","cat":"ADU","approved":"2025-08-29","started":"2025-10-30","units":1,"zone_group":"single_family","hood":"Adams Hill","fire":"Very High","approved_year":2025,"started_year":2025,"status":"started"}},{"type":"Feature","geometry":{"type":"Point","coordinates":[-118.254537,34.234113]},"properties":{"id":"BSFD-022058-2025","addr":"4520 Frederick Avenue, Unit A","cat":"ADU","approved":"2025-10-03","started":"2025-10-30","units":1,"zone_group":"single_family","hood":"Crescenta Highlands","approved_year":2025,"started_year":2025,"status":"started"}},{"type":"Feature","geometry":{"type":"Point","coordinates":[-118.277924,34.166447]},"properties":{"id":"BSFD-024916-2025","addr":"1255 Idlewood Road, Unit A","cat":"ADU","approved":"2025-10-17","started":"2025-11-06","units":1,"zone_group":"single_family","hood":"Glenwood","approved_year":2025,"started_year":2025,"status":"started"}},{"type":"Feature","geometry":{"type":"Point","coordinates":[-118.251296,34.160291]},"properties":{"id":"BMULTI-016160-2024","addr":"321 E Fairview Avenue, Unit 219","cat":"ADU","approved":"2025-11-17","started":"2025-12-10","units":2,"zone_group":"multifamily","hood":"Rossmoyne","approved_year":2025,"started_year":2025,"status":"started"}},{"type":"Feature","geometry":{"type":"Point","coordinates":[-118.292007,34.170569]},"properties":{"id":"PADR-004032-2024","addr":"1035 Raymond Avenue\nGlendale, Ca 91201","cat":"Single-family home","approved":"2025-02-25","units":1,"zone_group":"multifamily","hood":"Grandview","liquefaction":true,"approved_year":2025,"status":"approved"}},{"type":"Feature","geometry":{"type":"Point","coordinates":[-118.265372,34.177462]},"properties":{"id":"PDR-003772-2024","addr":"521 Nolan Avenue\nGlendale, Ca 91202","cat":"Single-family home","approved":"2025-05-08","units":1,"zone_group":"single_family","hood":"Brockmont","fire":"Very High","landslide":true,"approved_year":2025,"status":"approved"}},{"type":"Feature","geometry":{"type":"Point","coordinates":[-118.228186,34.184135]},"properties":{"id":"PDR-004703-2025\nPSB9-002207-2023","addr":"1714 Del Valle Avenue\nGlendale, Ca 91208","cat":"Single-family home","approved":"2025-05-22","units":1,"zone_group":"single_family","hood":"Verdugo Woodlands","fire":"Very High","liquefaction":true,"approved_year":2025,"status":"approved"}},{"type":"Feature","geometry":{"type":"Point","coordinates":[-118.254695,34.169677]},"properties":{"id":"BSFD-015812-2024\nPDRNRAF2201810","addr":"1650 Hazbeth Ln\nGlendale, Ca 91207","cat":"Single-family home","approved":"2023-04-11","started":"2025-10-10","units":1,"zone_group":"single_family","hood":"Brockmont","fire":"Very High","approved_year":2023,"started_year":2025,"status":"started"}},{"type":"Feature","geometry":{"type":"Point","coordinates":[-118.279413,34.163785]},"properties":{"id":"BSFD-006907-2023","addr":"1037 W Glenoaks Boulevard, Unit A","cat":"ADU","approved":"2024-02-02","started":"2024-03-18","units":1,"zone_group":"multifamily","hood":"Glenwood","approved_year":2024,"started_year":2024,"status":"started"}},{"type":"Feature","geometry":{"type":"Point","coordinates":[-118.296119,34.178011]},"properties":{"id":"BSFD-015368-2024","addr":"1145 Alameda Avenue, Unit A","cat":"ADU","approved":"2024-10-17","started":"2024-11-05","done":"2025-11-12","units":1,"zone_group":"multifamily","hood":"Grandview","approved_year":2024,"started_year":2024,"done_year":2025,"status":"done"}},{"type":"Feature","geometry":{"type":"Point","coordinates":[-118.243019,34.145454]},"properties":{"id":"BB2118158","addr":"120 S Belmont Street, Unit B","cat":"ADU","approved":"2024-07-24","started":"2024-11-19","units":1,"zone_group":"multifamily","hood":"Citrus Grove","approved_year":2024,"started_year":2024,"status":"started"}},{"type":"Feature","geometry":{"type":"Point","coordinates":[-118.264295,34.170607]},"properties":{"id":"BCB2113328","addr":"1531 N Columbus Ave","cat":"ADU","approved":"2024-06-25","started":"2024-08-15","units":1,"zone_group":"single_family","hood":"Verdugo Viejo","fire":"Very High","approved_year":2024,"started_year":2024,"status":"started"}},{"type":"Feature","geometry":{"type":"Point","coordinates":[-118.276402,34.174392]},"properties":{"id":"BSFD-014916-2024","addr":"1600 Cleveland Road, Unit A","cat":"ADU","approved":"2024-10-24","started":"2024-10-31","done":"2025-06-12","units":1,"zone_group":"single_family","hood":"Glenwood","fire":"High","approved_year":2024,"started_year":2024,"done_year":2025,"status":"done"}},{"type":"Feature","geometry":{"type":"Point","coordinates":[-118.250517,34.166204]},"properties":{"id":"BSFD-006909-2023","addr":"413 Ross Street, Unit A","cat":"ADU","approved":"2024-02-23","started":"2024-03-13","done":"2025-04-15","units":1,"zone_group":"single_family","hood":"Rossmoyne","fire":"Very High","approved_year":2024,"started_year":2024,"done_year":2025,"status":"done"}},{"type":"Feature","geometry":{"type":"Point","coordinates":[-118.249735,34.2358]},"properties":{"id":"BSFD-010770-2023","addr":"4807 Cheryl Avenue, Unit A","cat":"ADU","approved":"2024-04-16","started":"2024-04-23","done":"2025-08-18","units":1,"zone_group":"single_family","hood":"Crescenta Highlands","fire":"Very High","approved_year":2024,"started_year":2024,"done_year":2025,"status":"done"}},{"type":"Feature","geometry":{"type":"Point","coordinates":[-118.247988,34.155418]},"properties":{"id":"BMULTI-002691-2023","addr":"611 N Howard Street, Unit E","cat":"ADU","approved":"2023-12-03","started":"2024-06-03","done":"2025-07-15","units":1,"zone_group":"multifamily","hood":"City Center","approved_year":2023,"started_year":2024,"done_year":2025,"status":"done"}},{"type":"Feature","geometry":{"type":"Point","coordinates":[-118.239562,34.137834]},"properties":{"id":"BSFD-015330-2024","addr":"730 S Chevy Chase Drive, Unit A","cat":"ADU","approved":"2024-12-12","started":"2024-12-12","done":"2025-07-08","units":1,"zone_group":"single_family","hood":"Somerset","dam":true,"approved_year":2024,"started_year":2024,"done_year":2025,"status":"done"}},{"type":"Feature","geometry":{"type":"Point","coordinates":[-118.253599,34.120947]},"properties":{"id":"BSFD-015497-2024\nPADR-002032-2023","addr":"1914 Vassar Street","cat":"2\u20134 units","approved":"2024-03-08","started":"2025-06-26","units":2,"zone_group":"multifamily","hood":"Tropico","fire":"Moderate","approved_year":2024,"started_year":2025,"status":"started"}},{"type":"Feature","geometry":{"type":"Point","coordinates":[-118.266288,34.161591]},"properties":{"id":"BSFD-013778-2024","addr":"538 Palm Drive Unit: Unit B","cat":"ADU","approved":"2024-08-19","started":"2024-09-20","done":"2025-01-06","units":1,"zone_group":"multifamily","hood":"Glenwood","dam":true,"approved_year":2024,"started_year":2024,"done_year":2025,"status":"done"}},{"type":"Feature","geometry":{"type":"Point","coordinates":[-118.236077,34.141056]},"properties":{"id":"BSFD-015691-2024","addr":"416 Fischer Street Unit: Unit C","cat":"ADU","approved":"2024-06-11","started":"2024-06-24","done":"2025-01-21","units":1,"zone_group":"multifamily","hood":"Somerset","approved_year":2024,"started_year":2024,"done_year":2025,"status":"done"}},{"type":"Feature","geometry":{"type":"Point","coordinates":[-118.243496,34.158503]},"properties":{"id":"BSFD-006011-2023","addr":"925 Coronado Drive Unit: Unit A","cat":"ADU","approved":"2024-08-02","started":"2024-08-15","done":"2025-02-03","units":1,"zone_group":"single_family","hood":"Rossmoyne","liquefaction":true,"approved_year":2024,"started_year":2024,"done_year":2025,"status":"done"}},{"type":"Feature","geometry":{"type":"Point","coordinates":[-118.244071,34.215016]},"properties":{"id":"BSFD-013646-2024","addr":"2954 Hermosa Avenue Unit:Unit A","cat":"ADU","approved":"2024-12-30","started":"2025-01-06","done":"2025-11-17","units":1,"zone_group":"single_family","hood":"Montrose","fire":"High","approved_year":2024,"started_year":2025,"done_year":2025,"status":"done"}},{"type":"Feature","geometry":{"type":"Point","coordinates":[-118.291545,34.175784]},"properties":{"id":"BSFD-017524-2024","addr":"1166 Allen Avenue Unit: Unit C","cat":"ADU","approved":"2025-01-13","started":"2025-01-15","done":"2025-11-10","units":2,"zone_group":"multifamily","hood":"Grandview","approved_year":2025,"started_year":2025,"done_year":2025,"status":"done"}},{"type":"Feature","geometry":{"type":"Point","coordinates":[-118.27756,34.170541]},"properties":{"id":"BSFD-012452-2024","addr":"1429 Cleveland Road Unit: Unit A","cat":"ADU","approved":"2025-02-05","started":"2025-02-19","done":"2025-09-08","units":1,"zone_group":"single_family","hood":"Glenwood","approved_year":2025,"started_year":2025,"done_year":2025,"status":"done"}},{"type":"Feature","geometry":{"type":"Point","coordinates":[-118.248721,34.217857]},"properties":{"id":"BSFD-012479-2024","addr":"3916 Pennsylvania Avenue Unit: Unit A","cat":"ADU","approved":"2024-10-17","started":"2025-03-06","done":"2025-11-10","units":1,"zone_group":"single_family","hood":"Montrose","fire":"Very High","approved_year":2024,"started_year":2025,"done_year":2025,"status":"done"}},{"type":"Feature","geometry":{"type":"Point","coordinates":[-118.237815,34.211357]},"properties":{"id":"BSFD-012550-2024","addr":"2709 Hermosa Avenue Unit: Apt B","cat":"ADU","approved":"2025-04-23","started":"2025-05-14","done":"2025-10-20","units":1,"zone_group":"multifamily","hood":"Montrose","fire":"Moderate","approved_year":2025,"started_year":2025,"done_year":2025,"status":"done"}},{"type":"Feature","geometry":{"type":"Point","coordinates":[-118.265876,34.143323]},"properties":{"id":"BSFD-020561-2025","addr":"540 Oak Street Unit:Unit A","cat":"ADU","approved":"2025-05-13","started":"2025-05-23","done":"2025-12-11","units":1,"zone_group":"multifamily","hood":"Moorpark","approved_year":2025,"started_year":2025,"done_year":2025,"status":"done"}},{"type":"Feature","geometry":{"type":"Point","coordinates":[-118.263751,34.144988]},"properties":{"id":"BMULTI-011483-2023","addr":"466 Hawthorne Street Unit: Unit D","cat":"ADU","approved":"2024-10-07","started":"2025-06-11","done":"2025-10-20","units":1,"zone_group":"multifamily","hood":"Moorpark","approved_year":2024,"started_year":2025,"done_year":2025,"status":"done"}},{"type":"Feature","geometry":{"type":"Point","coordinates":[-118.240643,34.172041]},"properties":{"id":"BSFD-022492-2025","addr":"1670 Royal Boulevard Unit: Unit A","cat":"ADU","approved":"2025-08-19","started":"2025-08-19","done":"2025-09-30","units":1,"zone_group":"single_family","hood":"Greenbriar","fire":"Very High","approved_year":2025,"started_year":2025,"done_year":2025,"status":"done"}},{"type":"Feature","geometry":{"type":"Point","coordinates":[-118.267798,34.168642]},"properties":{"id":"BSFD-015277-2024","addr":"1431 Montgomery Avenue","cat":"ADU","approved":"2024-10-28","started":"2025-01-02","units":1,"zone_group":"single_family","hood":"Glenwood","approved_year":2024,"started_year":2025,"status":"started"}},{"type":"Feature","geometry":{"type":"Point","coordinates":[-118.24343,34.138992]},"properties":{"id":"BCB2209940","addr":"908 E Maple Street, Unit C","cat":"ADU","approved":"2024-12-26","started":"2025-01-07","units":1,"zone_group":"multifamily","hood":"Mariposa","approved_year":2024,"started_year":2025,"status":"started"}},{"type":"Feature","geometry":{"type":"Point","coordinates":[-118.288499,34.186241]},"properties":{"id":"BSFD-017323-2024","addr":"2079 Watson Street","cat":"ADU","approved":"2025-01-06","started":"2025-01-13","units":1,"zone_group":"single_family","hood":"El Miradero","fire":"High","approved_year":2025,"started_year":2025,"status":"started"}},{"type":"Feature","geometry":{"type":"Point","coordinates":[-118.280017,34.175366]},"properties":{"id":"BSFD-013903-2024","addr":"1362 Ruberta Avenue, Unit A","cat":"ADU","approved":"2024-12-10","started":"2025-01-15","units":1,"zone_group":"single_family","hood":"El Miradero","fire":"High","approved_year":2024,"started_year":2025,"status":"started"}},{"type":"Feature","geometry":{"type":"Point","coordinates":[-118.246404,34.153232]},"properties":{"id":"BSFD-011433-2023","addr":"503 Geneva Street, Unit B","cat":"ADU","approved":"2024-12-19","started":"2025-01-21","units":1,"zone_group":"multifamily","hood":"City Center","approved_year":2024,"started_year":2025,"status":"started"}},{"type":"Feature","geometry":{"type":"Point","coordinates":[-118.250108,34.151957]},"properties":{"id":"BSFD-010288-2023","addr":"400 N Jackson Street, Unit A","cat":"ADU","approved":"2024-12-04","started":"2025-01-27","units":1,"zone_group":"multifamily","hood":"City Center","approved_year":2024,"started_year":2025,"status":"started"}},{"type":"Feature","geometry":{"type":"Point","coordinates":[-118.249675,34.221057]},"properties":{"id":"BSFD-016607-2024","addr":"3222 Honolulu Avenue, Apt D","cat":"ADU","approved":"2025-01-09","started":"2025-02-03","units":1,"zone_group":"multifamily","hood":"Crescenta Highlands","fire":"Very High","liquefaction":true,"approved_year":2025,"started_year":2025,"status":"started"}},{"type":"Feature","geometry":{"type":"Point","coordinates":[-118.22715,34.190929]},"properties":{"id":"BSFD-011934-2024","addr":"2971 N Verdugo Road, Unit A","cat":"ADU","approved":"2024-12-30","started":"2025-02-05","units":1,"zone_group":"single_family","hood":"Verdugo Woodlands","fire":"Very High","liquefaction":true,"approved_year":2024,"started_year":2025,"status":"started"}},{"type":"Feature","geometry":{"type":"Point","coordinates":[-118.293285,34.172583]},"properties":{"id":"BSFD-015353-2024","addr":"1063 Irving Avenue, Unit A","cat":"ADU","approved":"2024-06-03","started":"2025-02-06","units":1,"zone_group":"multifamily","hood":"Grandview","approved_year":2024,"started_year":2025,"status":"started"}},{"type":"Feature","geometry":{"type":"Point","coordinates":[-118.27719,34.160602]},"properties":{"id":"BSFD-009341-2023","addr":"950 Burchett Street, Unit A","cat":"ADU","approved":"2024-12-20","started":"2025-02-10","units":1,"zone_group":"single_family","hood":"Pelanconi","dam":true,"approved_year":2024,"started_year":2025,"status":"started"}},{"type":"Feature","geometry":{"type":"Point","coordinates":[-118.265431,34.145808]},"properties":{"id":"BSFD-013899-2024","addr":"526 Ivy Street, Unit B","cat":"ADU","approved":"2024-12-03","started":"2025-02-18","units":2,"zone_group":"multifamily","hood":"Moorpark","approved_year":2024,"started_year":2025,"status":"started"}},{"type":"Feature","geometry":{"type":"Point","coordinates":[-118.294928,34.177518]},"properties":{"id":"BMULTI-006704-2023","addr":"1153 Spazier Avenue, Unit B","cat":"ADU","approved":"2024-03-27","started":"2025-02-19","units":1,"zone_group":"multifamily","hood":"Grandview","approved_year":2024,"started_year":2025,"status":"started"}},{"type":"Feature","geometry":{"type":"Point","coordinates":[-118.239436,34.144378]},"properties":{"id":"BMULTI-013400-2024","addr":"1206 E Harvard Street, Unit E","cat":"ADU","approved":"2025-01-21","started":"2025-02-28","units":2,"zone_group":"multifamily","hood":"Citrus Grove","approved_year":2025,"started_year":2025,"status":"started"}},{"type":"Feature","geometry":{"type":"Point","coordinates":[-118.237338,34.135584]},"properties":{"id":"BSFD-017762-2024","addr":"1307 E Acacia Avenue, Unit A","cat":"ADU","approved":"2025-03-20","started":"2025-04-01","units":1,"zone_group":"multifamily","hood":"Somerset","fire":"Very High","approved_year":2025,"started_year":2025,"status":"started"}},{"type":"Feature","geometry":{"type":"Point","coordinates":[-118.24803,34.158763]},"properties":{"id":"BSFD-014111-2024","addr":"911 N Howard Street, Unit A","cat":"ADU","approved":"2025-03-24","started":"2025-04-08","units":1,"zone_group":"single_family","hood":"Rossmoyne","approved_year":2025,"started_year":2025,"status":"started"}},{"type":"Feature","geometry":{"type":"Point","coordinates":[-118.254739,34.225406]},"properties":{"id":"BSFD-018086-2024","addr":"3446 Montrose Avenue, Unit A","cat":"ADU","approved":"2025-03-21","started":"2025-04-16","units":2,"zone_group":"multifamily","hood":"Crescenta Highlands","fire":"Very High","liquefaction":true,"approved_year":2025,"started_year":2025,"status":"started"}},{"type":"Feature","geometry":{"type":"Point","coordinates":[-118.289641,34.180902]},"properties":{"id":"BSFD-019997-2024","addr":"1333 Elm Avenue, Unit A","cat":"ADU","approved":"2025-03-31","started":"2025-04-24","units":1,"zone_group":"single_family","hood":"El Miradero","approved_year":2025,"started_year":2025,"status":"started"}},{"type":"Feature","geometry":{"type":"Point","coordinates":[-118.301166,34.163448]},"properties":{"id":"BSFD-016593-2024","addr":"330 Thompson Avenue, Unit E","cat":"ADU","approved":"2025-04-09","started":"2025-04-28","units":2,"zone_group":"multifamily","hood":"Riverside Rancho","liquefaction":true,"approved_year":2025,"started_year":2025,"status":"started"}},{"type":"Feature","geometry":{"type":"Point","coordinates":[-118.257419,34.236275]},"properties":{"id":"BSFD-013454-2024","addr":"4525 Dunsmore Avenue, Unit A","cat":"ADU","approved":"2025-04-29","started":"2025-05-19","units":1,"zone_group":"single_family","hood":"Crescenta Highlands","approved_year":2025,"started_year":2025,"status":"started"}},{"type":"Feature","geometry":{"type":"Point","coordinates":[-118.269675,34.160003]},"properties":{"id":"BMULTI-019074-2024","addr":"653 W Glenoaks Boulevard, Unit 7","cat":"ADU","approved":"2025-04-23","started":"2025-05-20","units":2,"zone_group":"multifamily","hood":"Glenwood","approved_year":2025,"started_year":2025,"status":"started"}},{"type":"Feature","geometry":{"type":"Point","coordinates":[-118.286252,34.174403]},"properties":{"id":"BSFD-018909-2024","addr":"1235 Western Avenue, Unit A","cat":"ADU","approved":"2025-05-13","started":"2025-06-04","units":1,"zone_group":"single_family","hood":"Grandview","approved_year":2025,"started_year":2025,"status":"started"}},{"type":"Feature","geometry":{"type":"Point","coordinates":[-118.277128,34.169342]},"properties":{"id":"BSFD-017483-2024","addr":"1102 Olmsted Drive, Unit A","cat":"ADU","approved":"2025-05-30","started":"2025-06-10","units":1,"zone_group":"single_family","hood":"Glenwood","approved_year":2025,"started_year":2025,"status":"started"}},{"type":"Feature","geometry":{"type":"Point","coordinates":[-118.29748,34.173493]},"properties":{"id":"BSFD-015735-2024","addr":"1015 Elm Avenue, Unit D","cat":"ADU","approved":"2025-05-13","started":"2025-06-26","units":2,"zone_group":"multifamily","hood":"Grandview","liquefaction":true,"approved_year":2025,"started_year":2025,"status":"started"}},{"type":"Feature","geometry":{"type":"Point","coordinates":[-118.294427,34.160991]},"properties":{"id":"BSFD-013474-2024","addr":"1510 Lake Street, Unit A","cat":"ADU","approved":"2025-06-12","started":"2025-06-30","units":1,"zone_group":"single_family","hood":"Riverside Rancho","fire":"High","liquefaction":true,"approved_year":2025,"started_year":2025,"status":"started"}},{"type":"Feature","geometry":{"type":"Point","coordinates":[-118.238432,34.140504]},"properties":{"id":"BSFD-015420-2024","addr":"505 Wing Street, Unit A","cat":"ADU","approved":"2025-05-09","started":"2025-06-30","units":1,"zone_group":"multifamily","hood":"Somerset","approved_year":2025,"started_year":2025,"status":"started"}},{"type":"Feature","geometry":{"type":"Point","coordinates":[-118.27875,34.179797]},"properties":{"id":"BSFD-013397-2024","addr":"1526 Winchester Avenue, Unit A","cat":"ADU","approved":"2024-10-09","started":"2024-11-18","units":1,"zone_group":"single_family","hood":"El Miradero","fire":"Very High","approved_year":2024,"started_year":2024,"status":"started"}},{"type":"Feature","geometry":{"type":"Point","coordinates":[-118.282265,34.184156]},"properties":{"id":"BSFD-007086-2023","addr":"1851 W Mountain Street, Unit A","cat":"ADU","approved":"2024-02-12","started":"2024-02-20","done":"2025-05-22","units":1,"zone_group":"single_family","hood":"El Miradero","fire":"Very High","approved_year":2024,"started_year":2024,"done_year":2025,"status":"done"}},{"type":"Feature","geometry":{"type":"Point","coordinates":[-118.292269,34.177051]},"properties":{"id":"BSFD-001062-2022","addr":"1930 Glenwood Road, Unit A","cat":"ADU","approved":"2024-06-18","started":"2024-07-02","units":1,"zone_group":"single_family","hood":"Grandview","approved_year":2024,"started_year":2024,"status":"started"}},{"type":"Feature","geometry":{"type":"Point","coordinates":[-118.229472,34.141825]},"properties":{"id":"BSFD-005458-2023","addr":"324 Lincoln Avenue, Unit B","cat":"ADU","approved":"2024-09-08","started":"2024-10-17","units":1,"zone_group":"multifamily","hood":"Somerset","fire":"Very High","approved_year":2024,"started_year":2024,"status":"started"}},{"type":"Feature","geometry":{"type":"Point","coordinates":[-118.198569,34.172563]},"properties":{"id":"BSFD-009816-2023","addr":"3272 Buckingham Road, Unit A","cat":"ADU","approved":"2024-08-07","started":"2024-08-12","done":"2025-07-17","units":1,"zone_group":"single_family","hood":"Chevy Chase","fire":"Very High","approved_year":2024,"started_year":2024,"done_year":2025,"status":"done"}},{"type":"Feature","geometry":{"type":"Point","coordinates":[-118.262204,34.1353]},"properties":{"id":"BSFD-005306-2023","addr":"432 W Garfield Avenue, Unit A","cat":"ADU","approved":"2023-12-26","started":"2024-01-30","done":"2025-04-22","units":1,"zone_group":"multifamily","hood":"Pacific-Edison","approved_year":2023,"started_year":2024,"done_year":2025,"status":"done"}},{"type":"Feature","geometry":{"type":"Point","coordinates":[-118.264892,34.149785]},"properties":{"id":"BSFD-005978-2023","addr":"506 W California Avenue, Unit A","cat":"ADU","approved":"2024-02-29","started":"2024-01-30","done":"2025-08-07","units":1,"zone_group":"multifamily","hood":"Vineyard","approved_year":2024,"started_year":2024,"done_year":2025,"status":"done"}},{"type":"Feature","geometry":{"type":"Point","coordinates":[-118.265246,34.164329]},"properties":{"id":"PDR-003531-2024\nPDBP-000356-2022","addr":"1301-1303 N Pacific Avenue (501 Glenwood Rd)","cat":"5+ units","approved":"2024-11-24","units":14,"zone_group":"commercial","hood":"Verdugo Viejo","approved_year":2024,"status":"approved"}},{"type":"Feature","geometry":{"type":"Point","coordinates":[-118.258139,34.124298]},"properties":{"id":"PDR-003677-2024\nPDBP-001912-2023\nPAB2097-002478-2023","addr":"345 W Cerritos Avenue","cat":"5+ units","approved":"2024-10-10","units":41,"zone_group":"mixed_use","hood":"Tropico","approved_year":2024,"status":"approved"}},{"type":"Feature","geometry":{"type":"Point","coordinates":[-118.271142,34.153153]},"properties":{"id":"BB2207268","addr":"521 Concord Street Unit: Apt 107","cat":"ADU","approved":"2023-04-07","started":"2024-04-19","done":"2025-04-30","units":1,"zone_group":"multifamily","hood":"Vineyard","approved_year":2023,"started_year":2024,"done_year":2025,"status":"done"}},{"type":"Feature","geometry":{"type":"Point","coordinates":[-118.261693,34.146857]},"properties":{"id":"BB2205655","addr":"405 W Broadway Unit: Unit E","cat":"ADU","approved":"2023-08-28","started":"2024-07-08","done":"2025-12-11","units":1,"zone_group":"mixed_use","hood":"Moorpark","approved_year":2023,"started_year":2024,"done_year":2025,"status":"done"}},{"type":"Feature","geometry":{"type":"Point","coordinates":[-118.278615,34.164016]},"properties":{"id":"BSFD-015486-2024","addr":"1115 Idlewood Road","cat":"ADU","approved":"2024-11-19","started":"2025-01-03","done":"2025-09-03","units":1,"zone_group":"single_family","hood":"Glenwood","approved_year":2024,"started_year":2025,"done_year":2025,"status":"done"}},{"type":"Feature","geometry":{"type":"Point","coordinates":[-118.245035,34.140872]},"properties":{"id":"BSFD-012261-2024","addr":"809 E Lomita Avenue Unit: Unit A","cat":"ADU","approved":"2024-12-17","started":"2025-01-15","done":"2025-07-25","units":1,"zone_group":"multifamily","hood":"Mariposa","approved_year":2024,"started_year":2025,"done_year":2025,"status":"done"}},{"type":"Feature","geometry":{"type":"Point","coordinates":[-118.246407,34.15365]},"properties":{"id":"BSFD-013638-2024","addr":"515 Geneva Street Unit:Unit B","cat":"ADU","approved":"2024-12-10","started":"2025-01-16","done":"2025-06-03","units":1,"zone_group":"multifamily","hood":"City Center","approved_year":2024,"started_year":2025,"done_year":2025,"status":"done"}},{"type":"Feature","geometry":{"type":"Point","coordinates":[-118.266112,34.160753]},"properties":{"id":"BSFD-020819-2025","addr":"540 W Dryden Street Unit: Unit B","cat":"ADU","approved":"2025-01-21","started":"2025-01-21","done":"2025-09-08","units":2,"zone_group":"multifamily","hood":"Glenwood","dam":true,"approved_year":2025,"started_year":2025,"done_year":2025,"status":"done"}},{"type":"Feature","geometry":{"type":"Point","coordinates":[-118.292559,34.158704]},"properties":{"id":"BSFD-012327-2024","addr":"1331 Fairfield Street Unit: Unit A","cat":"ADU","approved":"2024-11-04","started":"2025-01-22","done":"2025-06-02","units":1,"zone_group":"single_family","hood":"Riverside Rancho","fire":"Very High","liquefaction":true,"approved_year":2024,"started_year":2025,"done_year":2025,"status":"done"}},{"type":"Feature","geometry":{"type":"Point","coordinates":[-118.290016,34.177227]},"properties":{"id":"BSFD-014401-2024","addr":"1232 Allen Avenue Unit: Unit A","cat":"ADU","approved":"2025-01-15","started":"2025-02-06","done":"2025-11-25","units":1,"zone_group":"single_family","hood":"Grandview","approved_year":2025,"started_year":2025,"done_year":2025,"status":"done"}},{"type":"Feature","geometry":{"type":"Point","coordinates":[-118.251684,34.128985]},"properties":{"id":"BSFD-016470-2024","addr":"325 Madison Way Unit: Unit A","cat":"ADU","approved":"2025-02-20","started":"2025-03-04","done":"2025-06-30","units":1,"zone_group":"single_family","hood":"Adams Hill","fire":"Moderate","approved_year":2025,"started_year":2025,"done_year":2025,"status":"done"}},{"type":"Feature","geometry":{"type":"Point","coordinates":[-118.239578,34.140468]},"properties":{"id":"BSFD-017586-2024","addr":"508 S Chevy Chase Drive, Unit D","cat":"ADU","approved":"2025-02-20","started":"2025-02-26","units":1,"zone_group":"multifamily","hood":"Mariposa","dam":true,"approved_year":2025,"started_year":2025,"status":"started"}},{"type":"Feature","geometry":{"type":"Point","coordinates":[-118.226357,34.154715]},"properties":{"id":"BSFD-014730-2024","addr":"1902 E Chevy Chase Drive Unit: Unit A","cat":"ADU","approved":"2025-03-03","started":"2025-03-18","done":"2025-08-14","units":1,"zone_group":"multifamily","hood":"Woodbury","fire":"Very High","approved_year":2025,"started_year":2025,"done_year":2025,"status":"done"}},{"type":"Feature","geometry":{"type":"Point","coordinates":[-118.259421,34.13988]},"properties":{"id":"BMULTI-012200-2024","addr":"332 W Lomita Avenue Unit: Unit A","cat":"ADU","approved":"2025-03-12","started":"2025-04-03","done":"2025-08-08","units":3,"zone_group":"multifamily","hood":"Pacific-Edison","approved_year":2025,"started_year":2025,"done_year":2025,"status":"done"}},{"type":"Feature","geometry":{"type":"Point","coordinates":[-118.246778,34.157285]},"properties":{"id":"BSFD-020485-2024","addr":"720 Geneva Street Unit:Unit A","cat":"ADU","approved":"2025-05-09","started":"2025-06-04","done":"2025-10-28","units":1,"zone_group":"single_family","hood":"Rossmoyne","approved_year":2025,"started_year":2025,"done_year":2025,"status":"done"}},{"type":"Feature","geometry":{"type":"Point","coordinates":[-118.288847,34.176791]},"properties":{"id":"BSFD-014452-2024","addr":"1245 Irving Street Unit: Unit A","cat":"ADU","approved":"2025-09-15","started":"2025-10-08","done":"2025-10-22","units":1,"zone_group":"single_family","hood":"Grandview","approved_year":2025,"started_year":2025,"done_year":2025,"status":"done"}},{"type":"Feature","geometry":{"type":"Point","coordinates":[-118.22209,34.179002]},"properties":{"id":"BCB2200294","addr":"2173 Haven Drive, Unit A","cat":"ADU","approved":"2024-12-18","started":"2025-01-13","units":1,"zone_group":"single_family","hood":"Verdugo Woodlands","fire":"Very High","approved_year":2024,"started_year":2025,"status":"started"}},{"type":"Feature","geometry":{"type":"Point","coordinates":[-118.246404,34.153232]},"properties":{"id":"BSFD-011432-2023","addr":"503 Geneva Street, Unit A","cat":"ADU","approved":"2024-12-19","started":"2025-01-21","units":1,"zone_group":"multifamily","hood":"City Center","approved_year":2024,"started_year":2025,"status":"started"}},{"type":"Feature","geometry":{"type":"Point","coordinates":[-118.231885,34.180434]},"properties":{"id":"BSFD-010992-2023","addr":"2223 Bonita Drive, Unit A","cat":"ADU","approved":"2024-11-13","started":"2025-03-03","units":1,"zone_group":"single_family","hood":"Verdugo Woodlands","fire":"Very High","liquefaction":true,"approved_year":2024,"started_year":2025,"status":"started"}},{"type":"Feature","geometry":{"type":"Point","coordinates":[-118.244968,34.164368]},"properties":{"id":"BSFD-004856-2023","addr":"1238 N Everett Street, Unit A","cat":"ADU","approved":"2024-06-10","started":"2025-03-12","units":1,"zone_group":"single_family","hood":"Rossmoyne","fire":"Very High","approved_year":2024,"started_year":2025,"status":"started"}},{"type":"Feature","geometry":{"type":"Point","coordinates":[-118.288928,34.168588]},"properties":{"id":"BSFD-012214-2024","addr":"1038 Justin Avenue, Unit A","cat":"ADU","approved":"2024-11-19","started":"2025-03-17","units":1,"zone_group":"multifamily","hood":"Grandview","approved_year":2024,"started_year":2025,"status":"started"}},{"type":"Feature","geometry":{"type":"Point","coordinates":[-118.229054,34.186295]},"properties":{"id":"BSFD-007709-2023","addr":"2724 Canada Boulevard, Unit A","cat":"ADU","approved":"2024-12-12","started":"2025-03-27","units":1,"zone_group":"single_family","hood":"Verdugo Woodlands","fire":"Very High","liquefaction":true,"approved_year":2024,"started_year":2025,"status":"started"}},{"type":"Feature","geometry":{"type":"Point","coordinates":[-118.236614,34.171611]},"properties":{"id":"BSFD-015642-2024","addr":"1084 Alcalde Drive, Unit A","cat":"ADU","approved":"2025-03-04","started":"2025-03-28","units":1,"zone_group":"single_family","hood":"Greenbriar","fire":"Very High","approved_year":2025,"started_year":2025,"status":"started"}},{"type":"Feature","geometry":{"type":"Point","coordinates":[-118.289993,34.177324]},"properties":{"id":"BSFD-015377-2024","addr":"1239 Allen Avenue, Unit A","cat":"ADU","approved":"2025-04-14","started":"2025-04-17","units":1,"zone_group":"single_family","hood":"Grandview","approved_year":2025,"started_year":2025,"status":"started"}},{"type":"Feature","geometry":{"type":"Point","coordinates":[-118.266624,34.145814]},"properties":{"id":"BSFD-015414-2024","addr":"556 Ivy Street","cat":"ADU","approved":"2025-04-16","started":"2025-04-30","units":1,"zone_group":"multifamily","hood":"Moorpark","approved_year":2025,"started_year":2025,"status":"started"}},{"type":"Feature","geometry":{"type":"Point","coordinates":[-118.252448,34.228767]},"properties":{"id":"BSFD-015276-2024","addr":"3343 Prospect Avenue, Unit A","cat":"ADU","approved":"2025-04-30","started":"2025-05-07","units":1,"zone_group":"single_family","hood":"Crescenta Highlands","approved_year":2025,"started_year":2025,"status":"started"}},{"type":"Feature","geometry":{"type":"Point","coordinates":[-118.287822,34.168018]},"properties":{"id":"BSFD-018452-2024","addr":"1040 Ruberta Avenue","cat":"ADU","approved":"2025-04-16","started":"2025-05-27","units":1,"zone_group":"multifamily","hood":"Grandview","approved_year":2025,"started_year":2025,"status":"started"}},{"type":"Feature","geometry":{"type":"Point","coordinates":[-118.248859,34.153896]},"properties":{"id":"BSFD-019626-2024","addr":"522 N Isabel Street, Unit A","cat":"ADU","approved":"2025-05-08","started":"2025-06-04","units":1,"zone_group":"multifamily","hood":"City Center","approved_year":2025,"started_year":2025,"status":"started"}},{"type":"Feature","geometry":{"type":"Point","coordinates":[-118.292007,34.170569]},"properties":{"id":"BSFD-016957-2024","addr":"1035 Raymond Avenue","cat":"2\u20134 units","approved":"2025-05-27","started":"2025-06-26","units":1,"zone_group":"multifamily","hood":"Grandview","liquefaction":true,"approved_year":2025,"started_year":2025,"status":"started"}},{"type":"Feature","geometry":{"type":"Point","coordinates":[-118.274053,34.170779]},"properties":{"id":"BSFD-019841-2024","addr":"1457 Norton Avenue, Unit A","cat":"ADU","approved":"2025-06-24","started":"2025-07-09","units":1,"zone_group":"single_family","hood":"Glenwood","fire":"Moderate","approved_year":2025,"started_year":2025,"status":"started"}},{"type":"Feature","geometry":{"type":"Point","coordinates":[-118.246306,34.214144]},"properties":{"id":"BSFD-021129-2025","addr":"3059 Sycamore Avenue, Unit A","cat":"ADU","approved":"2025-07-15","started":"2025-07-30","units":1,"zone_group":"single_family","hood":"Montrose","fire":"Very High","liquefaction":true,"approved_year":2025,"started_year":2025,"status":"started"}},{"type":"Feature","geometry":{"type":"Point","coordinates":[-118.294083,34.179868]},"properties":{"id":"BSFD-021080-2025","addr":"1228 Alameda Avenue, Unit A","cat":"ADU","approved":"2025-06-26","started":"2025-08-15","units":1,"zone_group":"single_family","hood":"Grandview","approved_year":2025,"started_year":2025,"status":"started"}},{"type":"Feature","geometry":{"type":"Point","coordinates":[-118.224794,34.188092]},"properties":{"id":"BSFD-022096-2025","addr":"1821 Los Encinos Avenue, Unit A","cat":"ADU","approved":"2025-08-21","started":"2025-08-27","units":1,"zone_group":"single_family","hood":"Verdugo Woodlands","fire":"Very High","liquefaction":true,"approved_year":2025,"started_year":2025,"status":"started"}},{"type":"Feature","geometry":{"type":"Point","coordinates":[-118.232198,34.136489]},"properties":{"id":"BSFD-014715-2024","addr":"1431 Verd Oaks Drive, Unit A","cat":"ADU","approved":"2025-03-31","started":"2025-09-03","units":2,"zone_group":"single_family","hood":"Somerset","fire":"Very High","approved_year":2025,"started_year":2025,"status":"started"}},{"type":"Feature","geometry":{"type":"Point","coordinates":[-118.218211,34.151617]},"properties":{"id":"BSFD-021737-2025","addr":"421 Scholl Drive, Unit A","cat":"ADU","approved":"2025-08-19","started":"2025-09-04","units":1,"zone_group":"single_family","hood":"Glenoaks Canyon","fire":"Very High","approved_year":2025,"started_year":2025,"status":"started"}},{"type":"Feature","geometry":{"type":"Point","coordinates":[-118.285575,34.178269]},"properties":{"id":"BSFD-021733-2025","addr":"1341 Thompson Ave, Unit A","cat":"ADU","approved":"2025-08-21","started":"2025-09-10","units":1,"zone_group":"single_family","hood":"El Miradero","approved_year":2025,"started_year":2025,"status":"started"}},{"type":"Feature","geometry":{"type":"Point","coordinates":[-118.244081,34.140869]},"properties":{"id":"BB2207269","addr":"835 E Lomita Avenue, Unit B","cat":"ADU","approved":"2025-02-13","started":"2025-09-11","units":1,"zone_group":"multifamily","hood":"Mariposa","approved_year":2025,"started_year":2025,"status":"started"}},{"type":"Feature","geometry":{"type":"Point","coordinates":[-118.256473,34.227066]},"properties":{"id":"BSFD-017113-2024","addr":"4047 Willalee Avenue","cat":"ADU","approved":"2025-08-19","started":"2025-09-19","units":1,"zone_group":"single_family","hood":"Crescenta Highlands","fire":"High","approved_year":2025,"started_year":2025,"status":"started"}},{"type":"Feature","geometry":{"type":"Point","coordinates":[-118.240096,34.166957]},"properties":{"id":"BSFD-011133-2023","addr":"1000 Hillcroft Road","cat":"ADU","approved":"2025-04-23","started":"2025-09-23","units":1,"zone_group":"single_family","hood":"Rossmoyne","fire":"Very High","approved_year":2025,"started_year":2025,"status":"started"}},{"type":"Feature","geometry":{"type":"Point","coordinates":[-118.298652,34.164084]},"properties":{"id":"BSFD-023371-2025","addr":"1726 Lake Street, Unit A","cat":"ADU","approved":"2025-09-26","started":"2025-10-10","units":1,"zone_group":"multifamily","hood":"Riverside Rancho","liquefaction":true,"approved_year":2025,"started_year":2025,"status":"started"}},{"type":"Feature","geometry":{"type":"Point","coordinates":[-118.294689,34.171268]},"properties":{"id":"BMULTI-020529-2024","addr":"1011 Irving Avenue, Unit D","cat":"ADU","approved":"2025-08-19","started":"2025-10-15","units":2,"zone_group":"multifamily","hood":"Grandview","liquefaction":true,"approved_year":2025,"started_year":2025,"status":"started"}},{"type":"Feature","geometry":{"type":"Point","coordinates":[-118.26762,34.158738]},"properties":{"id":"BSFD-022923-2025","addr":"614 Arden Avenue, Unit  A","cat":"ADU","approved":"2025-09-18","started":"2025-10-20","units":1,"zone_group":"single_family","hood":"Fremont Park","approved_year":2025,"started_year":2025,"status":"started"}},{"type":"Feature","geometry":{"type":"Point","coordinates":[-118.285726,34.186033]},"properties":{"id":"BSFD-021589-2025","addr":"2026 W Mountain Street","cat":"ADU","approved":"2025-10-07","started":"2025-10-21","units":1,"zone_group":"single_family","hood":"El Miradero","fire":"High","approved_year":2025,"started_year":2025,"status":"started"}},{"type":"Feature","geometry":{"type":"Point","coordinates":[-118.289329,34.17902]},"properties":{"id":"BSFD-023543-2025","addr":"1916 W Kenneth Road, Unit A","cat":"ADU","approved":"2025-10-20","started":"2025-10-30","units":1,"zone_group":"single_family","hood":"El Miradero","approved_year":2025,"started_year":2025,"status":"started"}},{"type":"Feature","geometry":{"type":"Point","coordinates":[-118.244764,34.169276]},"properties":{"id":"BCB2202956\nPDR-005068-2025","addr":"820 Misty Isle Dr","cat":"Single-family home","approved":"2023-06-20","started":"2025-11-19","units":1,"zone_group":"single_family","hood":"Rossmoyne","fire":"Very High","approved_year":2023,"started_year":2025,"status":"started"}},{"type":"Feature","geometry":{"type":"Point","coordinates":[-118.224893,34.176308]},"properties":{"id":"BSFD-025995-2025","addr":"1817 Tamerlane Drive, Unit A","cat":"ADU","approved":"2025-11-10","started":"2025-11-25","units":1,"zone_group":"single_family","hood":"Verdugo Woodlands","fire":"Very High","liquefaction":true,"approved_year":2025,"started_year":2025,"status":"started"}},{"type":"Feature","geometry":{"type":"Point","coordinates":[-118.26925,34.174784]},"properties":{"id":"BSFD-022592-2025","addr":"625 Cumberland Road, Unit A","cat":"ADU","approved":"2025-11-17","started":"2025-12-02","units":1,"zone_group":"single_family","hood":"Brockmont","fire":"Very High","approved_year":2025,"started_year":2025,"status":"started"}},{"type":"Feature","geometry":{"type":"Point","coordinates":[-118.238423,34.138364]},"properties":{"id":"BSFD-013623-2024","addr":"717 Wing Street","cat":"ADU","approved":"2025-06-05","started":"2025-12-16","units":1,"zone_group":"single_family","hood":"Somerset","fire":"Moderate","approved_year":2025,"started_year":2025,"status":"started"}},{"type":"Feature","geometry":{"type":"Point","coordinates":[-118.29331,34.170946]},"properties":{"id":"BSFD-024997-2025","addr":"1027 Thompson Avenue, Unit A","cat":"ADU","approved":"2025-12-04","started":"2025-12-23","units":1,"zone_group":"multifamily","hood":"Grandview","liquefaction":true,"approved_year":2025,"started_year":2025,"status":"started"}},{"type":"Feature","geometry":{"type":"Point","coordinates":[-118.251282,34.145542]},"properties":{"id":"PDR-002684-2023\nPDBP-004226-2024","addr":"126 S Kenwood Street\nGlendale, Ca 91205","cat":"5+ units","approved":"2025-12-16","units":40,"zone_group":"mixed_use","hood":"City Center","approved_year":2025,"status":"approved"}},{"type":"Feature","geometry":{"type":"Point","coordinates":[-118.241501,34.215525]},"properties":{"id":"BCB1804782","addr":"2840 Manhattan Ave","cat":"ADU","approved":"2018-05-14","started":"2018-06-01","done":"2018-08-28","units":1,"zone_group":"single_family","hood":"Montrose","fire":"Moderate","approved_year":2018,"started_year":2018,"done_year":2018,"status":"done"}},{"type":"Feature","geometry":{"type":"Point","coordinates":[-118.236532,34.157473]},"properties":{"id":"BCB1806856","addr":"823 Sylvanoak Dr, Unit A","cat":"ADU","approved":"2018-07-13","started":"2018-07-13","done":"2018-12-21","units":1,"zone_group":"single_family","hood":"Woodbury","fire":"Very High","liquefaction":true,"approved_year":2018,"started_year":2018,"done_year":2018,"status":"done"}},{"type":"Feature","geometry":{"type":"Point","coordinates":[-118.260355,34.226942]},"properties":{"id":"BB1823867","addr":"3917 El Lado Dr","cat":"Single-family home","approved":"2018-09-17","started":"2018-09-17","done":"2019-12-13","units":1,"zone_group":"single_family","hood":"Crescenta Highlands","fire":"Very High","liquefaction":true,"approved_year":2018,"started_year":2018,"done_year":2019,"status":"done"}},{"type":"Feature","geometry":{"type":"Point","coordinates":[-118.27442,34.169511]},"properties":{"id":"BCB1819112","addr":"1419 Norton Ave","cat":"ADU","approved":"2018-10-11","started":"2018-10-11","done":"2019-01-10","units":1,"zone_group":"single_family","hood":"Glenwood","approved_year":2018,"started_year":2018,"done_year":2019,"status":"done"}},{"type":"Feature","geometry":{"type":"Point","coordinates":[-118.251761,34.237776]},"properties":{"id":"BCB1809754","addr":"3328 Reta St, Unit A","cat":"ADU","approved":"2018-07-25","started":"2018-07-25","done":"2018-12-19","units":1,"zone_group":"single_family","hood":"Crescenta Highlands","fire":"Very High","approved_year":2018,"started_year":2018,"done_year":2018,"status":"done"}},{"type":"Feature","geometry":{"type":"Point","coordinates":[-118.278028,34.165891]},"properties":{"id":"BDB1800898","addr":"1238 Idlewood Rd","cat":"ADU","approved":"2018-08-30","started":"2018-08-30","done":"2020-02-25","units":1,"zone_group":"single_family","hood":"Glenwood","approved_year":2018,"started_year":2018,"done_year":2020,"status":"done"}},{"type":"Feature","geometry":{"type":"Point","coordinates":[-118.237233,34.14614]},"properties":{"id":"BB1823606","addr":"1308 E Broadway","cat":"Single-family home","approved":"2018-09-07","started":"2018-09-07","units":1,"zone_group":"multifamily","hood":"Citrus Grove","approved_year":2018,"started_year":2018,"status":"started"}},{"type":"Feature","geometry":{"type":"Point","coordinates":[-118.290836,34.181326]},"properties":{"id":"BSFD-015625-2024","addr":"1320 Spazier Avenue, Unit A","cat":"ADU","approved":"2025-05-22","started":"2025-07-18","units":1,"zone_group":"single_family","hood":"El Miradero","approved_year":2025,"started_year":2025,"status":"started"}},{"type":"Feature","geometry":{"type":"Point","coordinates":[-118.258485,34.24351]},"properties":{"id":"BSFD-018986-2024","addr":"4912 Trend Terrace, Unit A","cat":"ADU","approved":"2025-07-22","started":"2025-08-01","units":1,"zone_group":"single_family","hood":"Crescenta Highlands","fire":"High","approved_year":2025,"started_year":2025,"status":"started"}},{"type":"Feature","geometry":{"type":"Point","coordinates":[-118.258443,34.237427]},"properties":{"id":"BSFD-018995-2024","addr":"3628 Fairesta Street, Unit A","cat":"ADU","approved":"2025-07-16","started":"2025-08-05","units":1,"zone_group":"single_family","hood":"Crescenta Highlands","approved_year":2025,"started_year":2025,"status":"started"}},{"type":"Feature","geometry":{"type":"Point","coordinates":[-118.242165,34.151725]},"properties":{"id":"BSFD-013758-2024","addr":"1016 E Lexington Drive","cat":"ADU","approved":"2025-06-27","started":"2025-08-06","units":1,"zone_group":"multifamily","hood":"Citrus Grove","approved_year":2025,"started_year":2025,"status":"started"}},{"type":"Feature","geometry":{"type":"Point","coordinates":[-118.229021,34.176966]},"properties":{"id":"BSFD-020411-2024","addr":"1921 Canada Avenue, Unit A","cat":"ADU","approved":"2025-05-30","started":"2025-09-10","units":1,"zone_group":"single_family","hood":"Verdugo Woodlands","fire":"Very High","liquefaction":true,"approved_year":2025,"started_year":2025,"status":"started"}},{"type":"Feature","geometry":{"type":"Point","coordinates":[-118.234479,34.162927]},"properties":{"id":"BSFD-016297-2024","addr":"1215 N Verdugo Road","cat":"ADU","approved":"2025-09-10","started":"2025-09-18","units":1,"zone_group":"multifamily","hood":"College Hills","fire":"Very High","liquefaction":true,"approved_year":2025,"started_year":2025,"status":"started"}},{"type":"Feature","geometry":{"type":"Point","coordinates":[-118.226069,34.196879]},"properties":{"id":"BSFD-021406-2025","addr":"3218 Vickers Drive, Unit A","cat":"ADU","approved":"2025-08-13","started":"2025-09-23","units":1,"zone_group":"single_family","hood":"Montecito Park","fire":"Very High","liquefaction":true,"approved_year":2025,"started_year":2025,"status":"started"}},{"type":"Feature","geometry":{"type":"Point","coordinates":[-118.273679,34.159508]},"properties":{"id":"BSFD-023620-2025","addr":"815 Arden Avenue, Unit A","cat":"ADU","approved":"2025-09-02","started":"2025-09-29","units":1,"zone_group":"single_family","hood":"Pelanconi","approved_year":2025,"started_year":2025,"status":"started"}},{"type":"Feature","geometry":{"type":"Point","coordinates":[-118.25037,34.226103]},"properties":{"id":"BMULTI-016137-2024","addr":"3239 Altura Avenue, Unit A","cat":"ADU","approved":"2025-09-29","started":"2025-10-07","units":2,"zone_group":"multifamily","hood":"Crescenta Highlands","approved_year":2025,"started_year":2025,"status":"started"}},{"type":"Feature","geometry":{"type":"Point","coordinates":[-118.270152,34.161736]},"properties":{"id":"BSFD-020027-2024","addr":"638 Palm Drive, Unit A","cat":"ADU","approved":"2025-08-21","started":"2025-10-21","units":1,"zone_group":"multifamily","hood":"Glenwood","dam":true,"approved_year":2025,"started_year":2025,"status":"started"}},{"type":"Feature","geometry":{"type":"Point","coordinates":[-118.287338,34.174984]},"properties":{"id":"BSFD-024256-2025","addr":"1231 Raymond Avenue, Unit A","cat":"ADU","approved":"2025-09-09","started":"2025-10-22","units":1,"zone_group":"single_family","hood":"Grandview","approved_year":2025,"started_year":2025,"status":"started"}},{"type":"Feature","geometry":{"type":"Point","coordinates":[-118.287368,34.177586]},"properties":{"id":"BSFD-014188-2024","addr":"1814 W Kenneth Road, Unit A","cat":"ADU","approved":"2025-11-19","started":"2025-12-09","units":1,"zone_group":"single_family","hood":"El Miradero","approved_year":2025,"started_year":2025,"status":"started"}},{"type":"Feature","geometry":{"type":"Point","coordinates":[-118.240883,34.210797]},"properties":{"id":"BSFD-025873-2025","addr":"2825 Sycamore Avenue, Unit A","cat":"ADU","approved":"2025-12-16","started":"2025-12-29","units":1,"zone_group":"single_family","hood":"Montrose","fire":"Very High","liquefaction":true,"approved_year":2025,"started_year":2025,"status":"started"}},{"type":"Feature","geometry":{"type":"Point","coordinates":[-118.250715,34.244553]},"properties":{"id":"PDR-004075-2024","addr":"5236 Maryland Avenue\nGlendale, Ca 91214","cat":"Single-family home","approved":"2025-02-27","units":1,"zone_group":"single_family","hood":"Crescenta Highlands","fire":"Very High","fault":true,"approved_year":2025,"status":"approved"}},{"type":"Feature","geometry":{"type":"Point","coordinates":[-118.254221,34.160286]},"properties":{"id":"PDR-003828-2024\nPDBP-002254-2023","addr":"117 E Fairview Avenue\nGlendale, Ca 91207","cat":"5+ units","approved":"2025-03-13","units":36,"zone_group":"multifamily","hood":"Rossmoyne","approved_year":2025,"status":"approved"}},{"type":"Feature","geometry":{"type":"Point","coordinates":[-118.233841,34.180978]},"properties":{"id":"PDR-005651-2025","addr":"2309 Hermosita Drive\nGlendale, Ca 91208","cat":"Single-family home","approved":"2025-10-09","units":1,"zone_group":"single_family","hood":"Verdugo Woodlands","fire":"Very High","liquefaction":true,"approved_year":2025,"status":"approved"}},{"type":"Feature","geometry":{"type":"Point","coordinates":[-118.247474,34.16313]},"properties":{"id":"BSFD-005702-2023","addr":"1154 N Howard Street, Unit A","cat":"ADU","approved":"2024-05-28","started":"2024-06-07","units":1,"zone_group":"single_family","hood":"Rossmoyne","fire":"Very High","approved_year":2024,"started_year":2024,"status":"started"}},{"type":"Feature","geometry":{"type":"Point","coordinates":[-118.236769,34.136508]},"properties":{"id":"BSFD-013286-2024","addr":"1328 E Garfield Avenue","cat":"ADU","approved":"2024-12-04","started":"2024-12-13","units":1,"zone_group":"multifamily","hood":"Somerset","fire":"Very High","approved_year":2024,"started_year":2024,"status":"started"}},{"type":"Feature","geometry":{"type":"Point","coordinates":[-118.227121,34.178371]},"properties":{"id":"BSFD-014358-2024","addr":"1738 Wabasso Way, Unit A","cat":"ADU","approved":"2024-10-03","started":"2024-11-01","done":"2025-06-25","units":1,"zone_group":"single_family","hood":"Verdugo Woodlands","fire":"Very High","liquefaction":true,"approved_year":2024,"started_year":2024,"done_year":2025,"status":"done"}},{"type":"Feature","geometry":{"type":"Point","coordinates":[-118.219581,34.150917]},"properties":{"id":"BSFD-006576-2023","addr":"2110 E Glenoaks Boulevard, Unit A","cat":"ADU","approved":"2024-04-10","started":"2024-05-31","done":"2025-02-06","units":1,"zone_group":"single_family","hood":"Glenoaks Canyon","fire":"Very High","dam":true,"approved_year":2024,"started_year":2024,"done_year":2025,"status":"done"}},{"type":"Feature","geometry":{"type":"Point","coordinates":[-118.214145,34.152999]},"properties":{"id":"BSFD-013243-2024","addr":"2324 Pennerton Drive, Unit A","cat":"ADU","approved":"2024-08-08","started":"2024-11-14","done":"2025-12-01","units":1,"zone_group":"single_family","hood":"Glenoaks Canyon","fire":"Very High","approved_year":2024,"started_year":2024,"done_year":2025,"status":"done"}},{"type":"Feature","geometry":{"type":"Point","coordinates":[-118.254185,34.240187]},"properties":{"id":"BSFD-006605-2023","addr":"3432 Santa Carlotta Street, Unit A","cat":"ADU","approved":"2024-03-15","started":"2024-06-05","units":1,"zone_group":"single_family","hood":"Crescenta Highlands","fire":"High","approved_year":2024,"started_year":2024,"status":"started"}},{"type":"Feature","geometry":{"type":"Point","coordinates":[-118.262353,34.235256]},"properties":{"id":"BSFD-006791-2023","addr":"3816 4Th Avenue, Unit A","cat":"ADU","approved":"2024-01-01","started":"2024-03-13","done":"2025-12-08","units":1,"zone_group":"single_family","hood":"Crescenta Highlands","approved_year":2024,"started_year":2024,"done_year":2025,"status":"done"}},{"type":"Feature","geometry":{"type":"Point","coordinates":[-118.189489,34.178681]},"properties":{"id":"BSFD-009755-2023","addr":"3967 San Augustine Drive","cat":"Single-family home","approved":"2024-05-30","started":"2024-10-22","units":1,"zone_group":"single_family","hood":"Chevy Chase","fire":"Very High","approved_year":2024,"started_year":2024,"status":"started"}},{"type":"Feature","geometry":{"type":"Point","coordinates":[-118.267391,34.151607]},"properties":{"id":"BSFD-015469-2024","addr":"615 W Lexington Drive, Unit A","cat":"ADU","approved":"2024-10-29","started":"2024-11-26","done":"2025-06-25","units":1,"zone_group":"multifamily","hood":"Vineyard","approved_year":2024,"started_year":2024,"done_year":2025,"status":"done"}},{"type":"Feature","geometry":{"type":"Point","coordinates":[-118.270607,34.147965]},"properties":{"id":"BSFD-010248-2023","addr":"717 W Wilson Avenue, Unit A","cat":"ADU","approved":"2024-09-17","started":"2024-10-28","done":"2025-09-29","units":1,"zone_group":"multifamily","hood":"Vineyard","approved_year":2024,"started_year":2024,"done_year":2025,"status":"done"}},{"type":"Feature","geometry":{"type":"Point","coordinates":[-118.24009,34.156719]},"properties":{"id":"BSFD-009991-2023","addr":"724 N Adams Street","cat":"ADU","approved":"2024-11-19","started":"2024-11-22","done":"2025-04-08","units":1,"zone_group":"multifamily","hood":"Woodbury","fire":"High","liquefaction":true,"approved_year":2024,"started_year":2024,"done_year":2025,"status":"done"}},{"type":"Feature","geometry":{"type":"Point","coordinates":[-118.271455,34.175695]},"properties":{"id":"BSFD-004763-2023","addr":"811 Cumberland Road, Unit A","cat":"ADU","approved":"2023-12-05","started":"2024-01-19","units":1,"zone_group":"single_family","hood":"Glenwood","fire":"Very High","approved_year":2023,"started_year":2024,"status":"started"}},{"type":"Feature","geometry":{"type":"Point","coordinates":[-118.27458,34.156075]},"properties":{"id":"BSFD-010746-2023","addr":"841 Grange Street Unit: Unit A","cat":"ADU","approved":"2024-07-01","started":"2024-07-03","done":"2025-01-27","units":1,"zone_group":"single_family","hood":"Pelanconi","approved_year":2024,"started_year":2024,"done_year":2025,"status":"done"}},{"type":"Feature","geometry":{"type":"Point","coordinates":[-118.236901,34.145406]},"properties":{"id":"BSFD-012374-2024","addr":"1316 Carlton Drive Unit: Unit A","cat":"ADU","approved":"2025-01-21","started":"2025-01-23","done":"2025-12-16","units":1,"zone_group":"multifamily","hood":"Citrus Grove","approved_year":2025,"started_year":2025,"done_year":2025,"status":"done"}},{"type":"Feature","geometry":{"type":"Point","coordinates":[-118.261067,34.148039]},"properties":{"id":"BSFD-016937-2024","addr":"375 W Wilson Avenue Unit: Unit A","cat":"ADU","approved":"2025-03-06","started":"2025-03-28","done":"2025-07-17","units":1,"zone_group":"multifamily","hood":"Vineyard","approved_year":2025,"started_year":2025,"done_year":2025,"status":"done"}},{"type":"Feature","geometry":{"type":"Point","coordinates":[-118.303451,34.164514]},"properties":{"id":"BSFD-020463-2024","addr":"316 Allen Avenue Unit: Unit B","cat":"ADU","approved":"2025-04-10","started":"2025-05-09","done":"2025-10-23","units":2,"zone_group":"multifamily","hood":"Riverside Rancho","liquefaction":true,"approved_year":2025,"started_year":2025,"done_year":2025,"status":"done"}},{"type":"Feature","geometry":{"type":"Point","coordinates":[-118.237018,34.153339]},"properties":{"id":"BSFD-023249-2025","addr":"508 N Verdugo Road Unit: Unit B","cat":"ADU","approved":"2025-07-15","started":"2025-07-21","done":"2025-09-02","units":1,"zone_group":"single_family","hood":"Woodbury","fire":"Moderate","liquefaction":true,"approved_year":2025,"started_year":2025,"done_year":2025,"status":"done"}},{"type":"Feature","geometry":{"type":"Point","coordinates":[-118.268409,34.152337]},"properties":{"id":"BSFD-012194-2024","addr":"636 W Milford Street, Unit A","cat":"ADU","approved":"2024-12-31","started":"2025-01-15","units":1,"zone_group":"multifamily","hood":"Vineyard","approved_year":2024,"started_year":2025,"status":"started"}},{"type":"Feature","geometry":{"type":"Point","coordinates":[-118.249676,34.236127]},"properties":{"id":"BSFD-010772-2023","addr":"4818 Cheryl Avenue, Unit A","cat":"ADU","approved":"2024-10-22","started":"2025-01-22","units":1,"zone_group":"single_family","hood":"Crescenta Highlands","fire":"Very High","approved_year":2024,"started_year":2025,"status":"started"}},{"type":"Feature","geometry":{"type":"Point","coordinates":[-118.24885,34.161786]},"properties":{"id":"BSFD-014896-2024","addr":"1106 N Isabel Street, Unit A","cat":"ADU","approved":"2025-01-06","started":"2025-01-31","units":1,"zone_group":"single_family","hood":"Rossmoyne","fire":"Moderate","approved_year":2025,"started_year":2025,"status":"started"}},{"type":"Feature","geometry":{"type":"Point","coordinates":[-118.281442,34.178881]},"properties":{"id":"BSFD-014340-2024","addr":"1426 Western Avenue, Unit A","cat":"ADU","approved":"2025-02-06","started":"2025-03-07","units":1,"zone_group":"single_family","hood":"El Miradero","fire":"High","dam":true,"approved_year":2025,"started_year":2025,"status":"started"}},{"type":"Feature","geometry":{"type":"Point","coordinates":[-118.287715,34.173012]},"properties":{"id":"BSFD-008032-2023","addr":"1165 Western Avenue, Unit A","cat":"ADU","approved":"2025-02-18","started":"2025-03-19","units":1,"zone_group":"multifamily","hood":"Grandview","approved_year":2025,"started_year":2025,"status":"started"}},{"type":"Feature","geometry":{"type":"Point","coordinates":[-118.231316,34.203061]},"properties":{"id":"BSFD-015544-2024","addr":"3505 Rosemary Avenue, Unit A","cat":"ADU","approved":"2025-03-13","started":"2025-03-25","units":1,"zone_group":"single_family","hood":"Sparr Heights","fire":"Moderate","liquefaction":true,"approved_year":2025,"started_year":2025,"status":"started"}},{"type":"Feature","geometry":{"type":"Point","coordinates":[-118.260626,34.132172]},"properties":{"id":"BCB2212748","addr":"361 W Palmer Avenue, Unit B","cat":"ADU","approved":"2025-03-07","started":"2025-04-01","units":1,"zone_group":"multifamily","hood":"Tropico","approved_year":2025,"started_year":2025,"status":"started"}},{"type":"Feature","geometry":{"type":"Point","coordinates":[-118.259472,34.148974]},"properties":{"id":"BSFD-010645-2023","addr":"335 Salem Street, Unit A","cat":"ADU","approved":"2025-03-31","started":"2025-04-10","units":1,"zone_group":"multifamily","hood":"Vineyard","approved_year":2025,"started_year":2025,"status":"started"}},{"type":"Feature","geometry":{"type":"Point","coordinates":[-118.244388,34.141714]},"properties":{"id":"BSFD-013650-2024","addr":"824 E Elk Avenue, Unit A","cat":"ADU","approved":"2025-03-24","started":"2025-04-18","units":1,"zone_group":"multifamily","hood":"Mariposa","approved_year":2025,"started_year":2025,"status":"started"}},{"type":"Feature","geometry":{"type":"Point","coordinates":[-118.296436,34.174399]},"properties":{"id":"BMULTI-016346-2024","addr":"1048 Elm Avenue, Unit E","cat":"ADU","approved":"2025-04-22","started":"2025-05-08","units":2,"zone_group":"multifamily","hood":"Grandview","liquefaction":true,"approved_year":2025,"started_year":2025,"status":"started"}},{"type":"Feature","geometry":{"type":"Point","coordinates":[-118.216233,34.149874]},"properties":{"id":"BSFD-017285-2024","addr":"2257 E Glenoaks Boulevard, Unit A","cat":"ADU","approved":"2025-04-24","started":"2025-05-27","units":1,"zone_group":"single_family","hood":"Glenoaks Canyon","fire":"Very High","dam":true,"approved_year":2025,"started_year":2025,"status":"started"}},{"type":"Feature","geometry":{"type":"Point","coordinates":[-118.245152,34.131303]},"properties":{"id":"BSFD-015506-2024","addr":"1236 Vista Court, Unit A","cat":"ADU","approved":"2025-04-21","started":"2025-06-09","units":1,"zone_group":"single_family","hood":"Adams Hill","fire":"Moderate","approved_year":2025,"started_year":2025,"status":"started"}},{"type":"Feature","geometry":{"type":"Point","coordinates":[-118.272163,34.155613]},"properties":{"id":"BSFD-015147-2024","addr":"751 Fairmont Avenue, Unit A","cat":"ADU","approved":"2025-05-22","started":"2025-06-10","units":1,"zone_group":"single_family","hood":"Pelanconi","approved_year":2025,"started_year":2025,"status":"started"}},{"type":"Feature","geometry":{"type":"Point","coordinates":[-118.231865,34.142047]},"properties":{"id":"BSFD-019282-2024","addr":"317 Lafayette Street, Unit A","cat":"ADU","approved":"2025-04-03","started":"2025-06-11","units":1,"zone_group":"multifamily","hood":"Somerset","fire":"High","approved_year":2025,"started_year":2025,"status":"started"}},{"type":"Feature","geometry":{"type":"Point","coordinates":[-118.256778,34.230011]},"properties":{"id":"BSFD-011638-2023","addr":"3540 Altura Avenue","cat":"ADU","approved":"2025-04-22","started":"2025-06-13","units":1,"zone_group":"single_family","hood":"Crescenta Highlands","approved_year":2025,"started_year":2025,"status":"started"}},{"type":"Feature","geometry":{"type":"Point","coordinates":[-118.264895,34.148925]},"properties":{"id":"BMULTI-011148-2023","addr":"505 Salem Street, Unit D","cat":"ADU","approved":"2025-06-05","started":"2025-06-24","units":1,"zone_group":"multifamily","hood":"Vineyard","approved_year":2025,"started_year":2025,"status":"started"}},{"type":"Feature","geometry":{"type":"Point","coordinates":[-118.28492,34.169188]},"properties":{"id":"BSFD-015439-2024","addr":"1127 Sonora Avenue, Unit A","cat":"ADU","approved":"2025-05-13","started":"2025-06-27","units":1,"zone_group":"multifamily","hood":"Grandview","approved_year":2025,"started_year":2025,"status":"started"}},{"type":"Feature","geometry":{"type":"Point","coordinates":[-118.273625,34.158654]},"properties":{"id":"BSFD-014478-2024","addr":"805 Burchett Street, Unit A","cat":"ADU","approved":"2025-05-22","started":"2025-07-03","units":1,"zone_group":"single_family","hood":"Pelanconi","approved_year":2025,"started_year":2025,"status":"started"}},{"type":"Feature","geometry":{"type":"Point","coordinates":[-118.28257,34.164903]},"properties":{"id":"BSFD-020654-2025","addr":"1065 Willard Avenue, Unit A","cat":"ADU","approved":"2025-06-24","started":"2025-07-08","units":1,"zone_group":"single_family","hood":"Grandview","approved_year":2025,"started_year":2025,"status":"started"}},{"type":"Feature","geometry":{"type":"Point","coordinates":[-118.251694,34.138742]},"properties":{"id":"BSFD-012440-2024","addr":"319 E Maple Street, Apt A","cat":"ADU","approved":"2025-06-24","started":"2025-07-15","units":1,"zone_group":"multifamily","hood":"Mariposa","approved_year":2025,"started_year":2025,"status":"started"}},{"type":"Feature","geometry":{"type":"Point","coordinates":[-118.297643,34.173355]},"properties":{"id":"BSFD-012578-2024","addr":"1013 Elm Avenue, D & E","cat":"ADU","approved":"2025-07-22","started":"2025-07-29","units":2,"zone_group":"multifamily","hood":"Grandview","liquefaction":true,"approved_year":2025,"started_year":2025,"status":"started"}},{"type":"Feature","geometry":{"type":"Point","coordinates":[-118.24353,34.157497]},"properties":{"id":"BSFD-017880-2024","addr":"710 Cordova Avenue, Unit A","cat":"ADU","approved":"2025-06-03","started":"2025-08-11","units":1,"zone_group":"single_family","hood":"Rossmoyne","approved_year":2025,"started_year":2025,"status":"started"}},{"type":"Feature","geometry":{"type":"Point","coordinates":[-118.276552,34.164109]},"properties":{"id":"BSFD-020309-2024","addr":"1153 Norton Avenue, Unit A","cat":"ADU","approved":"2025-07-22","started":"2025-08-18","units":1,"zone_group":"single_family","hood":"Glenwood","approved_year":2025,"started_year":2025,"status":"started"}},{"type":"Feature","geometry":{"type":"Point","coordinates":[-118.276055,34.169347]},"properties":{"id":"BSFD-020562-2025","addr":"1401 Graynold Avenue, Unit A","cat":"ADU","approved":"2025-07-31","started":"2025-08-21","units":1,"zone_group":"single_family","hood":"Glenwood","approved_year":2025,"started_year":2025,"status":"started"}},{"type":"Feature","geometry":{"type":"Point","coordinates":[-118.250433,34.130616]},"properties":{"id":"BSFD-022314-2025","addr":"1258 Mariposa Street, Unit C","cat":"ADU","approved":"2025-07-15","started":"2025-08-21","units":1,"zone_group":"multifamily","hood":"Adams Hill","dam":true,"approved_year":2025,"started_year":2025,"status":"started"}},{"type":"Feature","geometry":{"type":"Point","coordinates":[-118.299456,34.163513]},"properties":{"id":"BSFD-011514-2023","addr":"419 Raymond Avenue, A","cat":"ADU","approved":"2025-08-04","started":"2025-08-22","units":1,"zone_group":"multifamily","hood":"Riverside Rancho","liquefaction":true,"approved_year":2025,"started_year":2025,"status":"started"}},{"type":"Feature","geometry":{"type":"Point","coordinates":[-118.22921,34.204838]},"properties":{"id":"BSFD-021330-2025","addr":"1721 Broadview Drive, Unit A","cat":"ADU","approved":"2025-07-15","started":"2025-08-22","units":1,"zone_group":"single_family","hood":"Sparr Heights","fire":"Moderate","approved_year":2025,"started_year":2025,"status":"started"}},{"type":"Feature","geometry":{"type":"Point","coordinates":[-118.249413,34.241767]},"properties":{"id":"BSFD-019963-2024","addr":"3222 Frances Avenue, Unit A","cat":"ADU","approved":"2025-08-18","started":"2025-09-02","units":1,"zone_group":"single_family","hood":"Crescenta Highlands","fire":"Very High","approved_year":2025,"started_year":2025,"status":"started"}},{"type":"Feature","geometry":{"type":"Point","coordinates":[-118.258783,34.131623]},"properties":{"id":"BSFD-018218-2024","addr":"1212 Hague Court, Unit A","cat":"ADU","approved":"2025-07-14","started":"2025-09-03","units":1,"zone_group":"multifamily","hood":"Tropico","approved_year":2025,"started_year":2025,"status":"started"}},{"type":"Feature","geometry":{"type":"Point","coordinates":[-118.225492,34.190076]},"properties":{"id":"BSFD-016713-2024","addr":"1833 Lockwood Road, Unit A","cat":"ADU","approved":"2025-09-18","started":"2025-10-06","units":1,"zone_group":"single_family","hood":"Verdugo Woodlands","fire":"Very High","approved_year":2025,"started_year":2025,"status":"started"}},{"type":"Feature","geometry":{"type":"Point","coordinates":[-118.264388,34.151675]},"properties":{"id":"BSFD-022067-2025","addr":"471 W Lexington Drive, Unit A","cat":"ADU","approved":"2025-10-02","started":"2025-10-15","units":1,"zone_group":"multifamily","hood":"Vineyard","approved_year":2025,"started_year":2025,"status":"started"}},{"type":"Feature","geometry":{"type":"Point","coordinates":[-118.22583,34.153382]},"properties":{"id":"BSFD-023691-2025","addr":"1913 Eden Avenue, Unit A","cat":"ADU","approved":"2025-10-09","started":"2025-10-27","units":1,"zone_group":"multifamily","hood":"Woodbury","fire":"Very High","approved_year":2025,"started_year":2025,"status":"started"}},{"type":"Feature","geometry":{"type":"Point","coordinates":[-118.247679,34.162459]},"properties":{"id":"BSFD-021461-2025","addr":"1131 N Howard Street, Unit A","cat":"ADU","approved":"2025-10-06","started":"2025-10-31","units":1,"zone_group":"single_family","hood":"Rossmoyne","fire":"High","approved_year":2025,"started_year":2025,"status":"started"}},{"type":"Feature","geometry":{"type":"Point","coordinates":[-118.279093,34.165912]},"properties":{"id":"BSFD-021677-2025","addr":"1235 Cleveland Road, A","cat":"ADU","approved":"2025-10-16","started":"2025-10-31","units":1,"zone_group":"single_family","hood":"Glenwood","approved_year":2025,"started_year":2025,"status":"started"}},{"type":"Feature","geometry":{"type":"Point","coordinates":[-118.268488,34.158859]},"properties":{"id":"BSFD-022100-2025","addr":"635 Arden Avenue, Unit A","cat":"ADU","approved":"2025-09-22","started":"2025-11-13","units":1,"zone_group":"single_family","hood":"Fremont Park","approved_year":2025,"started_year":2025,"status":"started"}},{"type":"Feature","geometry":{"type":"Point","coordinates":[-118.249102,34.159726]},"properties":{"id":"BSFD-023163-2025","addr":"938 N Isabel Street, Unit A","cat":"ADU","approved":"2025-11-21","started":"2025-12-09","units":1,"zone_group":"single_family","hood":"Rossmoyne","approved_year":2025,"started_year":2025,"status":"started"}},{"type":"Feature","geometry":{"type":"Point","coordinates":[-118.279179,34.179468]},"properties":{"id":"BSFD-019348-2024","addr":"1515 Winchester Avenue, Unit A","cat":"ADU","approved":"2025-11-20","started":"2025-12-15","units":1,"zone_group":"single_family","hood":"El Miradero","fire":"Very High","approved_year":2025,"started_year":2025,"status":"started"}},{"type":"Feature","geometry":{"type":"Point","coordinates":[-118.25645,34.237609]},"properties":{"id":"BSFD-021705-2025","addr":"3544 Pontiac Street, Unit A","cat":"ADU","approved":"2025-11-12","started":"2025-12-18","units":1,"zone_group":"single_family","hood":"Crescenta Highlands","approved_year":2025,"started_year":2025,"status":"started"}},{"type":"Feature","geometry":{"type":"Point","coordinates":[-118.296698,34.177399]},"properties":{"id":"BCB2017857","addr":"1120 Alameda Ave Unit A","cat":"ADU","approved":"2021-02-10","started":"2021-06-10","done":"2021-11-17","units":1,"zone_group":"multifamily","hood":"Grandview","approved_year":2021,"started_year":2021,"done_year":2021,"status":"done"}},{"type":"Feature","geometry":{"type":"Point","coordinates":[-118.262634,34.163431]},"properties":{"id":"BCB2015687","addr":"410 W Stocker St Apt B","cat":"ADU","approved":"2021-02-22","started":"2021-07-12","units":1,"zone_group":"multifamily","hood":"Verdugo Viejo","dam":true,"approved_year":2021,"started_year":2021,"status":"started"}},{"type":"Feature","geometry":{"type":"Point","coordinates":[-118.276372,34.1586]},"properties":{"id":"BCB2101128","addr":"900 Patterson Ave","cat":"ADU","approved":"2021-06-14","started":"2021-09-02","done":"2022-09-16","units":1,"zone_group":"single_family","hood":"Pelanconi","dam":true,"approved_year":2021,"started_year":2021,"done_year":2022,"status":"done"}},{"type":"Feature","geometry":{"type":"Point","coordinates":[-118.258711,34.125154]},"properties":{"id":"BSFD-007946-2023","addr":"339 El Bonito Avenue, Unit B","cat":"ADU","approved":"2025-08-18","started":"2025-12-31","units":1,"zone_group":"mixed_use","hood":"Tropico","approved_year":2025,"started_year":2025,"status":"started"}},{"type":"Feature","geometry":{"type":"Point","coordinates":[-118.234943,34.181659]},"properties":{"id":"BSFD-018303-2024","addr":"1430 Capistrano Avenue, Unit A","cat":"ADU","approved":"2025-07-21","started":"2025-08-06","units":1,"zone_group":"single_family","hood":"Verdugo Woodlands","fire":"Very High","approved_year":2025,"started_year":2025,"status":"started"}},{"type":"Feature","geometry":{"type":"Point","coordinates":[-118.232232,34.203695]},"properties":{"id":"PDR-004549-2025","addr":"3540 Las Palmas Avenue\nGlendale, Ca 91208","cat":"Single-family home","approved":"2025-05-22","units":1,"zone_group":"single_family","hood":"Sparr Heights","approved_year":2025,"status":"approved"}},{"type":"Feature","geometry":{"type":"Point","coordinates":[-118.215887,34.152322]},"properties":{"id":"PDR-003227-2024","addr":"589 Arch Place\nGlendale, Ca 91206","cat":"Single-family home","approved":"2025-08-28","units":1,"zone_group":"single_family","hood":"Glenoaks Canyon","fire":"Very High","approved_year":2025,"status":"approved"}},{"type":"Feature","geometry":{"type":"Point","coordinates":[-118.256872,34.165809]},"properties":{"id":"PDR-003089-2024\nPDBP-002015-2023","addr":"1303 N Central Avenue\nGlendale, Ca 91202","cat":"5+ units","approved":"2025-09-25","units":149,"zone_group":"multifamily","hood":"Verdugo Viejo","fire":"Very High","approved_year":2025,"status":"approved"}},{"type":"Feature","geometry":{"type":"Point","coordinates":[-118.28386,34.178211]},"properties":{"id":"BCB1809350","addr":"1364 Raymond Ave Unit A","cat":"ADU","approved":"2018-06-04","started":"2018-06-08","done":"2018-08-13","units":1,"zone_group":"single_family","hood":"El Miradero","fire":"Moderate","approved_year":2018,"started_year":2018,"done_year":2018,"status":"done"}},{"type":"Feature","geometry":{"type":"Point","coordinates":[-118.200501,34.170582]},"properties":{"id":"BCB1707196","addr":"3160 Linda Vista Rd","cat":"Single-family home","approved":"2018-01-18","started":"2018-01-18","done":"2019-03-13","units":1,"zone_group":"single_family","hood":"Chevy Chase","fire":"Very High","approved_year":2018,"started_year":2018,"done_year":2019,"status":"done"}},{"type":"Feature","geometry":{"type":"Point","coordinates":[-118.291879,34.182033]},"properties":{"id":"BCB1807893","addr":"1323 Alameda Ave, Unit A","cat":"ADU","approved":"2018-09-21","started":"2018-09-26","done":"2019-04-04","units":1,"zone_group":"single_family","hood":"El Miradero","approved_year":2018,"started_year":2018,"done_year":2019,"status":"done"}},{"type":"Feature","geometry":{"type":"Point","coordinates":[-118.249535,34.13717]},"properties":{"id":"BCB1818420","addr":"509 E Windsor Rd","cat":"ADU","approved":"2018-12-11","started":"2018-12-12","done":"2019-09-11","units":1,"zone_group":"multifamily","hood":"Mariposa","approved_year":2018,"started_year":2018,"done_year":2019,"status":"done"}},{"type":"Feature","geometry":{"type":"Point","coordinates":[-118.27714,34.165401]},"properties":{"id":"BSFD-003370-2023 PADU-000763-2023","addr":"1228 Graynold Avenue\nGlendale, Ca 91202","cat":"ADU","approved":"2023-05-16","started":"2023-06-23","units":1,"zone_group":"single_family","hood":"Glenwood","approved_year":2023,"started_year":2023,"status":"started"}},{"type":"Feature","geometry":{"type":"Point","coordinates":[-118.234447,34.171048]},"properties":{"id":"BSFD-011547-2023","addr":"1611 Puebla Drive Unit: A\nGlendale, Ca 91207","cat":"ADU","approved":"2024-03-21","started":"2024-03-21","done":"2024-07-01","units":1,"zone_group":"single_family","hood":"Greenbriar","fire":"Very High","approved_year":2024,"started_year":2024,"done_year":2024,"status":"done"}},{"type":"Feature","geometry":{"type":"Point","coordinates":[-118.246124,34.154662]},"properties":{"id":"BMULTI-005290-2023","addr":"741 E Doran Street Unit: A\nGlendale, Ca 91206","cat":"ADU","approved":"2024-04-01","started":"2024-04-04","done":"2024-08-15","units":1,"zone_group":"multifamily","hood":"City Center","approved_year":2024,"started_year":2024,"done_year":2024,"status":"done"}},{"type":"Feature","geometry":{"type":"Point","coordinates":[-118.287411,34.176547]},"properties":{"id":"BSFD-010609-2023","addr":"1263 Thompson Avenue Unit: B\nGlendale, Ca 91201","cat":"ADU","approved":"2024-05-06","started":"2024-05-06","done":"2024-08-28","units":1,"zone_group":"single_family","hood":"Grandview","approved_year":2024,"started_year":2024,"done_year":2024,"status":"done"}},{"type":"Feature","geometry":{"type":"Point","coordinates":[-118.225275,34.189464]},"properties":{"id":"BCB2205879","addr":"1830 Oakwood Ave\nGlendale, Ca 91208","cat":"ADU","approved":"2024-02-09","started":"2024-03-01","done":"2024-10-21","units":1,"zone_group":"single_family","hood":"Verdugo Woodlands","fire":"Very High","approved_year":2024,"started_year":2024,"done_year":2024,"status":"done"}},{"type":"Feature","geometry":{"type":"Point","coordinates":[-118.268016,34.149827]},"properties":{"id":"BSFD-014931-2024","addr":"631 W California Avenue Unit B\nGlendale, Ca 91203","cat":"ADU","approved":"2024-05-16","started":"2024-05-16","done":"2024-10-23","units":1,"zone_group":"multifamily","hood":"Vineyard","approved_year":2024,"started_year":2024,"done_year":2024,"status":"done"}},{"type":"Feature","geometry":{"type":"Point","coordinates":[-118.281739,34.177582]},"properties":{"id":"BSFD-008017-2023","addr":"1636 Bel Aire Drive Unit: A\nGlendale, Ca 91201","cat":"ADU","approved":"2024-01-08","started":"2024-01-24","done":"2024-12-10","units":1,"zone_group":"single_family","hood":"El Miradero","fire":"High","approved_year":2024,"started_year":2024,"done_year":2024,"status":"done"}},{"type":"Feature","geometry":{"type":"Point","coordinates":[-118.243019,34.145454]},"properties":{"id":"BB2118157","addr":"120 S Belmont Street, Unit A","cat":"ADU","approved":"2024-07-24","started":"2024-11-19","units":1,"zone_group":"multifamily","hood":"Citrus Grove","approved_year":2024,"started_year":2024,"status":"started"}},{"type":"Feature","geometry":{"type":"Point","coordinates":[-118.253842,34.121177]},"properties":{"id":"BMULTI-008669-2023","addr":"1906 Vassar Street","cat":"ADU","approved":"2024-05-31","started":"2024-08-14","done":"2025-06-05","units":1,"zone_group":"multifamily","hood":"Tropico","fire":"Moderate","approved_year":2024,"started_year":2024,"done_year":2025,"status":"done"}},{"type":"Feature","geometry":{"type":"Point","coordinates":[-118.229134,34.188872]},"properties":{"id":"BCB2200910","addr":"2909 Canada Boulevard, Unit A","cat":"ADU","approved":"2024-08-27","started":"2024-08-27","units":1,"zone_group":"single_family","hood":"Verdugo Woodlands","fire":"Very High","liquefaction":true,"approved_year":2024,"started_year":2024,"status":"started"}},{"type":"Feature","geometry":{"type":"Point","coordinates":[-118.262204,34.1353]},"properties":{"id":"BSFD-005307-2023","addr":"432 W Garfield Avenue, Unit B","cat":"ADU","approved":"2023-12-26","started":"2024-01-30","done":"2025-04-22","units":1,"zone_group":"multifamily","hood":"Pacific-Edison","approved_year":2023,"started_year":2024,"done_year":2025,"status":"done"}},{"type":"Feature","geometry":{"type":"Point","coordinates":[-118.269091,34.154041]},"properties":{"id":"BSFD-002909-2023","addr":"653 W Doran Street, Unit A","cat":"ADU","approved":"2024-05-22","started":"2024-05-24","done":"2025-03-10","units":1,"zone_group":"multifamily","hood":"Vineyard","approved_year":2024,"started_year":2024,"done_year":2025,"status":"done"}},{"type":"Feature","geometry":{"type":"Point","coordinates":[-118.213405,34.160692]},"properties":{"id":"PDR-001558-2023\nBSFD-012162-2024","addr":"2508 Saint Andrews Drive","cat":"Single-family home","approved":"2024-01-11","started":"2025-09-16","units":1,"zone_group":"single_family","hood":"Chevy Chase","fire":"Very High","approved_year":2024,"started_year":2025,"status":"started"}},{"type":"Feature","geometry":{"type":"Point","coordinates":[-118.250093,34.149818]},"properties":{"id":"PDR-002206-2023","addr":"246 N Jackson Street","cat":"5+ units","approved":"2024-02-22","units":11,"zone_group":"multifamily","hood":"City Center","approved_year":2024,"status":"approved"}},{"type":"Feature","geometry":{"type":"Point","coordinates":[-118.276756,34.169668]},"properties":{"id":"BCB2211526 PADU2208629","addr":"1409 Idlewood Road, Unit A, Glendale, Ca 91202","cat":"ADU","approved":"2023-04-06","started":"2023-04-06","done":"2023-11-17","units":1,"zone_group":"single_family","hood":"Glenwood","approved_year":2023,"started_year":2023,"done_year":2023,"status":"done"}},{"type":"Feature","geometry":{"type":"Point","coordinates":[-118.280917,34.161668]},"properties":{"id":"BCB2205853  PADU2205522","addr":"822 Idlewood Road, Unit A, Glendale, Ca 91202","cat":"ADU","approved":"2023-05-11","started":"2023-05-11","done":"2023-12-18","units":1,"zone_group":"single_family","hood":"Pelanconi","liquefaction":true,"approved_year":2023,"started_year":2023,"done_year":2023,"status":"done"}},{"type":"Feature","geometry":{"type":"Point","coordinates":[-118.285301,34.173676]},"properties":{"id":"BCB2205656   PADU2205349","addr":"1235 Winchester Ave\nGlendale, Ca 91201","cat":"ADU","approved":"2023-07-11","started":"2023-07-11","units":1,"zone_group":"single_family","hood":"Grandview","approved_year":2023,"started_year":2023,"status":"started"}},{"type":"Feature","geometry":{"type":"Point","coordinates":[-118.276372,34.1586]},"properties":{"id":"BSFD-008206-2023","addr":"900 Patterson Avenue, Unit A, Glendale, Ca 91202","cat":"ADU","approved":"2023-08-10","started":"2023-08-11","done":"2023-08-29","units":1,"zone_group":"single_family","hood":"Pelanconi","dam":true,"approved_year":2023,"started_year":2023,"done_year":2023,"status":"done"}},{"type":"Feature","geometry":{"type":"Point","coordinates":[-118.246925,34.16005]},"properties":{"id":"BCB1904287","addr":"1006 Geneva St. Unit A","cat":"ADU","approved":"2019-08-16","started":"2019-08-16","done":"2020-02-07","units":1,"zone_group":"single_family","hood":"Rossmoyne","fire":"Moderate","approved_year":2019,"started_year":2019,"done_year":2020,"status":"done"}},{"type":"Feature","geometry":{"type":"Point","coordinates":[-118.277943,34.166184]},"properties":{"id":"BCB1905224","addr":"1246 Idlewood Rd. Unit A","cat":"ADU","approved":"2019-08-29","started":"2019-08-29","units":1,"zone_group":"single_family","hood":"Glenwood","approved_year":2019,"started_year":2019,"status":"started"}},{"type":"Feature","geometry":{"type":"Point","coordinates":[-118.290935,34.177988]},"properties":{"id":"BCB1827336","addr":"1234 Linden Ave. Unit A","cat":"ADU","approved":"2019-10-16","started":"2019-10-16","done":"2020-12-08","units":1,"zone_group":"single_family","hood":"Grandview","approved_year":2019,"started_year":2019,"done_year":2020,"status":"done"}},{"type":"Feature","geometry":{"type":"Point","coordinates":[-118.28804,34.171079]},"properties":{"id":"BB1807153","addr":"1121 Winchester Ave","cat":"2\u20134 units","approved":"2018-01-23","started":"2019-02-11","done":"2020-03-05","units":2,"zone_group":"multifamily","hood":"Grandview","approved_year":2018,"started_year":2019,"done_year":2020,"status":"done"}},{"type":"Feature","geometry":{"type":"Point","coordinates":[-118.23398,34.177417]},"properties":{"id":"BCB18098768","addr":"1410 Colina Dr.","cat":"Single-family home","approved":"2017-07-11","started":"2019-09-11","units":1,"zone_group":"single_family","hood":"Verdugo Woodlands","fire":"Very High","approved_year":2017,"started_year":2019,"status":"started"}},{"type":"Feature","geometry":{"type":"Point","coordinates":[-118.230163,34.204271]},"properties":{"id":"BCB 1820580","addr":"3540 Buena Vista Ave","cat":"Single-family home","approved":"2018-08-25","started":"2019-11-12","units":1,"zone_group":"single_family","hood":"Sparr Heights","fire":"Moderate","approved_year":2018,"started_year":2019,"status":"started"}},{"type":"Feature","geometry":{"type":"Point","coordinates":[-118.266154,34.234155]},"properties":{"id":"BCB1810101","addr":"4206 Lowell Ave","cat":"Single-family home","approved":"2018-11-14","started":"2018-11-14","units":1,"zone_group":"single_family","hood":"Crescenta Highlands","fire":"High","approved_year":2018,"started_year":2018,"status":"started"}},{"type":"Feature","geometry":{"type":"Point","coordinates":[-118.280147,34.161069]},"properties":{"id":"BCB1803126","addr":"820 Graynold Ave","cat":"ADU","approved":"2018-12-12","started":"2018-12-12","done":"2019-10-04","units":1,"zone_group":"single_family","hood":"Pelanconi","approved_year":2018,"started_year":2018,"done_year":2019,"status":"done"}},{"type":"Feature","geometry":{"type":"Point","coordinates":[-118.227633,34.155917]},"properties":{"id":"BCB1724288","addr":"645 Glenmore Blvd, Unit A","cat":"ADU","approved":"2018-03-19","started":"2018-03-19","done":"2019-05-07","units":1,"zone_group":"single_family","hood":"Woodbury","fire":"Very High","approved_year":2018,"started_year":2018,"done_year":2019,"status":"done"}},{"type":"Feature","geometry":{"type":"Point","coordinates":[-118.252965,34.237314]},"properties":{"id":"BCB1701301","addr":"4742 New York Ave","cat":"Single-family home","approved":"2016-12-15","started":"2017-04-10","done":"2018-01-22","units":1,"zone_group":"single_family","hood":"Crescenta Highlands","fire":"High","approved_year":2016,"started_year":2017,"done_year":2018,"status":"done"}},{"type":"Feature","geometry":{"type":"Point","coordinates":[-118.23974,34.155453]},"properties":{"id":"PADU2100797","addr":"1014 Monterey Rd","cat":"ADU","approved":"2021-09-07","units":1,"zone_group":"multifamily","hood":"Woodbury","fire":"Moderate","liquefaction":true,"approved_year":2021,"status":"approved"}},{"type":"Feature","geometry":{"type":"Point","coordinates":[-118.245998,34.154604]},"properties":{"id":"PADU2104583","addr":"745 E Doran St","cat":"ADU","approved":"2021-09-22","units":1,"zone_group":"multifamily","hood":"City Center","approved_year":2021,"status":"approved"}},{"type":"Feature","geometry":{"type":"Point","coordinates":[-118.293504,34.172378]},"properties":{"id":"PADU2109931","addr":"1055 Irving Ave","cat":"ADU","approved":"2021-06-08","units":1,"zone_group":"multifamily","hood":"Grandview","approved_year":2021,"status":"approved"}},{"type":"Feature","geometry":{"type":"Point","coordinates":[-118.26869,34.162002]},"properties":{"id":"PADU2111141","addr":"1136 N Kenilworth Ave","cat":"ADU","approved":"2021-10-27","units":1,"zone_group":"multifamily","hood":"Glenwood","dam":true,"approved_year":2021,"status":"approved"}},{"type":"Feature","geometry":{"type":"Point","coordinates":[-118.276506,34.164071]},"properties":{"id":"PADU2108965","addr":"1150 Norton Ave","cat":"ADU","approved":"2021-08-05","units":1,"zone_group":"single_family","hood":"Glenwood","approved_year":2021,"status":"approved"}},{"type":"Feature","geometry":{"type":"Point","coordinates":[-118.231929,34.138059]},"properties":{"id":"PADU2106129","addr":"1436 E Windsor Rd","cat":"ADU","approved":"2021-05-21","units":1,"zone_group":"single_family","hood":"Somerset","fire":"Very High","approved_year":2021,"status":"approved"}},{"type":"Feature","geometry":{"type":"Point","coordinates":[-118.272577,34.170295]},"properties":{"id":"PADU2112458","addr":"1453 Highland Ave","cat":"ADU","approved":"2021-11-15","units":1,"zone_group":"single_family","hood":"Glenwood","approved_year":2021,"status":"approved"}},{"type":"Feature","geometry":{"type":"Point","coordinates":[-118.225261,34.17149]},"properties":{"id":"PADU2104683","addr":"1861 Kirkby Rd A","cat":"ADU","approved":"2021-10-15","units":1,"zone_group":"single_family","hood":"Verdugo Woodlands","fire":"Very High","liquefaction":true,"approved_year":2021,"status":"approved"}},{"type":"Feature","geometry":{"type":"Point","coordinates":[-118.229048,34.180487]},"properties":{"id":"PADU2106126","addr":"2225 Canada Blvd","cat":"ADU","approved":"2021-04-13","units":1,"zone_group":"single_family","hood":"Verdugo Woodlands","fire":"Very High","liquefaction":true,"approved_year":2021,"status":"approved"}},{"type":"Feature","geometry":{"type":"Point","coordinates":[-118.227116,34.181497]},"properties":{"id":"PADU2107188","addr":"2328 Sylvan Ln","cat":"ADU","approved":"2021-11-04","units":1,"zone_group":"single_family","hood":"Verdugo Woodlands","fire":"Very High","liquefaction":true,"approved_year":2021,"status":"approved"}},{"type":"Feature","geometry":{"type":"Point","coordinates":[-118.240869,34.213247]},"properties":{"id":"PADU2113587","addr":"2823 Hermosa Ave","cat":"ADU","approved":"2021-09-02","units":1,"zone_group":"single_family","hood":"Montrose","fire":"High","approved_year":2021,"status":"approved"}},{"type":"Feature","geometry":{"type":"Point","coordinates":[-118.243983,34.212712]},"properties":{"id":"PADU2107425","addr":"2945 Sycamore Ave","cat":"ADU","approved":"2021-07-14","units":1,"zone_group":"single_family","hood":"Montrose","fire":"Very High","liquefaction":true,"approved_year":2021,"status":"approved"}},{"type":"Feature","geometry":{"type":"Point","coordinates":[-118.261423,34.1408]},"properties":{"id":"PADU2101958","addr":"410 Vine St","cat":"ADU","approved":"2021-08-23","units":1,"zone_group":"multifamily","hood":"Pacific-Edison","approved_year":2021,"status":"approved"}},{"type":"Feature","geometry":{"type":"Point","coordinates":[-118.261809,34.234464]},"properties":{"id":"PADU2103411","addr":"4333 Boston Ave","cat":"ADU","approved":"2021-05-07","units":1,"zone_group":"single_family","hood":"Crescenta Highlands","approved_year":2021,"status":"approved"}},{"type":"Feature","geometry":{"type":"Point","coordinates":[-118.245982,34.21608]},"properties":{"id":"BCB2115297 PADU2115293","addr":"3042 Hermosa Ave","cat":"ADU","approved":"2022-04-06","started":"2022-05-06","done":"2023-02-07","units":1,"zone_group":"single_family","hood":"Montrose","fire":"Very High","approved_year":2022,"started_year":2022,"done_year":2023,"status":"done"}},{"type":"Feature","geometry":{"type":"Point","coordinates":[-118.232659,34.152698]},"properties":{"id":"BCB2015259","addr":"416 Sinclair Ave","cat":"ADU","approved":"2022-07-06","started":"2022-07-14","done":"2023-02-21","units":1,"zone_group":"single_family","hood":"Woodbury","fire":"Very High","approved_year":2022,"started_year":2022,"done_year":2023,"status":"done"}},{"type":"Feature","geometry":{"type":"Point","coordinates":[-118.235085,34.164472]},"properties":{"id":"BCB2204354","addr":"1346 Ethel Unit: Unit A","cat":"ADU","approved":"2022-09-02","started":"2022-10-07","done":"2023-07-13","units":1,"zone_group":"single_family","hood":"Rossmoyne","fire":"Very High","liquefaction":true,"approved_year":2022,"started_year":2022,"done_year":2023,"status":"done"}},{"type":"Feature","geometry":{"type":"Point","coordinates":[-118.241542,34.211134]},"properties":{"id":"BCB2203992 PADU2204159","addr":"2842 Sycamore # A Ave\nGlendale, Ca 91214","cat":"ADU","approved":"2023-01-11","started":"2023-01-11","done":"2024-01-04","units":1,"zone_group":"single_family","hood":"Montrose","fire":"Very High","liquefaction":true,"approved_year":2023,"started_year":2023,"done_year":2024,"status":"done"}},{"type":"Feature","geometry":{"type":"Point","coordinates":[-118.277449,34.16729]},"properties":{"id":"BCB2212409    PADU2212406","addr":"1310 Idlewood Road, Unit A, Glendale, Ca 91202","cat":"ADU","approved":"2022-12-15","started":"2023-01-26","done":"2023-04-06","units":1,"zone_group":"single_family","hood":"Glenwood","approved_year":2022,"started_year":2023,"done_year":2023,"status":"done"}},{"type":"Feature","geometry":{"type":"Point","coordinates":[-118.265235,34.164676]},"properties":{"id":"BCB2203396   PADU2202406","addr":"1310 N Pacific Avenue, Unit A, Glendale, Ca 91202","cat":"ADU","approved":"2023-01-20","started":"2023-02-21","done":"2023-08-15","units":1,"zone_group":"single_family","hood":"Verdugo Viejo","approved_year":2023,"started_year":2023,"done_year":2023,"status":"done"}},{"type":"Feature","geometry":{"type":"Point","coordinates":[-118.244949,34.148587]},"properties":{"id":"BCB2118532  PADU2110174","addr":"210 N Everett Street, Unit A, Glendale, Ca 91206","cat":"ADU","approved":"2023-03-15","started":"2023-03-15","done":"2023-11-29","units":1,"zone_group":"multifamily","hood":"Citrus Grove","approved_year":2023,"started_year":2023,"done_year":2023,"status":"done"}},{"type":"Feature","geometry":{"type":"Point","coordinates":[-118.295272,34.159371]},"properties":{"id":"BCB2000434   PADU2206255","addr":"337 Sonora Avenue, Unit A, Glendale, Ca 91201","cat":"ADU","approved":"2023-03-22","started":"2023-03-22","units":1,"zone_group":"multifamily","hood":"Riverside Rancho","fire":"Very High","liquefaction":true,"approved_year":2023,"started_year":2023,"status":"started"}},{"type":"Feature","geometry":{"type":"Point","coordinates":[-118.238205,34.194775]},"properties":{"id":"BCB1808740 PADU1820688","addr":"3131 Glencrest Dr, Unit A, Glendale, Ca 91208","cat":"ADU","approved":"2023-03-02","started":"2023-03-28","units":1,"zone_group":"single_family","hood":"Oakmont","fire":"Very High","approved_year":2023,"started_year":2023,"status":"started"}},{"type":"Feature","geometry":{"type":"Point","coordinates":[-118.258384,34.246358]},"properties":{"id":"BCB2200550","addr":"5038 Carolyn Way Unit A","cat":"ADU","approved":"2022-01-14","started":"2022-01-14","done":"2022-05-27","units":1,"zone_group":"single_family","hood":"Crescenta Highlands","fire":"Very High","approved_year":2022,"started_year":2022,"done_year":2022,"status":"done"}},{"type":"Feature","geometry":{"type":"Point","coordinates":[-118.279151,34.159551]},"properties":{"id":"BCB2119555","addr":"810 Pelanconi Ave","cat":"ADU","approved":"2022-02-10","started":"2022-02-10","done":"2022-11-07","units":1,"zone_group":"single_family","hood":"Pelanconi","liquefaction":true,"dam":true,"approved_year":2022,"started_year":2022,"done_year":2022,"status":"done"}},{"type":"Feature","geometry":{"type":"Point","coordinates":[-118.273755,34.157209]},"properties":{"id":"BCB2105371","addr":"707 Estelle Ave Unit A","cat":"ADU","approved":"2022-02-23","started":"2022-03-01","done":"2022-04-05","units":1,"zone_group":"single_family","hood":"Pelanconi","approved_year":2022,"started_year":2022,"done_year":2022,"status":"done"}},{"type":"Feature","geometry":{"type":"Point","coordinates":[-118.271403,34.161001]},"properties":{"id":"BCB1916985","addr":"712 W Dryden St Unit A","cat":"ADU","approved":"2020-07-08","started":"2022-04-07","done":"2022-10-14","units":1,"zone_group":"single_family","hood":"Glenwood","dam":true,"approved_year":2020,"started_year":2022,"done_year":2022,"status":"done"}},{"type":"Feature","geometry":{"type":"Point","coordinates":[-118.278447,34.167503]},"properties":{"id":"BCB2119567","addr":"1313 Cleveland Rd","cat":"ADU","approved":"2022-03-23","started":"2022-05-10","done":"2022-10-13","units":1,"zone_group":"single_family","hood":"Glenwood","approved_year":2022,"started_year":2022,"done_year":2022,"status":"done"}},{"type":"Feature","geometry":{"type":"Point","coordinates":[-118.27503,34.15906]},"properties":{"id":"BCB2120901","addr":"841 Burchett St","cat":"ADU","approved":"2022-03-09","started":"2022-05-17","done":"2022-08-29","units":1,"zone_group":"single_family","hood":"Pelanconi","dam":true,"approved_year":2022,"started_year":2022,"done_year":2022,"status":"done"}},{"type":"Feature","geometry":{"type":"Point","coordinates":[-118.265762,34.150757]},"properties":{"id":"BCB2119637","addr":"524 Myrtle St","cat":"ADU","approved":"2022-06-09","started":"2022-06-09","done":"2022-11-10","units":1,"zone_group":"multifamily","hood":"Vineyard","approved_year":2022,"started_year":2022,"done_year":2022,"status":"done"}},{"type":"Feature","geometry":{"type":"Point","coordinates":[-118.275756,34.158436]},"properties":{"id":"BCB2106990","addr":"851 Patterson Ave","cat":"ADU","approved":"2021-11-18","started":"2022-06-15","units":1,"zone_group":"single_family","hood":"Pelanconi","dam":true,"approved_year":2021,"started_year":2022,"status":"started"}},{"type":"Feature","geometry":{"type":"Point","coordinates":[-118.267926,34.167546]},"properties":{"id":"BCB2116672","addr":"549 Olmsted Dr","cat":"ADU","approved":"2022-06-09","started":"2022-06-29","done":"2022-12-27","units":1,"zone_group":"single_family","hood":"Glenwood","approved_year":2022,"started_year":2022,"done_year":2022,"status":"done"}},{"type":"Feature","geometry":{"type":"Point","coordinates":[-118.275928,34.158699]},"properties":{"id":"BCB2200377","addr":"830 Highland Ave Unit A","cat":"ADU","approved":"2022-07-22","started":"2022-07-22","units":1,"zone_group":"single_family","hood":"Pelanconi","dam":true,"approved_year":2022,"started_year":2022,"status":"started"}},{"type":"Feature","geometry":{"type":"Point","coordinates":[-118.248642,34.162728]},"properties":{"id":"BCB2212621","addr":"1134 N Isabel St\nGlendale, Ca 91207","cat":"ADU","approved":"2022-09-19","started":"2022-10-04","done":"2022-10-04","units":1,"zone_group":"single_family","hood":"Rossmoyne","fire":"High","approved_year":2022,"started_year":2022,"done_year":2022,"status":"done"}},{"type":"Feature","geometry":{"type":"Point","coordinates":[-118.266288,34.161591]},"properties":{"id":"BCB2200069","addr":"538 Palm Drive Unit: A\nGlendale, Ca 91202","cat":"ADU","approved":"2022-10-05","started":"2022-10-05","units":1,"zone_group":"multifamily","hood":"Glenwood","dam":true,"approved_year":2022,"started_year":2022,"status":"started"}},{"type":"Feature","geometry":{"type":"Point","coordinates":[-118.278511,34.164173]},"properties":{"id":"BSFD-008802-2023","addr":"1120 Idlewood Road, Unit A","cat":"ADU","approved":"2024-07-10","started":"2024-07-25","done":"2025-02-14","units":1,"zone_group":"single_family","hood":"Glenwood","approved_year":2024,"started_year":2024,"done_year":2025,"status":"done"}},{"type":"Feature","geometry":{"type":"Point","coordinates":[-118.27714,34.165401]},"properties":{"id":"BSFD-012053-2024","addr":"1228 Graynold Avenue, Unit A","cat":"ADU","approved":"2024-05-31","started":"2024-06-11","done":"2025-04-02","units":1,"zone_group":"single_family","hood":"Glenwood","approved_year":2024,"started_year":2024,"done_year":2025,"status":"done"}},{"type":"Feature","geometry":{"type":"Point","coordinates":[-118.23744,34.146196]},"properties":{"id":"BSFD-015716-2024","addr":"1305 E Broadway","cat":"ADU","approved":"2024-11-12","started":"2024-11-22","done":"2025-11-24","units":1,"zone_group":"multifamily","hood":"Citrus Grove","approved_year":2024,"started_year":2024,"done_year":2025,"status":"done"}},{"type":"Feature","geometry":{"type":"Point","coordinates":[-118.23442,34.146191]},"properties":{"id":"BSFD-010631-2023","addr":"1411 E Broadway, Unit A","cat":"ADU","approved":"2024-11-04","started":"2024-11-20","units":1,"zone_group":"multifamily","hood":"Citrus Grove","approved_year":2024,"started_year":2024,"status":"started"}},{"type":"Feature","geometry":{"type":"Point","coordinates":[-118.258665,34.130828]},"properties":{"id":"BSFD-008645-2023","addr":"317 Magnolia Avenue, Unit A","cat":"ADU","approved":"2024-10-17","started":"2024-12-04","done":"2025-11-10","units":1,"zone_group":"multifamily","hood":"Tropico","approved_year":2024,"started_year":2024,"done_year":2025,"status":"done"}},{"type":"Feature","geometry":{"type":"Point","coordinates":[-118.237255,34.139513]},"properties":{"id":"BSFD-013931-2024","addr":"532 Porter Street, Unit A","cat":"ADU","approved":"2024-09-05","started":"2024-09-25","done":"2025-05-27","units":1,"zone_group":"multifamily","hood":"Somerset","approved_year":2024,"started_year":2024,"done_year":2025,"status":"done"}},{"type":"Feature","geometry":{"type":"Point","coordinates":[-118.266869,34.162444]},"properties":{"id":"BSFD-014925-2024","addr":"550 South Street, Unit A","cat":"ADU","approved":"2024-10-14","started":"2024-10-24","done":"2025-08-21","units":1,"zone_group":"multifamily","hood":"Glenwood","dam":true,"approved_year":2024,"started_year":2024,"done_year":2025,"status":"done"}},{"type":"Feature","geometry":{"type":"Point","coordinates":[-118.256436,34.176064]},"properties":{"id":"PDR-003435-2024","addr":"157 Aspen Oak Lane","cat":"Single-family home","approved":"2024-09-26","units":1,"zone_group":"single_family","hood":"Brockmont","fire":"Very High","landslide":true,"approved_year":2024,"status":"approved"}},{"type":"Feature","geometry":{"type":"Point","coordinates":[-118.271185,34.153219]},"properties":{"id":"BB2207265","addr":"525 Concord Street Unit: Unit 108","cat":"ADU","approved":"2023-04-07","started":"2024-04-19","done":"2025-04-30","units":1,"zone_group":"multifamily","hood":"Vineyard","approved_year":2023,"started_year":2024,"done_year":2025,"status":"done"}},{"type":"Feature","geometry":{"type":"Point","coordinates":[-118.24269,34.140806]},"properties":{"id":"BSFD-009429-2023","addr":"1010 E Lomita Avenue Unit: Unit A","cat":"ADU","approved":"2024-07-15","started":"2024-08-21","done":"2025-01-28","units":1,"zone_group":"multifamily","hood":"Mariposa","approved_year":2024,"started_year":2024,"done_year":2025,"status":"done"}},{"type":"Feature","geometry":{"type":"Point","coordinates":[-118.235558,34.154578]},"properties":{"id":"BSFD-013094-2024","addr":"535 Woodbury Road Unit: Unit A","cat":"ADU","approved":"2024-12-02","started":"2025-01-13","done":"2025-07-08","units":1,"zone_group":"single_family","hood":"Woodbury","fire":"Very High","approved_year":2024,"started_year":2025,"done_year":2025,"status":"done"}},{"type":"Feature","geometry":{"type":"Point","coordinates":[-118.242423,34.157343]},"properties":{"id":"BSFD-016226-2024","addr":"716 Portola Avenue Unit: Unit A","cat":"ADU","approved":"2025-01-07","started":"2025-02-03","done":"2025-07-24","units":1,"zone_group":"single_family","hood":"Rossmoyne","liquefaction":true,"approved_year":2025,"started_year":2025,"done_year":2025,"status":"done"}},{"type":"Feature","geometry":{"type":"Point","coordinates":[-118.244335,34.217121]},"properties":{"id":"BSFD-019182-2024","addr":"4004 Ramsdell Avenue Unit:Unit A","cat":"ADU","approved":"2025-02-03","started":"2025-02-10","done":"2025-03-12","units":1,"zone_group":"single_family","hood":"Montrose","fire":"Moderate","approved_year":2025,"started_year":2025,"done_year":2025,"status":"done"}},{"type":"Feature","geometry":{"type":"Point","coordinates":[-118.278713,34.172443]},"properties":{"id":"BSFD-014283-2024","addr":"1031 W Kenneth Road Unit:Unit C","cat":"ADU","approved":"2025-02-05","started":"2025-02-21","done":"2025-09-08","units":1,"zone_group":"single_family","hood":"Glenwood","approved_year":2025,"started_year":2025,"done_year":2025,"status":"done"}},{"type":"Feature","geometry":{"type":"Point","coordinates":[-118.245534,34.144123]},"properties":{"id":"BSFD-008276-2023","addr":"210 S Everett Street Unit: Unit A","cat":"ADU","approved":"2025-03-05","started":"2025-03-17","done":"2025-12-17","units":1,"zone_group":"multifamily","hood":"Citrus Grove","approved_year":2025,"started_year":2025,"done_year":2025,"status":"done"}},{"type":"Feature","geometry":{"type":"Point","coordinates":[-118.23224,34.137242]},"properties":{"id":"BSFD-013103-2024","addr":"1431 E Garfield Avenue Unit: Unit A","cat":"ADU","approved":"2025-02-19","started":"2025-03-28","done":"2025-11-05","units":2,"zone_group":"single_family","hood":"Somerset","fire":"Very High","approved_year":2025,"started_year":2025,"done_year":2025,"status":"done"}},{"type":"Feature","geometry":{"type":"Point","coordinates":[-118.252551,34.230779]},"properties":{"id":"BSFD-011403-2023","addr":"3351 Mary Street Unit: Unit A","cat":"ADU","approved":"2025-03-26","started":"2025-04-03","done":"2025-10-17","units":1,"zone_group":"single_family","hood":"Crescenta Highlands","approved_year":2025,"started_year":2025,"done_year":2025,"status":"done"}},{"type":"Feature","geometry":{"type":"Point","coordinates":[-118.24343,34.138992]},"properties":{"id":"BCB2209944","addr":"908 E Maple Street, Unit B","cat":"ADU","approved":"2025-12-26","started":"2025-01-07","units":1,"zone_group":"multifamily","hood":"Mariposa","approved_year":2025,"started_year":2025,"status":"started"}},{"type":"Feature","geometry":{"type":"Point","coordinates":[-118.275993,34.156451]},"properties":{"id":"BSFD-009016-2023","addr":"721 Dale Avenue, Unit A","cat":"ADU","approved":"2024-03-22","started":"2025-01-22","units":1,"zone_group":"single_family","hood":"Pelanconi","approved_year":2024,"started_year":2025,"status":"started"}},{"type":"Feature","geometry":{"type":"Point","coordinates":[-118.269146,34.158909]},"properties":{"id":"BSFD-017190-2024","addr":"651 Arden Avenue, Unit A","cat":"ADU","approved":"2024-12-16","started":"2025-01-23","units":1,"zone_group":"single_family","hood":"Fremont Park","approved_year":2024,"started_year":2025,"status":"started"}},{"type":"Feature","geometry":{"type":"Point","coordinates":[-118.249978,34.165232]},"properties":{"id":"BSFD-013323-2024","addr":"425 E Randolph Street","cat":"ADU","approved":"2024-12-12","started":"2025-02-06","units":1,"zone_group":"single_family","hood":"Rossmoyne","fire":"Very High","approved_year":2024,"started_year":2025,"status":"started"}},{"type":"Feature","geometry":{"type":"Point","coordinates":[-118.293285,34.172583]},"properties":{"id":"BSFD-015352-2024","addr":"1063 Irving Avenue, Unit B","cat":"ADU","approved":"2024-06-03","started":"2025-02-06","units":1,"zone_group":"multifamily","hood":"Grandview","approved_year":2024,"started_year":2025,"status":"started"}},{"type":"Feature","geometry":{"type":"Point","coordinates":[-118.294928,34.177518]},"properties":{"id":"BMULTI-006703-2023","addr":"1153 Spazier Avenue, Unit A","cat":"ADU","approved":"2024-03-27","started":"2025-02-19","units":1,"zone_group":"multifamily","hood":"Grandview","approved_year":2024,"started_year":2025,"status":"started"}},{"type":"Feature","geometry":{"type":"Point","coordinates":[-118.250978,34.166204]},"properties":{"id":"BSFD-016353-2024","addr":"401 Ross Street, Unit A","cat":"ADU","approved":"2025-12-26","started":"2025-02-25","units":1,"zone_group":"single_family","hood":"Rossmoyne","fire":"Very High","dam":true,"approved_year":2025,"started_year":2025,"status":"started"}},{"type":"Feature","geometry":{"type":"Point","coordinates":[-118.284746,34.170961]},"properties":{"id":"BSFD-012092-2024","addr":"1173 Ruberta Avenue, Unit A","cat":"ADU","approved":"2025-04-07","started":"2025-04-16","units":1,"zone_group":"single_family","hood":"Grandview","approved_year":2025,"started_year":2025,"status":"started"}},{"type":"Feature","geometry":{"type":"Point","coordinates":[-118.238432,34.140778]},"properties":{"id":"BSFD-015349-2024","addr":"425 Wing Street, Unit A","cat":"ADU","approved":"2025-03-19","started":"2025-05-13","units":1,"zone_group":"multifamily","hood":"Somerset","approved_year":2025,"started_year":2025,"status":"started"}},{"type":"Feature","geometry":{"type":"Point","coordinates":[-118.287387,34.168504]},"properties":{"id":"BSFD-017952-2024","addr":"1059 Ruberta Avenue, Unit A","cat":"ADU","approved":"2025-05-15","started":"2025-05-28","units":1,"zone_group":"multifamily","hood":"Grandview","approved_year":2025,"started_year":2025,"status":"started"}},{"type":"Feature","geometry":{"type":"Point","coordinates":[-118.266258,34.153156]},"properties":{"id":"BSFD-004153-2023","addr":"536 Alexander Street, Unit A","cat":"ADU","approved":"2025-02-19","started":"2025-06-04","units":1,"zone_group":"multifamily","hood":"Vineyard","approved_year":2025,"started_year":2025,"status":"started"}},{"type":"Feature","geometry":{"type":"Point","coordinates":[-118.293987,34.175167]},"properties":{"id":"BMULTI-018347-2024","addr":"1117 Linden Avenue, Unit A","cat":"ADU","approved":"2025-06-06","started":"2025-06-17","units":1,"zone_group":"multifamily","hood":"Grandview","approved_year":2025,"started_year":2025,"status":"started"}},{"type":"Feature","geometry":{"type":"Point","coordinates":[-118.285048,34.185815]},"properties":{"id":"BSFD-021297-2025","addr":"2015 W Mountain Street, Unit A","cat":"ADU","approved":"2025-06-11","started":"2025-06-23","units":1,"zone_group":"single_family","hood":"El Miradero","fire":"High","approved_year":2025,"started_year":2025,"status":"started"}},{"type":"Feature","geometry":{"type":"Point","coordinates":[-118.27641,34.160087]},"properties":{"id":"BSFD-014770-2024","addr":"910 Alma Street, Unit A","cat":"ADU","approved":"2025-05-21","started":"2025-06-25","units":1,"zone_group":"single_family","hood":"Pelanconi","dam":true,"approved_year":2025,"started_year":2025,"status":"started"}},{"type":"Feature","geometry":{"type":"Point","coordinates":[-118.251439,34.165181]},"properties":{"id":"BSFD-018353-2024","addr":"326 E Randolph Street, Unit A","cat":"ADU","approved":"2025-06-10","started":"2025-06-30","units":1,"zone_group":"single_family","hood":"Rossmoyne","fire":"Very High","dam":true,"approved_year":2025,"started_year":2025,"status":"started"}},{"type":"Feature","geometry":{"type":"Point","coordinates":[-118.28047,34.162088]},"properties":{"id":"BSFD-017644-2024","addr":"838 Idlewood Road, Unit A","cat":"ADU","approved":"2025-05-22","started":"2025-07-07","units":1,"zone_group":"single_family","hood":"Pelanconi","approved_year":2025,"started_year":2025,"status":"started"}},{"type":"Feature","geometry":{"type":"Point","coordinates":[-118.261913,34.141629]},"properties":{"id":"BSFD-017344-2024","addr":"422 W Elk Avenue, Unit A","cat":"ADU","approved":"2025-05-20","started":"2025-07-29","units":2,"zone_group":"multifamily","hood":"Pacific-Edison","approved_year":2025,"started_year":2025,"status":"started"}},{"type":"Feature","geometry":{"type":"Point","coordinates":[-118.291228,34.180464]},"properties":{"id":"BSFD-018698-2024","addr":"2021 W Kenneth Road, Unit A","cat":"ADU","approved":"2025-07-17","started":"2025-08-04","units":1,"zone_group":"single_family","hood":"El Miradero","approved_year":2025,"started_year":2025,"status":"started"}},{"type":"Feature","geometry":{"type":"Point","coordinates":[-118.271737,34.176949]},"properties":{"id":"BSFD-015923-2024","addr":"1736 Ard Eevin Avenue, Unit A","cat":"ADU","approved":"2025-07-02","started":"2025-08-18","units":1,"zone_group":"single_family","hood":"Glenwood","fire":"Very High","approved_year":2025,"started_year":2025,"status":"started"}},{"type":"Feature","geometry":{"type":"Point","coordinates":[-118.253739,34.224847]},"properties":{"id":"BSFD-020340-2024","addr":"3415 Montrose Avenue, Unit A","cat":"ADU","approved":"2025-08-07","started":"2025-08-19","units":1,"zone_group":"multifamily","hood":"Crescenta Highlands","fire":"Very High","liquefaction":true,"approved_year":2025,"started_year":2025,"status":"started"}},{"type":"Feature","geometry":{"type":"Point","coordinates":[-118.299456,34.163513]},"properties":{"id":"BSFD-011515-2023","addr":"419 Raymond Avenue, B","cat":"ADU","approved":"2025-08-04","started":"2025-08-21","units":1,"zone_group":"multifamily","hood":"Riverside Rancho","liquefaction":true,"approved_year":2025,"started_year":2025,"status":"started"}},{"type":"Feature","geometry":{"type":"Point","coordinates":[-118.220909,34.157474]},"properties":{"id":"BSFD-019171-2024","addr":"2157 E Chevy Chase Drive, Unit A","cat":"ADU","approved":"2025-08-07","started":"2025-09-10","units":1,"zone_group":"single_family","hood":"Chevy Chase","fire":"Very High","approved_year":2025,"started_year":2025,"status":"started"}},{"type":"Feature","geometry":{"type":"Point","coordinates":[-118.233375,34.203531]},"properties":{"id":"BSFD-015253-2024","addr":"3517 Sierra Vista Avenue, Unit A","cat":"ADU","approved":"2025-04-22","started":"2025-09-25","units":1,"zone_group":"single_family","hood":"Sparr Heights","approved_year":2025,"started_year":2025,"status":"started"}},{"type":"Feature","geometry":{"type":"Point","coordinates":[-118.26606,34.168465]},"properties":{"id":"BSFD-023597-2025","addr":"1448 N Pacific Avenue, Unit A","cat":"ADU","approved":"2025-09-03","started":"2025-09-25","units":1,"zone_group":"single_family","hood":"Verdugo Viejo","fire":"Moderate","approved_year":2025,"started_year":2025,"status":"started"}},{"type":"Feature","geometry":{"type":"Point","coordinates":[-118.286831,34.173781]},"properties":{"id":"BSFD-008724-2023","addr":"1212 Western Avenue","cat":"ADU","approved":"2025-02-20","started":"2025-10-03","units":1,"zone_group":"single_family","hood":"Grandview","approved_year":2025,"started_year":2025,"status":"started"}},{"type":"Feature","geometry":{"type":"Point","coordinates":[-118.259596,34.133461]},"properties":{"id":"BSFD-020924-2025","addr":"340 W Chevy Chase Drive, Unit A","cat":"ADU","approved":"2025-08-19","started":"2025-10-17","units":2,"zone_group":"multifamily","hood":"Tropico","approved_year":2025,"started_year":2025,"status":"started"}},{"type":"Feature","geometry":{"type":"Point","coordinates":[-118.249439,34.227725]},"properties":{"id":"BSFD-023574-2025","addr":"3220 Community Avenue, Unit A","cat":"ADU","approved":"2025-10-09","started":"2025-10-23","units":1,"zone_group":"single_family","hood":"Crescenta Highlands","approved_year":2025,"started_year":2025,"status":"started"}},{"type":"Feature","geometry":{"type":"Point","coordinates":[-118.250439,34.235228]},"properties":{"id":"BSFD-023142-2025","addr":"3253 Alabama Street, Unit A","cat":"ADU","approved":"2025-08-28","started":"2025-11-05","units":1,"zone_group":"single_family","hood":"Crescenta Highlands","fire":"High","approved_year":2025,"started_year":2025,"status":"started"}},{"type":"Feature","geometry":{"type":"Point","coordinates":[-118.250727,34.243783]},"properties":{"id":"BSFD-024206-2025","addr":"5212 Maryland Avenue, Unit A","cat":"ADU","approved":"2025-11-05","started":"2025-11-15","units":1,"zone_group":"single_family","hood":"Crescenta Highlands","fire":"Very High","approved_year":2025,"started_year":2025,"status":"started"}},{"type":"Feature","geometry":{"type":"Point","coordinates":[-118.296857,34.159828]},"properties":{"id":"BSFD-023702-2025","addr":"1535 Garden Street, Unit A","cat":"ADU","approved":"2025-11-18","started":"2025-11-18","units":1,"zone_group":"single_family","hood":"Riverside Rancho","fire":"Very High","liquefaction":true,"approved_year":2025,"started_year":2025,"status":"started"}},{"type":"Feature","geometry":{"type":"Point","coordinates":[-118.250864,34.219305]},"properties":{"id":"BSFD-023549-2025","addr":"3901 Parkvista Place, Unit A","cat":"ADU","approved":"2025-10-31","started":"2025-11-22","units":1,"zone_group":"single_family","hood":"Crescenta Highlands","fire":"Very High","liquefaction":true,"approved_year":2025,"started_year":2025,"status":"started"}},{"type":"Feature","geometry":{"type":"Point","coordinates":[-118.236036,34.196981]},"properties":{"id":"BSFD-018561-2024","addr":"3221 Country Club Drive, Unit A","cat":"ADU","approved":"2025-11-17","started":"2025-12-03","units":1,"zone_group":"recreation","hood":"Oakmont","fire":"Very High","liquefaction":true,"approved_year":2025,"started_year":2025,"status":"started"}},{"type":"Feature","geometry":{"type":"Point","coordinates":[-118.227526,34.203263]},"properties":{"id":"BMULTI-007898-2023","addr":"3514 Market Street, Unit D","cat":"ADU","approved":"2025-10-07","started":"2025-12-11","units":1,"zone_group":"commercial","hood":"Sparr Heights","fire":"Very High","liquefaction":true,"approved_year":2025,"started_year":2025,"status":"started"}},{"type":"Feature","geometry":{"type":"Point","coordinates":[-118.227526,34.203263]},"properties":{"id":"BMULTI-007906-2023","addr":"3514 Market Street, Unit E","cat":"ADU","approved":"2025-10-13","started":"2025-12-16","units":1,"zone_group":"commercial","hood":"Sparr Heights","fire":"Very High","liquefaction":true,"approved_year":2025,"started_year":2025,"status":"started"}},{"type":"Feature","geometry":{"type":"Point","coordinates":[-118.29094,34.179603]},"properties":{"id":"BSFD-025156-2025","addr":"1270 Elm Avenue, Unit A","cat":"ADU","approved":"2025-11-18","started":"2025-12-19","units":1,"zone_group":"single_family","hood":"Grandview","approved_year":2025,"started_year":2025,"status":"started"}},{"type":"Feature","geometry":{"type":"Point","coordinates":[-118.262631,34.169148]},"properties":{"id":"BSFD-024633-2025","addr":"338 W Kenneth Road, Unit A","cat":"ADU","approved":"2025-11-07","started":"2025-12-23","units":1,"zone_group":"single_family","hood":"Verdugo Viejo","fire":"Very High","approved_year":2025,"started_year":2025,"status":"started"}},{"type":"Feature","geometry":{"type":"Point","coordinates":[-118.249339,34.219691]},"properties":{"id":"PDR-004729-2025","addr":"3213 Mills Avenue\nGlendale, Ca 91214","cat":"Single-family home","approved":"2025-06-26","units":1,"zone_group":"single_family","hood":"Crescenta Highlands","fire":"Very High","liquefaction":true,"approved_year":2025,"status":"approved"}},{"type":"Feature","geometry":{"type":"Point","coordinates":[-118.268718,34.153176]},"properties":{"id":"PDR-004759-2025","addr":"644 Alexander Street\nGlendale, Ca 91203","cat":"2\u20134 units","approved":"2025-08-14","units":3,"zone_group":"multifamily","hood":"Vineyard","approved_year":2025,"status":"approved"}},{"type":"Feature","geometry":{"type":"Point","coordinates":[-118.287919,34.185877]},"properties":{"id":"PDR-005387-2025","addr":"2060 Watson Street\nGlendale, Ca 91201","cat":"Single-family home","approved":"2025-12-11","units":1,"zone_group":"single_family","hood":"El Miradero","fire":"High","approved_year":2025,"status":"approved"}},{"type":"Feature","geometry":{"type":"Point","coordinates":[-118.265189,34.142531]},"properties":{"id":"BB1414812","addr":"521 W Colorado St.","name":"CC Tan Bldg","cat":"5+ units","approved":"2017-06-19","started":"2017-06-19","done":"2020-01-17","units":90,"zone_group":"mixed_use","hood":"Moorpark","approved_year":2017,"started_year":2017,"done_year":2020,"status":"done"}},{"type":"Feature","geometry":{"type":"Point","coordinates":[-118.287214,34.18441]},"properties":{"id":"BCB1900770","addr":"2022 Chilton Dr. Unit A","cat":"ADU","approved":"2019-06-14","started":"2019-06-14","done":"2020-07-08","units":1,"zone_group":"single_family","hood":"El Miradero","fire":"Moderate","approved_year":2019,"started_year":2019,"done_year":2020,"status":"done"}},{"type":"Feature","geometry":{"type":"Point","coordinates":[-118.263672,34.164286]},"properties":{"id":"BCB19111364","addr":"1225 Dorothy Dr., Unit A","cat":"ADU","approved":"2019-06-11","started":"2019-06-11","units":1,"zone_group":"single_family","hood":"Verdugo Viejo","dam":true,"approved_year":2019,"started_year":2019,"status":"started"}},{"type":"Feature","geometry":{"type":"Point","coordinates":[-118.297063,34.159909]},"properties":{"id":"BCB1900387","addr":"1538 Garden St., Unit A","cat":"ADU","approved":"2019-03-21","started":"2019-03-21","done":"2020-12-08","units":1,"zone_group":"single_family","hood":"Riverside Rancho","fire":"Very High","liquefaction":true,"approved_year":2019,"started_year":2019,"done_year":2020,"status":"done"}},{"type":"Feature","geometry":{"type":"Point","coordinates":[-118.269391,34.151556]},"properties":{"id":"BCB2004154","addr":"662 W Lexington Dr. Unit A","cat":"ADU","approved":"2020-06-24","started":"2020-06-24","done":"2020-11-23","units":1,"zone_group":"multifamily","hood":"Vineyard","approved_year":2020,"started_year":2020,"done_year":2020,"status":"done"}},{"type":"Feature","geometry":{"type":"Point","coordinates":[-118.265757,34.153989]},"properties":{"id":"BCB2000113","addr":"526 W Doran St., Unit A","cat":"ADU","approved":"2020-07-21","started":"2020-07-21","done":"2020-12-23","units":1,"zone_group":"multifamily","hood":"Vineyard","approved_year":2020,"started_year":2020,"done_year":2020,"status":"done"}},{"type":"Feature","geometry":{"type":"Point","coordinates":[-118.286019,34.165141]},"properties":{"id":"BB2120817","addr":"1012 Davis Avenue Unit: Unit C\nGlendale, Ca 91201","cat":"ADU","approved":"2022-12-20","started":"2022-12-20","done":"2022-09-15","units":1,"zone_group":"single_family","hood":"Grandview","liquefaction":true,"approved_year":2022,"started_year":2022,"done_year":2022,"status":"done"}},{"type":"Feature","geometry":{"type":"Point","coordinates":[-118.273524,34.159471]},"properties":{"id":"BCB1724772","addr":"809 Arden Ave, Unit A","cat":"ADU","approved":"2018-04-23","started":"2018-04-23","done":"2019-10-23","units":1,"zone_group":"single_family","hood":"Pelanconi","approved_year":2018,"started_year":2018,"done_year":2019,"status":"done"}},{"type":"Feature","geometry":{"type":"Point","coordinates":[-118.277987,34.158639]},"properties":{"id":"BCB1709963","addr":"724 Kellogg Ave, Unit A","cat":"ADU","approved":"2018-03-13","started":"2018-03-13","done":"2018-11-01","units":1,"zone_group":"single_family","hood":"Pelanconi","dam":true,"approved_year":2018,"started_year":2018,"done_year":2018,"status":"done"}},{"type":"Feature","geometry":{"type":"Point","coordinates":[-118.288706,34.174468]},"properties":{"id":"BCB1727184","addr":"1740 Glenwood Rd, Unit A","cat":"ADU","approved":"2018-07-25","started":"2018-07-25","done":"2018-12-18","units":1,"zone_group":"single_family","hood":"Grandview","approved_year":2018,"started_year":2018,"done_year":2018,"status":"done"}},{"type":"Feature","geometry":{"type":"Point","coordinates":[-118.234841,34.15816]},"properties":{"id":"BCB1730160","addr":"910 Glenvista Dr, Unit A","cat":"ADU","approved":"2018-08-19","started":"2018-08-19","done":"2019-11-14","units":1,"zone_group":"single_family","hood":"Woodbury","fire":"Very High","liquefaction":true,"approved_year":2018,"started_year":2018,"done_year":2019,"status":"done"}},{"type":"Feature","geometry":{"type":"Point","coordinates":[-118.271878,34.161131]},"properties":{"id":"BCB1806370","addr":"725 W Dryden St, Unit A","cat":"ADU","approved":"2018-09-26","started":"2018-09-26","done":"2018-12-04","units":1,"zone_group":"single_family","hood":"Glenwood","dam":true,"approved_year":2018,"started_year":2018,"done_year":2018,"status":"done"}},{"type":"Feature","geometry":{"type":"Point","coordinates":[-118.23039,34.144336]},"properties":{"id":"BCB1806419","addr":"1512 E Harvard St, Unit A","cat":"ADU","approved":"2018-10-23","started":"2018-10-23","done":"2019-03-28","units":1,"zone_group":"multifamily","hood":"Citrus Grove","fire":"Very High","approved_year":2018,"started_year":2018,"done_year":2019,"status":"done"}},{"type":"Feature","geometry":{"type":"Point","coordinates":[-118.267099,34.15404]},"properties":{"id":"BCB1721635","addr":"609 W. Doran St. Unit A","cat":"ADU","approved":"2019-02-04","started":"2019-02-04","done":"2010-08-20","units":1,"zone_group":"multifamily","hood":"Vineyard","approved_year":2019,"started_year":2019,"done_year":2010,"status":"done"}},{"type":"Feature","geometry":{"type":"Point","coordinates":[-118.244386,34.215924]},"properties":{"id":"BCB 1810112","addr":"3919 Ramsdell Ave. Unit A","cat":"ADU","approved":"2019-06-19","started":"2019-06-19","done":"2019-09-06","units":1,"zone_group":"single_family","hood":"Montrose","fire":"High","approved_year":2019,"started_year":2019,"done_year":2019,"status":"done"}},{"type":"Feature","geometry":{"type":"Point","coordinates":[-118.220805,34.151177]},"properties":{"id":"BCB1827563","addr":"2045 E. Glenoaks Blvd. Unit A","cat":"ADU","approved":"2019-07-09","started":"2019-07-09","done":"2019-11-12","units":1,"zone_group":"single_family","hood":"Glenoaks Canyon","fire":"Very High","dam":true,"approved_year":2019,"started_year":2019,"done_year":2019,"status":"done"}},{"type":"Feature","geometry":{"type":"Point","coordinates":[-118.292866,34.177557]},"properties":{"id":"BCB1902504","addr":"1953 Glenwood Rd.","cat":"ADU","approved":"2019-07-24","started":"2019-07-24","done":"2019-11-21","units":1,"zone_group":"single_family","hood":"Grandview","approved_year":2019,"started_year":2019,"done_year":2019,"status":"done"}},{"type":"Feature","geometry":{"type":"Point","coordinates":[-118.267628,34.169032]},"properties":{"id":"BCB1901239","addr":"1442 Montgomery Ave","cat":"Single-family home","approved":"2018-12-13","started":"2019-03-15","done":"2020-01-24","units":1,"zone_group":"single_family","hood":"Glenwood","approved_year":2018,"started_year":2019,"done_year":2020,"status":"done"}},{"type":"Feature","geometry":{"type":"Point","coordinates":[-118.242532,34.151783]},"properties":{"id":"BCB1721382","addr":"1007 E Lexington Dr, Unit A","cat":"ADU","approved":"2018-05-08","started":"2018-05-06","done":"2018-11-07","units":1,"zone_group":"multifamily","hood":"Citrus Grove","approved_year":2018,"started_year":2018,"done_year":2018,"status":"done"}},{"type":"Feature","geometry":{"type":"Point","coordinates":[-118.267233,34.150811]},"properties":{"id":"BCB1807494","addr":"609 Myrtle St, Unit A","cat":"ADU","approved":"2018-09-06","started":"2018-09-06","done":"2019-06-28","units":1,"zone_group":"multifamily","hood":"Vineyard","approved_year":2018,"started_year":2018,"done_year":2019,"status":"done"}},{"type":"Feature","geometry":{"type":"Point","coordinates":[-118.248915,34.154165]},"properties":{"id":"BCB1826110","addr":"533 N. Isabel St. Unit A","cat":"ADU","approved":"2019-01-23","started":"2019-01-23","done":"2019-07-02","units":1,"zone_group":"multifamily","hood":"City Center","approved_year":2019,"started_year":2019,"done_year":2019,"status":"done"}},{"type":"Feature","geometry":{"type":"Point","coordinates":[-118.287917,34.175986]},"properties":{"id":"BCB1826797","addr":"1240 Thompson Ave. Unit A","cat":"ADU","approved":"2019-02-28","started":"2019-02-28","done":"2019-07-26","units":1,"zone_group":"single_family","hood":"Grandview","approved_year":2019,"started_year":2019,"done_year":2019,"status":"done"}},{"type":"Feature","geometry":{"type":"Point","coordinates":[-118.273484,34.175598]},"properties":{"id":"BCB1825846","addr":"1665 Ben Lomond Dr. Unit A","cat":"ADU","approved":"2019-03-26","started":"2019-03-26","done":"2019-04-11","units":1,"zone_group":"single_family","hood":"Glenwood","fire":"Very High","approved_year":2019,"started_year":2019,"done_year":2019,"status":"done"}},{"type":"Feature","geometry":{"type":"Point","coordinates":[-118.271309,34.152231]},"properties":{"id":"BCB1830481","addr":"731 W. Milford St. Unit A","cat":"ADU","approved":"2019-05-16","started":"2019-05-16","done":"2019-10-21","units":1,"zone_group":"multifamily","hood":"Vineyard","approved_year":2019,"started_year":2019,"done_year":2019,"status":"done"}},{"type":"Feature","geometry":{"type":"Point","coordinates":[-118.246252,34.141777]},"properties":{"id":"BSFD-002161-2022","addr":"711 E Elk Avenue\nGlendale, Ca 91205","cat":"ADU","approved":"2023-07-03","started":"2023-08-28","done":"2024-06-18","units":1,"zone_group":"multifamily","hood":"Mariposa","approved_year":2023,"started_year":2023,"done_year":2024,"status":"done"}},{"type":"Feature","geometry":{"type":"Point","coordinates":[-118.274741,34.155957]},"properties":{"id":"BSFD-008163-2023","addr":"846 Grange Street Unit: A\nGlendale, Ca 91202","cat":"ADU","approved":"2024-02-08","started":"2024-02-15","done":"2024-07-16","units":1,"zone_group":"single_family","hood":"Pelanconi","approved_year":2024,"started_year":2024,"done_year":2024,"status":"done"}},{"type":"Feature","geometry":{"type":"Point","coordinates":[-118.249079,34.15506]},"properties":{"id":"BMULTI-003719-2023","addr":"604 N Isabel Street Unit: E\nGlendale, Ca 91206","cat":"ADU","approved":"2024-01-24","started":"2024-01-24","done":"2024-07-18","units":1,"zone_group":"multifamily","hood":"City Center","approved_year":2024,"started_year":2024,"done_year":2024,"status":"done"}},{"type":"Feature","geometry":{"type":"Point","coordinates":[-118.24832,34.13924]},"properties":{"id":"BMULTI-012031-2024","addr":"616 Granada Street Unit: Unit B\nGlendale, Ca 91205","cat":"ADU","approved":"2024-05-30","started":"2024-06-03","done":"2024-09-18","units":1,"zone_group":"multifamily","hood":"Mariposa","approved_year":2024,"started_year":2024,"done_year":2024,"status":"done"}},{"type":"Feature","geometry":{"type":"Point","coordinates":[-118.251352,34.225792]},"properties":{"id":"BSFD-006020-2023","addr":"3311 Encinal Avenue Unit: A\nGlendale, Ca 91214","cat":"ADU","approved":"2024-05-07","started":"2024-05-15","done":"2024-10-10","units":1,"zone_group":"single_family","hood":"Crescenta Highlands","fire":"Moderate","approved_year":2024,"started_year":2024,"done_year":2024,"status":"done"}},{"type":"Feature","geometry":{"type":"Point","coordinates":[-118.290746,34.183097]},"properties":{"id":"BSFD-004236-2023","addr":"1361 Alameda Avenue Unit: A\nGlendale, Ca 91201","cat":"ADU","approved":"2024-02-01","started":"2024-07-25","done":"2024-12-17","units":1,"zone_group":"single_family","hood":"El Miradero","approved_year":2024,"started_year":2024,"done_year":2024,"status":"done"}},{"type":"Feature","geometry":{"type":"Point","coordinates":[-118.281248,34.180673]},"properties":{"id":"BSFD-011343-2023","addr":"1510 Raymond Avenue Unit: A\nGlendale, Ca 91201","cat":"ADU","approved":"2024-05-30","started":"2024-06-06","done":"2024-12-30","units":1,"zone_group":"single_family","hood":"El Miradero","fire":"Very High","approved_year":2024,"started_year":2024,"done_year":2024,"status":"done"}},{"type":"Feature","geometry":{"type":"Point","coordinates":[-118.250153,34.13211]},"properties":{"id":"BSFD-014469-2024","addr":"1210 Mariposa Street, Unit A","cat":"ADU","approved":"2024-04-26","started":"2024-05-08","done":"2025-12-01","units":1,"zone_group":"multifamily","hood":"Adams Hill","approved_year":2024,"started_year":2024,"done_year":2025,"status":"done"}},{"type":"Feature","geometry":{"type":"Point","coordinates":[-118.229981,34.186469]},"properties":{"id":"BSFD-001412-2022","addr":"1651 Glorietta Avenue, Unit A","cat":"ADU","approved":"2024-01-05","started":"2024-04-19","units":1,"zone_group":"single_family","hood":"Verdugo Woodlands","fire":"Very High","liquefaction":true,"approved_year":2024,"started_year":2024,"status":"started"}},{"type":"Feature","geometry":{"type":"Point","coordinates":[-118.249661,34.222334]},"properties":{"id":"BSFD-014687-2024","addr":"3225 Montrose Avenue, Unit A","cat":"ADU","approved":"2024-11-12","started":"2024-11-19","done":"2025-02-10","units":1,"zone_group":"multifamily","hood":"Crescenta Highlands","fire":"High","liquefaction":true,"approved_year":2024,"started_year":2024,"done_year":2025,"status":"done"}},{"type":"Feature","geometry":{"type":"Point","coordinates":[-118.263462,34.236058]},"properties":{"id":"BSFD-010420-2023","addr":"3845 4Th Avenue, Unit A","cat":"ADU","approved":"2024-10-16","started":"2024-11-05","done":"2025-05-12","units":1,"zone_group":"single_family","hood":"Crescenta Highlands","approved_year":2024,"started_year":2024,"done_year":2025,"status":"done"}},{"type":"Feature","geometry":{"type":"Point","coordinates":[-118.263887,34.144202]},"properties":{"id":"BSFD-018273-2024","addr":"471 W Harvard Street, Unit A","cat":"ADU","approved":"2024-09-27","started":"2024-10-09","done":"2025-04-02","units":1,"zone_group":"multifamily","hood":"Moorpark","approved_year":2024,"started_year":2024,"done_year":2025,"status":"done"}},{"type":"Feature","geometry":{"type":"Point","coordinates":[-118.267588,34.153165]},"properties":{"id":"BCB2116010","addr":"616 Alexander Street, Unit A","cat":"ADU","approved":"2024-08-14","started":"2024-08-14","done":"2025-07-31","units":1,"zone_group":"multifamily","hood":"Vineyard","approved_year":2024,"started_year":2024,"done_year":2025,"status":"done"}},{"type":"Feature","geometry":{"type":"Point","coordinates":[-118.272449,34.15841]},"properties":{"id":"BSFD-010720-2023","addr":"729 Burchett Street, Unit B","cat":"ADU","approved":"2024-10-17","started":"2024-10-30","done":"2025-08-01","units":1,"zone_group":"single_family","hood":"Pelanconi","approved_year":2024,"started_year":2024,"done_year":2025,"status":"done"}},{"type":"Feature","geometry":{"type":"Point","coordinates":[-118.272696,34.161245]},"properties":{"id":"BSFD-008122-2023","addr":"744 W Dryden Street, Apt A","cat":"ADU","approved":"2024-06-11","started":"2024-06-20","units":1,"zone_group":"single_family","hood":"Glenwood","dam":true,"approved_year":2024,"started_year":2024,"status":"started"}},{"type":"Feature","geometry":{"type":"Point","coordinates":[-118.244214,34.132016]},"properties":{"id":"BSFD-011101-2023","addr":"900 Brier Lane, Unit A","cat":"ADU","approved":"2024-12-05","started":"2024-12-30","units":1,"zone_group":"single_family","hood":"Adams Hill","approved_year":2024,"started_year":2024,"status":"started"}},{"type":"Feature","geometry":{"type":"Point","coordinates":[-118.253599,34.120947]},"properties":{"id":"PADR-002032-2023\nBSFD-015497-2024","addr":"1914 Vassar Street","cat":"2\u20134 units","approved":"2024-03-08","units":2,"zone_group":"multifamily","hood":"Tropico","fire":"Moderate","approved_year":2024,"status":"approved"}},{"type":"Feature","geometry":{"type":"Point","coordinates":[-118.285356,34.178477]},"properties":{"id":"PDRNRAF2120772 \nPDR-2120772-B\nBSFD-016227-2024","addr":"1349 Thompson Ave","cat":"Single-family home","approved":"2024-04-11","started":"2025-11-04","units":1,"zone_group":"single_family","hood":"El Miradero","approved_year":2024,"started_year":2025,"status":"started"}},{"type":"Feature","geometry":{"type":"Point","coordinates":[-118.24765,34.153224]},"properties":{"id":"BC1913482","addr":"503 Howard St.,\nUnit A","cat":"ADU","approved":"2019-07-10","started":"2019-07-10","units":1,"zone_group":"single_family","hood":"City Center","approved_year":2019,"started_year":2019,"status":"started"}},{"type":"Feature","geometry":{"type":"Point","coordinates":[-118.294386,34.178679]},"properties":{"id":"BCB1910841","addr":"2041 Glenwood Rd., Unit A","cat":"ADU","approved":"2019-05-31","started":"2019-05-31","units":1,"zone_group":"single_family","hood":"Grandview","approved_year":2019,"started_year":2019,"status":"started"}},{"type":"Feature","geometry":{"type":"Point","coordinates":[-118.260773,34.138019]},"properties":{"id":"BCB1905054","addr":"616 S. Columbus Ave., Unit A","cat":"ADU","approved":"2019-03-12","started":"2019-03-12","units":1,"zone_group":"multifamily","hood":"Pacific-Edison","approved_year":2019,"started_year":2019,"status":"started"}},{"type":"Feature","geometry":{"type":"Point","coordinates":[-118.251257,34.228924]},"properties":{"id":"BCB2003236","addr":"3305 Community Ave., Unit A","cat":"ADU","approved":"2020-05-14","started":"2020-05-14","done":"2020-12-01","units":1,"zone_group":"single_family","hood":"Crescenta Highlands","approved_year":2020,"started_year":2020,"done_year":2020,"status":"done"}},{"type":"Feature","geometry":{"type":"Point","coordinates":[-118.234258,34.15691]},"properties":{"id":"BCB2211689","addr":"801 Avonoak Terrace, Unit A","cat":"ADU","approved":"2024-02-15","started":"2024-02-15","done":"2025-03-12","units":1,"zone_group":"single_family","hood":"Woodbury","fire":"Very High","approved_year":2024,"started_year":2024,"done_year":2025,"status":"done"}},{"type":"Feature","geometry":{"type":"Point","coordinates":[-118.248606,34.242544]},"properties":{"id":"BSFD-003840-2023","addr":"5203 Pennsylvania Avenue Unit: Unit A","cat":"ADU","approved":"2024-10-17","started":"2024-04-24","done":"2025-01-27","units":1,"zone_group":"single_family","hood":"Crescenta Highlands","fire":"Very High","approved_year":2024,"started_year":2024,"done_year":2025,"status":"done"}},{"type":"Feature","geometry":{"type":"Point","coordinates":[-118.230282,34.203145]},"properties":{"id":"BSFD-009569-2023","addr":"3509 Buena Vista Avenue Unit: Unit A","cat":"ADU","approved":"2024-05-18","started":"2024-06-04","done":"2025-01-28","units":1,"zone_group":"single_family","hood":"Sparr Heights","fire":"Moderate","liquefaction":true,"approved_year":2024,"started_year":2024,"done_year":2025,"status":"done"}},{"type":"Feature","geometry":{"type":"Point","coordinates":[-118.2105,34.172498]},"properties":{"id":"BSFD-012363-2024","addr":"1424 Belleau Road Unit: Unit A","cat":"ADU","approved":"2024-07-24","started":"2024-07-26","done":"2025-01-27","units":1,"zone_group":"single_family","hood":"Chevy Chase","fire":"Very High","approved_year":2024,"started_year":2024,"done_year":2025,"status":"done"}},{"type":"Feature","geometry":{"type":"Point","coordinates":[-118.253555,34.230352]},"properties":{"id":"BSFD-010675-2023","addr":"3415 Community Avenue Unit: Unit A","cat":"ADU","approved":"2024-07-12","started":"2025-01-06","done":"2025-11-24","units":1,"zone_group":"single_family","hood":"Crescenta Highlands","approved_year":2024,"started_year":2025,"done_year":2025,"status":"done"}},{"type":"Feature","geometry":{"type":"Point","coordinates":[-118.263841,34.231717]},"properties":{"id":"BSFD-015936-2024","addr":"3857 Anderson Avenue","cat":"ADU","approved":"2024-10-28","started":"2025-01-09","done":"2025-08-18","units":1,"zone_group":"single_family","hood":"Crescenta Highlands","fire":"High","approved_year":2024,"started_year":2025,"done_year":2025,"status":"done"}},{"type":"Feature","geometry":{"type":"Point","coordinates":[-118.226427,34.154324]},"properties":{"id":"BSFD-020707-2025","addr":"514 Hill Drive Unit: Unit B","cat":"ADU","approved":"2025-01-13","started":"2025-01-13","done":"2025-03-11","units":1,"zone_group":"multifamily","hood":"Woodbury","fire":"Very High","approved_year":2025,"started_year":2025,"done_year":2025,"status":"done"}},{"type":"Feature","geometry":{"type":"Point","coordinates":[-118.257419,34.236275]},"properties":{"id":"BSFD-014045-2024","addr":"4525 Dunsmore Avenue Unit:Unit B","cat":"ADU","approved":"2025-01-14","started":"2025-01-17","done":"2025-05-20","units":1,"zone_group":"single_family","hood":"Crescenta Highlands","approved_year":2025,"started_year":2025,"done_year":2025,"status":"done"}},{"type":"Feature","geometry":{"type":"Point","coordinates":[-118.279887,34.183878]},"properties":{"id":"BSFD-015651-2024","addr":"1631 Thompson Avenue Unit: Unit A","cat":"ADU","approved":"2024-09-30","started":"2025-01-28","done":"2025-08-18","units":1,"zone_group":"single_family","hood":"El Miradero","fire":"Very High","approved_year":2024,"started_year":2025,"done_year":2025,"status":"done"}},{"type":"Feature","geometry":{"type":"Point","coordinates":[-118.234891,34.142156]},"properties":{"id":"BSFD-018177-2024","addr":"312 Griswold Street Unit: Unit A","cat":"ADU","approved":"2025-02-13","started":"2025-02-20","done":"2025-08-04","units":1,"zone_group":"multifamily","hood":"Somerset","approved_year":2025,"started_year":2025,"done_year":2025,"status":"done"}},{"type":"Feature","geometry":{"type":"Point","coordinates":[-118.275435,34.163517]},"properties":{"id":"BSFD-012815-2024","addr":"1154 Alma Street Unit: Unit A","cat":"ADU","approved":"2025-03-04","started":"2025-03-04","done":"2025-06-16","units":1,"zone_group":"single_family","hood":"Glenwood","approved_year":2025,"started_year":2025,"done_year":2025,"status":"done"}},{"type":"Feature","geometry":{"type":"Point","coordinates":[-118.301499,34.164745]},"properties":{"id":"BSFD-014695-2024","addr":"410 Irving Avenue Unit: Unit C","cat":"ADU","approved":"2025-03-07","started":"2025-04-03","done":"2025-05-15","units":1,"zone_group":"multifamily","hood":"Riverside Rancho","liquefaction":true,"approved_year":2025,"started_year":2025,"done_year":2025,"status":"done"}},{"type":"Feature","geometry":{"type":"Point","coordinates":[-118.276577,34.161558]},"properties":{"id":"BMULTI-018426-2024","addr":"938 W Glenoaks Boulevard Unit:Unit A","cat":"ADU","approved":"2025-03-04","started":"2025-04-10","done":"2025-09-08","units":2,"zone_group":"multifamily","hood":"Glenwood","approved_year":2025,"started_year":2025,"done_year":2025,"status":"done"}},{"type":"Feature","geometry":{"type":"Point","coordinates":[-118.242187,34.213716]},"properties":{"id":"BSFD-012206-2024","addr":"3821 Glenwood Avenue Unit:Unit A","cat":"ADU","approved":"2025-03-26","started":"2025-04-10","done":"2025-11-13","units":1,"zone_group":"single_family","hood":"Montrose","fire":"High","approved_year":2025,"started_year":2025,"done_year":2025,"status":"done"}},{"type":"Feature","geometry":{"type":"Point","coordinates":[-118.283634,34.176791]},"properties":{"id":"BSFD-016999-2024","addr":"1336 Western Avenue Unit:Unit A","cat":"ADU","approved":"2025-03-18","started":"2025-04-10","done":"2025-11-24","units":1,"zone_group":"single_family","hood":"El Miradero","approved_year":2025,"started_year":2025,"done_year":2025,"status":"done"}},{"type":"Feature","geometry":{"type":"Point","coordinates":[-118.291933,34.175496]},"properties":{"id":"BMULTI-002913-2023","addr":"1157 Allen Avenue Unit:Unit C","cat":"ADU","approved":"2024-11-19","started":"2025-04-16","done":"2025-10-01","units":1,"zone_group":"multifamily","hood":"Grandview","approved_year":2024,"started_year":2025,"done_year":2025,"status":"done"}},{"type":"Feature","geometry":{"type":"Point","coordinates":[-118.246876,34.158961]},"properties":{"id":"BSFD-018578-2024","addr":"914 Geneva Street Unit:Unit A","cat":"ADU","approved":"2025-04-17","started":"2025-04-29","done":"2025-12-08","units":1,"zone_group":"single_family","hood":"Rossmoyne","approved_year":2025,"started_year":2025,"done_year":2025,"status":"done"}},{"type":"Feature","geometry":{"type":"Point","coordinates":[-118.244189,34.137114]},"properties":{"id":"BMULTI-018458-2024","addr":"824 E Windsor Road Unit:Unit A","cat":"ADU","approved":"2025-03-20","started":"2025-05-05","done":"2025-07-17","units":1,"zone_group":"multifamily","hood":"Mariposa","approved_year":2025,"started_year":2025,"done_year":2025,"status":"done"}},{"type":"Feature","geometry":{"type":"Point","coordinates":[-118.206194,34.166898]},"properties":{"id":"BSFD-015942-2024","addr":"2911 E Chevy Chase Drive Unit:Unit A","cat":"ADU","approved":"2025-04-28","started":"2025-05-12","done":"2025-10-28","units":1,"zone_group":"single_family","hood":"Chevy Chase","fire":"Very High","dam":true,"approved_year":2025,"started_year":2025,"done_year":2025,"status":"done"}},{"type":"Feature","geometry":{"type":"Point","coordinates":[-118.243092,34.163656]},"properties":{"id":"BSFD-014859-2024","addr":"1227 Cordova Avenue, Unit A","cat":"ADU","approved":"2024-12-30","started":"2025-02-18","units":1,"zone_group":"single_family","hood":"Rossmoyne","fire":"Very High","approved_year":2024,"started_year":2025,"status":"started"}},{"type":"Feature","geometry":{"type":"Point","coordinates":[-118.280676,34.174733]},"properties":{"id":"BSFD-019097-2024","addr":"1338 Ruberta Avenue, Unit A","cat":"ADU","approved":"2025-03-06","started":"2025-03-13","units":1,"zone_group":"single_family","hood":"El Miradero","fire":"Moderate","approved_year":2025,"started_year":2025,"status":"started"}},{"type":"Feature","geometry":{"type":"Point","coordinates":[-118.248856,34.152804]},"properties":{"id":"BSFD-017505-2024","addr":"424 N Isabel Street, Unit A","cat":"ADU","approved":"2025-02-10","started":"2025-03-19","units":1,"zone_group":"multifamily","hood":"City Center","approved_year":2025,"started_year":2025,"status":"started"}},{"type":"Feature","geometry":{"type":"Point","coordinates":[-118.260626,34.132172]},"properties":{"id":"BCB2212747","addr":"361 W Palmer Avenue, Unit A","cat":"ADU","approved":"2025-03-07","started":"2025-04-01","units":1,"zone_group":"multifamily","hood":"Tropico","approved_year":2025,"started_year":2025,"status":"started"}},{"type":"Feature","geometry":{"type":"Point","coordinates":[-118.279294,34.168343]},"properties":{"id":"BSFD-015871-2024","addr":"1331 Bruce Avenue, Unit A","cat":"ADU","approved":"2025-03-13","started":"2025-04-14","units":1,"zone_group":"single_family","hood":"Glenwood","approved_year":2025,"started_year":2025,"status":"started"}},{"type":"Feature","geometry":{"type":"Point","coordinates":[-118.236651,34.210634]},"properties":{"id":"BSFD-013831-2024","addr":"2641 Hermosa Avenue, Unit C","cat":"ADU","approved":"2024-12-08","started":"2025-04-22","units":2,"zone_group":"multifamily","hood":"Montrose","fire":"Moderate","approved_year":2024,"started_year":2025,"status":"started"}},{"type":"Feature","geometry":{"type":"Point","coordinates":[-118.233102,34.149009]},"properties":{"id":"BSFD-013526-2024","addr":"1464 Stanley Avenue, Unit A","cat":"ADU","approved":"2025-03-17","started":"2025-04-24","units":1,"zone_group":"multifamily","hood":"Citrus Grove","approved_year":2025,"started_year":2025,"status":"started"}},{"type":"Feature","geometry":{"type":"Point","coordinates":[-118.237876,34.143519]},"properties":{"id":"BSFD-013909-2024","addr":"1240 Orange Grove Avenue, Unit A","cat":"ADU","approved":"2025-05-02","started":"2025-05-20","units":1,"zone_group":"multifamily","hood":"Citrus Grove","approved_year":2025,"started_year":2025,"status":"started"}},{"type":"Feature","geometry":{"type":"Point","coordinates":[-118.254332,34.230836]},"properties":{"id":"BSFD-017915-2024","addr":"3437 Community Avenue, Unit A","cat":"ADU","approved":"2025-04-15","started":"2025-05-28","units":1,"zone_group":"single_family","hood":"Crescenta Highlands","approved_year":2025,"started_year":2025,"status":"started"}},{"type":"Feature","geometry":{"type":"Point","coordinates":[-118.247662,34.140831]},"properties":{"id":"BSFD-012647-2024","addr":"614 E Lomita Avenue, Unit A","cat":"ADU","approved":"2025-04-24","started":"2025-05-30","units":1,"zone_group":"multifamily","hood":"Mariposa","approved_year":2025,"started_year":2025,"status":"started"}},{"type":"Feature","geometry":{"type":"Point","coordinates":[-118.243537,34.160609]},"properties":{"id":"BSFD-018868-2024","addr":"926 E Dryden Street, Unit A","cat":"ADU","approved":"2025-03-20","started":"2025-06-03","units":1,"zone_group":"single_family","hood":"Rossmoyne","fire":"Moderate","approved_year":2025,"started_year":2025,"status":"started"}},{"type":"Feature","geometry":{"type":"Point","coordinates":[-118.303002,34.163469]},"properties":{"id":"BSFD-024350-2025","addr":"403 Irving Avenue, Unit A","cat":"ADU","approved":"2025-05-22","started":"2025-06-10","units":1,"zone_group":"industrial","hood":"Riverside Rancho","liquefaction":true,"approved_year":2025,"started_year":2025,"status":"started"}},{"type":"Feature","geometry":{"type":"Point","coordinates":[-118.276273,34.16509]},"properties":{"id":"BSFD-020219-2024","addr":"1227 Norton Avenue, Unit A","cat":"ADU","approved":"2025-06-05","started":"2025-06-12","units":1,"zone_group":"single_family","hood":"Glenwood","approved_year":2025,"started_year":2025,"status":"started"}},{"type":"Feature","geometry":{"type":"Point","coordinates":[-118.266278,34.165625]},"properties":{"id":"BSFD-020439-2024","addr":"516 Clement Drive, Unit A","cat":"ADU","approved":"2025-06-16","started":"2025-06-20","units":1,"zone_group":"single_family","hood":"Glenwood","approved_year":2025,"started_year":2025,"status":"started"}},{"type":"Feature","geometry":{"type":"Point","coordinates":[-118.250136,34.160615]},"properties":{"id":"BSFD-018689-2024","addr":"1006 N Jackson Street, Unit A","cat":"ADU","approved":"2025-06-16","started":"2025-06-24","units":1,"zone_group":"single_family","hood":"Rossmoyne","approved_year":2025,"started_year":2025,"status":"started"}},{"type":"Feature","geometry":{"type":"Point","coordinates":[-118.261913,34.141629]},"properties":{"id":"BSFD-020198-2024","addr":"424 W Elk Avenue","cat":"2\u20134 units","approved":"2025-06-26","started":"2025-07-07","units":1,"zone_group":"multifamily","hood":"Pacific-Edison","approved_year":2025,"started_year":2025,"status":"started"}},{"type":"Feature","geometry":{"type":"Point","coordinates":[-118.287207,34.178367]},"properties":{"id":"BSFD-020320-2024","addr":"1317 Irving Avenue, Unit A","cat":"ADU","approved":"2025-06-09","started":"2025-07-07","units":1,"zone_group":"single_family","hood":"El Miradero","approved_year":2025,"started_year":2025,"status":"started"}},{"type":"Feature","geometry":{"type":"Point","coordinates":[-118.274174,34.170181]},"properties":{"id":"BSFD-021213-2025","addr":"1436 Norton Avenue, Unit A","cat":"ADU","approved":"2025-06-03","started":"2025-08-11","units":1,"zone_group":"single_family","hood":"Glenwood","approved_year":2025,"started_year":2025,"status":"started"}},{"type":"Feature","geometry":{"type":"Point","coordinates":[-118.239463,34.152552]},"properties":{"id":"BCB2119317","addr":"1200 Richard Pl, A","cat":"ADU","approved":"2025-07-28","started":"2025-08-15","units":1,"zone_group":"single_family","hood":"Citrus Grove","approved_year":2025,"started_year":2025,"status":"started"}},{"type":"Feature","geometry":{"type":"Point","coordinates":[-118.228795,34.198313]},"properties":{"id":"BSFD-012768-2024","addr":"1804 Glencoe Way, Unit A","cat":"ADU","approved":"2025-05-27","started":"2025-08-18","units":1,"zone_group":"single_family","hood":"Montecito Park","fire":"Very High","liquefaction":true,"approved_year":2025,"started_year":2025,"status":"started"}},{"type":"Feature","geometry":{"type":"Point","coordinates":[-118.263263,34.167031]},"properties":{"id":"BSFD-015172-2024","addr":"408 Spencer Street, Unit A","cat":"ADU","approved":"2025-07-21","started":"2025-08-18","units":2,"zone_group":"single_family","hood":"Verdugo Viejo","fire":"High","approved_year":2025,"started_year":2025,"status":"started"}},{"type":"Feature","geometry":{"type":"Point","coordinates":[-118.283707,34.183588]},"properties":{"id":"BSFD-019116-2024","addr":"1900 Hampton Lane, Unit A","cat":"ADU","approved":"2025-07-21","started":"2025-08-21","units":1,"zone_group":"single_family","hood":"El Miradero","fire":"High","approved_year":2025,"started_year":2025,"status":"started"}},{"type":"Feature","geometry":{"type":"Point","coordinates":[-118.294955,34.175814]},"properties":{"id":"BSFD-022571-2025","addr":"1112 Elm Avenue, Unit C","cat":"ADU","approved":"2025-07-21","started":"2025-09-01","units":1,"zone_group":"multifamily","hood":"Grandview","approved_year":2025,"started_year":2025,"status":"started"}},{"type":"Feature","geometry":{"type":"Point","coordinates":[-118.284321,34.175365]},"properties":{"id":"BSFD-021962-2025","addr":"1640 W Kenneth Road, Unit A","cat":"ADU","approved":"2025-08-15","started":"2025-09-05","units":1,"zone_group":"single_family","hood":"El Miradero","dam":true,"approved_year":2025,"started_year":2025,"status":"started"}},{"type":"Feature","geometry":{"type":"Point","coordinates":[-118.271125,34.151715]},"properties":{"id":"BSFD-020685-2025","addr":"402 Concord Street, Unit A","cat":"ADU","approved":"2025-08-29","started":"2025-09-16","units":1,"zone_group":"multifamily","hood":"Vineyard","approved_year":2025,"started_year":2025,"status":"started"}},{"type":"Feature","geometry":{"type":"Point","coordinates":[-118.229472,34.141825]},"properties":{"id":"BSFD-020506-2024","addr":"324 Lincoln Avenue, Unit C","cat":"ADU","approved":"2025-09-04","started":"2025-09-19","units":1,"zone_group":"multifamily","hood":"Somerset","fire":"Very High","approved_year":2025,"started_year":2025,"status":"started"}},{"type":"Feature","geometry":{"type":"Point","coordinates":[-118.273825,34.15865]},"properties":{"id":"BSFD-021939-2025","addr":"808 Burchett Street, Unit B","cat":"ADU","approved":"2025-10-16","started":"2025-10-23","units":1,"zone_group":"single_family","hood":"Pelanconi","dam":true,"approved_year":2025,"started_year":2025,"status":"started"}},{"type":"Feature","geometry":{"type":"Point","coordinates":[-118.263798,34.236265]},"properties":{"id":"BSFD-024739-2025","addr":"3855 4Th Avenue, Unit A","cat":"ADU","approved":"2025-10-09","started":"2025-10-23","units":1,"zone_group":"single_family","hood":"Crescenta Highlands","approved_year":2025,"started_year":2025,"status":"started"}},{"type":"Feature","geometry":{"type":"Point","coordinates":[-118.286356,34.174305]},"properties":{"id":"BSFD-024001-2025","addr":"1231 Western Avenue, Unit A","cat":"ADU","approved":"2025-10-09","started":"2025-10-27","units":1,"zone_group":"single_family","hood":"Grandview","approved_year":2025,"started_year":2025,"status":"started"}},{"type":"Feature","geometry":{"type":"Point","coordinates":[-118.265978,34.243024]},"properties":{"id":"BSFD-021785-2025","addr":"4640 Lowell Avenue, Unit A","cat":"ADU","approved":"2025-10-01","started":"2025-11-03","units":1,"zone_group":"single_family","hood":"Crescenta Highlands","approved_year":2025,"started_year":2025,"status":"started"}},{"type":"Feature","geometry":{"type":"Point","coordinates":[-118.264749,34.151557]},"properties":{"id":"BSFD-020645-2025","addr":"500 W Lexington Drive, Unit A","cat":"ADU","approved":"2025-09-30","started":"2025-11-19","units":1,"zone_group":"multifamily","hood":"Vineyard","approved_year":2025,"started_year":2025,"status":"started"}},{"type":"Feature","geometry":{"type":"Point","coordinates":[-118.290194,34.160013]},"properties":{"id":"BSFD-023148-2025","addr":"1311 Aristo Street, Unit A","cat":"ADU","approved":"2025-11-02","started":"2025-12-01","units":1,"zone_group":"single_family","hood":"Grand Central","fire":"Moderate","liquefaction":true,"approved_year":2025,"started_year":2025,"status":"started"}},{"type":"Feature","geometry":{"type":"Point","coordinates":[-118.241526,34.164943]},"properties":{"id":"BSFD-023613-2025","addr":"1308 Carmen Drive, Unit A","cat":"ADU","approved":"2025-11-10","started":"2025-12-03","units":1,"zone_group":"single_family","hood":"Rossmoyne","fire":"Very High","approved_year":2025,"started_year":2025,"status":"started"}},{"type":"Feature","geometry":{"type":"Point","coordinates":[-118.22485,34.170082]},"properties":{"id":"BSFD-013506-2024","addr":"1879 Verdugo Loma Drive, Unit A","cat":"ADU","approved":"2025-09-17","started":"2025-12-23","units":1,"zone_group":"multifamily","hood":"Verdugo Woodlands","fire":"Very High","approved_year":2025,"started_year":2025,"status":"started"}},{"type":"Feature","geometry":{"type":"Point","coordinates":[-118.243724,34.134861]},"properties":{"id":"BSFD-019489-2024","addr":"904 E Acacia Avenue, Unit G","cat":"ADU","approved":"2025-10-23","started":"2025-12-23","units":2,"zone_group":"multifamily","hood":"Mariposa","approved_year":2025,"started_year":2025,"status":"started"}},{"type":"Feature","geometry":{"type":"Point","coordinates":[-118.20298,34.16902]},"properties":{"id":"PDR-003745-2024","addr":"2971 Saint Gregory Road\nGlendale, Ca 91206","cat":"Single-family home","approved":"2025-02-13","units":1,"zone_group":"single_family","hood":"Chevy Chase","fire":"Very High","approved_year":2025,"status":"approved"}},{"type":"Feature","geometry":{"type":"Point","coordinates":[-118.281549,34.173417]},"properties":{"id":"BCB1720148","addr":"1519 W Kenneth Rd Unit A","cat":"ADU","approved":"2018-06-01","started":"2018-06-01","done":"2018-10-08","units":1,"zone_group":"single_family","hood":"El Miradero","approved_year":2018,"started_year":2018,"done_year":2018,"status":"done"}},{"type":"Feature","geometry":{"type":"Point","coordinates":[-118.303451,34.164514]},"properties":{"id":"PADR-000499-2022\nBSFD-012524-2024","addr":"316 Allen Avenue\nGlendale Unit A, Ca 91201","cat":"2\u20134 units","approved":"2023-09-29","started":"2024-11-24","done":"2025-05-28","units":1,"zone_group":"multifamily","hood":"Riverside Rancho","liquefaction":true,"approved_year":2023,"started_year":2024,"done_year":2025,"status":"done"}},{"type":"Feature","geometry":{"type":"Point","coordinates":[-118.250538,34.220423]},"properties":{"id":"BCB1825312","addr":"3249 Mills Ave Unit A","cat":"ADU","approved":"2018-12-03","started":"2018-12-03","done":"2018-12-06","units":1,"zone_group":"single_family","hood":"Crescenta Highlands","fire":"Very High","liquefaction":true,"approved_year":2018,"started_year":2018,"done_year":2018,"status":"done"}},{"type":"Feature","geometry":{"type":"Point","coordinates":[-118.26085,34.160489]},"properties":{"id":"BB1824282","addr":"1017 San Rafael Ave","cat":"2\u20134 units","approved":"2018-09-18","started":"2018-09-18","units":5,"zone_group":"multifamily","hood":"Verdugo Viejo","dam":true,"approved_year":2018,"started_year":2018,"status":"started"}},{"type":"Feature","geometry":{"type":"Point","coordinates":[-118.251028,34.227815]},"properties":{"id":"BSFD-008711-2023","addr":"3304 Prospect Avenue, Unit A","cat":"ADU","approved":"2024-05-17","started":"2024-08-28","done":"2025-06-02","units":1,"zone_group":"single_family","hood":"Crescenta Highlands","approved_year":2024,"started_year":2024,"done_year":2025,"status":"done"}},{"type":"Feature","geometry":{"type":"Point","coordinates":[-118.251496,34.230132]},"properties":{"id":"BCB2209659","addr":"3317 Mary Street, Unit A","cat":"ADU","approved":"2024-08-30","started":"2024-06-26","units":1,"zone_group":"single_family","hood":"Crescenta Highlands","approved_year":2024,"started_year":2024,"status":"started"}},{"type":"Feature","geometry":{"type":"Point","coordinates":[-118.301497,34.164823]},"properties":{"id":"PDR-000177-2022\nPDBP-000174-2022","addr":"413 Irving Avenue & 417 Irving Ave,","cat":"5+ units","approved":"2024-12-12","units":33,"zone_group":"multifamily","hood":"Riverside Rancho","liquefaction":true,"approved_year":2024,"status":"approved"}},{"type":"Feature","geometry":{"type":"Point","coordinates":[-118.253001,34.22629]},"properties":{"id":"BSFD-012311-2024","addr":"4210 New York Avenue Unit: Unit A","cat":"ADU","approved":"2024-06-24","started":"2025-01-13","done":"2025-11-24","units":1,"zone_group":"single_family","hood":"Crescenta Highlands","fire":"Moderate","approved_year":2024,"started_year":2025,"done_year":2025,"status":"done"}},{"type":"Feature","geometry":{"type":"Point","coordinates":[-118.241748,34.13742]},"properties":{"id":"BSFD-012846-2024","addr":"744 S Adams Street Unit: Unit A","cat":"ADU","approved":"2024-11-13","started":"2025-01-15","done":"2025-04-21","units":1,"zone_group":"multifamily","hood":"Mariposa","approved_year":2024,"started_year":2025,"done_year":2025,"status":"done"}},{"type":"Feature","geometry":{"type":"Point","coordinates":[-118.288503,34.182505]},"properties":{"id":"BSFD-010447-2023","addr":"2004 Bel Aire Drive Unit:Unit A","cat":"ADU","approved":"2024-09-24","started":"2025-01-23","done":"2025-06-16","units":1,"zone_group":"single_family","hood":"El Miradero","approved_year":2024,"started_year":2025,"done_year":2025,"status":"done"}},{"type":"Feature","geometry":{"type":"Point","coordinates":[-118.299884,34.158804]},"properties":{"id":"BSFD-015872-2024","addr":"1613 Riverside Drive","cat":"ADU","approved":"2025-01-22","started":"2025-01-28","done":"2025-06-30","units":2,"zone_group":"multifamily","hood":"Riverside Rancho","fire":"Very High","liquefaction":true,"approved_year":2025,"started_year":2025,"done_year":2025,"status":"done"}},{"type":"Feature","geometry":{"type":"Point","coordinates":[-118.286576,34.181108]},"properties":{"id":"BSFD-016460-2024","addr":"1906 Bel Aire Drive Unit: Unit A","cat":"ADU","approved":"2025-02-07","started":"2025-02-14","done":"2025-07-10","units":1,"zone_group":"single_family","hood":"El Miradero","approved_year":2025,"started_year":2025,"done_year":2025,"status":"done"}},{"type":"Feature","geometry":{"type":"Point","coordinates":[-118.24105,34.137163]},"properties":{"id":"BSFD-016211-2024","addr":"1117 E Windsor Road Unit: Unit A","cat":"ADU","approved":"2025-01-13","started":"2025-02-18","done":"2025-11-10","units":1,"zone_group":"multifamily","hood":"Mariposa","approved_year":2025,"started_year":2025,"done_year":2025,"status":"done"}},{"type":"Feature","geometry":{"type":"Point","coordinates":[-118.203021,34.169931]},"properties":{"id":"BSFD-024080-2025","addr":"3072 E Chevy Chase Drive Unit: Unit A","cat":"ADU","approved":"2025-09-15","started":"2025-09-15","done":"2025-12-22","units":1,"zone_group":"single_family","hood":"Chevy Chase","fire":"Very High","approved_year":2025,"started_year":2025,"done_year":2025,"status":"done"}},{"type":"Feature","geometry":{"type":"Point","coordinates":[-118.292103,34.181823]},"properties":{"id":"BSFD-006742-2023","addr":"1317 Alameda Avenue Unit: A","cat":"ADU","approved":"2025-08-22","started":"2025-09-18","done":"2025-12-22","units":1,"zone_group":"single_family","hood":"El Miradero","approved_year":2025,"started_year":2025,"done_year":2025,"status":"done"}},{"type":"Feature","geometry":{"type":"Point","coordinates":[-118.279039,34.174751]},"properties":{"id":"BSFD-007689-2023","addr":"1367 Sonora Avenue","cat":"ADU","approved":"2024-11-19","started":"2025-01-06","units":1,"zone_group":"single_family","hood":"El Miradero","fire":"Moderate","approved_year":2024,"started_year":2025,"status":"started"}},{"type":"Feature","geometry":{"type":"Point","coordinates":[-118.238225,34.143571]},"properties":{"id":"BSFD-016217-2024","addr":"1233 Orange Grove Avenue, Unit B","cat":"ADU","approved":"2025-04-22","started":"2025-05-09","done":"2026-01-07","units":1,"zone_group":"multifamily","hood":"Citrus Grove","approved_year":2025,"started_year":2025,"done_year":2026,"status":"done"}},{"type":"Feature","geometry":{"type":"Point","coordinates":[-118.26836,34.159908]},"properties":{"id":"BSFD-013813-2024","addr":"621 W Glenoaks Boulevard, Unit A","cat":"ADU","approved":"2024-12-18","started":"2025-02-18","units":1,"zone_group":"multifamily","hood":"Glenwood","approved_year":2024,"started_year":2025,"status":"started"}},{"type":"Feature","geometry":{"type":"Point","coordinates":[-118.227714,34.175901]},"properties":{"id":"BSFD-008268-2023","addr":"1844 Colina Drive, Unit A","cat":"ADU","approved":"2025-02-03","started":"2025-02-19","units":1,"zone_group":"single_family","hood":"Verdugo Woodlands","fire":"Very High","liquefaction":true,"approved_year":2025,"started_year":2025,"status":"started"}},{"type":"Feature","geometry":{"type":"Point","coordinates":[-118.241125,34.160296]},"properties":{"id":"BSFD-014769-2024","addr":"974 E Glenoaks Boulevard, Unit A","cat":"ADU","approved":"2025-10-23","started":"2025-02-26","units":1,"zone_group":"single_family","hood":"Rossmoyne","fire":"Moderate","liquefaction":true,"approved_year":2025,"started_year":2025,"status":"started"}},{"type":"Feature","geometry":{"type":"Point","coordinates":[-118.293966,34.173502]},"properties":{"id":"BSFD-015711-2024","addr":"1070 Allen Avenue, Unit C","cat":"ADU","approved":"2025-02-12","started":"2025-03-04","units":2,"zone_group":"commercial","hood":"Grandview","approved_year":2025,"started_year":2025,"status":"started"}},{"type":"Feature","geometry":{"type":"Point","coordinates":[-118.266984,34.176147]},"properties":{"id":"BSFD-017918-2024","addr":"1765 Rohr Street","cat":"ADU","approved":"2025-02-18","started":"2025-03-04","units":1,"zone_group":"single_family","hood":"Brockmont","fire":"Very High","landslide":true,"approved_year":2025,"started_year":2025,"status":"started"}},{"type":"Feature","geometry":{"type":"Point","coordinates":[-118.284619,34.17757]},"properties":{"id":"BSFD-015606-2024","addr":"1341 Raymond Avenue, Unit A","cat":"ADU","approved":"2025-02-26","started":"2025-03-11","units":1,"zone_group":"single_family","hood":"El Miradero","approved_year":2025,"started_year":2025,"status":"started"}},{"type":"Feature","geometry":{"type":"Point","coordinates":[-118.23273,34.138055]},"properties":{"id":"BSFD-018920-2024","addr":"1416 E Windsor Road, Unit B","cat":"ADU","approved":"2024-10-23","started":"2025-04-09","units":1,"zone_group":"single_family","hood":"Somerset","fire":"Very High","approved_year":2024,"started_year":2025,"status":"started"}},{"type":"Feature","geometry":{"type":"Point","coordinates":[-118.238207,34.162792]},"properties":{"id":"BSFD-014394-2024","addr":"1225 Moncado Drive, Unit A","cat":"ADU","approved":"2025-03-24","started":"2025-04-10","units":1,"zone_group":"single_family","hood":"Rossmoyne","fire":"Very High","liquefaction":true,"approved_year":2025,"started_year":2025,"status":"started"}},{"type":"Feature","geometry":{"type":"Point","coordinates":[-118.269035,34.150812]},"properties":{"id":"BSFD-019032-2024","addr":"653 Myrtle Street, Unit A","cat":"ADU","approved":"2025-04-09","started":"2025-04-16","units":1,"zone_group":"multifamily","hood":"Vineyard","approved_year":2025,"started_year":2025,"status":"started"}},{"type":"Feature","geometry":{"type":"Point","coordinates":[-118.230303,34.140229]},"properties":{"id":"BSFD-015568-2024","addr":"1526 Rock Glen Avenue","cat":"ADU","approved":"2025-02-26","started":"2025-05-22","units":1,"zone_group":"multifamily","hood":"Somerset","fire":"Very High","approved_year":2025,"started_year":2025,"status":"started"}},{"type":"Feature","geometry":{"type":"Point","coordinates":[-118.274283,34.169995]},"properties":{"id":"BSFD-015286-2024","addr":"1433 Norton Avenue, Unit A","cat":"ADU","approved":"2024-12-02","started":"2025-05-27","units":1,"zone_group":"single_family","hood":"Glenwood","approved_year":2024,"started_year":2025,"status":"started"}},{"type":"Feature","geometry":{"type":"Point","coordinates":[-118.281729,34.168061]},"properties":{"id":"BSFD-006053-2023","addr":"1154 Rosedale Avenue","cat":"ADU","approved":"2025-05-12","started":"2025-06-09","units":1,"zone_group":"multifamily","hood":"Grandview","approved_year":2025,"started_year":2025,"status":"started"}},{"type":"Feature","geometry":{"type":"Point","coordinates":[-118.233245,34.205885]},"properties":{"id":"BSFD-014698-2024","addr":"3629 Sierra Vista Avenue, Unit A","cat":"ADU","approved":"2025-05-22","started":"2025-06-12","units":1,"zone_group":"single_family","hood":"Sparr Heights","approved_year":2025,"started_year":2025,"status":"started"}},{"type":"Feature","geometry":{"type":"Point","coordinates":[-118.258928,34.150756]},"properties":{"id":"BSFD-015665-2024","addr":"320 Myrtle Street, Unit A","cat":"ADU","approved":"2025-05-23","started":"2025-06-17","units":1,"zone_group":"multifamily","hood":"Vineyard","approved_year":2025,"started_year":2025,"status":"started"}},{"type":"Feature","geometry":{"type":"Point","coordinates":[-118.207159,34.15261]},"properties":{"id":"BSFD-010290-2023","addr":"2645 E Glenoaks Boulevard, Unit A","cat":"ADU","approved":"2025-03-19","started":"2025-06-18","units":1,"zone_group":"single_family","hood":"Glenoaks Canyon","fire":"Very High","approved_year":2025,"started_year":2025,"status":"started"}},{"type":"Feature","geometry":{"type":"Point","coordinates":[-118.288797,34.173605]},"properties":{"id":"BSFD-021437-2025","addr":"1167 Raymond Avenue, Unit C","cat":"ADU","approved":"2025-07-01","started":"2025-07-11","units":2,"zone_group":"multifamily","hood":"Grandview","approved_year":2025,"started_year":2025,"status":"started"}},{"type":"Feature","geometry":{"type":"Point","coordinates":[-118.251469,34.24031]},"properties":{"id":"BSFD-017650-2024","addr":"3316 Burritt Way, Unit A","cat":"ADU","approved":"2025-06-26","started":"2025-07-15","units":1,"zone_group":"single_family","hood":"Crescenta Highlands","fire":"Very High","approved_year":2025,"started_year":2025,"status":"started"}},{"type":"Feature","geometry":{"type":"Point","coordinates":[-118.286795,34.180358]},"properties":{"id":"BSFD-021692-2025","addr":"1367 Allen Avenue, Unit A","cat":"ADU","approved":"2025-08-14","started":"2025-08-27","units":1,"zone_group":"single_family","hood":"El Miradero","approved_year":2025,"started_year":2025,"status":"started"}},{"type":"Feature","geometry":{"type":"Point","coordinates":[-118.232064,34.146201]},"properties":{"id":"BSFD-026761-2025","addr":"1467 E Broadway, Unit A","cat":"ADU","approved":"2025-09-09","started":"2025-09-16","units":1,"zone_group":"multifamily","hood":"Citrus Grove","fire":"Moderate","approved_year":2025,"started_year":2025,"status":"started"}},{"type":"Feature","geometry":{"type":"Point","coordinates":[-118.277077,34.168726]},"properties":{"id":"BSFD-022698-2025","addr":"1355 Idlewood Road, Unit A","cat":"ADU","approved":"2025-09-10","started":"2025-09-18","units":1,"zone_group":"single_family","hood":"Glenwood","approved_year":2025,"started_year":2025,"status":"started"}},{"type":"Feature","geometry":{"type":"Point","coordinates":[-118.231655,34.154587]},"properties":{"id":"BSFD-018362-2024","addr":"529 Leeridge Terrace, Unit A","cat":"ADU","approved":"2025-08-05","started":"2025-09-23","units":1,"zone_group":"single_family","hood":"Woodbury","fire":"Very High","approved_year":2025,"started_year":2025,"status":"started"}},{"type":"Feature","geometry":{"type":"Point","coordinates":[-118.27023,34.149946]},"properties":{"id":"BSFD-019276-2024","addr":"704 W California Avenue, Unit C","cat":"ADU","approved":"2025-09-08","started":"2025-09-30","units":2,"zone_group":"multifamily","hood":"Vineyard","approved_year":2025,"started_year":2025,"status":"started"}},{"type":"Feature","geometry":{"type":"Point","coordinates":[-118.248542,34.137172]},"properties":{"id":"BSFD-021879-2025","addr":"533 E Windsor Road, Unit A","cat":"ADU","approved":"2025-09-30","started":"2025-10-10","units":1,"zone_group":"multifamily","hood":"Mariposa","approved_year":2025,"started_year":2025,"status":"started"}},{"type":"Feature","geometry":{"type":"Point","coordinates":[-118.264199,34.173757]},"properties":{"id":"BSFD-020482-2024","addr":"1660 N Pacific Avenue, Unit A","cat":"ADU","approved":"2025-07-15","started":"2025-10-14","units":1,"zone_group":"single_family","hood":"Brockmont","fire":"High","approved_year":2025,"started_year":2025,"status":"started"}},{"type":"Feature","geometry":{"type":"Point","coordinates":[-118.285034,34.175885]},"properties":{"id":"BSFD-022177-2025","addr":"1700 W Kenneth Road, Unit A","cat":"ADU","approved":"2025-09-03","started":"2025-10-30","units":1,"zone_group":"single_family","hood":"El Miradero","approved_year":2025,"started_year":2025,"status":"started"}},{"type":"Feature","geometry":{"type":"Point","coordinates":[-118.252567,34.13724]},"properties":{"id":"BSFD-012584-2024","addr":"735 S Louise Street, Unit B","cat":"ADU","approved":"2025-01-13","started":"2025-11-04","units":2,"zone_group":"multifamily","hood":"Mariposa","approved_year":2025,"started_year":2025,"status":"started"}},{"type":"Feature","geometry":{"type":"Point","coordinates":[-118.282132,34.177935]},"properties":{"id":"BSFD-025478-2025","addr":"1655 Bel Aire Drive, Unit A","cat":"ADU","approved":"2025-11-26","started":"2025-12-22","units":1,"zone_group":"single_family","hood":"El Miradero","fire":"Moderate","dam":true,"approved_year":2025,"started_year":2025,"status":"started"}},{"type":"Feature","geometry":{"type":"Point","coordinates":[-118.296247,34.173032]},"properties":{"id":"BSFD-020540-2024","addr":"1025 Linden Avenue, Unit B","cat":"ADU","approved":"2025-12-03","started":"2025-12-23","units":2,"zone_group":"multifamily","hood":"Grandview","liquefaction":true,"approved_year":2025,"started_year":2025,"status":"started"}},{"type":"Feature","geometry":{"type":"Point","coordinates":[-118.284983,34.183293]},"properties":{"id":"PDR-004173-2024","addr":"1921 Chilton Drive\nGlendale, Ca 91201","cat":"Single-family home","approved":"2025-06-12","units":1,"zone_group":"single_family","hood":"El Miradero","fire":"High","approved_year":2025,"status":"approved"}},{"type":"Feature","geometry":{"type":"Point","coordinates":[-118.244764,34.169276]},"properties":{"id":"PDR-005068-2025","addr":"820 Misty Isle Drive\nGlendale, Ca 91207","cat":"Single-family home","approved":"2025-08-14","units":1,"zone_group":"single_family","hood":"Rossmoyne","fire":"Very High","approved_year":2025,"status":"approved"}},{"type":"Feature","geometry":{"type":"Point","coordinates":[-118.227599,34.178423]},"properties":{"id":"PDR-004879-2025","addr":"1727 Wabasso Way\nGlendale, Ca 91208","cat":"Single-family home","approved":"2025-09-25","units":1,"zone_group":"single_family","hood":"Verdugo Woodlands","fire":"Very High","liquefaction":true,"approved_year":2025,"status":"approved"}},{"type":"Feature","geometry":{"type":"Point","coordinates":[-118.257957,34.158202]},"properties":{"id":"PDR-002693-2023","addr":"820 N Central Avenue\nGlendale, Ca 91203","cat":"5+ units","approved":"2025-11-04","units":105,"zone_group":"mixed_use","hood":"City Center","approved_year":2025,"status":"approved"}},{"type":"Feature","geometry":{"type":"Point","coordinates":[-118.229461,34.190356]},"properties":{"id":"BCB2019044","addr":"1683 Country Club Dr Unit A\nGlendale, Ca 91208","cat":"ADU","approved":"2021-03-22","started":"2021-05-28","done":"2024-08-01","units":1,"zone_group":"single_family","hood":"Verdugo Woodlands","fire":"Very High","liquefaction":true,"approved_year":2021,"started_year":2021,"done_year":2024,"status":"done"}},{"type":"Feature","geometry":{"type":"Point","coordinates":[-118.23033,34.201247]},"properties":{"id":"BSFD-008622-2023","addr":"3428 Buena Vista Avenue Unit: A\nGlendale, Ca 91208","cat":"ADU","approved":"2024-01-22","started":"2024-01-24","done":"2024-09-16","units":1,"zone_group":"single_family","hood":"Sparr Heights","fire":"High","liquefaction":true,"approved_year":2024,"started_year":2024,"done_year":2024,"status":"done"}}]}